:020000040000fa
:020000041fc01b
:042ff400d9fff8ff0a
:020000040000fa
:020000041fc01b
:042ff800fb097fff53
:020000040000fa
:020000041fc01b
:042ffc00ffffff7f55
:020000040000fa
:020000041fc01b
:10000000c0bf1a3c10005a2708004003000000003f
:1000100000601a40c0045a7f050040130000000031
:10002000059d1a3c28035a270800400300000000e1
:1000300002a01d3cf8ffbd2701a01c3c30809c277e
:100040000260094020582001801e2a7d8449497d94
:1000500002608940c000000000e0dc4102608b408b
:10006000059d083cc403082509f8000100000000b4
:1000700000a0083c7c00082500a0093c900629252a
:100080000600001000000000000000ad040000adfc
:10009000080000ad0c0000ad100008252b08090178
:1000a000f9ff201400000000059d083c84e70825a6
:1000b0000000098d180020110400082500000a8d99
:1000c0000400082500000b8d0900601104000825bc
:1000d00000000c91ffff4a250100082500002ca11b
:1000e000fbff40150100292505000010000000005d
:1000f000000020a1ffff4a25fdff40150100292532
:1001000003000825fcff0a24244048010000098d53
:10011000e7ff2015000000000000093c0000292531
:1001200010002011000000000200093c00002925f9
:1001300088bf0a3c10204a25000049ad0200093c56
:100140000000292588bf0a3c20204a25000049ad2f
:100150000200093c0000292588bf0a3c30204a25be
:10016000000049ad00488040ffff0a2400588a4043
:10017000c09f093c00102925017889400000093cf6
:100180000100292500000a2444492a7d01608a4093
:100190008000093c00688940008008408005097d96
:1001a000404c0900006008405800013c2440010117
:1001b0002540280100608840059d083ccc030825a7
:1001c00009f800010000000000600840bfff013c8a
:1001d000ffff21342440010100608840000084308a
:1001e0000000a530059d083c7003082508000001ab
:0401f000000000000b
:020000040000fa
:020000041fc01b
:10038000059d1a3c9c035a2708004003000000000a
:020000040000fa
:020000041fc01b
:10118000059d1a3cb0fb5a270800400300000000f0
:020000040000fa
:020000041fc01b
:08120000d413410b00000000b3
:020000040000fa
:020000041fc01b
:081380001613410b00000000f0
:020000040000fa
:020000041fc01b
:0813e000a113410b0000000005
:020000040000fa
:020000041fc01b
:08156000ae14410b0000000075
:020000040000fa
:020000041d00dd
:10000800000000001000009d001039003b00e08354
:10001800e083e083e083e083e083e083e083e083c0
:10002800e083e083e083e083e083e083e083e083b0
:10003800e083e083e083e083e083e083e083e083a0
:10004800e083e083e083e083e083e083e083e08390
:10005800e083e083e083e083e083e083e083e08380
:10006800e083e083e083e083e083e083e083e08370
:10007800e083e083e083e083e083e083e083e08360
:10008800e083e083e083e083e083e083e083e08350
:10009800e083e083e083e083e083e083e083e08340
:1000a800e083e083e083e083e083e083e083e08330
:1000b800e083e083e083e083e083e083e083ffff85
:1000c800e083e083e083e083e083e083e083e08310
:1000d800e083e083e083e083e083e083e083e08300
:1000e800e083e083e083e083e083e083e083e083f0
:1000f800e083e083e083e083e083e083e083e083e0
:10010800e083e083e083e083e083e083e083e083cf
:10011800e083e083e083e083e083e083e083e083bf
:10012800e083e083e083e083e083e083e083e083af
:10013800e083ffffdfffffffe083e083e083e083ee
:10014800e083e083e083e083e083e083e083e0838f
:10015800e083e083e083e083e083e083e083e0837f
:10016800e083e083e083e083e083e083e083e0836f
:10017800e083e083e083e083e083e083e083e0835f
:10018800e083e083e083e083e083e083e083e0834f
:10019800e083e083e083e083e083e083e083e0833f
:1001a800e083e083e083ffffffffffffffffffff28
:1001b800e083e083e083e083e083e083e083e0831f
:1001c800e083e083e083e083e083e083e083e0830f
:1001d800e083e083e083e083e083e083e083e083ff
:1001e800e083e083e083e083e083e083e083e083ef
:1001f800e083e083e083e083e083e083e083e083df
:10020800e083e083e083e083e083e083e083e083ce
:10021800e083e083e083e083e083ffffffffffffed
:10022800ffffffffffffffffe083e083e083e08342
:10023800e083e083e083e083e083e083e083e0839e
:10024800e083e083e083e083e083e083e083e0838e
:10025800e083e083e083e083e083e083e083e0837e
:10026800e083e083e083e083e083e083e083e0836e
:10027800e083e083e083e083e083e083e083e0835e
:10028800e083e083e083e083e083e083e083ffffb3
:10029800ffffffffffffffffffffffffffffffff66
:1002a800e083e083e083e083e083e083e083e0832e
:1002b800e083e083e083e083e083e083e083e0831e
:1002c800e083e083e083e083e083e083e083e0830e
:1002d800e083e083e083e083e083e083e083e083fe
:1002e800e083e083e083e083e083e083e083e083ee
:1002f800e083e083e083e083e083e083e083e083de
:10030800e083ffffffffffffffffffffffffffff90
:10031800ffffffffffffffffe083e083e083e08351
:10032800e083e083e083e083e083e083e083e083ad
:10033800e083e083e083e083e083e083e083e0839d
:10034800e083e083e083e083e083e083e083e0838d
:10035800e083e083e083e083e083e083e083e0837d
:10036800e083e083e083e083e083e083e083e0836d
:10037800e083e083e083ffffffffffffffffffff56
:10038800ffffffffffffffffffffffffdfffffff95
:10039800e083e083e083e083e083e083e083e0833d
:1003a800e083e083e083e083e083e083e083e0832d
:1003b800e083e083e083e083e083e083e083e0831d
:1003c800e083e083e083e083e083e083e083e0830d
:1003d800e083e083e083e083e083e083e083e083fd
:1003e800e083e083e083e083e083ffffffffffff1c
:1003f800ffffffffffffffffffffffffffffffff05
:10040800ffffffffffffffffe083e083e083e08360
:10041800e083e083e083e083e083e083e083e083bc
:10042800e083e083e083e083e083e083e083e083ac
:10043800e083e083e083e083e083e083e083e0839c
:10044800e083e083e083e083e083e083e083e0838c
:10045800e083e083e083e083e083e083e083ffffe1
:10046800ffffffffffffffffffffffffffffffff94
:10047800ffffffffffffffffffffffffffffffff84
:10048800e083e083e083e083e083e083e083e0834c
:10049800e083e083e083e083e083e083e083e0833c
:1004a800e083e083e083e083e083e083e083e0832c
:1004b800e083e083e083e083e083e083e083e0831c
:1004c800e083e083e083e083e083e083e083e0830c
:1004d800e083ffffffffffffffffffffffffffffbf
:1004e800ffffffffffffffffffffffffffffffff14
:1004f800ffffffffffffffffe083e083e083e08370
:10050800e083e083e083e083e083e083e083e083cb
:10051800e083e083e083e083e083e083e083e083bb
:10052800e083e083e083e083e083e083e083e083ab
:10053800e083e083e083e083e083e083e083e0839b
:10054800e083e083e083ffffffffffffffffffff84
:10055800ffffffffffffffffffffffffffffffffa3
:10056800ffffffffffffffffffffffffffffffff93
:10057800e083e083e083e083e083e083e083e0835b
:10058800e083e083e083e083e083e083e083e0834b
:10059800e083e083e083e083e083e083e083e0833b
:1005a800e083e083e083e083e083e083e083e0832b
:1005b800e083e083e083e083e083ffffffffffff4a
:1005c800ffffffffffffffffffffffffffffffff33
:1005d800ffffffffffffffffffffffffffffffff23
:1005e800ffffffffffffffffe083e083e083e0837f
:1005f800e083e083e083e083e083e083e083e083db
:10060800e083e083e083e083e083e083e083e083ca
:10061800e083e083e083e083e083e083e083e083ba
:10062800e083e083e083e083e083e083e083ffff0f
:10063800ffffffffffffffffffffffffffffffffc2
:10064800ffffffffffffffffffffffffffffffffb2
:10065800ffffffffffffffffffffffffffffffffa2
:10066800e083e083e083e083e083e083e083e0836a
:10067800e083e083e083e083e083e083e083e0835a
:10068800e083e083e083e083e083e083e083e0834a
:10069800e083e083e083e083e083e083e083e0833a
:1006a800e083ffffdfffffffffffffffffffffff0d
:1006b800ffffffffffffffffffffffffffffffff42
:1006c800ffffffffffffffffffffffffffffffff32
:1006d800ffffffffffffffffe083e083e083e0838e
:1006e800e083e083e083e083e083e083e083e083ea
:1006f800e083e083e083e083e083e083e083e083da
:10070800e083e083e083e083e083e083e083e083c9
:10071800e083e083e083ffffffffffffffffffffb2
:10072800ffffffffffffffffffffffffffffffffd1
:10073800ffffffffffffffffffffffffffffffffc1
:10074800ffffffffffffffffffffffffffffffffb1
:10075800e083e083e083e083e083e083e083e08379
:10076800e083e083e083e083e083e083e083e08369
:10077800e083e083e083e083e083e083e083e08359
:10078800e083e083e083e083e083ffffffffffff78
:10079800ffffffffffffffffffffffffffffffff61
:1007a800ffffffffffffffffffffffffffffffff51
:1007b800ffffffffffffffffffffffffffffffff41
:1007c800ffffffffffffffffe083e083e083e0839d
:1007d800e083e083e083e083e083e083e083e083f9
:1007e800e083e083e083e083e083e083e083e083e9
:1007f800e083e083e083e083e083e083e083ffff3e
:10080800fffffffffffffffffffffffffffffffff0
:10081800ffffffffffffffffffffffffffffffffe0
:10082800ffffffffffffffffffffffffffffffffd0
:10083800ffffffffffffffffffffffffffffffffc0
:10084800e083e083e083e083e083e083e083e08388
:10085800e083e083e083e083e083e083e083e08378
:10086800e083e083e083e083e083e083e083e08368
:10087800e083ffffffffffffffffffffffffffff1b
:10088800ffffffffffffffffffffffffffffffff70
:10089800ffffffffffffffffffffffffffffffff60
:1008a800ffffffffffffffffffffffffffffffff50
:1008b800ffffffffffffffffe083e083e083e083ac
:1008c800e083e083e083e083e083e083e083e08308
:1008d800e083e083e083e083e083e083e083e083f8
:1008e800e083e083e083ffffffffffffffffffffe1
:1008f800ffffffffffffffffffffffffffffffff00
:10090800ffffffffffffffffffffffffffffffffef
:10091800ffffffffffffffffffffffffffffffffdf
:10092800ffffffffffffffffffffffffffffffffcf
:10093800e083e083e083e083e083e083e083e08397
:10094800e083e083e083e083e083e083e083e08387
:10095800e083e083e083e083e083ffffffffffffa6
:10096800ffffffffffffffffffffffffffffffff8f
:10097800ffffffffffffffffffffffffffffffff7f
:10098800ffffffffffffffffffffffffffffffff6f
:10099800ffffffffffffffffffffffffffffffff5f
:1009a800ffffffffffffffffe083e083e083e083bb
:1009b800e083e083e083e083e083e083e083e08317
:1009c800e083e083e083e083e083e083e083ffff6c
:1009d800ffffffffffffffffffffffffffffffff1f
:1009e800ffffffffffffffffffffffffffffffff0f
:1009f800ffffffffffffffffffffffffffffffffff
:100a0800ffffffffffffffffffffffffffffffffee
:100a1800ffffffffffffffffffffffffffffffffde
:100a2800e083e083e083e083e083e083e083e083a6
:100a3800e083e083e083e083e083e083e083e08396
:100a4800e083ffffffffffffffffffffffffffff49
:100a5800ffffffffffffffffffffffffffffffff9e
:100a6800ffffffffffffffffffffffffffffffff8e
:100a7800ffffffffffffffffffffffffffffffff7e
:100a8800ffffffffffffffffffffffffffffffff6e
:100a9800ffffffffffffffffe083e083e083e083ca
:100aa800e083e083e083e083e083e083e083e08326
:100ab800e083e083e083ffffffffffffffffffff0f
:100ac800ffffffffffffffffffffffffffffffff2e
:100ad800ffffffffffffffffffffffffffffffff1e
:100ae800ffffffffffffffffffffffffffffffff0e
:100af800fffffffffffffffffffffffffffffffffe
:100b0800ffffffffffffffffffffffffffffffffed
:100b1800e083e083e083e083e083e083e083e083b5
:100b2800e083e083e083e083e083ffffffffffffd4
:100b3800ffffffffffffffffffffffffffffffffbd
:100b4800ffffffffffffffffffffffffffffffffad
:100b5800ffffffffffffffffffffffffffffffff9d
:100b6800ffffffffffffffffffffffffffffffff8d
:100b7800ffffffffffffffffffffffffffffffff7d
:100b8800ffffffffffffffffe083e083e083e083d9
:100b9800e083e083e083e083e083e083e083ffff9a
:100ba800ffffffffffffffffffffffffffffffff4d
:100bb800ffffffffffffffffffffffffffffffff3d
:100bc800ffffffffffffffffffffffffffffffff2d
:100bd800ffffffffffffffffffffffffffffffff1d
:100be800ffffffffffffffffffffffffffffffff0d
:100bf800fffffffffffffffffffffffffffffffffd
:100c0800e083e083e083e083e083e083e083e083c4
:100c1800e083ffffffffffffffffffffffffffff77
:100c2800ffffffffffffffffffffffffffffffffcc
:100c3800ffffffffffffffffffffffffffffffffbc
:100c4800ffffffffffffffffffffffffffffffffac
:100c5800ffffffffffffffffffffffffffffffff9c
:100c6800ffffffffffffffffffffffffffffffff8c
:100c7800ffffffffffffffffe083e083e083e083e8
:100c8800e083e083e083ffffffffffffffffffff3d
:100c9800ffffffffffffffffffffffffffffffff5c
:100ca800ffffffffffffffffffffffffffffffff4c
:100cb800ffffffffffffffffffffffffffffffff3c
:100cc800ffffffffffffffffffffffffffffffff2c
:100cd800ffffffffffffffffffffffffffffffff1c
:100ce800ffffffffffffffffffffffffffffffff0c
:100cf800e083e083e083e083e083ffffffffffff03
:100d0800ffffffffffffffffffffffffffffffffeb
:100d1800ffffffffffffffffffffffffffffffffdb
:100d2800ffffffffffffffffffffffffffffffffcb
:100d3800ffffffffffffffffffffffffffffffffbb
:100d4800ffffffffffffffffffffffffffffffffab
:100d5800ffffffffffffffffffffffffffffffff9b
:100d6800ffffffffffffffffe083e083e083e083f7
:100d7800e083e083e083e083e083e083e083e08353
:100d8800e083e083e083e083e083e083ffffffff0d
:100d9800ffffffffffffffffffffffffffffffff5b
:100da800ffffffffffffffffffffffffffffffff4b
:100db800ffffffffffffffffffffffffffffffff3b
:100dc800ffffe083e083e083e083e083e083e08368
:100dd800e083e083e083e083e083e083e083e083f3
:100de800e083e083e083e083e083e083e083e083e3
:100df800e083e083e083e083e083e083e083e083d3
:100e0800e083ffffffffffffffffffffffffffff85
:100e1800ffffffffffffffffffffffffffffffffda
:100e2800ffffffffffffffffffffffffffffffffca
:100e3800ffffffffffffffffe083e083e083e08326
:100e4800e083e083e083e083e083e083e083e08382
:100e5800e083e083e083e083e083e083e083e08372
:100e6800e083e083e083e083e083e083e083e08362
:100e7800e083e083e083e083ffffffffffffffffe6
:100e8800ffffffffffffffffffffffffffffffff6a
:100e9800ffffffffffffffffffffffffffffffff5a
:100ea800ffffffffffffffffffffffffffffe083e5
:100eb800e083e083e083e083e083e083e083e08312
:100ec800e083e083e083e083e083e083e083e08302
:100ed800e083e083e083e083e083e083e083e083f2
:100ee800e083e083e083e083e083e083e083ffff47
:100ef800fffffffffffffffffffffffffffffffffa
:100f0800ffffffffffffffffffffffffffffffffe9
:100f1800ffffffffffffffffffffffffffffffffd9
:100f2800ffffffffe083e083e083e083e083e0836b
:100f3800e083e083e083e083e083e083e083e08391
:100f4800e083e083e083e083e083e083e083e08381
:100f5800e083e083e083e083e083e083e083e08371
:100f6800e083e083ffffffffffffffffffffffffbf
:100f7800ffffffffffffffffffffffffffffffff79
:100f8800ffffffffffffffffffffffffffffffff69
:100f9800ffffffffffffffffffffe083e083e0832a
:100fa800e083e083e083e083e083e083e083e08321
:100fb800e083e083e083e083e083e083e083e08311
:100fc800e083e083e083e083e083e083e083e08301
:100fd800e083e083e083e083e083ffffffffffff20
:100fe800ffffffffffffffffffffffffffffffff09
:100ff800fffffffffffffffffffffffffffffffff9
:10100800ffffffffffffffffffffffffffffffffe8
:10101800e083e083e083e083e083e083e083e083b0
:10102800e083e083e083e083e083e083e083e083a0
:10103800e083e083e083e083e083e083e083e08390
:10104800e083e083e083e083e083e083e083e08380
:10105800ffffffffffffffffffffffffffffffff98
:10106800ffffffffffffffffffffffffffffffff88
:10107800ffffffffffffffffffffffffffffffff78
:10108800ffffffffffffe083e083e083e083e0836f
:10109800e083e083e083e083e083e083e083e08330
:1010a800e083e083e083e083e083e083e083e08320
:1010b800e083e083e083e083e083e083e083e08310
:1010c800e083e083e083fffffffffffffffffffff9
:1010d800ffffffffffffffffffffffffffffffff18
:1010e800ffffffffffffffffffffffffffffffff08
:1010f800ffffffffffffffffffffffffe083e0832e
:10110800e083e083e083e083e083e083e083e083bf
:10111800e083e083e083e083e083e083e083e083af
:10112800e083e083e083e083e083e083e083e0839f
:10113800e083e083e083e083e083e083ffffffff59
:10114800ffffffffffffffffffffffffffffffffa7
:10115800ffffffffffffffffffffffffffffffff97
:10116800ffffffffffffffffffffffffffffffff87
:10117800ffffe083e083e083e083e083e083e083b4
:10118800e083e083e083e083e083e083e083e0833f
:10119800e083e083e083e083e083e083e083e0832f
:1011a800e083e083e083e083e083e083e083e0831f
:1011b800e083ffffffffffffffffffffffffffffd2
:1011c800ffffffffffffffffffffffffffffffff27
:1011d800ffffffffffffffffffffffffffffffff17
:1011e800ffffffffffffffffe083e083e083e08373
:1011f800e083e083e083e083e083e083e083e083cf
:10120800e083e083e083e083e083e083e083e083be
:10121800e083e083e083e083e083e083e083e083ae
:10122800e083e083e083e083ffffffffffffffff32
:10123800ffffffffffffffffffffffffffffffffb6
:10124800ffffffffffffffffffffffffffffffffa6
:10125800ffffffffffffffffffffffffffffe08331
:10126800e083e083e083e083e083e083e083e0835e
:10127800e083e083e083e083e083e083e083e0834e
:10128800e083e083e083e083e083e083e083e0833e
:10129800e083e083e083e083e083e083e083ffff93
:1012a800ffffffffffffffffffffffffffffffff46
:1012b800ffffffffffffffffffffffffffffffff36
:1012c800ffffffffffffffffffffffffffffffff26
:1012d800ffffffffe083e083e083e083e083e083b8
:1012e800e083e083e083e083e083e083e083e083de
:1012f800e083e083e083e083e083e083e083e083ce
:10130800e083e083e083e083e083e083e083e083bd
:10131800e083e083ffffffffffffffffffffffff0b
:10132800ffffffffffffffffffffffffffffffffc5
:10133800ffffffffffffffffffffffffffffffffb5
:10134800ffffffffffffffffffffe083e083e08376
:10135800e083e083e083e083e083e083e083e0836d
:10136800e083e083e083e083e083e083e083e0835d
:10137800e083e083e083e083e083e083e083e0834d
:10138800e083e083e083e083e083ffffffffffff6c
:10139800ffffffffffffffffffffffffffffffff55
:1013a800ffffffffffffffffffffffffffffffff45
:1013b800ffffffffffffffffffffffffffffffff35
:1013c800e083e083e083e083e083e083e083e083fd
:1013d800e083e083e083e083e083e083e083e083ed
:1013e800e083e083e083e083e083e083e083e083dd
:1013f800e083e083e083e083e083e083e083e083cd
:10140800ffffffffffffffffffffffffffffffffe4
:10141800ffffffffffffffffffffffffffffffffd4
:10142800ffffffffffffffffffffffffffffffffc4
:10143800ffffffffffffe083e083e083e083e083bb
:10144800e083e083e083e083e083e083e083e0837c
:10145800e083e083e083e083e083e083e083e0836c
:10146800e083e083e083e083e083e083e083e0835c
:10147800e083e083e083ffffffffffffffffffff45
:10148800ffffffffffffffffffffffffffffffff64
:10149800ffffffffffffffffffffffffffffffff54
:1014a800ffffffffffffffffffffffffe083e0837a
:1014b800e083e083e083e083e083e083e083e0830c
:1014c800e083e083e083e083e083e083e083e083fc
:1014d800e083e083e083e083e083e083e083e083ec
:1014e800e083e083e083e083e083e083ffffffffa6
:1014f800fffffffffffffffffffffffffffffffff4
:10150800ffffffffffffffffffffffffffffffffe3
:10151800ffffffffffffffffffffffffffffffffd3
:10152800ffffe083e083e083e083e083e083e08300
:10153800e083e083e083e083e083e083e083e0838b
:10154800e083e083e083e083e083e083e083e0837b
:10155800e083e083e083e083e083e083e083e0836b
:10156800e083ffffffffffffffffffffffffffff1e
:10157800ffffffffffffffffffffffffffffffff73
:10158800ffffffffffffffffffffffffffffffff63
:10159800ffffffffffffffffe083e083e083e083bf
:1015a800e083e083e083e083e083e083e083e0831b
:1015b800e083e083e083e083e083e083e083e0830b
:1015c800e083e083e083e083e083e083e083e083fb
:1015d800e083e083e083e083ffffffffffffffff7f
:1015e800ffffffffffffffffffffffffffffffff03
:1015f800fffffffffffffffffffffffffffffffff3
:10160800ffffffffffffffffffffffffffffe0837d
:10161800e083e083e083e083e083e083e083e083aa
:10162800e083e083e083e083e083e083e083e0839a
:10163800e083e083e083e083e083e083e083e0838a
:10164800e083e083e083e083e083e083e083ffffdf
:10165800ffffffffffffffffffffffffffffffff92
:10166800ffffffffffffffffffffffffffffffff82
:10167800ffffffffffffffffffffffffffffffff72
:10168800ffffffffe083e083e083e083e083e08304
:10169800e083e083e083e083e083e083e083e0832a
:1016a800e083e083e083e083e083e083e083e0831a
:1016b800e083e083e083e083e083e083e083e0830a
:1016c800e083e083ffffffffffffffffffffffff58
:1016d800ffffffffffffffffffffffffffffffff12
:1016e800ffffffffffffffffffffffffffffffff02
:1016f800ffffffffffffffffffffe083e083e083c3
:10170800e083e083e083e083e083e083e083e083b9
:10171800e083e083e083e083e083e083e083e083a9
:10172800e083e083e083e083e083e083e083e08399
:10173800e083e083e083e083e083ffffffffffffb8
:10174800ffffffffffffffffffffffffffffffffa1
:10175800ffffffffffffffffffffffffffffffff91
:10176800ffffffffffffffffffffffffffffffff81
:10177800e083e083e083e083e083e083e083e08349
:10178800e083e083e083e083e083e083e083e08339
:10179800e083e083e083e083e083e083e083e08329
:1017a800e083e083e083e083e083e083e083e08319
:1017b800ffffffffffffffffffffffffffffffff31
:1017c800ffffffffffffffffffffffffffffffff21
:1017d800ffffffffffffffffffffffffffffffff11
:1017e800ffffffffffffe083e083e083e083e08308
:1017f800e083e083e083e083e083e083e083e083c9
:10180800e083e083e083e083e083e083e083e083b8
:10181800e083e083e083e083e083e083e083e083a8
:10182800e083e083e083ffffffffffffffffffff91
:10183800ffffffffffffffffffffffffffffffffb0
:10184800ffffffffffffffffffffffffffffffffa0
:10185800ffffffffffffffffffffffffe083e083c6
:10186800e083e083e083e083e083e083e083e08358
:10187800e083e083e083e083e083e083e083e08348
:10188800e083e083e083e083e083e083e083e08338
:10189800e083e083e083e083e083e083fffffffff2
:1018a800ffffffffffffffffffffffffffffffff40
:1018b800ffffffffffffffffffffffffffffffff30
:1018c800ffffffffffffffffffffffffffffffff20
:1018d800ffffe083e083e083e083e083e083e0834d
:1018e800e083e083e083e083e083e083e083e083d8
:1018f800e083e083e083e083e083e083e083e083c8
:10190800e083e083e083e083e083e083e083e083b7
:10191800e083ffffffffffffffffffffffffffff6a
:10192800ffffffffffffffffffffffffffffffffbf
:10193800ffffffffffffffffffffffffffffffffaf
:10194800ffffffffffffffffe083e083e083e0830b
:10195800e083e083e083e083e083e083e083e08367
:10196800e083e083e083e083e083e083e083e08357
:10197800e083e083e083e083e083e083e083e08347
:10198800e083e083e083e083ffffffffdfffdff713
:10199800dfffdfffdfffbff7dff7bff7dfffffff87
:1019a800ffffffffdfffffffdfffffffbff7ffffc7
:1019b800dfffffffbff7dfffbff7ffffffffe0839a
:1019c800e083e083e083e083e083e083e083e083f7
:1019d800e083e083e083e083e083e083e083e083e7
:1019e800e083e083e083e083e083e083e083e083d7
:1019f800e083e083e083e083e083e083e083e083c7
:101a0800e083e083e083e083e083e083e083e083b6
:101a1800e083e083e083e083e083e083e083e083a6
:101a2800e083e083e083e083e083e083e083e08396
:101a3800e083e083e083e083e083e083e083e08386
:101a4800e083e083e083e083e083e083e083e08376
:101a5800e083e08300000000641a009d0010390054
:101a68003b00e083e083e083e083e083e083e0837e
:101a7800e083e083e083e083e083e083e083e08346
:101a8800e083e083e083e083e083e083e083e08336
:101a9800e083e083e083e083e083e083e083e08326
:101aa800e083e083e083e083e083e083e083e08316
:101ab800e083e083e083e083e083e083e083e08306
:101ac800e083e083e083e083e083e083e083e083f6
:101ad800e083e083e083e083e083e083e083e083e6
:101ae800e083e083e083e083e083e083e083e083d6
:101af800e083e083e083e083ffffffffbff7dfffc2
:101b0800bff7ffffdfffffffbff7ffffdfffffffad
:101b1800dfffffffffffffffdfffbff7dff7bff7c5
:101b2800dfffdfffdfffdff7dfffffffffffe08300
:101b3800e083e083e083e083e083e083e083e08385
:101b4800e083e083e083e083e083e083e083e08375
:101b5800e083e083e083e083e083e083e083e08365
:101b6800e083e083e083e083e083e083e083ffffba
:101b7800ffffffffffffffffffffffffffffffff6d
:101b8800ffffffffffffffffffffffffffffffff5d
:101b9800ffffffffffffffffffffffffffffffff4d
:101ba800ffffffffe083e083e083e083e083e083df
:101bb800e083e083e083e083e083e083e083e08305
:101bc800e083e083e083e083e083e083e083e083f5
:101bd800e083e083e083e083e083e083e083e083e5
:101be800e083e083ffffffffffffffffffffffff33
:101bf800ffffffffffffffffffffffffffffffffed
:101c0800ffffffffffffffffffffffffffffffffdc
:101c1800ffffffffffffffffffffe083e083e0839d
:101c2800e083e083e083e083e083e083e083e08394
:101c3800e083e083e083e083e083e083e083e08384
:101c4800e083e083e083e083e083e083e083e08374
:101c5800e083e083e083e083e083ffffffffffff93
:101c6800ffffffffffffffffffffffffffffffff7c
:101c7800ffffffffffffffffffffffffffffffff6c
:101c8800ffffffffffffffffffffffffffffffff5c
:101c9800e083e083e083e083e083e083e083e08324
:101ca800e083e083e083e083e083e083e083e08314
:101cb800e083e083e083e083e083e083e083e08304
:101cc800e083e083e083e083e083e083e083e083f4
:101cd800ffffffffffffffffffffffffffffffff0c
:101ce800fffffffffffffffffffffffffffffffffc
:101cf800ffffffffffffffffffffffffffffffffec
:101d0800ffffffffffffe083e083e083e083e083e2
:101d1800e083e083e083e083e083e083e083e083a3
:101d2800e083e083e083e083e083e083e083e08393
:101d3800e083e083e083e083e083e083e083e08383
:101d4800e083e083e083ffffffffffffffffffff6c
:101d5800ffffffffffffffffffffffffffffffff8b
:101d6800ffffffffffffffffffffffffffffffff7b
:101d7800ffffffffffffffffffffffffe083e083a1
:101d8800e083e083e083e083e083e083e083e08333
:101d9800e083e083e083e083e083e083e083e08323
:101da800e083e083e083e083e083e083e083e08313
:101db800e083e083e083e083e083e083ffffffffcd
:101dc800ffffffffffffffffffffffffffffffff1b
:101dd800ffffffffffffffffffffffffffffffff0b
:101de800fffffffffffffffffffffffffffffffffb
:101df800ffffe083e083e083e083e083e083e08328
:101e0800e083e083e083e083e083e083e083e083b2
:101e1800e083e083e083e083e083e083e083e083a2
:101e2800e083e083e083e083e083e083e083e08392
:101e3800e083ffffffffffffffffffffffffffff45
:101e4800ffffffffffffffffffffffffffffffff9a
:101e5800ffffffffffffffffffffffffffffffff8a
:101e6800ffffffffffffffffe083e083e083e083e6
:101e7800e083e083e083e083e083e083e083e08342
:101e8800e083e083e083e083e083e083e083e08332
:101e9800e083e083e083e083e083e083e083e08322
:101ea800e083e083e083e083ffffffffffffffffa6
:101eb800ffffffffffffffffffffffffffffffff2a
:101ec800ffffffffffffffffffffffffffffffff1a
:101ed800ffffffffffffffffffffffffffffe083a5
:101ee800e083e083e083e083e083e083e083e083d2
:101ef800e083e083e083e083e083e083e083e083c2
:101f0800e083e083e083e083e083e083e083e083b1
:101f1800e083e083e083e083e083e083e083ffff06
:101f2800ffffffffffffffffffffffffffffffffb9
:101f3800ffffffffffffffffffffffffffffffffa9
:101f4800ffffffffffffffffffffffffffffffff99
:101f5800ffffffffe083e083e083e083e083e0832b
:101f6800e083e083e083e083e083e083e083e08351
:101f7800e083e083e083e083e083e083e083e08341
:101f8800e083e083e083e083e083e083e083e08331
:101f9800e083e083ffffffffffffffffffffffff7f
:101fa800ffffffffffffffffffffffffffffffff39
:101fb800ffffffffffffffffffffffffffffffff29
:101fc800ffffffffffffffffffffe083e083e083ea
:101fd800e083e083e083e083e083e083e083e083e1
:101fe800e083e083e083e083e083e083e083e083d1
:101ff800e083e083e083e083e083e083e083e083c1
:10200800e083e083e083e083e083ffffffffffffdf
:10201800ffffffffffffffffffffffffffffffffc8
:10202800ffffffffffffffffffffffffffffffffb8
:10203800ffffffffffffffffffffffffffffffffa8
:10204800e083e083e083e083e083e083e083e08370
:10205800e083e083e083e083e083e083e083e08360
:10206800e083e083e083e083e083e083e083e08350
:10207800e083e083e083e083e083e083e083e08340
:10208800ffffffffffffffffffffffffffffffff58
:10209800ffffffffffffffffffffffffffffffff48
:1020a800ffffffffffffffffffffffffffffffff38
:1020b800ffffffffffffe083e083e083e083e0832f
:1020c800e083e083e083e083e083e083e083e083f0
:1020d800e083e083e083e083e083e083e083e083e0
:1020e800e083e083e083e083e083e083e083e083d0
:1020f800e083e083e083ffffffffffffffffffffb9
:10210800ffffffffffffffffffffffffffffffffd7
:10211800ffffffffffffffffffffffffffffffffc7
:10212800ffffffffffffffffffffffffe083e083ed
:10213800e083e083e083e083e083e083e083e0837f
:10214800e083e083e083e083e083e083e083e0836f
:10215800e083e083e083e083e083e083e083e0835f
:10216800e083e083e083e083e083e083ffffffff19
:10217800ffffffffffffffffffffffffffffffff67
:10218800ffffffffffffffffffffffffffffffff57
:10219800ffffffffffffffffffffffffffffffff47
:1021a800ffffe083e083e083e083e083e083e08374
:1021b800e083e083e083e083e083e083e083e083ff
:1021c800e083e083e083e083e083e083e083e083ef
:1021d800e083e083e083e083e083e083e083e083df
:1021e800e083ffffffffffffffffffffffffffff92
:1021f800ffffffffffffffffffffffffffffffffe7
:10220800ffffffffffffffffffffffffffffffffd6
:10221800ffffffffffffffffe083e083e083e08332
:10222800e083e083e083e083e083e083e083e0838e
:10223800e083e083e083e083e083e083e083e0837e
:10224800e083e083e083e083e083e083e083e0836e
:10225800e083e083e083e083fffffffffffffffff2
:10226800ffffffffffffffffffffffffffffffff76
:10227800ffffffffffffffffffffffffffffffff66
:10228800ffffffffffffffffffffffffffffe083f1
:10229800e083e083e083e083e083e083e083e0831e
:1022a800e083e083e083e083e083e083e083e0830e
:1022b800e083e083e083e083e083e083e083e083fe
:1022c800e083e083e083e083e083e083e083ffff53
:1022d800ffffffffffffffffffffffffffffffff06
:1022e800fffffffffffffffffffffffffffffffff6
:1022f800ffffffffffffffffffffffffffffffffe6
:10230800ffffffffe083e083e083e083e083e08377
:10231800e083e083e083e083e083e083e083e0839d
:10232800e083e083e083e083e083e083e083e0838d
:10233800e083e083e083e083e083e083e083e0837d
:10234800e083e083ffffffffffffffffffffffffcb
:10235800ffffffffffffffffffffffffffffffff85
:10236800ffffffffffffffffffffffffffffffff75
:10237800ffffffffffffffffffffe083e083e08336
:10238800e083e083e083e083e083e083e083e0832d
:10239800e083e083e083e083e083e083e083e0831d
:1023a800e083e083e083e083e083e083e083e0830d
:1023b800e083e083e083e083e083ffffffffffff2c
:1023c800ffffffffffffffffffffffffffffffff15
:1023d800ffffffffffffffffffffffffffffffff05
:1023e800fffffffffffffffffffffffffffffffff5
:1023f800e083e083e083e083e083e083e083e083bd
:10240800e083e083e083e083e083e083e083e083ac
:10241800e083e083e083e083e083e083e083e0839c
:10242800e083e083e083e083e083e083e083e0838c
:10243800ffffffffffffffffffffffffffffffffa4
:10244800ffffffffffffffffffffffffffffffff94
:10245800ffffffffffffffffffffffffffffffff84
:10246800ffffffffffffe083e083e083e083e0837b
:10247800e083e083e083e083e083e083e083e0833c
:10248800e083e083e083e083e083e083e083e0832c
:10249800e083e083e083e083e083e083e083e0831c
:1024a800e083e083e083ffffffffffffffffffff05
:1024b800ffffffffffffffffffffffffffffffff24
:1024c800ffffffffffffffffffffffffffffffff14
:1024d800ffffffffffffffffffffffffe083e0833a
:1024e800e083e083e083e083e083e083e083e083cc
:1024f800e083e083e083e083e083e083e083e083bc
:10250800e083e083e083e083e083e083e083e083ab
:10251800e083e083e083e083e083e083ffffffff65
:10252800ffffffffffffffffffffffffffffffffb3
:10253800ffffffffffffffffffffffffffffffffa3
:10254800ffffffffffffffffffffffffffffffff93
:10255800ffffe083e083e083e083e083e083e083c0
:10256800e083e083e083e083e083e083e083e0834b
:10257800e083e083e083e083e083e083e083e0833b
:10258800e083e083e083e083e083e083e083e0832b
:10259800e083ffffffffffffffffffffffffffffde
:1025a800ffffffffffffffffffffffffffffffff33
:1025b800ffffffffffffffffffffffffffffffff23
:1025c800ffffffffffffffffe083e083e083e0837f
:1025d800e083e083e083e083e083e083e083e083db
:1025e800e083e083e083e083e083e083e083e083cb
:1025f800e083e083e083e083e083e083e083e083bb
:10260800e083e083e083e083ffffffffffffffff3e
:10261800ffffffffffffffffffffffffffffffffc2
:10262800ffffffffffffffffffffffffffffffffb2
:10263800ffffffffffffffffffffffffffffe0833d
:10264800e083e083e083e083e083e083e083e0836a
:10265800e083e083e083e083e083e083e083e0835a
:10266800e083e083e083e083e083e083e083e0834a
:10267800e083e083e083e083e083e083e083ffff9f
:10268800ffffffffffffffffffffffffffffffff52
:10269800ffffffffffffffffffffffffffffffff42
:1026a800ffffffffffffffffffffffffffffffff32
:1026b800ffffffffe083e083e083e083e083e083c4
:1026c800e083e083e083e083e083e083e083e083ea
:1026d800e083e083e083e083e083e083e083e083da
:1026e800e083e083e083e083e083e083e083e083ca
:1026f800e083e083ffffffffffffffffffffffff18
:10270800ffffffffffffffffffffffffffffffffd1
:10271800ffffffffffffffffffffffffffffffffc1
:10272800ffffffffffffffffffffe083e083e08382
:10273800e083e083e083e083e083e083e083e08379
:10274800e083e083e083e083e083e083e083ffffce
:10275800ffffffffffffffffffffffffffffffff81
:10276800ffffffffffffffffffffffffffffffff71
:10277800ffffffffffffffffffffffffffffffff61
:10278800ffffffffffffffffffffffffffffffff51
:10279800ffffffffffffffffffffffffffffffff41
:1027a800ffffffffffffffffffffffffffffffff31
:1027b800ffffffffffffffffffffffffe083e08357
:1027c800e083e083e083ffffffffffffffffffffe2
:1027d800ffffffffffffffffffffffffffffffff01
:1027e800fffffffffffffffffffffffffffffffff1
:1027f800ffffffffffffffffffffffffffffffffe1
:10280800ffffffffffffffffffffffffffffffffd0
:10281800ffffffffffffffffffffffffffffffffc0
:10282800ffffffffffffffffffffffffffffffffb0
:10283800e083e083e083e083e083e083e083ffffdd
:10284800ffffffffffffffffffffffffffffffff90
:10285800ffffffffffffffffffffffffffffffff80
:10286800ffffffffffffffffffffffffffffffff70
:10287800ffffffffffffffffffffffffffffffff60
:10288800ffffffffffffffffffffffffffffffff50
:10289800ffffffffffffffffffffffffffffffff40
:1028a800ffffffffe083e083e083e083e083e083d2
:1028b800e083e083e083fffffffffffffffffffff1
:1028c800ffffffffffffffffffffffffffffffff10
:1028d800ffffffffffffffffffffffffffffffff00
:1028e800fffffffffffffffffffffffffffffffff0
:1028f800ffffffffffffffffffffffffffffffffe0
:10290800ffffffffffffffffffffffffffffffffcf
:10291800ffffffffffffffffe083e083e083e0832b
:10292800e083e083e083e083e083e083e083ffffec
:10293800ffffffffffffffffffffffffffffffff9f
:10294800ffffffffffffffffffffffffffffffff8f
:10295800ffffffffffffffffffffffffffffffff7f
:10296800ffffffffffffffffffffffffffffffff6f
:10297800ffffffffffffffffffffffffffffffff5f
:10298800ffffffffffffffffffffffffe083e08385
:10299800e083e083e083e083e083e083e083e08317
:1029a800e083e083e083ffffffffffffffffffff00
:1029b800ffffffffffffffffffffffffffffffff1f
:1029c800ffffffffffffffffffffffffffffffff0f
:1029d800ffffffffffffffffffffffffffffffffff
:1029e800ffffffffffffffffffffffffffffffffef
:1029f800ffffffffffffffffffffffffffffffffdf
:102a0800e083e083e083e083e083e083e083e083a6
:102a1800e083e083e083e083e083e083e083fffffb
:102a2800ffffffffffffffffffffffffffffffffae
:102a3800ffffffffffffffffffffffffffffffff9e
:102a4800ffffffffffffffffffffffffffffffff8e
:102a5800ffffffffffffffffffffffffffffffff7e
:102a6800ffffffffffffffffffffffffffffffff6e
:102a7800ffffffffe083e083e083e083e083e08300
:102a8800e083e083e083e083e083e083e083e08326
:102a9800e083e083e083ffffffffffffffffffff0f
:102aa800ffffffffffffffffffffffffffffffff2e
:102ab800ffffffffffffffffffffffffffffffff1e
:102ac800ffffffffffffffffffffffffffffffff0e
:102ad800fffffffffffffffffffffffffffffffffe
:102ae800ffffffffffffffffe083e083e083e0835a
:102af800e083e083e083e083e083e083e083e083b6
:102b0800e083e083e083e083e083e083e083ffff0a
:102b1800ffffffffffffffffffffffffffffffffbd
:102b2800ffffffffffffffffffffffffffffffffad
:102b3800ffffffffffffffffffffffffffffffff9d
:102b4800ffffffffffffffffffffffffffffffff8d
:102b5800ffffffffffffffffffffffffe083e083b3
:102b6800e083e083e083e083e083e083e083e08345
:102b7800e083e083e083e083e083e083e083e08335
:102b8800e083e083e083ffffffffffffffffffff1e
:102b9800ffffffffffffffffffffffffffffffff3d
:102ba800ffffffffffffffffffffffffffffffff2d
:102bb800ffffffffffffffffffffffffffffffff1d
:102bc800ffffffffffffffffffffffffffffffff0d
:102bd800e083e083e083e083e083e083e083e083d5
:102be800e083e083e083e083e083e083e083e083c5
:102bf800e083e083e083e083e083e083e083ffff1a
:102c0800ffffffffffffffffffffffffffffffffcc
:102c1800ffffffffffffffffffffffffffffffffbc
:102c2800ffffffffffffffffffffffffffffffffac
:102c3800ffffffffffffffffffffffffffffffff9c
:102c4800ffffffffe083e083e083e083e083e0832e
:102c5800e083e083e083e083e083e083e083e08354
:102c6800e083e083e083e083e083e083e083e08344
:102c7800e083e083e083ffffffffffffffffffff2d
:102c8800ffffffffffffffffffffffffffffffff4c
:102c9800ffffffffffffffffffffffffffffffff3c
:102ca800ffffffffffffffffffffffffffffffff2c
:102cb800ffffffffffffffffe083e083e083e08388
:102cc800e083e083e083e083e083e083e083e083e4
:102cd800e083e083e083e083e083e083e083e083d4
:102ce800e083e083e083e083e083e083e083ffff29
:102cf800ffffffffffffffffffffffffffffffffdc
:102d0800ffffffffffffffffffffffffffffffffcb
:102d1800ffffffffffffffffffffffffffffffffbb
:102d2800ffffffffffffffffffffffffe083e083e1
:102d3800e083e083e083e083e083e083e083e08373
:102d4800e083e083e083e083e083e083e083e08363
:102d5800e083e083e083e083e083e083e083e08353
:102d6800e083e083e083ffffffffffffffffffff3c
:102d7800ffffffffffffffffffffffffffffffff5b
:102d8800ffffffffffffffffffffffffffffffff4b
:102d9800ffffffffffffffffffffffffffffffff3b
:102da800e083e083e083e083e083e083e083e08303
:102db800e083e083e083e083e083e083e083e083f3
:102dc800e083e083e083e083e083e083e083e083e3
:102dd800e083e083e083e083e083e083e083ffff38
:102de800ffffffffffffffffffffffffffffffffeb
:102df800ffffffffffffffffffffffffffffffffdb
:102e0800ffffffffffffffffffffffffffffffffca
:102e1800dfffffffe083e083e083e083e083e0837c
:102e2800e083e083e083e083e083e083e083e08382
:102e3800e083e083e083e083e083e083e083e08372
:102e4800e083e083e083e083e083e083e083e08362
:102e5800e083e083e083ffffffffffffffffffff4b
:102e6800ffffffffffffffffffffffffffffffff6a
:102e7800ffffffffffffffffffffffffffffffff5a
:102e8800ffffffffffffffffe083e083e083e083b6
:102e9800e083e083e083e083e083e083e083e08312
:102ea800e083e083e083e083e083e083e083e08302
:102eb800e083e083e083e083e083e083e083e083f2
:102ec800e083e083e083e083e083e083e083ffff47
:102ed800fffffffffffffffffffffffffffffffffa
:102ee800ffffffffffffffffffffffffffffffffea
:102ef800ffffffffffffffffffffffffe083e08310
:102f0800e083e083e083e083e083e083e083e083a1
:102f1800e083e083e083e083e083e083e083e08391
:102f2800e083e083e083e083e083e083e083e08381
:102f3800e083e083e083e083e083e083e083e08371
:102f4800e083e083e083ffffffffffffffffffff5a
:102f5800ffffffffffffffffffffffffffffffff79
:102f6800ffffffffffffffffffffffffffffffff69
:102f7800e083e083e083e083e083e083e083e08331
:102f8800e083e083e083e083e083e083e083e08321
:102f9800e083e083e083e083e083e083e083e08311
:102fa800e083e083e083e083e083e083e083e08301
:102fb800e083e083e083e083e083e083e083ffff56
:102fc800ffffffffffffffffffffffffffffffff09
:102fd800fffffffffffffffffffffffffffffffff9
:102fe800ffffffffe083e083e083e083e083e0838b
:102ff800e083e083e083e083e083e083e083e083b1
:10300800e083e083e083e083e083e083e083e083a0
:10301800e083e083e083e083e083e083e083e08390
:10302800e083e083e083e083e083e083e083e08380
:10303800e083e083e083ffffffffffffffffffff69
:10304800ffffffffffffffffffffffffffffffff88
:10305800ffffffffffffffffe083e083e083e083e4
:10306800e083e083e083e083e083e083e083e08340
:10307800e083e083e083e083e083e083e083e08330
:10308800e083e083e083e083e083e083e083e08320
:10309800e083e083e083e083e083e083e083e08310
:1030a800e083e083e083e083e083e083e083ffff65
:1030b800ffffffffffffffffffffffffffffffff18
:1030c800ffffffffffffffffffffffffe083e0833e
:1030d800e083e083e083e083e083e083e083e083d0
:1030e800e083e083e083e083e083e083e083e083c0
:1030f800e083e083e083e083e083e083e083e083b0
:10310800e083e083e083e083e083e083e083e0839f
:10311800e083e083e083e083e083e083e083e0838f
:10312800e083e083e083ffffdfffffffffffffff98
:10313800ffffffffffffffffffffffffffffffff97
:10314800e083e083e083e083e083e083e083e0835f
:10315800e083e083e083e083e083e083e083e0834f
:10316800e083e083e083e083e083e083e083e0833f
:10317800e083e083e083e083e083e083e083e0832f
:10318800e083e083e083e083e083e083e083e0831f
:10319800e083e083e083e083e083e083e083ffff74
:1031a800ffffffffffffffffffffffffffffffff27
:1031b800ffffffffe083e083e083e083e083e083b9
:1031c800e083e083e083e083e083e083e083e083df
:1031d800e083e083e083e083e083e083e083e083cf
:1031e800e083e083e083e083e083e083e083e083bf
:1031f800e083e083e083e083e083e083e083e083af
:10320800e083e083e083e083e083e083e083e0839e
:10321800e083e083e083ffffffffffffffffffff87
:10322800ffffffffffffffffe083e083e083e08312
:10323800e083e083e083e083e083e083e083e0836e
:10324800e083e083e083e083e083e083e083e0835e
:10325800e083e083e083e083e083e083e083e0834e
:10326800e083e083e083e083e083e083e083e0833e
:10327800e083e083e083e083e083e083e083e0832e
:10328800e083e083e083e083e083e083e083ffff83
:10329800ffffffffffffffffffffffffe083e0836c
:1032a800e083e083e083e083e083e083e083e083fe
:1032b800e083e083e083e083e083e083e083e083ee
:1032c800e083e083e083e083e083e083e083e083de
:1032d800e083e083e083e083e083e083e083e083ce
:1032e800e083e083e083e083e083e083e083e083be
:1032f800e083e083e083e083e083e083e083e083ae
:10330800e083e083e083ffffffffffffffffffff96
:10331800e083e083e083e083e083e083e083e0838d
:10332800e083e083e083e083e083e083e083e0837d
:10333800e083e083e083e083e083e083e083e0836d
:10334800e083e083e083e083e083e083e083e0835d
:10335800e083e083e083e083e083e083e083e0834d
:10336800e083e083e083e083e083e083e083e0833d
:10337800e083e083e083e083e083e083e083ffff92
:10338800dfffffffe083e083e083e083e083e08307
:10339800e083e083e083e083e083e083e083e0830d
:1033a800e083e083e083e083e083e083e083e083fd
:1033b800e083e083e083e083e083e083e083e083ed
:1033c800e083e083e083e083e083e083e083e083dd
:1033d800e083e083e083e083e083e083e083e083cd
:1033e800e083e083e083e083e083e083e083e083bd
:1033f800e083e083e083ffffe083e083e083e08312
:10340800e083e083e083e083e083e083e083e0839c
:10341800e083e083e083e083e083e083e083e0838c
:10342800e083e083e083e083e083e083e083e0837c
:10343800e083e083e083e083e083e083e083e0836c
:10344800e083e083e083e083e083e083e083e0835c
:10345800e083e083e083e083e083e083e083e0834c
:10346800e083e083e083e083e083e083e083e0833c
:10347800e083e083e083e083e083e083e083e0832c
:10348800e083e083e083e083e083e083e083e0831c
:10349800e083e083e083e083e083e083e083e0830c
:1034a800e083e083e083e08300000000b834009dff
:1034b80000108b00740161106110611061106110bf
:1034c800611061106110611061106110611061106c
:1034d800611061106110611061106110611061105c
:1034e800611061106110611061106110611061104c
:1034f800611061106110611061106110611061103c
:10350800611061106110611061106110611061102b
:10351800611061106110611061106110611061101b
:10352800611061106110611061106110611061100b
:1035380061106110611061106110611061106110fb
:1035480061106110611061106110611061106110eb
:1035580061106110611061106110611061106110db
:1035680061106110611061106110611061106110cb
:1035780061106110611061106110611061106110bb
:1035880061106110611061106110611061106110ab
:10359800611061106110611061106110611061109b
:1035a800611061106110611061106110611061108b
:1035b800611061106110611061106110611061107b
:1035c800611061106110611061106110611061106b
:1035d800611061106110611061106110611061105b
:1035e800611061106110611061106110611061104b
:1035f800611061106110611061106110611061103b
:10360800611061106110611061106110611061102a
:10361800611061106110611061106110611061101a
:10362800611061106110611061106110611061100a
:1036380061106110611061106110611061106110fa
:1036480061106110611061106110611061106110ea
:1036580061106110611061106110611061106110da
:1036680061106110611061106110611061106110ca
:1036780061106110611061106110611061106110ba
:1036880061106110611061106110611061106110aa
:10369800611061106110611061106110611061109a
:1036a800611061106110611061106110611061108a
:1036b800611061106110611061106110611061107a
:1036c800611061106110611061106110611061106a
:1036d800611061106110611061106110611061105a
:1036e800611061106110611061106110611061104a
:1036f800611061106110611061106110611061103a
:103708006110611061106110611061106110611029
:103718006110611061106110611061106110611019
:103728006110611061106110611061106110611009
:1037380061106110611061106110611061106110f9
:1037480061106110611061106110611061106110e9
:1037580061106110611061106110611061106110d9
:1037680061106110611061106110611061106110c9
:1037780061106110611061106110611061106110b9
:1037880061106110611061106110611061106110a9
:103798006110611061106110611061106110611099
:1037a8006110611061106110611061106110611089
:1037b8006110611061106110611061106110611079
:1037c8006110611061106110611061106110611069
:1037d8006110611061106110611061106110611059
:1037e8006110611061106110611061106110611049
:1037f8006110611061106110611061106110611039
:103808006110611061106110611061106110611028
:103818006110611061106110611061106110611018
:103828006110611061106110611061106110611008
:1038380061106110611061106110611061106110f8
:1038480061106110611061106110611061106110e8
:1038580061106110611061106110611061106110d8
:1038680061106110611061106110611061106110c8
:1038780061106110611061106110611061106110b8
:1038880061106110611061106110611061106110a8
:103898006110611061106110611061106110611098
:1038a8006110611061106110611061106110611088
:1038b8006110611061106110611061106110611078
:1038c8006110611061106110611061106110611068
:1038d8006110611061106110611061106110611058
:1038e8006110611061106110611061106110611048
:1038f8006110611061106110611061106110611038
:103908006110611061106110611061106110611027
:103918006110611061106110611061106110611017
:103928006110611061106110611061106110611007
:1039380061106110611061106110611061106110f7
:1039480061106110611061106110611061106110e7
:1039580061106110611061106110611061106110d7
:1039680061106110611061106110611061106110c7
:1039780061106110611061106110611061106110b7
:1039880061106110611061106110611061106110a7
:103998006110611061106110611061106110611097
:1039a8006110611061106110611061106110611087
:1039b8006110611061106110611061106110611077
:1039c8006110611061106110611061106110611067
:1039d8006110611061106110611061106110611057
:1039e8006110611061106110611061106110611047
:1039f8006110611061106110611061106110611037
:103a08006110611061106110611061106110611026
:103a18006110611061106110611061106110611016
:103a28006110611061106110611061106110611006
:103a380061106110611061106110611061106110f6
:103a480061106110611061106110611061106110e6
:103a580061106110611061106110611061106110d6
:103a680061106110611061106110611061106110c6
:103a780061106110611061106110611061106110b6
:103a880061106110611061106110611061106110a6
:103a98006110611061106110611061106110611096
:103aa8006110611061106110611061106110611086
:103ab8006110611061106110611061106110611076
:103ac8006110611061106110611061106110611066
:103ad8006110611061106110611061106110611056
:103ae8006110611061106110611061106110611046
:103af8006110611061106110611061106110611036
:103b08006110611061106110611061106110611025
:103b18006110611061106110611061106110611015
:103b28006110611061106110611061106110611005
:103b380061106110611061106110611061106110f5
:103b480061106110611061106110611061106110e5
:103b580061106110611061106110611061106110d5
:103b680061106110611061106110611061106110c5
:103b780061106110611061106110611061106110b5
:103b880061106110611061106110611061106110a5
:103b98006110611061106110611061106110611095
:103ba8006110611061106110611061106110611085
:103bb8006110611061106110611061106110611075
:103bc8006110611061106110611061106110611065
:103bd8006110611061106110611061106110611055
:103be8006110611061106110611061106110611045
:103bf8006110611061106110611061106110611035
:103c08006110611061106110611061106110611024
:103c18006110611061106110611061106110611014
:103c28006110611061106110611061106110611004
:103c380061106110611061106110611061106110f4
:103c480061106110611061106110611061106110e4
:103c580061106110611061106110611061106110d4
:103c680061106110611061106110611061106110c4
:103c780061106110611061106110611061106110b4
:103c880061106110611061106110611061106110a4
:103c98006110611061106110611061106110611094
:103ca8006110611061106110611061106110611084
:103cb8006110611061106110611061106110611074
:103cc8006110611061106110611061106110611064
:103cd8006110611061106110611061106110611054
:103ce8006110611061106110611061106110611044
:103cf8006110611061106110611061106110611034
:103d08006110611061106110611061106110611023
:103d18006110611061106110611061106110611013
:103d28006110611061106110611061106110611003
:103d380061106110611061106110611061106110f3
:103d480061106110611061106110611061106110e3
:103d580061106110611061106110611061106110d3
:103d680061106110611061106110611061106110c3
:103d780061106110611061106110611061106110b3
:103d880061106110611061106110611061106110a3
:103d98006110611061106110611061106110611093
:103da8006110611061106110611061106110611083
:103db8006110611061106110611061106110611073
:103dc8006110611061106110611061106110611063
:103dd8006110611061106110611061106110611053
:103de8006110611061106110611061106110611043
:103df8006110611061106110611061106110611033
:103e08006110611061106110611061106110611022
:103e18006110611061106110611061106110611012
:103e28006110611061106110611061106110611002
:103e380061106110611061106110611061106110f2
:103e480061106110611061106110611061106110e2
:103e580061106110611061106110611061106110d2
:103e680061106110611061106110611061106110c2
:103e780061106110611061106110611061106110b2
:103e880061106110611061106110611061106110a2
:103e98006110611061106110611061106110611092
:103ea8006110611061106110611061106110611082
:103eb8006110611061106110611061106110611072
:103ec8006110611061106110611061106110611062
:103ed8006110611061106110611061106110611052
:103ee8006110611061106110611061106110611042
:103ef8006110611061106110611061106110611032
:103f08006110611061106110611061106110611021
:103f18006110611061106110611061106110611011
:103f28006110611061106110611061106110611001
:103f380061106110611061106110611061106110f1
:103f480061106110611061106110611061106110e1
:103f580061106110611061106110611061106110d1
:103f680061106110611061106110611061106110c1
:103f780061106110611061106110611061106110b1
:103f880061106110611061106110611061106110a1
:103f98006110611061106110611061106110611091
:103fa8006110611061106110611061106110611081
:103fb8006110611061106110611061106110611071
:103fc8006110611061106110611061106110611061
:103fd8006110611061106110611061106110611051
:103fe8006110611061106110611061106110611041
:103ff8006110611061106110611061106110611031
:104008006110611061106110611061106110611020
:104018006110611061106110611061106110611010
:104028006110611061106110611061106110611000
:1040380061106110611061106110611061106110f0
:1040480061106110611061106110611061106110e0
:1040580061106110611061106110611061106110d0
:1040680061106110611061106110611061106110c0
:1040780061106110611061106110611061106110b0
:1040880061106110611061106110611061106110a0
:104098006110611061106110611061106110611090
:1040a8006110611061106110611061106110611080
:1040b8006110611061106110611061106110611070
:1040c8006110611061106110611061106110611060
:1040d8006110611061106110611061106110611050
:1040e8006110611061106110611061106110611040
:1040f8006110611061106110611061106110611030
:10410800611061106110611061106110611061101f
:10411800611061106110611061106110611061100f
:1041280061106110611061106110611061106110ff
:1041380061106110611061106110611061106110ef
:1041480061106110611061106110611061106110df
:1041580061106110611061106110611061106110cf
:1041680061106110611061106110611061106110bf
:1041780061106110611061106110611061106110af
:10418800611061106110611061106110611061109f
:10419800611061106110611061106110611061108f
:1041a800611061106110611061106110611061107f
:1041b800611061106110611061106110611061106f
:1041c800611061106110611061106110611061105f
:1041d800611061106110611061106110611061104f
:1041e800611061106110611061106110611061103f
:1041f800611061106110611061106110611061102f
:10420800611061106110611061106110611061101e
:10421800611061106110611061106110611061100e
:1042280061106110611061106110611061106110fe
:1042380061106110611061106110611061106110ee
:1042480061106110611061106110611061106110de
:1042580061106110611061106110611061106110ce
:1042680061106110611061106110611061106110be
:1042780061106110611061106110611061106110ae
:10428800611061106110611061106110611061109e
:10429800611061106110611061106110611061108e
:1042a800611061106110611061106110611061107e
:1042b800611061106110611061106110611061106e
:1042c800611061106110611061106110611061105e
:1042d800611061106110611061106110611061104e
:1042e800611061106110611061106110611061103e
:1042f800611061106110611061106110611061102e
:10430800611061106110611061106110611061101d
:10431800611061106110611061106110611061100d
:1043280061106110611061106110611061106110fd
:1043380061106110611061106110611061106110ed
:1043480061106110611061106110611061106110dd
:1043580061106110611061106110611061106110cd
:1043680061106110611061106110611061106110bd
:1043780061106110611061106110611061106110ad
:10438800611061106110611061106110611061109d
:10439800611061106110611061106110611061108d
:1043a800611061106110611061106110611061107d
:1043b800611061106110611061106110611061106d
:1043c800611061106110611061106110611061105d
:1043d800611061106110611061106110611061104d
:1043e800611061106110611061106110611061103d
:1043f800611061106110611061106110611061102d
:10440800611061106110611061106110611061101c
:10441800611061106110611061106110611061100c
:1044280061106110611061106110611061106110fc
:1044380061106110611061106110611061106110ec
:1044480061106110611061106110611061106110dc
:1044580061106110611061106110611061106110cc
:1044680061106110611061106110611061106110bc
:1044780061106110611061106110611061106110ac
:10448800611061106110611061106110611061109c
:10449800611061106110611061106110611061108c
:1044a800611061106110611061106110611061107c
:1044b800611061106110611061106110611061106c
:1044c800611061106110611061106110611061105c
:1044d800611061106110611061106110611061104c
:1044e800611061106110611061106110611061103c
:1044f800611061106110611061106110611061102c
:10450800611061106110611061106110611061101b
:10451800611061106110611061106110611061100b
:1045280061106110611061106110611061106110fb
:1045380061106110611061106110611061106110eb
:1045480061106110611061106110611061106110db
:1045580061106110611061106110611061106110cb
:1045680061106110611061106110611061106110bb
:1045780061106110611061106110611061106110ab
:10458800611061106110611061106110611061109b
:10459800611061106110611061106110611061108b
:1045a800611061106110611061106110611061107b
:1045b800611061106110611061106110611061106b
:1045c800611061106110611061106110611061105b
:1045d800611061106110611061106110611061104b
:1045e800611061106110611061106110611061103b
:1045f800611061106110611061106110611061102b
:10460800611061106110611061106110611061101a
:10461800611061106110611061106110611061100a
:1046280061106110611061106110611061106110fa
:1046380061106110611061106110611061106110ea
:1046480061106110611061106110611061106110da
:1046580061106110611061106110611061106110ca
:1046680061106110611061106110611061106110ba
:1046780061106110611061106110611061106110aa
:10468800611061106110611061106110611061109a
:10469800611061106110611061106110611061108a
:1046a800611061106110611061106110611061107a
:1046b800611061106110611061106110611061106a
:1046c800611061106110611061106110611061105a
:1046d800611061106110611061106110611061104a
:1046e800611061106110611061106110611061103a
:1046f800611061106110611061106110611061102a
:104708006110611061106110611061106110611019
:104718006110611061106110611061106110611009
:1047280061106110611061106110611061106110f9
:1047380061106110611061106110611061106110e9
:1047480061106110611061106110611061106110d9
:1047580061106110611061106110611061106110c9
:1047680061106110611061106110611061106110b9
:1047780061106110611061106110611061106110a9
:1047880061106110611061106110611061102429bd
:10479800ffffffffffffffffffffffffffffffff21
:1047a800ffffffffffffffff0c6361106110611047
:1047b800611061106110611061106110bad6ffffbd
:1047c800fffffffffffffffffffffffffffffffff1
:1047d800ffffffffffffffff718c61106110611089
:1047e8006110611061106110611061106110611039
:1047f8006110611061106110611061106110611029
:104808006110611061106110611061106110611018
:104818006110611061106110611061106110611008
:1048280061106110611061106110611061106110f8
:1048380061106110611061106110611061106110e8
:1048480061106110611061106110611061106110d8
:1048580061106110611061106110611061106110c8
:1048680061106110611061106110611061106110b8
:1048780061106110611061106110611061106110a8
:104888006110611061106110611061106110611098
:104898006110611061106110611061106110611088
:1048a8006110611061106110611061106110611078
:1048b8006110611061106110611061106110611068
:1048c8006110611061106110611061106110611058
:1048d8006110611061106110611061106110611048
:1048e8006110611061106110611061106110611038
:1048f8006110611061106110611061106110611028
:104908006110611061106110611061106110611017
:104918006110611061106110611061106110611007
:1049280061106110611061106110611061106110f7
:1049380061106110611061106110611061106110e7
:1049480061106110611061106110611061106110d7
:1049580061106110611061106110611061106110c7
:1049680061106110611061106110611061106110b7
:1049780061106110611061106110611061106110a7
:104988006110611061106110611061106110611097
:104998006110611061106110611061106110611087
:1049a8006110611061106110611061106110611077
:1049b8006110611061106110611061106110611067
:1049c8006110611061106110611061106110611057
:1049d8006110611061106110611061106110611047
:1049e8006110611061106110611061106110611037
:1049f8006110611061106110611061106110611027
:104a08006110611061106110611061106110611016
:104a18006110611061106110611061106110611006
:104a280061106110611061106110611061106110f6
:104a380061106110611061106110611061106110e6
:104a480061106110611061106110611061106110d6
:104a580061106110611061106110611061106110c6
:104a680061106110611061106110611061106110b6
:104a7800611061106110ffffffffffffffffffffe5
:104a8800ffffffffffffffffffffffffffffffff2e
:104a9800ffffd29c611061106110611061106110fc
:104aa80061106110bad6ffffffffffffffffffff96
:104ab800fffffffffffffffffffffffffffffffffe
:104ac800718c6110611061106110611061106110ca
:104ad8006110611061106110611061106110611046
:104ae8006110611061106110611061106110611036
:104af8006110611061106110611061106110611026
:104b08006110611061106110611061106110611015
:104b18006110611061106110611061106110611005
:104b280061106110611061106110611061106110f5
:104b380061106110611061106110611061106110e5
:104b480061106110611061106110611061106110d5
:104b580061106110611061106110611061106110c5
:104b680061106110611061106110611061106110b5
:104b780061106110611061106110611061106110a5
:104b88006110611061106110611061106110611095
:104b98006110611061106110611061106110611085
:104ba8006110611061106110611061106110611075
:104bb8006110611061106110611061106110611065
:104bc8006110611061106110611061106110611055
:104bd8006110611061106110611061106110611045
:104be8006110611061106110611061106110611035
:104bf8006110611061106110611061106110611025
:104c08006110611061106110611061106110611014
:104c18006110611061106110611061106110611004
:104c280061106110611061106110611061106110f4
:104c380061106110611061106110611061106110e4
:104c480061106110611061106110611061106110d4
:104c580061106110611061106110611061106110c4
:104c680061106110611061106110611061106110b4
:104c780061106110611061106110611061106110a4
:104c88006110611061106110611061106110611094
:104c98006110611061106110611061106110611084
:104ca8006110611061106110611061106110611074
:104cb8006110611061106110611061106110611064
:104cc8006110611061106110611061106110611054
:104cd8006110611061106110611061106110611044
:104ce8006110611061106110611061106110611034
:104cf8006110611061106110611061106110611024
:104d08006110611061106110611061106110611013
:104d18006110611061106110611061106110611003
:104d280061106110611061106110611061106110f3
:104d380061106110611061106110611061106110e3
:104d480061106110611061106110611061106110d3
:104d58006110611061106110611061106110ffff36
:104d6800ffffffffffffffffffffffffffffffff4b
:104d7800fffffffffffffffffffff7c56110611097
:104d8800611061106110611061106110bad6ffffe7
:104d9800ffffffffffffffffffffffffffffffff1b
:104da800ffffffffffffffff718c611061106110b3
:104db8006110611061106110611061106110611063
:104dc8006110611061106110611061106110611053
:104dd8006110611061106110611061106110611043
:104de8006110611061106110611061106110611033
:104df8006110611061106110611061106110611023
:104e08006110611061106110611061106110611012
:104e18006110611061106110611061106110611002
:104e280061106110611061106110611061106110f2
:104e380061106110611061106110611061106110e2
:104e480061106110611061106110611061106110d2
:104e580061106110611061106110611061106110c2
:104e680061106110611061106110611061106110b2
:104e780061106110611061106110611061106110a2
:104e88006110611061106110611061106110611092
:104e98006110611061106110611061106110611082
:104ea8006110611061106110611061106110611072
:104eb8006110611061106110611061106110611062
:104ec8006110611061106110611061106110611052
:104ed8006110611061106110611061106110611042
:104ee8006110611061106110611061106110611032
:104ef8006110611061106110611061106110611022
:104f08006110611061106110611061106110611011
:104f18006110611061106110611061106110611001
:104f280061106110611061106110611061106110f1
:104f380061106110611061106110611061106110e1
:104f480061106110611061106110611061106110d1
:104f580061106110611061106110611061106110c1
:104f680061106110611061106110611061106110b1
:104f780061106110611061106110611061106110a1
:104f88006110611061106110611061106110611091
:104f98006110611061106110611061106110611081
:104fa8006110611061106110611061106110611071
:104fb8006110611061106110611061106110611061
:104fc8006110611061106110611061106110611051
:104fd8006110611061106110611061106110611041
:104fe8006110611061106110611061106110611031
:104ff8006110611061106110611061106110611021
:105008006110611061106110611061106110611010
:105018006110611061106110611061106110611000
:1050280061106110611061106110611061106110f0
:1050380061106110611061106110611061106110e0
:10504800611061106110ffffffffffffffffffff0f
:10505800ffffffffffffffffffffffffffffffff58
:10506800ffffbad661106110611061106110611004
:1050780061106110bad6ffffffffffffffffffffc0
:10508800ffffffffffffffffffffffffffffffff28
:10509800718c6110611061106110611061106110f4
:1050a8006110611061106110611061106110611070
:1050b8006110611061106110611061106110611060
:1050c8006110611061106110611061106110611050
:1050d8006110611061106110611061106110611040
:1050e8006110611061106110611061106110611030
:1050f8006110611061106110611061106110611020
:10510800611061106110611061106110611061100f
:1051180061106110611061106110611061106110ff
:1051280061106110611061106110611061106110ef
:1051380061106110611061106110611061106110df
:1051480061106110611061106110611061106110cf
:1051580061106110611061106110611061106110bf
:1051680061106110611061106110611061106110af
:10517800611061106110611061106110611061109f
:10518800611061106110611061106110611061108f
:10519800611061106110611061106110611061107f
:1051a800611061106110611061106110611061106f
:1051b800611061106110611061106110611061105f
:1051c800611061106110611061106110611061104f
:1051d800611061106110611061106110611061103f
:1051e800611061106110611061106110611061102f
:1051f800611061106110611061106110611061101f
:10520800611061106110611061106110611061100e
:1052180061106110611061106110611061106110fe
:1052280061106110611061106110611061106110ee
:1052380061106110611061106110611061106110de
:1052480061106110611061106110611061106110ce
:1052580061106110611061106110611061106110be
:1052680061106110611061106110611061106110ae
:10527800611061106110611061106110611061109e
:10528800611061106110611061106110611061108e
:10529800611061106110611061106110611061107e
:1052a800611061106110611061106110611061106e
:1052b800611061106110611061106110611061105e
:1052c800611061106110611061106110611061104e
:1052d800611061106110611061106110611061103e
:1052e800611061106110611061106110611061102e
:1052f800611061106110611061106110611061101e
:10530800611061106110611061106110611061100d
:1053180061106110611061106110611061106110fd
:105328006110611061106110611061106110ffff60
:10533800ffffffffffffffffffffffffffffffff75
:10534800ffffffffffffffffffffbad661106110ed
:10535800611061106110611061106110bad6ffff11
:10536800ffffffffffffffffffffffffffffffff45
:10537800ffffffffffffffff718c611061106110dd
:10538800611061106110611061106110611061108d
:10539800611061106110611061106110611061107d
:1053a800611061106110611061106110611061106d
:1053b800611061106110611061106110611061105d
:1053c800611061106110611061106110611061104d
:1053d800611061106110611061106110611061103d
:1053e800611061106110611061106110611061102d
:1053f800611061106110611061106110611061101d
:1054080061106110611061106110ffffffffffff65
:10541800ffffffffffffffffffffffffffffffff94
:10542800ffffffffffffffff6110611061106110b8
:1054380061106110611061106110611061106110dc
:1054480061106110611061106110611061106110cc
:1054580061106110611061106110611061106110bc
:1054680061106110611061106110611061106110ac
:10547800611061106110611061106110611061109c
:10548800611061106110611061106110611061108c
:10549800611061106110611061106110611061107c
:1054a800611061106110611061106110611061106c
:1054b800611061106110611061106110611061105c
:1054c800611061106110611061106110611061104c
:1054d800611061106110611061106110611061103c
:1054e800611061106110611061106110611061102c
:1054f800611061106110611061106110611061101c
:10550800611061106110611061106110611061100b
:1055180061106110611061106110611061106110fb
:1055280061106110611061106110611061106110eb
:1055380061106110611061106110611061106110db
:1055480061106110611061106110611061106110cb
:1055580061106110611061106110611061106110bb
:1055680061106110611061106110611061106110ab
:10557800611061106110611061106110611061109b
:10558800611061106110611061106110611061108b
:10559800611061106110611061106110611061107b
:1055a800611061106110611061106110611061106b
:1055b800611061106110611061106110611061105b
:1055c800611061106110611061106110611061104b
:1055d800611061106110611061106110611061103b
:1055e800611061106110611061106110611061102b
:1055f800611061106110611061106110611061101b
:10560800611061106110611061106110611061100a
:10561800611061106110ffffffffffffffffffff39
:10562800ffffffffffffffffffffffffffffffff82
:10563800fffffbe6611061106110611061106110dd
:1056480061106110bad6ffffffffffffffffffffea
:10565800ffffffffffffffffffffffffffffffff52
:10566800718c61106110611061106110611061101e
:10567800611061106110611061106110611061109a
:10568800611061106110611061106110611061108a
:10569800611061106110611061106110611061107a
:1056a800611061106110611061106110611061106a
:1056b800611061106110611061106110611061105a
:1056c800611061106110611061106110611061104a
:1056d800611061106110611061106110611061103a
:1056e800611061106110611061106110611061102a
:1056f8006110ffffffffffffffffffffffffffff3f
:10570800ffffffffffffffffffffffffffffffffa1
:1057180061106110611061106110611061106110f9
:1057280061106110611061106110611061106110e9
:1057380061106110611061106110611061106110d9
:1057480061106110611061106110611061106110c9
:1057580061106110611061106110611061106110b9
:1057680061106110611061106110611061106110a9
:105778006110611061106110611061106110611099
:105788006110611061106110611061106110611089
:105798006110611061106110611061106110611079
:1057a8006110611061106110611061106110611069
:1057b8006110611061106110611061106110611059
:1057c8006110611061106110611061106110611049
:1057d8006110611061106110611061106110611039
:1057e8006110611061106110611061106110611029
:1057f8006110611061106110611061106110611019
:105808006110611061106110611061106110611008
:1058180061106110611061106110611061106110f8
:1058280061106110611061106110611061106110e8
:1058380061106110611061106110611061106110d8
:1058480061106110611061106110611061106110c8
:1058580061106110611061106110611061106110b8
:1058680061106110611061106110611061106110a8
:105878006110611061106110611061106110611098
:105888006110611061106110611061106110611088
:105898006110611061106110611061106110611078
:1058a8006110611061106110611061106110611068
:1058b8006110611061106110611061106110611058
:1058c8006110611061106110611061106110611048
:1058d8006110611061106110611061106110611038
:1058e8006110611061106110611061106110611028
:1058f8006110611061106110611061106110ffff8b
:10590800ffffffffffffffffffffffffffffffff9f
:10591800ffffffffffffffffffff1ce761106110a4
:10592800611061106110611061106110bad6ffff3b
:10593800ffffffffffffffffffffffffffffffff6f
:10594800ffffffffffffffff718c61106110611007
:1059580061106110611061106110611061106110b7
:1059680061106110611061106110611061106110a7
:105978006110611061106110611061106110611097
:105988006110611061106110611061106110611087
:105998006110611061106110611061106110611077
:1059a8006110611061106110611061106110611067
:1059b8006110611061106110611061106110611057
:1059c8006110611061106110611061106110611047
:1059d80061106110611061106110ffffffffffff90
:1059e800ffffffffffffffffffffffffffffffffbf
:1059f800ffffffffffffffff6110611061106110e3
:105a08006110611061106110611061106110611006
:105a180061106110611061106110611061106110f6
:105a280061106110611061106110611061106110e6
:105a380061106110611061106110611061106110d6
:105a480061106110611061106110611061106110c6
:105a580061106110611061106110611061106110b6
:105a680061106110611061106110611061106110a6
:105a78006110611061106110611061106110611096
:105a88006110611061106110611061106110611086
:105a98006110611061106110611061106110611076
:105aa8006110611061106110611061106110611066
:105ab8006110611061106110611061106110611056
:105ac8006110611061106110611061106110611046
:105ad800611061106110611061108210e318653166
:105ae8008531442924296110611061106110611009
:105af8006110611061106110611061106110611016
:105b08006110611061106110611061106110611005
:105b180061106110611061106110611061106110f5
:105b280061106110611061106110611061106110e5
:105b380061106110611061106110611061106110d5
:105b480061106110611061106110611061106110c5
:105b580061106110611061106110611061106110b5
:105b680061106110611061106110611061106110a5
:105b78006110611061106110611061106110611095
:105b88006110611061106110611061106110611085
:105b98006110611061106110611061106110611075
:105ba8006110611061106110611061106110611065
:105bb8006110611061106110611061106110611055
:105bc8006110611061106110611061106110611045
:105bd8006110611061106110611061106110611035
:105be800611061106110ffffffffffffffffffff64
:105bf800ffffffffffffffffffffffffffffffffad
:105c0800ffff1ce7611061106110611061106110e5
:105c180061106110bad6ffffffffffffffffffff14
:105c2800ffffffffffffffffffffffffffffffff7c
:105c3800718c611061106110611061106110611048
:105c480061106110611061106110611061106110c4
:105c580061106110611061106110611061106110b4
:105c680061106110611061106110611061106110a4
:105c78006110611061106110611061106110611094
:105c88006110611061106110611061106110611084
:105c98006110611061106110611061106110611074
:105ca8006110611061106110611061106110611064
:105cb8006110611061106110611061106110611054
:105cc8006110ffffffffffffffffffffffffffff69
:105cd800ffffffffffffffffffffffffffffffffcc
:105ce8006110611061106110611061106110611024
:105cf8006110611061106110611061106110611014
:105d08006110611061106110611061106110611003
:105d180061106110611061106110611061106110f3
:105d280061106110611061106110611061106110e3
:105d380061106110611061106110611061106110d3
:105d480061106110611061106110611061106110c3
:105d580061106110611061106110611061106110b3
:105d680061106110611061106110611061106110a3
:105d78006110611061106110611061106110611093
:105d88006110611061106110611061106110611083
:105d98006110611061106110611061106110611073
:105da8006110611061106110611061106110611063
:105db8006110611061106110a210653108422c6bee
:105dc8001084719471947194719471947194718c1c
:105dd8003084ae7bcb5aa639611061106110611016
:105de8006110611061106110611061106110611023
:105df8006110611061106110611061106110611013
:105e08006110611061106110611061106110611002
:105e180061106110611061106110611061106110f2
:105e280061106110611061106110611061106110e2
:105e380061106110611061106110611061106110d2
:105e480061106110611061106110611061106110c2
:105e580061106110611061106110611061106110b2
:105e680061106110611061106110611061106110a2
:105e78006110611061106110611061106110611092
:105e88006110611061106110611061106110611082
:105e98006110611061106110611061106110611072
:105ea8006110611061106110611061106110611062
:105eb8006110611061106110611061106110611052
:105ec8006110611061106110611061106110ffffb5
:105ed800ffffffffffffffffffffffffffffffffca
:105ee800ffffffffffffffffffff1ce761106110cf
:105ef800611061106110611061106110bad6ffff66
:105f0800ffffffffffffffffffffffffffffffff99
:105f1800ffffffffffffffff718c61106110611031
:105f280061106110611061106110611061106110e1
:105f380061106110611061106110611061106110d1
:105f480061106110611061106110611061106110c1
:105f580061106110611061106110611061106110b1
:105f680061106110611061106110611061106110a1
:105f78006110611061106110611061106110611091
:105f88006110611061106110611061106110611081
:105f98006110611061106110611061106110611071
:105fa80061106110611061106110ffffffffffffba
:105fb800ffffffffffffffffffffffffffffffffe9
:105fc800ffffffffffffffff61106110611061100d
:105fd8006110611061106110611061106110611031
:105fe8006110611061106110611061106110611021
:105ff8006110611061106110611061106110611011
:106008006110611061106110611061106110611000
:1060180061106110611061106110611061106110f0
:1060280061106110611061106110611061106110e0
:1060380061106110611061106110611061106110d0
:1060480061106110611061106110611061106110c0
:1060580061106110611061106110611061106110b0
:1060680061106110611061106110611061106110a0
:106078006110611061106110611061106110611090
:106088006110611061106110611061106110611080
:106098006110611061106110494a6d6b518c7194e7
:1060a80071947194719471947194719471947194c0
:1060b80071947194719471947194719471947194b0
:1060c800719471947194ae7b863182106110611065
:1060d8006110611061106110611061106110611030
:1060e8006110611061106110611061106110611020
:1060f8006110611061106110611061106110611010
:1061080061106110611061106110611061106110ff
:1061180061106110611061106110611061106110ef
:1061280061106110611061106110611061106110df
:1061380061106110611061106110611061106110cf
:1061480061106110611061106110611061106110bf
:1061580061106110611061106110611061106110af
:10616800611061106110611061106110611061109f
:10617800611061106110611061106110611061108f
:10618800611061106110611061106110611061107f
:10619800611061106110611061106110611061106f
:1061a800611061106110611061106110611061105f
:1061b800611061106110ffffffffffffffffffff8e
:1061c800ffffffffffffffffffffffffffffffffd7
:1061d800ffffbad661106110611061106110611083
:1061e80061106110bad6ffffffffffffffffffff3f
:1061f800ffffffffffffffffffffffffffffffffa7
:10620800718c611061106110611061106110611072
:1062180061106110611061106110611061106110ee
:1062280061106110611061106110611061106110de
:1062380061106110611061106110611061106110ce
:1062480061106110611061106110611061106110be
:1062580061106110611061106110611061106110ae
:10626800611061106110611061106110611061109e
:10627800611061106110611061106110611061108e
:10628800611061106110611061106110611061107e
:106298006110ffffffffffffffffffffffffffff93
:1062a800fffffffffffffffffffffffffffffffff6
:1062b800611061106110611061106110611061104e
:1062c800611061106110611061106110611061103e
:1062d800611061106110611061106110611061102e
:1062e800611061106110611061106110611061101e
:1062f800611061106110611061106110611061100e
:1063080061106110611061106110611061106110fd
:1063180061106110611061106110611061106110ed
:1063280061106110611061106110611061106110dd
:1063380061106110611061106110611061106110cd
:1063480061106110611061106110611061106110bd
:1063580061106110611061106110611061106110ad
:10636800611061106110611061106110611061109d
:106378006110611061106110611061108531cb5a94
:106388007194719471947194719471947194cf7b98
:10639800eb5a284ae739853185318531a631694a72
:1063a800aa5a4d6b3084719471947194719471945c
:1063b8007194518ca210611061106110611061100c
:1063c800611061106110611061106110611061103d
:1063d800611061106110611061106110611061102d
:1063e800611061106110611061106110611061101d
:1063f800611061106110611061106110611061100d
:1064080061106110611061106110611061106110fc
:1064180061106110611061106110611061106110ec
:1064280061106110611061106110611061106110dc
:1064380061106110611061106110611061106110cc
:1064480061106110611061106110611061106110bc
:1064580061106110611061106110611061106110ac
:10646800611061106110611061106110611061109c
:10647800611061106110611061106110611061108c
:10648800611061106110611061106110611061107c
:106498006110611061106110611061106110ffffdf
:1064a800fffffffffffffffffffffffffffffffff4
:1064b800ffffffffffffffffffffbad6611061106c
:1064c800611061106110611061106110bad6ffff90
:1064d800ffffffffffffffffffffffffffffffffc4
:1064e800ffffffffffffffff718c6110611061105c
:1064f800611061106110611061106110611061100c
:1065080061106110611061106110611061106110fb
:1065180061106110611061106110611061106110eb
:1065280061106110611061106110611061106110db
:1065380061106110611061106110611061106110cb
:1065480061106110611061106110611061106110bb
:1065580061106110611061106110611061106110ab
:10656800611061106110611061106110611061109b
:1065780061106110611061106110ffffffffffffe4
:10658800ffffffffffffffffffffffffffffffff13
:10659800ffffffffffffffff611061106110611037
:1065a800611061106110611061106110611061105b
:1065b800611061106110611061106110611061104b
:1065c800611061106110611061106110611061103b
:1065d800611061106110611061106110611061102b
:1065e800611061106110611061106110611061101b
:1065f800611061106110611061106110611061100b
:1066080061106110611061106110611061106110fa
:1066180061106110611061106110611061106110ea
:1066280061106110611061106110611061106110da
:1066380061106110611061106110611061106110ca
:1066480061106110611061106110611061106110ba
:10665800611061106110611061106110611081108a
:1066680071947194719471947194ef7bcb5ac3189f
:10667800611061106110611061106110611061108a
:10668800611061106110611061106110611061107a
:106698006110611082106e73719471947194719489
:1066a8007194494a611061106110611061106110a4
:1066b800611061106110611061106110611061104a
:1066c800611061106110611061106110611061103a
:1066d800611061106110611061106110611061102a
:1066e800611061106110611061106110611061101a
:1066f800611061106110611061106110611061100a
:1067080061106110611061106110611061106110f9
:1067180061106110611061106110611061106110e9
:1067280061106110611061106110611061106110d9
:1067380061106110611061106110611061106110c9
:1067480061106110611061106110611061106110b9
:1067580061106110611061106110611061106110a9
:106768006110611061106110611061106110611099
:106778006110611061106110611061106110611089
:10678800611061106110ffffffffffffffffffffb8
:10679800ffffffffffffffffffffffffffffffff01
:1067a800ffff38c66110611061106110611061103f
:1067b80061106110bad6ffffffffffffffffffff69
:1067c800ffffffffffffffffffffffffffffffffd1
:1067d800718c61106110611061106110611061109d
:1067e8006110611061106110611061106110611019
:1067f8006110611061106110611061106110611009
:1068080061106110611061106110611061106110f8
:1068180061106110611061106110611061106110e8
:1068280061106110611061106110611061106110d8
:1068380061106110611061106110611061106110c8
:1068480061106110611061106110611061106110b8
:1068580061106110611061106110611061106110a8
:106868006110ffffffffffffffffffffffffffffbd
:10687800ffffffffffffffffffffffffffffffff20
:106888006110611061106110611061106110611078
:106898006110611061106110611061106110611068
:1068a8006110611061106110611061106110611058
:1068b8006110611061106110611061106110611048
:1068c8006110611061106110611061106110611038
:1068d8006110611061106110611061106110611028
:1068e8006110611061106110611061106110611018
:1068f8006110611061106110611061106110611008
:1069080061106110611061106110611061106110f7
:1069180061106110611061106110611061106110e7
:1069280061106110611061106110611061106110d7
:1069380061106110611061106110611061106110c7
:106948003084719471947194eb5a442961106110e8
:106958006110611061106110611061100321494ad2
:106968004d6b1084518c7194719471947194cf7b98
:106978008e73eb62e739821061106110611061104b
:10698800611061106110a218284a71947194719471
:10699800718c242161106110611061106110611007
:1069a8006110611061106110611061106110611057
:1069b8006110611061106110611061106110611047
:1069c8006110611061106110611061106110611037
:1069d8006110611061106110611061106110611027
:1069e8006110611061106110611061106110611017
:1069f8006110611061106110611061106110611007
:106a080061106110611061106110611061106110f6
:106a180061106110611061106110611061106110e6
:106a280061106110611061106110611061106110d6
:106a380061106110611061106110611061106110c6
:106a480061106110611061106110611061106110b6
:106a580061106110611061106110611061106110a6
:106a680061106110611061106110611061109294e1
:106a7800ffffffffffffffffffffffffffffffff1e
:106a8800ffffffffffffffff3ce7e3186110611006
:106a9800611061106110611061106110bad6ffffba
:106aa800ffffffffffffffffffffffffffffffffee
:106ab800ffffffffffffffff718c61106110611086
:106ac8006110611061106110611061106110611036
:106ad8006110611061106110611061106110611026
:106ae8006110611061106110611061106110611016
:106af8006110611061106110611061106110611006
:106b080061106110611061106110611061106110f5
:106b180061106110611061106110611061106110e5
:106b280061106110611061106110611061106110d5
:106b380061106110611061106110611061106110c5
:106b480061106110611061106110ffffffffffff0e
:106b5800ffffffffffffffffffffffffffffffff3d
:106b6800ffffffffffffffff611061106110611061
:106b78006110611061106110611061106110611085
:106b88006110611061106110611061106110611075
:106b98006110611061106110611061106110611065
:106ba8006110611061106110611061106110611055
:106bb8006110611061106110611061106110611045
:106bc8006110611061106110611061106110611035
:106bd8006110611061106110611061106110611025
:106be8006110611061106110611061106110611015
:106bf8006110611061106110611061106110611005
:106c080061106110611061106110611061106110f4
:106c180061106110611061106110611061106110e4
:106c2800611024218e7371947194ef7b0842821055
:106c38006110611061106110a210a631eb5a7194b5
:106c48007194719471947194719471947194719414
:106c58007194719471947194719471947194719404
:106c680071947194719408426110611061106110ff
:106c7800611061104529718c719471943084611090
:106c88006110611061106110611061106110611074
:106c98006110611061106110611061106110611064
:106ca8006110611061106110611061106110611054
:106cb8006110611061106110611061106110611044
:106cc8006110611061106110611061106110611034
:106cd8006110611061106110611061106110611024
:106ce8006110611061106110611061106110611014
:106cf8006110611061106110611061106110611004
:106d080061106110611061106110611061106110f3
:106d180061106110611061106110611061106110e3
:106d280061106110611061106110611061106110d3
:106d380061106110611061106110611061106110c3
:106d480061106110611061106110611061106110b3
:106d58006110611061106110611065296529e739ba
:106d6800e739e739e739e739e739e739652961105c
:106d78006110611061106110611061106110611083
:106d880061106110bad6ffffffffffffffffffff93
:106d9800fffffffffffffffffffffffffffffffffb
:106da800718c6110611061106110611061106110c7
:106db8006110611061106110611061106110611043
:106dc8006110611061106110611061106110611033
:106dd8006110611061106110611061106110611023
:106de8006110611061106110611061106110611013
:106df8006110611061106110611061106110611003
:106e080061106110611061106110611061106110f2
:106e180061106110611061106110611061106110e2
:106e280061106110611061106110611061106110d2
:106e38006110ffffffffffffffffffffffffffffe7
:106e4800ffffffffffffffffffffffffffffffff4a
:106e580061106110611061106110611061106110a2
:106e68006110611061106110611061106110611092
:106e78006110611061106110611061106110611082
:106e88006110611061106110611061106110611072
:106e98006110611061106110611061106110611062
:106ea8006110611061106110611061106110611052
:106eb8006110611061106110611061106110611042
:106ec8006110611061106110611061106110611032
:106ed8006110611061106110611061106110611022
:106ee8006110611061106110611061106110611012
:106ef8006110611061106110611061106110611002
:106f080061106110611061106110718c719471943d
:106f1800ef8381106110611061106110611082109f
:106f2800518c719471947194719471947194719459
:106f38007194719471947194719471947194719421
:106f48007194719471947194719471947194719411
:106f5800ae73494a611061106110611061102429f3
:106f68004d6b719471948e732429611061106110b6
:106f78006110611061106110611061106110611081
:106f88006110611061106110611061106110611071
:106f98006110611061106110611061106110611061
:106fa8006110611061106110611061106110611051
:106fb8006110611061106110611061106110611041
:106fc8006110611061106110611061106110611031
:106fd8006110611061106110611061106110611021
:106fe8006110611061106110611061106110611011
:106ff8006110611061106110611061106110611001
:1070080061106110611061106110611061106110f0
:1070180061106110611061106110611061106110e0
:1070280061106110611061106110611061106110d0
:1070380061106110611061106110611061106110c0
:1070480061106110611061106110611061106110b0
:1070580061106110611061106110611061106110a0
:10706800611061106110611061106110bad6ffffe4
:10707800ffffffffffffffffffffffffffffffff18
:10708800ffffffffffffffff718c611061106110b0
:107098006110611061106110611061106110611060
:1070a8006110611061106110611061106110611050
:1070b8006110611061106110611061106110611040
:1070c8006110611061106110611061106110611030
:1070d8006110611061106110611061106110611020
:1070e8006110611061106110611061106110611010
:1070f8006110611061106110611061106110611000
:1071080061106110611061106110611061106110ef
:1071180061106110611061106110ffffffffffff38
:10712800ffffffffffffffffffffffffffffffff67
:10713800ffffffffffffffff61106110611061108b
:1071480061106110611061106110611061106110af
:10715800611061106110611061106110611061109f
:10716800611061106110611061106110611061108f
:10717800611061106110611061106110611061107f
:10718800611061106110611061106110611061106f
:10719800611061106110611061106110611061105f
:1071a800611061106110611061106110611061104f
:1071b800611061106110611061106110611061103f
:1071c800611061106110611061106110611061102f
:1071d800611061106110611061106110611061101f
:1071e8006110611061106110611061106110aa5a7c
:1071f800718c719471940c6361106110611061104d
:10720800c7398e7371947194719471947194719457
:10721800719471947194719471947194719471943e
:10722800719471947194719471947194719471942e
:10723800719471947194719471947194719430846f
:107248008a5261106110611061108110308c719444
:107258007194719461106110611061106110611076
:10726800611061106110611061106110611061108e
:10727800611061106110611061106110611061107e
:10728800611061106110611061106110611061106e
:10729800611061106110611061106110611061105e
:1072a800611061106110611061106110611061104e
:1072b800611061106110611061106110611061103e
:1072c800611061106110611061106110611061102e
:1072d800611061106110611061106110611061101e
:1072e800611061106110611061106110611061100e
:1072f80061106110611061106110611061106110fe
:1073080061106110611061106110611061106110ed
:1073180061106110611061106110611061106110dd
:1073280061106110611061106110611061106110cd
:1073380061106110611061106110611061106110bd
:1073480061106110611061106110611061106110ad
:1073580061106110bad6ffffffffffffffffffffbd
:10736800ffffffffffffffffffffffffffffffff25
:10737800718c6110611061106110611061106110f1
:10738800611061106110611061106110611061106d
:10739800611061106110611061106110611061105d
:1073a800611061106110611061106110611061104d
:1073b800611061106110611061106110611061103d
:1073c800611061106110611061106110611061102d
:1073d800611061106110611061106110611061101d
:1073e800611061106110611061106110611061100d
:1073f80061106110611061106110611061106110fd
:107408006110ffffffffffffffffffffffffffff11
:10741800ffffffffffffffffffffffffffffffff74
:1074280061106110611061106110611061106110cc
:1074380061106110611061106110611061106110bc
:1074480061106110611061106110611061106110ac
:10745800611061106110611061106110611061109c
:10746800611061106110611061106110611061108c
:10747800611061106110611061106110611061107c
:10748800611061106110611061106110611061106c
:10749800611061106110611061106110611061105c
:1074a800611061106110611061106110611061104c
:1074b800611061106110611061106110611061103c
:1074c800611061106110611061106110611061102c
:1074d80061106110242171947194ef8386316110d9
:1074e800611061106110821071947194719471949b
:1074f800719471947194719471947194719471945c
:10750800719471947194719471947194719471944b
:10751800719471947194719471947194719471943b
:1075280071947194719471947194eb5a6110611013
:1075380061106110c318719471947194284261109c
:1075480061106110611061106110611061106110ab
:10755800611061106110611061106110611061109b
:10756800611061106110611061106110611061108b
:10757800611061106110611061106110611061107b
:10758800611061106110611061106110611061106b
:10759800611061106110611061106110611061105b
:1075a800611061106110611061106110611061104b
:1075b800611061106110611061106110611061103b
:1075c800611061106110611061106110611061102b
:1075d800611061106110611061106110611061101b
:1075e800611061106110611061106110611061100b
:1075f80061106110611061106110611061106110fb
:1076080061106110611061106110611061106110ea
:1076180061106110611061106110611061106110da
:1076280061106110611061106110611061106110ca
:10763800611061106110611061106110bad6ffff0e
:10764800ffffffffffffffffffffffffffffffff42
:10765800ffffffffffffffff718c611061106110da
:10766800611061106110611061106110611061108a
:10767800611061106110611061106110611061107a
:10768800611061106110611061106110611061106a
:10769800611061106110611061106110611061105a
:1076a800611061106110611061106110611061104a
:1076b800611061106110611061106110611061103a
:1076c800611061106110611061106110611061102a
:1076d800611061106110611061106110611061101a
:1076e80061106110611061106110ffffffffffff63
:1076f800ffffffffffffffffffffffffffffffff92
:10770800ffffffffffffffff6110611061106110b5
:1077180061106110611061106110611061106110d9
:1077280061106110611061106110611061106110c9
:1077380061106110611061106110611061106110b9
:1077480061106110611061106110611061106110a9
:107758006110611061106110611061106110611099
:107768006110611061106110611061106110611089
:107778006110611061106110611061106110611079
:107788006110611061106110611061106110611069
:107798006110611061106110611061106110611059
:1077a8006110611061106110611061106110611049
:1077b800611061106110611061107194719471947d
:1077c80010846110611061106110ef8371947194dd
:1077d8007194719471947194719471947194719479
:1077e8007194719471947194719471947194719469
:1077f8007194719471947194719471947194719459
:107808007194719471947194719471947194719448
:10781800719471947194aa52a21861106110611048
:10782800c3184d6b71947194e31861106110611065
:1078380061106110611061106110611061106110b8
:1078480061106110611061106110611061106110a8
:107858006110611061106110611061106110611098
:107868006110611061106110611061106110611088
:107878006110611061106110611061106110611078
:107888006110611061106110611061106110611068
:107898006110611061106110611061106110611058
:1078a8006110611061106110611061106110611048
:1078b8006110611061106110611061106110611038
:1078c8006110611061106110611061106110611028
:1078d8006110611061106110611061106110611018
:1078e8006110611061106110611061106110611008
:1078f80061106110611061106110611061106110f8
:1079080061106110611061106110611061106110e7
:1079180061106110611061106110611061106110d7
:1079280061106110bad6ffffffffffffffffffffe7
:10793800ffffffffffffffffffffffffffffffff4f
:10794800718c61106110611061106110611061101b
:107958006110611061106110611061106110611097
:107968006110611061106110611061106110611087
:107978006110611061106110611061106110611077
:107988006110611061106110611061106110611067
:107998006110611061106110611061106110611057
:1079a8006110611061106110611061106110611047
:1079b8006110611061106110611061106110611037
:1079c8006110611061106110611061106110611027
:1079d8006110ffffffffffffffffffffffffffff3c
:1079e800ffffffffffffffffffffffffffffffff9f
:1079f80061106110611061106110611061106110f7
:107a080061106110611061106110611061106110e6
:107a180061106110611061106110611061106110d6
:107a280061106110611061106110611061106110c6
:107a380061106110611061106110611061106110b6
:107a480061106110611061106110611061106110a6
:107a58006110611061106110611061106110611096
:107a68006110611061106110611061106110611086
:107a78006110611061106110611061106110611076
:107a88006110611061106110611061106110611066
:107a98006110611061106110611061106110611056
:107aa800a218719471944d6bc31861106110611024
:107ab8006d737194719471947194719471947194bb
:107ac8007194719471947194719471947194719486
:107ad8007194719471947194719471947194719476
:107ae8007194719471947194719471947194719466
:107af8007194719471947194719471947194719456
:107b0800308461106110611061106110719471947a
:107b1800108465316110611061106110611061108d
:107b280061106110611061106110611061106110c5
:107b380061106110611061106110611061106110b5
:107b480061106110611061106110611061106110a5
:107b58006110611061106110611061106110611095
:107b68006110611061106110611061106110611085
:107b78006110611061106110611061106110611075
:107b88006110611061106110611061106110611065
:107b98006110611061106110611061106110611055
:107ba8006110611061106110611061106110611045
:107bb8006110611061106110611061106110611035
:107bc8006110611061106110611061106110611025
:107bd8006110611061106110611061106110611015
:107be8006110611061106110611061106110611005
:107bf80061106110611061106110611061106110f5
:107c0800611061106110611061106110bad6ffff38
:107c1800ffffffffffffffffffffffffffffffff6c
:107c2800ffffffffffffffff718c61106110611004
:107c380061106110611061106110611061106110b4
:107c480061106110611061106110611061106110a4
:107c58006110611061106110611061106110611094
:107c68006110611061106110611061106110611084
:107c78006110611061106110611061106110611074
:107c88006110611061106110611061106110611064
:107c98006110611061106110611061106110611054
:107ca8006110611061106110611061106110611044
:107cb80061106110611061106110ffffffffffff8d
:107cc800ffffffffffffffffffffffffffffffffbc
:107cd800ffffffffffffffff6110611061106110e0
:107ce8006110611061106110611061106110611004
:107cf80061106110611061106110611061106110f4
:107d080061106110611061106110611061106110e3
:107d180061106110611061106110611061106110d3
:107d280061106110611061106110611061106110c3
:107d380061106110611061106110611061106110b3
:107d480061106110611061106110611061106110a3
:107d58006110611061106110611061106110611093
:107d68006110611061106110611061106110611083
:107d78006110611061106110611061106110611073
:107d880061106110611010847194318ca6396110f2
:107d9800611061100421ae7b719471947194719497
:107da80071947194719471947194719471947194a3
:107db8007194719471947194719471947194719493
:107dc8007194719471947194719471947194719483
:107dd8007194719471947194719471947194719473
:107de80071947194719471947194719408426110b2
:107df80061106110c3188e737194719461106110d1
:107e080061106110611061106110611061106110e2
:107e180061106110611061106110611061106110d2
:107e280061106110611061106110611061106110c2
:107e380061106110611061106110611061106110b2
:107e480061106110611061106110611061106110a2
:107e58006110611061106110611061106110611092
:107e68006110611061106110611061106110611082
:107e78006110611044298a52eb5a4d6b6d6b0c638b
:107e8800494aa639611061106110611061106110d2
:107e98006110611061106110611061106110611052
:107ea8006110611061106110611061106110611042
:107eb8006110611061106110611061106110611032
:107ec8006110611061106110611061106110611022
:107ed8006110611061106110611061106110611012
:107ee8006110611061106110611061106110611002
:107ef80061106110bad6ffffffffffffffffffff12
:107f0800ffffffffffffffffffffffffffffffff79
:107f1800718c611061106110611061106110611045
:107f280061106110611061106110611061106110c1
:107f380061106110611061106110611061106110b1
:107f480061106110611061106110611061106110a1
:107f5800611082108631284a6d6b4d6baa52084217
:107f68006110611061106110611061106110611081
:107f78006110611061106110611061106110611071
:107f88006110611061106110611061106110611061
:107f98006110611061106110611061106110611051
:107fa8006110ffffffffffffffffffffffffffff66
:107fb800ffffffffffffffffffffffffffffffffc9
:107fc8006110611061106110611061106110611021
:107fd8006110611061106110611061106110611011
:107fe8006110611061106110611061106110611001
:107ff80061106110611061106110611061106110f1
:1080080061106110611061106110611061106110e0
:1080180061106110611061106110611061106110d0
:1080280061106110611061106110611061106110c0
:1080380061106110611061106110611061106110b0
:1080480061106110611061106110611061106110a0
:108058006110611061106110611061106110611090
:108068006110611061106110611061102421719418
:1080780071942421611061106110284a518c719407
:1080880071947194719471947194719471947194c0
:1080980071947194719471947194719471947194b0
:1080a80071947194719471947194719471947194a0
:1080b8007194719471947194719471947194719490
:1080c8007194719471947194719471947194719480
:1080d800719471947194c2186110611061108210ca
:1080e800719471946952611061106110611061108e
:1080f80061106110611061106110611061106110f0
:1081080061106110611061106110611061106110df
:1081180061106110611061106110611061106110cf
:1081280061106110611061106110611061106110bf
:1081380061106110611061106110611061106110af
:10814800611061106110611061106110611061109f
:10815800611061100421ef8375ad3ce7ffffffff5d
:10816800ffffffffffffffffffffffff79ce75adaa
:108178006952042161106110611061106110611071
:10818800611061106110611061106110611061105f
:10819800611061106110611061106110611061104f
:1081a800611061106110611061106110611061103f
:1081b800611061106110611061106110611061102f
:1081c800611061106110611061106110611061101f
:1081d800611061106110611061106110bad6ffff63
:1081e800ffffffffffffffffffffffffffffffff97
:1081f800ffffffffffffffff718c6110611061102f
:1082080061106110611061106110611061106110de
:1082180061106110611061106110611061106110ce
:1082280061106110611061106110611061106110be
:1082380061106110e318cf7b59ceffffffffffffee
:10824800ffffffffffffffffdbde18c62c63821076
:10825800611061106110611061106110611061108e
:10826800611061106110611061106110611061107e
:10827800611061106110611061106110611061106e
:1082880061106110611061106110ffffffffffffb7
:10829800ffffffffffffffffffffffffffffffffe6
:1082a800ffffffffffffffff61106110611061100a
:1082b800611061106110611061106110611061102e
:1082c800611061106110611061106110611061101e
:1082d800611061106110611061106110611061100e
:1082e80061106110611061106110611061106110fe
:1082f80061106110611061106110611061106110ee
:1083080061106110611061106110611061106110dd
:1083180061106110611061106110611061106110cd
:1083280061106110611061106110611061106110bd
:1083380061106110611061106110611061106110ad
:10834800611061106110611061106110611061109d
:1083580061103084719471948e7361106110611092
:108368002429719471947194719471947194719495
:1083780071947194719471947194719471947194cd
:1083880071947194719471947194719471947194bd
:1083980071947194719471947194719471947194ad
:1083a800719471947194719471947194719471949d
:1083b800719471947194719471947194719471948d
:1083c800718c494a611061106110484a7194719426
:1083d800611061106110611061106110611061100d
:1083e80061106110611061106110611061106110fd
:1083f80061106110611061106110611061106110ed
:1084080061106110611061106110611061106110dc
:1084180061106110611061106110611061106110cc
:1084280061106110611061106110611061106110bc
:1084380061106110611079ceffffffffffffffffa2
:10844800ffffffffffffffffffffffffffffffff34
:10845800ffffffffffffffffffffffffffffffff24
:10846800f7bd611061106110611061106110611039
:10847800611061106110611061106110611061106c
:10848800611061106110611061106110611061105c
:10849800611061106110f7bdf7bdf7bdf7bdf7bdfd
:1084a800f7bdf7bdf7bdf7bdf7bdf7bdf7bdf7bd24
:1084b800f7bd55ad61106110611061106110611058
:1084c80061106110bad6ffffffffffffffffffff3c
:1084d800ffffffffffffffffffffffffffffffffa4
:1084e800718c611061106110611061106110611070
:1084f80061106110611061106110611061106110ec
:1085080061106110611061106110611061106110db
:1085180061106110e31896b5ffffffffffffffff33
:10852800ffffffffffffffffffffffffffffffff53
:10853800ffffffffffffffffffffffff3ce76110ab
:10854800611061106110611061106110611061109b
:10855800611061106110611061106110611061108b
:10856800611061106110611061106110611061107b
:108578006110ffffffffffffffffffffffffffff90
:10858800fffffffffffffffffffffffffffffffff3
:10859800f7bdf7bdf7bdf7bdf7bdf7bdf7bdf7bd33
:1085a800f7bdf7bdf7bdf7bdf7bda639611061107e
:1085b800611061106110611061106110611061102b
:1085c800611061106110611061106110611061101b
:1085d800611061106110611061106110611061100b
:1085e80061106110611061106110611061106110fb
:1085f80061106110611061106110611061106110eb
:1086080061106110611061106110611061106110da
:1086180061106110611061106110611061106110ca
:1086280061106110611061106110611061106110ba
:1086380061106110611061106110719471948e73f2
:10864800a21861106110c739518c7194719471949a
:1086580071947194719471947194719471947194ea
:1086680071947194719471947194719471947194da
:1086780071947194719471947194719471947194ca
:1086880071947194719471947194719471947194ba
:1086980071947194719471947194719471947194aa
:1086a80071947194719471947194719461106110c2
:1086b8006110611071947194494a611061106110e0
:1086c800611061106110611061106110611061101a
:1086d800611061106110611061106110611061100a
:1086e80061106110611061106110611061106110fa
:1086f80061106110611061106110611061106110ea
:1087080061106110611061106110611061106110d9
:1087180061106110611061106110695275b5ffff39
:10872800ffffffffffffffffffffffffffffffff51
:10873800ffffffffffffffffffffffffffffffff41
:10874800ffffffffffffffffffffb6b5694a61109c
:108758006110611061106110611061106110611089
:108768006110611061106110611061106110611079
:108778006110611061106110611061106110ffffdc
:10878800fffffffffffffffffffffffffffffffff1
:10879800ffffffffffffffffffff1ce761106110f6
:1087a800611061106110611061106110bad6ffff8d
:1087b800ffffffffffffffffffffffffffffffffc1
:1087c800ffffffffffffffff718c61106110611059
:1087d8006110611061106110611061106110611009
:1087e80061106110611061106110611061106110f9
:1087f8006110611061106110284a55addfffffff5d
:10880800ffffffffffffffffffffffffffffffff70
:10881800ffffffffffffffffffffffffffffffff60
:10882800ffffffffffff1ce70421611061106110cb
:1088380061106110611061106110611061106110a8
:108848006110611061106110611061106110611098
:1088580061106110611061106110ffffffffffffe1
:10886800ffffffffffffffffffffffffffffffff10
:10887800ffffffffffffffffffffffffffffffff00
:10888800fffffffffffffffffffffffffffffffff0
:10889800ffff284a611061106110611061106110ba
:1088a8006110611061106110611061106110611038
:1088b8006110611061106110611061106110611028
:1088c8006110611061106110611061106110611018
:1088d8006110611061106110611061106110611008
:1088e80061106110611061106110611061106110f8
:1088f80061106110611061106110611061106110e8
:1089080061106110611061106110611061106110d7
:108918006110611061106110611061106110c2185e
:10892800ef7b71946d73611061106110cb5a719473
:108938007194719471947194719471947194719407
:1089480071947194719471947194719471947194f7
:1089580071947194719471947194719471947194e7
:1089680071947194719471947194719471947194d7
:1089780071947194719471947194719471947194c7
:1089880071947194719471947194719471947194b7
:1089980071947194ef7be318611061100842718c37
:1089a8007194a6316110611061106110611061103d
:1089b8006110611061106110611061106110611027
:1089c8006110611061106110611061106110611017
:1089d8006110611061106110611061106110611007
:1089e80061106110611061106110611061106110f7
:1089f80061106110611061106110611061109ad6e8
:108a0800ffffffffffffffffffffffffffffffff6e
:108a1800ffffffffffffffffffffffffffffffff5e
:108a2800ffffffffffffffffffffffffffffffff4e
:108a3800ffffffffffffffff1ce7611061106110e0
:108a48006110611061106110611061106110611096
:108a58006110611061106110611061106110611086
:108a6800611061106110ffffffffffffffffffffb5
:108a7800fffffffffffffffffffffffffffffffffe
:108a8800ffff1ce761106110611061106110611037
:108a980061106110bad6ffffffffffffffffffff66
:108aa800ffffffffffffffffffffffffffffffffce
:108ab800718c61106110611061106110611061109a
:108ac8006110611061106110611061106110611016
:108ad800611061106110611061106110eb5afbdeca
:108ae800ffffffffffffffffffffffffffffffff8e
:108af800ffffffffffffffffffffffffffffffff7e
:108b0800ffffffffffffffffffffffffffffffff6d
:108b1800ffffffffffff611061106110611061101e
:108b280061106110611061106110611061106110b5
:108b380061106110611061106110611061106110a5
:108b48006110ffffffffffffffffffffffffffffba
:108b5800ffffffffffffffffffffffffffffffff1d
:108b6800ffffffffffffffffffffffffffffffff0d
:108b7800ffffffffffffffffffff284a61106110a3
:108b88006110611061106110611061106110611055
:108b98006110611061106110611061106110611045
:108ba8006110611061106110611061106110611035
:108bb8006110611061106110611061106110611025
:108bc8006110611061106110611061106110611015
:108bd8006110611061106110611061106110611005
:108be80061106110611061106110611061106110f5
:108bf80061106110611061106110611061106110e5
:108c0800611061100c6371947194c2186110611045
:108c180061107194719471947194719471947194b8
:108c28007194719471947194719471947194719414
:108c38007194719471947194719471943084494ac7
:108c48008210611061106110611061106110611073
:108c58006110e3188a5271947194719471947194ab
:108c680071947194719471947194719471947194d4
:108c780071947194719471947194719471947194c4
:108c8800042161106110611071947194c31861100e
:108c98006110611061106110611061106110611044
:108ca8006110611061106110611061106110611034
:108cb8006110611061106110611061106110611024
:108cc8006110611061106110611061106110611014
:108cd8006110611061106110611061106110611004
:108ce80061102c637defffffffffffffffffffff1a
:108cf800ffffffffffffffffffffffffffffffff7c
:108d0800ffffffffffffffffffffffffffffffff6b
:108d1800ffffffffffffffffffffffffffffffff5b
:108d2800ffffffff75ad61106110611061106110e8
:108d380061106110611061106110611061106110a3
:108d48006110611061106110611061106110ffff06
:108d5800ffffffffffffffffffffffffffffffff1b
:108d6800ffffffffffffffffffff1ce76110611020
:108d7800611061106110611061106110bad6ffffb7
:108d8800ffffffffffffffffffffffffffffffffeb
:108d9800ffffffffffffffff718c61106110611083
:108da8006110611061106110611061106110611033
:108db8006110611061106110611061106110611023
:108dc800c318ffffffffffffffffffffffffffffce
:108dd800ffffffffffffffffffffffffffffffff9b
:108de800ffffffffffffffffffffffffffffffff8b
:108df800ffffffffffffffffffffffffffffffff7b
:108e08003ce7611061106110611061106110611020
:108e180061106110611061106110611061106110c2
:108e280061106110611061106110ffffffffffff0b
:108e3800ffffffffffffffffffffffffffffffff3a
:108e4800ffffffffffffffffffffffffffffffff2a
:108e5800ffffffffffffffffffffffffffffffff1a
:108e6800ffff284a611061106110611061106110e4
:108e78006110611061106110611061106110611062
:108e88006110611061106110611061106110611052
:108e98006110611061106110611061106110611042
:108ea8006110611061106110611061106110611032
:108eb8006110611061106110611061106110611022
:108ec8006110611061106110611061106110611012
:108ed8006110611061106110611061106110611002
:108ee80061106110611061106110611071947194ca
:108ef8007194611061106110611071947194719492
:108f08007194719471947194719471947194719431
:108f18007194719471947194719471947194719421
:108f2800cb5a6529611061106110611061106110e0
:108f38006110611061106110611061106110e31817
:108f48002c6b518c71947194719471947194719487
:108f580071947194719471947194719471947194e1
:108f6800719471947194719410840321611061104b
:108f78004d6b71948e7382106110611061106110d5
:108f88006110611061106110611061106110611051
:108f98006110611061106110611061106110611041
:108fa8006110611061106110611061106110611031
:108fb8006110611061106110611061106110611021
:108fc800611061106110611055adffffffffffffd9
:108fd800ffffffffffffffffffffffffffffffff99
:108fe800ffffffffffffffffffffffffffffffff89
:108ff800ffffffffffffffffffffffffffffffff79
:10900800ffffffffffffffffffffffffffff8a528a
:1090180061106110611061106110611061106110c0
:1090280061106110611061106110611061106110b0
:10903800611061106110ffffffffffffffffffffdf
:10904800ffffffffffffffffffffffffffffffff28
:10905800ffff1ce761106110611061106110611061
:1090680061106110bad6ffffffffffffffffffff90
:10907800fffffffffffffffffffffffffffffffff8
:10908800718c6110611061106110611061106110c4
:109098006110611061106110611061106110611040
:1090a8006110611061106110fbdeffffffffffff21
:1090b800ffffffffffffffffffffffffffffffffb8
:1090c800ffffffffffffffffffffffffffffffffa8
:1090d800ffffffffffffffffffffffffffffffff98
:1090e800ffffffffffffffffffff14a5c31861107d
:1090f80061106110611061106110611061106110e0
:1091080061106110611061106110611061106110cf
:109118006110ffffffffffffffffffffffffffffe4
:10912800ffffffffffffffffffffffffffffffff47
:10913800ffffffffffffffffffffffffffffffff37
:10914800ffffffffffffffffffff284a61106110cd
:10915800611061106110611061106110611061107f
:10916800611061106110611061106110611061106f
:10917800611061106110611061106110611061105f
:10918800611061106110611061106110611061104f
:10919800611061106110611061106110611061103f
:1091a800611061106110611061106110611061102f
:1091b800611061106110611061106110611061101f
:1091c800611061106110611061106110611061100f
:1091d8006110ef8371947194494a611061108a5249
:1091e800719471947194719471947194719471944f
:1091f800719471947194719471947194719471943f
:109208007194718c0c6361106110611061106110b0
:1092180061106110611061106110611061106110be
:109228006110611061106110611061106110ae73fe
:1092380071947194719471947194719471947194fe
:1092480071947194719471947194719471947194ee
:1092580071947194611061106110308c71947194e3
:10926800c7396110611061106110611061106110df
:10927800611061106110611061106110611061105e
:10928800611061106110611061106110611061104e
:10929800611061106110611061106110611061103e
:1092a80061106110611061106110611061103ce77c
:1092b800ffffffffffffffffffffffffffffffffb6
:1092c800ffffffffffffffffffffffffffffffffa6
:1092d800ffffffffffffffffffffffffffffffff96
:1092e800ffffffffffffffffffffffffffffffff86
:1092f800ffffffffffffffffffff6110611061101d
:1093080061106110611061106110611061106110cd
:109318006110611061106110611061106110ffff30
:10932800ffffffffffffffffffffffffffffffff45
:10933800ffffffffffffffffffff1ce7611061104a
:10934800611061106110611061106110bad6ffffe1
:10935800ffffffffffffffffffffffffffffffff15
:10936800ffffffffffffffff718c611061106110ad
:10937800611061106110611061106110611061105d
:10938800611061106110611061106110d7bdffff9d
:10939800ffffffffffffffffffffffffffffffffd5
:1093a800ffffffffffffffffffffffffffffffffc5
:1093b800ffffffffffffffffffffffffffffffffb5
:1093c800ffffffffffffffffffffffffffffffffa5
:1093d800ffffffffffff6110611061106110611056
:1093e80061106110611061106110611061106110ed
:1093f80061106110611061106110ffffffffffff36
:10940800ffffffffffffffffffffffffffffffff64
:10941800ffffffffffffffffffffffffffffffff54
:10942800ffffffffffffffffffffffffffffffff44
:10943800ffff284a6110611061106110611061100e
:10944800611061106110611061106110611061108c
:10945800611061106110611061106110611061107c
:10946800611061106110611061106110611061106c
:10947800611061106110611061106110611061105c
:10948800611061106110611061106110611061104c
:10949800611061106110611061106110611061103c
:1094a800611061106110611061106110611061102c
:1094b80061106110611061106110719471942c6bce
:1094c8006110611061107194719471947194719428
:1094d800719471947194719471947194719471945c
:1094e80071947194719471942c63032161106110cb
:1094f80061106110611061106110611061106110dc
:1095080061106110611061106110611061106110cb
:109518006110611061106110ef7b71947194719406
:10952800719471947194719471947194719471940b
:109538007194719471947194719471946110611023
:109548006110863171947194308c611061106110d2
:10955800611061106110611061106110611061107b
:10956800611061106110611061106110611061106b
:10957800611061106110611061106110611061105b
:10958800611061106110611061106110611061104b
:10959800611061100842ffffffffffffffffffffa1
:1095a800ffffffffffffffffffffffffffffffffc3
:1095b800ffffffffffffffffffffffffffffffffb3
:1095c800ffffffffffffffffffffffffffffffffa3
:1095d800ffffffffffffffffffffffffffffffff93
:1095e800ffffe741611061106110611061106110a7
:1095f80061106110611061106110611061106110db
:10960800611061106110ffffffffffffffffffff09
:10961800ffffffffffffffffffffffffffffffff52
:10962800ffff1ce76110611061106110611061108b
:1096380061106110bad6ffffffffffffffffffffba
:10964800ffffffffffffffffffffffffffffffff22
:10965800718c6110611061106110611061106110ee
:10966800611061106110611061106110611061106a
:1096780061108631ffffffffffffffffffffffffc6
:10968800ffffffffffffffffffffffffffffffffe2
:10969800ffffffffffffffffffffffffffffffffd2
:1096a800ffffffffffffffffffffffffffffffffc2
:1096b800ffffffffffffffffffffffffffffb2946a
:1096c80081106110611061106110611061106110ea
:1096d80061106110611061106110611061106110fa
:1096e8006110ffffffffffffffffffffffffffff0f
:1096f800ffffffffffffffffffffffffffffffff72
:10970800ffffffffffffffffffffffffffffffff61
:10971800ffffffffffffffffffff284a61106110f7
:1097280061106110611061106110611061106110a9
:109738006110611061106110611061106110611099
:109748006110611061106110611061106110611089
:109758006110611061106110611061106110611079
:109768006110611061106110611061106110611069
:109778006110611061106110611061106110611059
:109788006110611061106110611061106110611049
:109798006110611061106110611061106110611039
:1097a80030847194242961106110e3181084719435
:1097b8007194719471947194719471947194719479
:1097c800719471947194719471947194718c8a529a
:1097d80061106110611061106110611061106110f9
:1097e80061106110611061106110611061106110e9
:1097f80061106110611061106110611061106110d9
:109808006110611071947194719471947194719450
:109818007194719471947194719471947194719418
:109828007194719471940842611061108e737194ef
:109838007194611061106110611061106110611004
:109848006110611061106110611061106110611088
:109858006110611061106110611061106110611078
:109868006110611061106110611061106110611068
:10987800611061106110611061106531ffffffff19
:10988800ffffffffffffffffffffffffffffffffe0
:10989800ffffffffffffffffffffffffffffffffd0
:1098a800ffffffffffffffffffffffffffffffffc0
:1098b800ffffffffffffffffffffffffffffffffb0
:1098c800ffffffffffffffffffffffffdfffaa5aba
:1098d80061106110611061106110611061106110f8
:1098e8006110611061106110611061106110ffff5b
:1098f800ffffffffffffffffffffffffffffffff70
:10990800ffffffffffffffffffff1ce76110611074
:10991800611061106110611061106110bad6ffff0b
:10992800ffffffffffffffffffffffffffffffff3f
:10993800ffffffffffffffff718c611061106110d7
:109948006110611061106110611061106110611087
:1099580061106110611061102842ffffffffffffd7
:10996800ffffffffffffffffffffffffffffffffff
:10997800ffffffffffffffffffffffffffffffffef
:10998800ffffffffffffffffffffffffffffffffdf
:10999800ffffffffffffffffffffffffffffffffcf
:1099a800fffffffffffffffffffff7bd6110611023
:1099b8006110611061106110611061106110611017
:1099c80061106110611061106110ffffffffffff60
:1099d800ffffffffffffffffffffffffffffffff8f
:1099e800ffffffffffffffffffffffffffffffff7f
:1099f800ffffffffffffffffffffffffffffffff6f
:109a0800ffff284a61106110611061106110611038
:109a180061106110611061106110611061106110b6
:109a280061106110611061106110611061106110a6
:109a38006110611061106110611061106110611096
:109a48006110611061106110611061106110611086
:109a58006110611061106110611061106110611076
:109a68006110611061106110611061106110611066
:109a78006110611061106110611061106110611056
:109a8800611061106110611071947194611061101e
:109a980061108e737194719471947194719471942e
:109aa8007194719471947194719471947194719486
:109ab80071947194652961106110611061106110d1
:109ac8006110611061106110611061106110611006
:109ad80061106110611061106110611061106110f6
:109ae8006110611061106110611061108a52718cef
:109af8007194719471947194719471947194719436
:109b08007194719471947194719471947194518c4d
:109b1800611061100321518c7194c3186110611098
:109b280061106110611061106110611061106110a5
:109b38006110611061106110611061106110611095
:109b48006110611061106110611061106110611085
:109b58006110611061106110611061106110611075
:109b68000321fbdefffffffffffffffffffffffffc
:109b7800ffffffffffffffffffffffffffffffffed
:109b8800ffffffffffffffffffffffffffffffffdd
:109b9800ffffffffffffffffffffffffffffffffcd
:109ba800ffffffffffffffffffffffffffffffffbd
:109bb800ffffffffffffdfff611061106110611001
:109bc8006110611061106110611061106110611005
:109bd800611061106110ffffffffffffffffffff34
:109be800ffffffffffffffffffffffffffffffff7d
:109bf800ffff1ce7611061106110611061106110b6
:109c080061106110bad6ffffffffffffffffffffe4
:109c1800ffffffffffffffffffffffffffffffff4c
:109c2800718c611061106110611061106110611018
:109c38006110611061106110611061106110611094
:109c48009ef7ffffffffffffffffffffffffffff85
:109c5800ffffffffffffffffffffffffffffffff0c
:109c6800fffffffffffffffffffffffffffffffffc
:109c7800ffffffffffffffffffffffffffffffffec
:109c8800ffffffffffffffffffffffffffffffffdc
:109c9800ffffffff6110611061106110611061101a
:109ca8006110611061106110611061106110611024
:109cb8006110ffffffffffffffffffffffffffff39
:109cc800ffffffffffffffffffffffffffffffff9c
:109cd800ffffffffffffffffffffffffffffffff8c
:109ce800ffffffffffffffffffff284a6110611022
:109cf80061106110611061106110611061106110d4
:109d080061106110611061106110611061106110c3
:109d180061106110611061106110611061106110b3
:109d280061106110611061106110611061106110a3
:109d38006110611061106110611061106110611093
:109d48006110611061106110611061106110611083
:109d58006110611061106110611061106110611073
:109d6800611061106110611061106110821010841f
:109d78007194442961106110611071947194719407
:109d880071947194719471947194719471947194a3
:109d98007194719471947194cb5a8110611061100f
:109da8006110611061106110611061106110611023
:109db8006110611061106110611061106110611013
:109dc8006110611061106110611061106110611003
:109dd8006110611061106110042171947194719483
:109de8007194719471947194719471947194719443
:109df8007194719471947194eb5a611061106110af
:109e08008e73719486316110611061106110611058
:109e180061106110611061106110611061106110b2
:109e280061106110611061106110611061106110a2
:109e38006110611061106110611061106110611092
:109e4800611061106110cf7bffffffffffffffff75
:109e5800ffffffffffffffffffffffffffffffff0a
:109e6800fffffffffffffffffffffffffffffffffa
:109e7800ffffffffffffffffffffffffffffffffea
:109e8800ffffffffffffffffffffffffffffffffda
:109e9800ffffffffffffffffffffffffffffffffca
:109ea8003ce7611061106110611061106110611070
:109eb8006110611061106110611061106110ffff85
:109ec800ffffffffffffffffffffffffffffffff9a
:109ed800ffffffffffffffffffff1ce7611061109f
:109ee800611061106110611061106110bad6ffff36
:109ef800ffffffffffffffffffffffffffffffff6a
:109f0800ffffffffffffffff718c61106110611001
:109f180061106110611061106110611061106110b1
:109f280061106110e318fbdeffffffffffffffff7b
:109f3800ffffffffffffffffffffffffffffffff29
:109f4800ffffffffffffffffffffffffffffffff19
:109f5800ffffffffffffffffffffffffffffffff09
:109f6800fffffffffffffffffffffffffffffffff9
:109f7800ffffffffffffffffffffffffef83611002
:109f88006110611061106110611061106110611041
:109f980061106110611061106110ffffffffffff8a
:109fa800ffffffffffffffffffffffffffffffffb9
:109fb800ffffffffffffffffffffffffffffffffa9
:109fc800ffffffffffffffffffffffffffffffff99
:109fd800ffff284a61106110611061106110611063
:109fe80061106110611061106110611061106110e1
:109ff80061106110611061106110611061106110d1
:10a0080061106110611061106110611061106110c0
:10a0180061106110611061106110611061106110b0
:10a0280061106110611061106110611061106110a0
:10a038006110611061106110611061106110611090
:10a048006110611061106110611061106110611080
:10a0580061106110494a7194719461106110611026
:10a06800a210719471947194719471947194719413
:10a0780071947194719471947194719471947194b0
:10a088006110611061106110611061106110611040
:10a098006110611061106110611061106110611030
:10a0a8006110611061106110611061106110611020
:10a0b8006110611061106110611061106110611010
:10a0c8006110cf7b719471947194719471947194af
:10a0d8007194719471947194719471947194719450
:10a0e800719461106110611004217194cf7b61102b
:10a0f80061106110611061106110611061106110d0
:10a1080061106110611061106110611061106110bf
:10a1180061106110611061106110611061106110af
:10a128006110611061106110611061106110dfff32
:10a13800ffffffffffffffffffffffffffffffff27
:10a14800ffffffffffffffffffffffffffffffff17
:10a15800ffffffffffffffffffffffffffffffff07
:10a16800fffffffffffffffffffffffffffffffff7
:10a17800ffffffffffffffffffffffffffffffffe7
:10a18800ffffffffffffffffffff8210611061105d
:10a19800611061106110611061106110611061102f
:10a1a800611061106110ffffffffffffffffffff5e
:10a1b800ffffffffffffffffffffffffffffffffa7
:10a1c800ffff1ce7611061106110611061106110e0
:10a1d80061106110bad6ffffffffffffffffffff0f
:10a1e800ffffffffffffffffffffffffffffffff77
:10a1f800718c611061106110611061106110611043
:10a2080061106110611061106110611075b5ffff78
:10a21800ffffffffffffffffffffffffffffffff46
:10a22800ffffffffffffffffffffffffffffffff36
:10a23800ffffffffffffffffffffffffffffffff26
:10a24800ffffffffffffffffffffffffffffffff16
:10a25800ffffffffffffffffffffffffffffffff06
:10a26800ffffffffffff61106110611061106110b7
:10a27800611061106110611061106110611061104e
:10a288006110ffffffffffffffffffffffffffff63
:10a29800ffffffffffffffffffffffffffffffffc6
:10a2a800ffffffffffffffffffffffffffffffffb6
:10a2b800ffffffffffffffffffff284a611061104c
:10a2c80061106110611061106110611061106110fe
:10a2d80061106110611061106110611061106110ee
:10a2e80061106110611061106110611061106110de
:10a2f80061106110611061106110611061106110ce
:10a3080061106110611061106110611061106110bd
:10a3180061106110611061106110611061106110ad
:10a32800611061106110611061106110611061109d
:10a3380061106110611061106110eb627194719489
:10a34800e741611061104529718c71947194719481
:10a3580071947194719471947194719471947194cd
:10a36800719471947194694a61106110611061105f
:10a37800611061106110611061106110611061104d
:10a38800611061106110611061106110611061103d
:10a39800611061106110611061106110611061102d
:10a3a8006110611061106110611061101084719466
:10a3b800719471947194719471947194719471946d
:10a3c80071947194719471947194eb5a6110611045
:10a3d800611071947194a21861106110611061107c
:10a3e80061106110611061106110611061106110dd
:10a3f80061106110611061106110611061106110cd
:10a4080061106110611061106110611061106110bc
:10a41800611061106110ffffffffffffffffffffeb
:10a42800ffffffffffffffffffffffffffffffff34
:10a43800ffffffffffffffffffffffffffffffff24
:10a44800ffffffffffffffffffffffffffffffff14
:10a45800ffffffffffffffffffffffffffffffff04
:10a46800fffffffffffffffffffffffffffffffff4
:10a47800ffffffff61106110611061106110611032
:10a488006110611061106110611061106110ffffaf
:10a49800ffffffffffffffffffffffffffffffffc4
:10a4a800ffffffffffffffffffff1ce761106110c9
:10a4b800611061106110611061106110bad6ffff60
:10a4c800ffffffffffffffffffffffffffffffff94
:10a4d800ffffffffffffffff718c6110611061102c
:10a4e80061106110611061106110611061106110dc
:10a4f8006110bef7ffffffffffffffffffffffff3a
:10a50800ffffffffffffffffffffffffffffffff53
:10a51800ffffffffffffffffffffffffffffffff43
:10a52800ffffffffffffffffffffffffffffffff33
:10a53800ffffffffffffffffffffffffffffffff23
:10a54800ffffffffffffffffffffffffffffb6b5a6
:10a55800611061106110611061106110611061106b
:10a5680061106110611061106110ffffffffffffb4
:10a57800ffffffffffffffffffffffffffffffffe3
:10a58800ffffffffffffffffffffffffffffffffd3
:10a59800ffffffffffffffffffffffffffffffffc3
:10a5a800ffff284a6110611061106110611061108d
:10a5b800611061106110611061106110611061100b
:10a5c80061106110611061106110611061106110fb
:10a5d80061106110611061106110611061106110eb
:10a5e80061106110611061106110611061106110db
:10a5f80061106110611061106110611061106110cb
:10a6080061106110611061106110611061106110ba
:10a6180061106110611061106110611061106110aa
:10a628006110718c71947194611061108110cf7bed
:10a6380071947194719471947194719471947194ea
:10a64800719471947194719471947194cb5a61104e
:10a65800611061106110611061106110611061106a
:10a66800611061106110611061106110611061105a
:10a67800611061106110611061106110611061104a
:10a68800611061106110611061106110611061103a
:10a698006110611024217194719471947194719472
:10a6a800719471947194719471947194719471947a
:10a6b8007194718c611061106110719471948a5257
:10a6c80061106110611061106110611061106110fa
:10a6d80061106110611061106110611061106110ea
:10a6e80061106110611061106110611061106110da
:10a6f800611061106110611061106110e320ffffab
:10a70800ffffffffffffffffffffffffffffffff51
:10a71800ffffffffffffffffffffffffffffffff41
:10a72800ffffffffffffffffffffffffffffffff31
:10a73800ffffffffffffffffffffffffffffffff21
:10a74800ffffffffffffffffffffffffffffffff11
:10a75800ffffffffffffffffffffffff82106110fa
:10a768006110611061106110611061106110611059
:10a77800611061106110ffffffffffffffffffff88
:10a78800ffffffffffffffffffffffffffffffffd1
:10a79800ffff1ce76110611061106110611061100a
:10a7a80061106110bad6ffffffffffffffffffff39
:10a7b800ffffffffffffffffffffffffffffffffa1
:10a7c800718c61106110611061106110611061106d
:10a7d80061106110611061106110ffffffffffff42
:10a7e800ffffffffffffffffffffffffffffffff71
:10a7f800ffffffffffffffffffffffffffffffff61
:10a80800ffffffffffffffffffffffffffffffff50
:10a81800ffffffffffffffffffffffffffffffff40
:10a82800ffffffffffffffffffffffffffffffff30
:10a83800ffffffffffffffff2c6361106110611036
:10a848006110611061106110611061106110611078
:10a858006110ffffffffffffffffffffffffffff8d
:10a86800fffffffffffffffffffffffffffffffff0
:10a87800ffffffffffffffffffffffffffffffffe0
:10a88800ffffffffffffffffffff284a6110611076
:10a898006110611061106110611061106110611028
:10a8a8006110611061106110611061106110611018
:10a8b8006110611061106110611061106110611008
:10a8c80061106110611061106110611061106110f8
:10a8d80061106110611061106110611061106110e8
:10a8e80061106110611061106110611061106110d8
:10a8f80061106110611061106110611061106110c8
:10a9080061106110611061106110719471946d7320
:10a9180061106110108471947194719471947194a0
:10a9280071947194719471947194719471947194f7
:10a938007194c31861106110611061106110611089
:10a948006110611061106110611061106110611077
:10a958006110611061106110611061106110611067
:10a968006110611061106110611061106110611057
:10a9780061106110611061106110611061108a52dc
:10a988007194719471947194719471947194719497
:10a99800719471947194719471947194e7416110f8
:10a9a8006110e739719471946952611061106110f6
:10a9b8006110611061106110611061106110611007
:10a9c80061106110611061106110611061106110f7
:10a9d80061106110611061106110611061106110e7
:10a9e80061100421bef7ffffffffffffffffffff1e
:10a9f800ffffffffffffffffffffffffffffffff5f
:10aa0800ffffffffffffffffffffffffffffffff4e
:10aa1800ffffffffffffffffffffffffffffffff3e
:10aa2800ffffffffffffffffffffffffffffffff2e
:10aa3800ffffffffffffffffffffffffffffffff1e
:10aa4800ffffffff9ef7452961106110611061103b
:10aa58006110611061106110611061106110ffffd9
:10aa6800ffffffffffffffffffffffffffffffffee
:10aa7800ffffffffffffffffffff1ce761106110f3
:10aa8800611061106110611061106110bad6ffff8a
:10aa9800ffffffffffffffffffffffffffffffffbe
:10aaa800ffffffffffffffff718c61106110611056
:10aab8006110611061106110611061106110611006
:10aac800e318ffffffffffffffffffffffffffff91
:10aad800ffffffffffffffffffffffffffffffff7e
:10aae800ffffffffffffffffffffffffffffffff6e
:10aaf800ffffffffffffffffffffffffffffffff5e
:10ab0800ffffffffffffffffffffffffffffffff4d
:10ab1800ffffffffffffffffffffffffffffffff3d
:10ab2800ffff718c6110611061106110611061107c
:10ab380061106110611061106110ffffffffffffde
:10ab4800ffffffffffffffffffffffffffffffff0d
:10ab5800fffffffffffffffffffffffffffffffffd
:10ab6800ffffffffffffffffffffffffffffffffed
:10ab7800ffff284a611061106110611061106110b7
:10ab88006110611061106110611061106110611035
:10ab98006110611061106110611061106110611025
:10aba8006110611061106110611061106110611015
:10abb8006110611061106110611061106110611005
:10abc80061106110611061106110611061106110f5
:10abd80061106110611061106110611061106110e5
:10abe80061106110611061106110611061106110d5
:10abf800c31871948e7361106110c31871947194a5
:10ac08007194719471947194719471947194719414
:10ac18007194719471947194cb5a611061106110a0
:10ac28006110611061106110611061106110611094
:10ac38006110611061106110611061106110611084
:10ac48006110611061106110611061106110611074
:10ac58006110611061106110611061106110611064
:10ac680061106110611061100421719471947194e4
:10ac780071947194719471947194719471947194a4
:10ac8800719471947194494a6110611008427194e9
:10ac98007194611061106110611061106110611090
:10aca8006110611061106110611061106110611014
:10acb8006110611061106110611061106110611004
:10acc800611061106110611061109ef7ffffffffb6
:10acd800ffffffffffffffffffffffffffffffff7c
:10ace800ffffffffffffffffffffffffffffffff6c
:10acf800ffffffffd7bd6d6b6952e739e3184429a1
:10ad0800494a2c6b7defffffffffffffffffffffaf
:10ad1800ffffffffffffffffffffffffffffffff3b
:10ad2800ffffffffffffffffffffffffffffdfff4b
:10ad38006110611061106110611061106110611083
:10ad4800611061106110ffffffffffffffffffffb2
:10ad5800fffffffffffffffffffffffffffffffffb
:10ad6800ffff1ce761106110611061106110611034
:10ad780061106110bad6ffffffffffffffffffff63
:10ad8800ffffffffffffffffffffffffffffffffcb
:10ad9800718c611061106110611061106110611097
:10ada800611061106110e3189ef7ffffffffffffbe
:10adb800ffffffffffffffffffffffffffffffff9b
:10adc800ffffffffffffffffffffffffffffffff8b
:10add800dfffd29c8e738a52e31803210842aa52dd
:10ade8009ad6fffffffffffffffffffffffffffff9
:10adf800ffffffffffffffffffffffffffffffff5b
:10ae0800ffffffffffffffffffffffff6110611064
:10ae180061106110611061106110611061106110a2
:10ae28006110ffffffffffffffffffffffffffffb7
:10ae3800ffffffffffffffffffffffffffffffff1a
:10ae4800ffffffffffffffffffffffffffffffff0a
:10ae5800ffffffffffffffffffff284a61106110a0
:10ae68006110611061106110611061106110611052
:10ae78006110611061106110611061106110611042
:10ae88006110611061106110611061106110611032
:10ae98006110611061106110611061106110611022
:10aea8006110611061106110611061106110611012
:10aeb8006110611061106110611061106110611002
:10aec80061106110611061106110611061106110f2
:10aed8006110611061106110494a719486316110e6
:10aee8006110aa52719471947194719471947194cf
:10aef8007194719471947194719471947194719422
:10af0800a210611061106110611061106110611070
:10af180061106110611061106110611061106110a1
:10af28006110611061106110611061106110611091
:10af38006110611061106110611061106110611081
:10af48006110611061106110611061106110611071
:10af58006110719471947194719471947194719455
:10af68007194719471947194719471947194108422
:10af780082106110821071947194611061106110d7
:10af88006110611061106110611061106110611031
:10af98006110611061106110611061106110611021
:10afa8006110611061106110611061106110611011
:10afb8006110ffffffffffffffffffffffffffff26
:10afc800ffffffffffffffffffffffffffffffff89
:10afd800fffffffffffffffffbdee7396110611096
:10afe8006110611061106110611061106110e7411a
:10aff8005defffffffffffffffffffffffffffff0b
:10b00800ffffffffffffffffffffffffffffffff48
:10b01800ffffffffffffffff61106110611061106c
:10b028006110611061106110611061106110ffff03
:10b03800ffffffffffffffffffffffffffffffff18
:10b04800ffffffffffffffffffff1ce7611061101d
:10b05800611061106110611061106110bad6ffffb4
:10b06800ffffffffffffffffffffffffffffffffe8
:10b07800ffffffffffffffff718c61106110611080
:10b088006110611061106110611061106110518cc4
:10b09800ffffffffffffffffffffffffffffffffb8
:10b0a800ffffffffffffffffffffffffffffffffa8
:10b0b800ffffffffffff75adc2186110611061103f
:10b0c80061106110611061106110042138c6ffff22
:10b0d800ffffffffffffffffffffffffffffffff78
:10b0e800ffffffffffffffffffffffffffffffff68
:10b0f800ffffffff611061106110611061106110a6
:10b1080061106110611061106110ffffffffffff08
:10b11800ffffffffffffffffffffffffffffffff37
:10b12800ffffffffffffffffffffffffffffffff27
:10b13800ffffffffffffffffffffffffffffffff17
:10b14800ffff284a611061106110611061106110e1
:10b15800611061106110611061106110611061105f
:10b16800611061106110611061106110611061104f
:10b17800611061106110611061106110611061103f
:10b18800611061106110611061106110611061102f
:10b19800611061106110611061106110611061101f
:10b1a800611061106110611061106110611061100f
:10b1b80061106110611061106110611061106110ff
:10b1c8007194484a6110611061107194719471947e
:10b1d800719471947194719471947194719471943f
:10b1e800719471947194719461106110611061107f
:10b1f80061106110611061106110611061106110bf
:10b208006110611061106110611061106110c7391f
:10b2180008428631242161106110611061106110ab
:10b22800611061106110611061106110611061108e
:10b23800611061106110611061100842719471947d
:10b2480071947194719471947194719471947194ce
:10b258007194719471947194ef8361106110518ca1
:10b2680071946110611061106110611061106110ba
:10b27800611061106110611061106110611061103e
:10b28800611061106110611061106110611061102e
:10b2980061106110611061106529ffffffffffff5a
:10b2a800ffffffffffffffffffffffffffffffffa6
:10b2b800ffffffffffffffffffffffffae73611000
:10b2c80061106110611061106110611061106110ee
:10b2d800611061106110611061106110ffffffffc4
:10b2e800ffffffffffffffffffffffffffffffff66
:10b2f800ffffffffffffffffffffffffffffffff56
:10b3080061106110611061106110611061106110ad
:10b31800611061106110ffffffffffffffffffffdc
:10b32800ffffffffffffffffffffffffffffffff25
:10b33800ffff1ce76110611061106110611061105e
:10b3480061106110bad6ffffffffffffffffffff8d
:10b35800fffffffffffffffffffffffffffffffff5
:10b36800718c6110611061106110611061106110c1
:10b37800611061106110ffffffffffffffffffff7c
:10b38800ffffffffffffffffffffffffffffffffc5
:10b39800ffffffffffffffff1ce76952611061100d
:10b3a800611061106110611061106110611061100d
:10b3b8006110611061106110bef7ffffffffffff12
:10b3c800ffffffffffffffffffffffffffffffff85
:10b3d800ffffffffffffffffffffffffa218611046
:10b3e80061106110611061106110611061106110cd
:10b3f8006110ffffffffffffffffffffffffffffe2
:10b40800ffffffffffffffffffffffffffffffff44
:10b41800611061106110611061106110611061109c
:10b42800611061106110611061106110611061108c
:10b43800611061106110611061106110611061107c
:10b44800611061106110611061106110611061106c
:10b45800611061106110611061106110611061105c
:10b46800611061106110611061106110611061104c
:10b47800611061106110611061106110611061103c
:10b48800611061106110611061106110611061102c
:10b49800611061106110611061106110611061101c
:10b4a80061106110611061107194c218611061100f
:10b4b80082107194719471947194719471947194cf
:10b4c800719471947194719471947194719471944c
:10b4d80061106110611061106110611061106110dc
:10b4e80061106110611061106110611061106110cc
:10b4f800a2182c6b308c7194719471947194284ab1
:10b50800c318611061106110611061106110611041
:10b51800611061106110611061106110611061109b
:10b5280061108210719471947194719471947194f2
:10b5380071947194719471947194719471947194db
:10b548007194611061100c637194c31861106110db
:10b55800611061106110611061106110611061105b
:10b56800611061106110611061106110611061104b
:10b57800611061106110611061106110611061103b
:10b588001084ffffffffffffffffffffffffffff2d
:10b59800ffffffffffffffffffffffffffffffffb3
:10b5a800fffffbde61106110611061106110611016
:10b5b80061106110611061106110611061106110fb
:10b5c80061106110508cffffffffffffffffffffbf
:10b5d800ffffffffffffffffffffffffffffffff73
:10b5e800ffffffffffffffff821061106110611076
:10b5f8006110611061106110611061106110ffff2e
:10b60800ffffffffffffffffffffffffffffffff42
:10b61800ffffffffffffffffffff1ce76110611047
:10b62800611061106110611061106110bad6ffffde
:10b63800ffffffffffffffffffffffffffffffff12
:10b64800ffffffffffffffff718c611061106110aa
:10b658006110611061106110611061106110ffffcd
:10b66800ffffffffffffffffffffffffffffffffe2
:10b67800ffffffffffffffffffffffffffffffffd2
:10b68800e3186110611061106110611061106110a0
:10b69800611061106110611061106110611061101a
:10b6a800a639fbdeffffffffffffffffffffffffe6
:10b6b800ffffffffffffffffffffffffffffffff92
:10b6c800ffffffff4d6b6110611061106110611089
:10b6d80061106110611061106110ffffffffffff33
:10b6e800ffffffffffffffffffffffffffffffff62
:10b6f800ffffffffffffffff611061106110611086
:10b7080061106110611061106110611061106110a9
:10b718006110611061106110611061106110611099
:10b728006110611061106110611061106110611089
:10b738006110611061106110611061106110611079
:10b748006110611061106110611061106110611069
:10b758006110611061106110611061106110611059
:10b768006110611061106110611061106110611049
:10b778006110611061106110611061106110611039
:10b788006110611061106110611061106110284230
:10b7980071946110611061108e7371947194719439
:10b7a8007194719471947194719471947194719469
:10b7b800719471947194284a61106110611061103c
:10b7c80061106110611061106110611061106110e9
:10b7d80061106110c218718c719471947194719494
:10b7e8007194719471947194719471946952611007
:10b7f80061106110611061106110611061106110b9
:10b80800611061106110611061106110518c7194a8
:10b8180071947194719471947194719471947194f8
:10b8280071947194719471947194611061106110a4
:10b838001084ae73611061106110611061106110a5
:10b848006110611061106110611061106110611068
:10b858006110611061106110611061106110611058
:10b868006110611061104529ffffffffffffffff17
:10b87800ffffffffffffffffffffffffffffffffd0
:10b88800ffffffffffffffff79ce6110611061101e
:10b898006110611061106110611061106110611018
:10b8a8006110611061106110611061106110611008
:10b8b8000c63ffffffffffffffffffffffffffff1f
:10b8c800ffffffffffffffffffffffffffffffff80
:10b8d800d7bd6110611061106110611061106110b5
:10b8e800611061106110ffffffffffffffffffff07
:10b8f800ffffffffffffffffffffffffffffffff50
:10b90800ffff1ce761106110611061106110611088
:10b9180061106110bad6ffffffffffffffffffffb7
:10b92800ffffffffffffffffffffffffffffffff1f
:10b93800718c6110611061106110611061106110eb
:10b94800611061109294fffffffffffffffffffff1
:10b95800ffffffffffffffffffffffffffffffffef
:10b96800fffffffffffff39c611061106110611082
:10b978006110611061106110611061106110611037
:10b98800611061106110611061106110e318ffff10
:10b99800ffffffffffffffffffffffffffffffffaf
:10b9a800ffffffffffffffffffffffffffffc7399d
:10b9b80061106110611061106110611061106110f7
:10b9c8006110ffffffffffffffffffffffffffff0c
:10b9d800ffffffffffffffffffffffffffffffff6f
:10b9e80061106110611061106110611061106110c7
:10b9f80061106110611061106110611061106110b7
:10ba080061106110611061106110611061106110a6
:10ba18006110611061106110611061106110611096
:10ba28006110611061106110611061106110611086
:10ba38006110611061106110611061106110611076
:10ba48006110611061106110611061106110611066
:10ba58006110611061106110611061106110611056
:10ba68006110611061106110611061106110611046
:10ba78006110611061106d6b71946110611061103b
:10ba88007194719471947194719471947194719486
:10ba9800719471947194719471947194518ca218e9
:10baa8006110611061106110611061106110611006
:10bab80061106110611061106110863110847194f9
:10bac8007194719471947194719471947194719446
:10bad800719471947194a2186110611061106110d1
:10bae80061106110611061106110611061106110c6
:10baf800611061100c6371947194719471947194d4
:10bb08007194719471947194719471947194719405
:10bb18007194611061106110aa527194e320611050
:10bb28006110611061106110611061106110611085
:10bb38006110611061106110611061106110611075
:10bb480061106110611061106110611061106d6bfe
:10bb5800ffffffffffffffffffffffffffffffffed
:10bb6800ffffffffffffffffffffffffffff3ce7b8
:10bb78000421611061106110611061106110611081
:10bb88006110611061106110611061106110611025
:10bb980061106110611061106110ffffffffffff6e
:10bba800ffffffffffffffffffffffffffffffff9d
:10bbb800ffffffffffffffffdfffe32061106110c2
:10bbc8006110611061106110611061106110ffff58
:10bbd800ffffffffffffffffffffffffffffffff6d
:10bbe800ffffffffffffffffffff1ce76110611072
:10bbf800611061106110611061106110bad6ffff09
:10bc0800ffffffffffffffffffffffffffffffff3c
:10bc1800ffffffffffffffff718c611061106110d4
:10bc28006110611061106110611061103ce7ffff45
:10bc3800ffffffffffffffffffffffffffffffff0c
:10bc4800ffffffffffffffffffffffffffff811069
:10bc58006110611061106110611061106110611054
:10bc68006110611061106110611061106110611044
:10bc7800611061106110ffffffffffffffffffff73
:10bc8800ffffffffffffffffffffffffffffffffbc
:10bc9800ffffffffffff92946110611061106110b8
:10bca80061106110611061106110ffffffffffff5d
:10bcb800ffffffffffffffffffffffffffffffff8c
:10bcc800ffffffffffffffff6110611061106110b0
:10bcd80061106110611061106110611061106110d4
:10bce80061106110611061106110611061106110c4
:10bcf80061106110611061106110611061106110b4
:10bd080061106110611061106110611061106110a3
:10bd18006110611061106110611061106110611093
:10bd28006110611061106110611061106110611083
:10bd38006110611061106110611061106110611073
:10bd48006110611061106110611061106110611063
:10bd5800611061106110611061106110e741719408
:10bd6800719461106110611071947194719471945f
:10bd78007194719471947194719471947194719493
:10bd880071947194e7416110611061106110611044
:10bd98006110611061106110611061106110611013
:10bda8007194719471947194719471947194719463
:10bdb8007194719471947194719471947194719453
:10bdc800a2106110611061106110611061106110a2
:10bdd800611061106110611061106110821071941e
:10bde8007194719471947194719471947194719423
:10bdf8007194719471947194719486316110611089
:10be0800611071948e73611061106110611061107e
:10be18006110611061106110611061106110611092
:10be28006110611061106110611061106110611082
:10be38006110611061101ce7ffffffffffffffffac
:10be4800fffffffffffffffffffffffffffffffffa
:10be5800ffffffffffff61106110611061106110ab
:10be68006110611061106110611061106110611042
:10be78006110611061106110611061106110611032
:10be880061101ce7ffffffffffffffffffffffff42
:10be9800ffffffffffffffffffffffffffffffffaa
:10bea800ffffd7bd61106110611061106110611052
:10beb800611061106110ffffffffffffffffffff31
:10bec800ffffffffffffffffffffffffffffffff7a
:10bed800ffff1ce7611061106110611061106110b3
:10bee80061106110bad6ffffffffffffffffffffe2
:10bef800ffffffffffffffffffffffffffffffff4a
:10bf0800718c611061106110611061106110611015
:10bf18006110518cffffffffffffffffffffffffd7
:10bf2800ffffffffffffffffffffffffffffffff19
:10bf3800ffffffff694a6110611061106110611015
:10bf48006110611061106110611061106110611061
:10bf58006110611061106110611061106110cf7b78
:10bf6800ffffffffffffffffffffffffffffffffd9
:10bf7800ffffffffffffffffffffffffffffffffc9
:10bf88006110611061106110611061106110611021
:10bf98006110ffffffffffffffffffffffffffff36
:10bfa800ffffffffffffffffffffffffffffffff99
:10bfb80061106110611061106110611061106110f1
:10bfc80061106110611061106110611061106110e1
:10bfd80061106110611061106110611061106110d1
:10bfe80061106110611061106110611061106110c1
:10bff80061106110611061106110611061106110b1
:10c0080061106110611061106110611061106110a0
:10c018006110611061106110611061106110611090
:10c028006110611061106110611061106110611080
:10c038006110611061106110611061106110611070
:10c04800611061100c637194318c611061102421ae
:10c0580071947194719471947194719471947194b0
:10c06800719471947194719471947194e31861103e
:10c078006110611061106110611061106110611030
:10c0880061106110611061107194719471947194d0
:10c098007194719471947194719471947194719470
:10c0a80071947194719471944d6b61106110611069
:10c0b80061106110611061106110611061106110f0
:10c0c80061106110611071947194719471947194fc
:10c0d8007194719471947194719471947194719430
:10c0e8007194aa5a6110611061107194718c611079
:10c0f80061106110611061106110611061106110b0
:10c10800611061106110611061106110611061109f
:10c118006110611061106110611061106110ffff02
:10c12800ffffffffffffffffffffffffffffffff17
:10c13800ffffffffffffffffffffffffffff611094
:10c14800611061106110611061106110611061105f
:10c15800611061106110611061106110611061104f
:10c16800611061106110611061100c63ffffffff27
:10c17800ffffffffffffffffffffffffffffffffc7
:10c18800ffffffffffffffffffffbef7611061101a
:10c198006110611061106110611061106110ffff82
:10c1a800ffffffffffffffffffffffffffffffff97
:10c1b800ffffffffffffffffffff1ce7611061109c
:10c1c800611061106110611061106110bad6ffff33
:10c1d800ffffffffffffffffffffffffffffffff67
:10c1e800ffffffffffffffff718c611061106110ff
:10c1f80061106110611061106110bad6ffffffff76
:10c20800ffffffffffffffffffffffffffffffff36
:10c21800ffffffffffffffffffff75ad611061101c
:10c22800611061106110611061106110611061107e
:10c23800611061106110611061106110611061106e
:10c248006110611061108210ffffffffffffffff09
:10c25800ffffffffffffffffffffffffffffffffe6
:10c26800ffffffffffffffff61106110611061100a
:10c2780061106110611061106110ffffffffffff87
:10c28800ffffffffffffffffffffffffffffffffb6
:10c29800ffffffffffffffff6110611061106110da
:10c2a80061106110611061106110611061106110fe
:10c2b80061106110611061106110611061106110ee
:10c2c80061106110611061106110611061106110de
:10c2d80061106110611061106110611061106110ce
:10c2e80061106110611061106110611061106110be
:10c2f80061106110611061106110611061106110ae
:10c30800611061106110611061106110611061109d
:10c31800611061106110611061106110611061108d
:10c328006110611061106110611061107194719455
:10c33800084261106110ae7b71947194719471948c
:10c3480071947194719471947194719471947194bd
:10c358007194eb62611061106110611061106110dd
:10c368006110611061106110611061106110ef7b44
:10c37800719471947194719471947194719471948d
:10c38800719471947194719471947194719471947d
:10c3980071943084a21861106110611061106110ed
:10c3a8006110611061106110611061106110719469
:10c3b800719471947194719471947194719471944d
:10c3c80071947194719471947194719404216110b1
:10c3d80061107194719461106110611061106110a5
:10c3e80061106110611061106110611061106110bd
:10c3f80061106110611061106110611061106110ad
:10c40800611061106110ffffffffffffffffffffdb
:10c41800ffffffffffffffffffffffffffffffff24
:10c42800ffffffffffff61106110611061106110d5
:10c43800611061106110611061106110611061106c
:10c44800611061106110611061106110611061105c
:10c45800611061108a52ffffffffffffffffffff20
:10c46800ffffffffffffffffffffffffffffffffd4
:10c47800ffffffff61106110611061106110611012
:10c48800611061106110ffffffffffffffffffff5b
:10c49800ffffffffffffffffffffffffffffffffa4
:10c4a800ffff1ce7611061106110611061106110dd
:10c4b80061106110bad6ffffffffffffffffffff0c
:10c4c800ffffffffffffffffffffffffffffffff74
:10c4d800718c611061106110611061106110611040
:10c4e8006110ffffffffffffffffffffffffffffe1
:10c4f800ffffffffffffffffffffffffffffffff44
:10c5080034a5611061106110611061106110611033
:10c51800611061106110611061106110611061108b
:10c52800611061106110611061106110611061107b
:10c538009ad6ffffffffffffffffffffffffffff91
:10c54800fffffffffffffffffffffffffffffffff3
:10c55800c3186110611061106110611061106110e1
:10c568006110ffffffffffffffffffffffffffff60
:10c57800ffffffffffffffffffffffffffffffffc3
:10c58800611061106110611061106110611061101b
:10c59800611061106110611061106110611061100b
:10c5a80061106110611061106110611061106110fb
:10c5b80061106110611061106110611061106110eb
:10c5c80061106110611061106110611061106110db
:10c5d80061106110611061106110611061106110cb
:10c5e80061106110611061106110611061106110bb
:10c5f80061106110611061106110611061106110ab
:10c60800611061106110611061106110611061109a
:10c618006110611071947194e3206110a218718cfb
:10c6280071947194719471947194719471947194da
:10c6380071947194719471947194284a6110611085
:10c64800611061106110611061106110611061105a
:10c658006110611061107194719471947194719466
:10c66800719471947194719471947194719471949a
:10c67800719471947194719471947194494a611090
:10c68800611061106110611061106110611061101a
:10c69800611061106110718c71947194719471942e
:10c6a800719471947194719471947194719471945a
:10c6b80071947194284a6110611071947194611099
:10c6c80061106110611061106110611061106110da
:10c6d80061106110611061106110611061106110ca
:10c6e8006110611061106110611061106110ffff2d
:10c6f800ffffffffffffffffffffffffffffffff42
:10c70800ffffffffffffffffffffffff79ce611075
:10c718006110611061106110611061106110611089
:10c728006110611061106110611061106110611079
:10c738006110611061106110611061106110ffffdc
:10c74800fffffffffffffffffffffffffffffffff1
:10c75800ffffffffffffffffffffffff61106110fb
:10c768006110611061106110611061106110ffffac
:10c77800ffffffffffffffffffffffffffffffffc1
:10c78800ffffffffffffffffffff1ce761106110c6
:10c79800611061106110611061106110bad6ffff5d
:10c7a800ffffffffffffffffffffffffffffffff91
:10c7b800ffffffffffffffff718c61106110611029
:10c7c80061106110611061106110ffffffffffff32
:10c7d800ffffffffffffffffffffffffffffffff61
:10c7e800ffffffffffffffffc639611061106110f7
:10c7f80061106110611061106110611061106110a9
:10c808006110611061106110611061106110611098
:10c8180061106110611061106d6bffffffffffff7a
:10c82800ffffffffffffffffffffffffffffffff10
:10c83800ffffffffffffffff8a52611061106110c9
:10c8480061106110611061106110ffffffffffffb1
:10c85800ffffffffffffffffffffffffffffffffe0
:10c86800ffffffffffffffff611061106110611004
:10c878006110611061106110611061106110611028
:10c888006110611061106110611061106110611018
:10c898006110611061106110611061106110611008
:10c8a80061106110611061106110611061106110f8
:10c8b80061106110611061106110611061106110e8
:10c8c80061106110611061106110611061106110d8
:10c8d80061106110611061106110611061106110c8
:10c8e80061106110611061106110611061106110b8
:10c8f8006110611061106110611061107194719480
:10c9080061106110cb5a71947194719471947194ff
:10c9180071947194719471947194719471947194e7
:10c92800719404216110611061106110611061102f
:10c9380061106110611061106110611065317194ae
:10c9480071947194719471947194719471947194b7
:10c9580071947194719471947194719471947194a7
:10c96800719471947194611061106110611061107b
:10c9780061106110611061106110611061108e7397
:10c988007194719471947194719471947194719477
:10c99800719471947194719471947194308c611044
:10c9a8006110719471948631611061106110611089
:10c9b80061106110611061106110611061106110e7
:10c9c80061106110611061106110611061106110d7
:10c9d800611061106110ffffffffffffffffffff06
:10c9e800ffffffffffffffffffffffffffffffff4f
:10c9f800ffffffff86316110611061106110611047
:10ca08006110611061106110611061106110611096
:10ca18006110611061106110611061106110611086
:10ca2800611061106110ffffffffffffffffffffb5
:10ca3800fffffffffffffffffffffffffffffffffe
:10ca4800ffffffff484a611061106110611061101b
:10ca5800611061106110ffffffffffffffffffff85
:10ca6800ffffffffffffffffffffffffffffffffce
:10ca7800ffff1ce761106110611061106110611007
:10ca880061106110bad6ffffffffffffffffffff36
:10ca9800ffffffffffffffffffffffffffffffff9e
:10caa800718c61106110611061106110611061106a
:10cab8006110ffffffffffffffffffffffffffff0b
:10cac800ffffffffffffffffffffffffffffffff6e
:10cad80061106110611061106110611061106110c6
:10cae80061106110611061106110611061106110b6
:10caf80061106110611061106110611061106110a6
:10cb0800611014a5ffffffffffffffffffffffffff
:10cb1800ffffffffffffffffffffffffffffffff1d
:10cb2800d7bd611061106110611061106110611052
:10cb38006110ffffffffffffffffffffffffffff8a
:10cb4800ffffffffffffffffffffffffffffffffed
:10cb58006110611061106110611061106110611045
:10cb68006110611061106110611061106110611035
:10cb78006110611061106110611061106110611025
:10cb88006110611061106110611061106110611015
:10cb98006110611061106110611061106110611005
:10cba80061106110611061106110611061106110f5
:10cbb80061106110611061106110611061106110e5
:10cbc80061106110611061106110611061106110d5
:10cbd80061106110611061106110611061106110c5
:10cbe800611061107194719461106110cf7b719420
:10cbf8007194719471947194719471947194719405
:10cc0800719471947194719471948210611061108f
:10cc18006110611061106110611061106110611084
:10cc2800611061108a527194719471947194719425
:10cc380071947194719471947194719471947194c4
:10cc48007194719471947194719471947194611048
:10cc58006110611061106110611061106110611044
:10cc68006110611061100c637194719471947194e6
:10cc78007194719471947194719471947194719484
:10cc88007194719471946110611071947194694aee
:10cc98006110611061106110611061106110611004
:10cca80061106110611061106110611061106110f4
:10ccb8006110611061106110611061106110ffff57
:10ccc800ffffffffffffffffffffffffffffffff6c
:10ccd800ffffffffffffffffffff3ce76110611051
:10cce80061106110611061106110611061106110b4
:10ccf80061106110611061106110611061106110a4
:10cd0800611061106110611061106110611079cebd
:10cd1800ffffffffffffffffffffffffffffffff1b
:10cd2800ffffffffffffffffffffffffef7b61102c
:10cd38006110611061106110611061106110ffffd6
:10cd4800ffffffffffffffffffffffffffffffffeb
:10cd5800ffffffffffffffffffff1ce761106110f0
:10cd6800611061106110611061106110bad6ffff87
:10cd7800ffffffffffffffffffffffffffffffffbb
:10cd8800ffffffffffffffff718c61106110611053
:10cd980061106110611061106110ffffffffffff5c
:10cda800ffffffffffffffffffffffffffffffff8b
:10cdb800ffffffffffffffff6110611061106110af
:10cdc80061106110611061106110611061106110d3
:10cdd80061106110611061106110611061106110c3
:10cde800611061106110611061108a52ffffffff2e
:10cdf800ffffffffffffffffffffffffffffffff3b
:10ce0800ffffffffffffffff7def61106110611063
:10ce180061106110611061106110ffffffffffffdb
:10ce2800ffffffffffffffffffffffffffffffff0a
:10ce3800ffffffffffffffff61106110611061102e
:10ce48006110611061106110611061106110611052
:10ce58006110611061106110611061106110611042
:10ce68006110611061106110611061106110611032
:10ce78006110611061106110611061106110611022
:10ce88006110611061106110611061106110611012
:10ce98006110611061106110611061106110611002
:10cea80061106110611061106110611061106110f2
:10ceb80061106110611061106110611061106110e2
:10cec80061106110611061106110611071946e73ce
:10ced8006110aa5a719471947194719471947194b7
:10cee8007194719471947194719471947194719412
:10cef800719461106110611061106110611061100e
:10cf0800611061106110611061106110ef837194fc
:10cf180071947194719471947194719471947194e1
:10cf280071947194719471947194719471947194d1
:10cf380071947194719461106110611061106110a5
:10cf48006110611061106110611061106110aa5abe
:10cf580071947194719471947194719471947194a1
:10cf68007194719471947194719471947194611025
:10cf78006110e7417194719404216110611061108e
:10cf88006110611061106110611061106110611011
:10cf98006110611061106110611061106110611001
:10cfa800611061106110ffffffffffffffffffff30
:10cfb800ffffffffffffffffffffffffffffffff79
:10cfc800ffffa639611061106110611061106110d6
:10cfd80061106110611061106110611061106110c1
:10cfe80061106110611061106110611061106110b1
:10cff8006110611061106110dbdeffffffffffffb2
:10d00800ffffffffffffffffffffffffffffffff28
:10d01800ffffffffffffa218611061106110611090
:10d02800611061106110ffffffffffffffffffffaf
:10d03800fffffffffffffffffffffffffffffffff8
:10d04800ffff1ce761106110611061106110611031
:10d0580061106110bad6ffffffffffffffffffff60
:10d06800ffffffffffffffffffffffffffffffffc8
:10d07800718c611061106110611061106110611094
:10d088006110ffffffffffffffffffffffffffff35
:10d09800ffffffffffffffffffffffffffffffff98
:10d0a80061106110611061106110611061106110f0
:10d0b80061106110611061106110611061106110e0
:10d0c80061106110611061106110611061106110d0
:10d0d800611061104c6bffffffffffffffffffffb9
:10d0e800ffffffffffffffffffffffffffffffff48
:10d0f800ffff718c61106110611061106110611087
:10d108006110ffffffffffffffffffffffffffffb4
:10d11800ffffffffffffffffffffffffffffffff17
:10d12800611061106110611061106110611061106f
:10d13800611061106110611061106110611061105f
:10d14800611061106110611061106110611061104f
:10d15800611061106110611061106110611061103f
:10d16800611061106110611061106110611061102f
:10d17800611061106110611061106110611061101f
:10d18800611061106110611061106110611061100f
:10d1980061106110611061106110611061106110ff
:10d1a80061106110611061106110611061106110ef
:10d1b800611061107194cb5a61104d6b7194719428
:10d1c800719471947194719471947194719471942f
:10d1d80071947194719471947194611061106110db
:10d1e80061106110611061106110611061106110af
:10d1f80061106110ef8371947194719471947194ba
:10d2080071947194719471947194719471947194ee
:10d218007194719471947194719471947194611072
:10d22800611061106110611061106110611061106e
:10d23800611061106110cb5a71947194719471945a
:10d2480071947194719471947194719471947194ae
:10d25800719471947194a2186110653171947194ec
:10d2680086316110611061106110611061106110e8
:10d27800611061106110611061106110611061101e
:10d288006110611061106110611061106110ffff81
:10d29800ffffffffffffffffffffffffffffffff96
:10d2a800ffffffffffffffffffffe320611061109b
:10d2b80061106110611061106110611061106110de
:10d2c80061106110611061106110611061106110ce
:10d2d80061106110611061106110611061106110be
:10d2e80075b5ffffffffffffffffffffffffffff1a
:10d2f800ffffffffffffffffffffffffffffc73934
:10d308006110611061106110611061106110ffff00
:10d31800ffffffffffffffffffffffffffffffff15
:10d32800ffffffffffffffffffff1ce7611061101a
:10d33800611061106110611061106110bad6ffffb1
:10d34800ffffffffffffffffffffffffffffffffe5
:10d35800ffffffffffffffff718c6110611061107d
:10d3680061106110611061106110ffffffffffff86
:10d37800ffffffffffffffffffffffffffffffffb5
:10d38800ffffffffffffdfff6110611061106110f9
:10d3980061106110611061106110611061106110fd
:10d3a80061106110611061106110611061106110ed
:10d3b800611061106110611061106110e739ffffa1
:10d3c800ffffffffffffffffffffffffffffffff65
:10d3d800ffffffffffffffffffff75b56110611043
:10d3e80061106110611061106110ffffffffffff06
:10d3f800ffffffffffffffffffffffffffffffff35
:10d40800ffffffffffffffff611061106110611058
:10d41800611061106110611061106110611061107c
:10d42800611061106110611061106110611061106c
:10d43800611061106110611061106110611061105c
:10d44800611061106110611061106110611061104c
:10d45800611061106110611061106110611061103c
:10d46800611061106110611061106110611061102c
:10d47800611061106110611061106110611061101c
:10d48800611061106110611061106110611061100c
:10d4980061106110611061106110e3187194084205
:10d4a8006110318c71947194719471947194719428
:10d4b800719471947194719471947194719471943c
:10d4c8007194611061106110611061106110611038
:10d4d800611061106110611061106110ef83719427
:10d4e800719471947194719471947194719471940c
:10d4f80071947194719471947194719471947194fc
:10d5080071947194719461106110611061106110cf
:10d5180061106110611061106110611061108e73eb
:10d5280071947194719471947194719471947194cb
:10d538007194719471947194719471947194c739c0
:10d5480061106110518c7194695261106110611001
:10d55800611061106110611061106110611061103b
:10d56800611061106110611061106110611061102b
:10d57800611061106110ffffffffffffffffffff5a
:10d58800ffffffffffffffffffffffffffffffffa3
:10d59800dbde6110611061106110611061106110b3
:10d5a80061106110611061106110611061106110eb
:10d5b80061106110611061106110611061106110db
:10d5c80061106110611061106d73ffffffffffffb5
:10d5d800ffffffffffffffffffffffffffffffff53
:10d5e800ffffffffffff0c63611061106110611006
:10d5f800611061106110ffffffffffffffffffffda
:10d60800ffffffffffffffffffffffffffffffff22
:10d61800ffff1ce76110611061106110611061105b
:10d6280061106110bad6ffffffffffffffffffff8a
:10d63800fffffffffffffffffffffffffffffffff2
:10d64800718c6110611061106110611061106110be
:10d65800c218fffffffffffffffffffffffffffff6
:10d66800ffffffffffffffffffffffffffffd7bd2c
:10d67800611061106110611061106110611061101a
:10d68800611061106110611061106110611061100a
:10d6980061106110611061106110611061106110fa
:10d6a800611061106110ffffffffffffffffffff29
:10d6b800ffffffffffffffffffffffffffffffff72
:10d6c800fffffbde611061106110611061106110d5
:10d6d8006110ffffffffffffffffffffffffffffdf
:10d6e800ffffffffffffffffffffffffffffffff42
:10d6f800611061106110611061106110611061109a
:10d708006110611061106110611061106110611089
:10d718006110611061106110611061106110611079
:10d728006110611061106110611061106110611069
:10d738006110611061106110611061106110611059
:10d748006110611061106110611061106110611049
:10d758006110611061106110611061106110611039
:10d768006110611061106110611061106110611029
:10d778006110611061106110611061106110611019
:10d788006110452971948631611071947194719476
:10d798007194719471947194719471947194719459
:10d7a8007194719471947194719461106110611005
:10d7b80061106110611061106110611061106110d9
:10d7c80061106110ef8371947194719471947194e4
:10d7d8007194719471947194719471947194719419
:10d7e800719471947194719471947194ef83611030
:10d7f8006110611061106110611061106110611099
:10d808006110611061101084719471947194719415
:10d8180071947194719471947194719471947194d8
:10d82800719471947194494a6110611010847194d3
:10d83800cb5a6110611061106110611061106110a4
:10d848006110611061106110611061106110611048
:10d858006110611061106110611061106110ffffab
:10d86800ffffffffffffffffffffffffffffffffc0
:10d87800ffffffffffffffff18c661106110611077
:10d888006110611061106110611061106110611008
:10d8980061106110611061106110611061106110f8
:10d8a80061106110611061106110611061106110e8
:10d8b800694affffffffffffffffffffffffffffbb
:10d8c800ffffffffffffffffffffffffffffae733d
:10d8d8006110611061106110611061106110ffff2b
:10d8e800ffffffffffffffffffffffffffffffff40
:10d8f800ffffffffffffffffffff1ce76110611045
:10d90800611061106110611061106110bad6ffffdb
:10d91800ffffffffffffffffffffffffffffffff0f
:10d92800ffffffffffffffff718c611061106110a7
:10d9380061106110611061108531ffffffffffff6b
:10d94800ffffffffffffffffffffffffffffffffdf
:10d95800ffffffffffff14a5611061106110611048
:10d968006110611061106110611061106110611027
:10d978006110611061106110611061106110611017
:10d988006110611061106110611061106110ffff7a
:10d99800ffffffffffffffffffffffffffffffff8f
:10d9a800ffffffffffffffffffff5def611061104b
:10d9b80061106110611061106110ffffffffffff30
:10d9c800ffffffffffffffffffffffffffffffff5f
:10d9d800ffffffffffffffff611061106110611083
:10d9e80061106110611061106110611061106110a7
:10d9f8006110611061106110611061106110611097
:10da08006110611061106110611061106110611086
:10da18006110611061106110611061106110611076
:10da28006110611061106110611061106110611066
:10da38006110611061106110611061106110611056
:10da48006110611061106110611061106110611046
:10da58006110611061106110611061106110611036
:10da680061106110611061106110e7417194e32049
:10da7800611071947194719471947194719471940a
:10da88007194719471947194719471947194719466
:10da98007194611061106110611061106110611062
:10daa800611061106110611061106110ef83719451
:10dab8007194719471947194719471947194719436
:10dac8007194719471947194719471947194719426
:10dad8007194308cc218611061106110611061106e
:10dae8006110611061106110611061106110719412
:10daf80071947194719471947194719471947194f6
:10db08007194719471947194719471947194eb5aa5
:10db1800611061106d7371944d6b6110611061102b
:10db28006110611061106110611061106110611065
:10db38006110611061106110611061106110611055
:10db4800611061104529ffffffffffffffffffff87
:10db5800ffffffffffffffffffffffffffffffffcd
:10db680055ad611061106110611061106110611094
:10db78006110611061106110611061106110611015
:10db88006110611061106110611061106110611005
:10db980061106110611061100321ffffffffffff9b
:10dba800ffffffffffffffffffffffffffffffff7d
:10dbb800ffffffffffff718c6110611061106110a2
:10dbc800611061106110ffffffffffffffffffff04
:10dbd800ffffffffffffffffffffffffffffffff4d
:10dbe800ffff1ce761106110611061106110611086
:10dbf80061106110bad6ffffffffffffffffffffb5
:10dc0800ffffffffffffffffffffffffffffffff1c
:10dc1800718c6110611061106110611061106110e8
:10dc2800694affffffffffffffffffffffffffff47
:10dc3800ffffffffffffffffffffffffffff8e73e9
:10dc48006110611061106110611061106110611044
:10dc58006110611061106110611061106110611034
:10dc68006110611061106110611061106110611024
:10dc7800611061106110ffffffffffffffffffff53
:10dc8800ffffffffffffffffffffffffffffffff9c
:10dc9800ffffffff611061106110611061106110da
:10dca8006110ffffffffffffffffffffffffffff09
:10dcb800ffffffffffffffffffffffffffffffff6c
:10dcc80061106110611061106110611061106110c4
:10dcd80061106110611061106110611061106110b4
:10dce80061106110611061106110611061106110a4
:10dcf8006110611061106110611061106110611094
:10dd08006110611061106110611061106110611083
:10dd18006110611061106110611061106110611073
:10dd28006110611061106110611061106110611063
:10dd38006110611061106110611061106110611053
:10dd48006110611061106110611061106110611043
:10dd5800611008427194a2186110719471947194c1
:10dd68007194719471947194719471947194719483
:10dd7800719471947194719471946110611061102f
:10dd88006110611061106110611061106110611003
:10dd980061106110ef83719471947194719471940e
:10dda8007194719471947194719471947194719443
:10ddb80071947194719471947194284261106110f6
:10ddc80061106110611061106110611061106110c3
:10ddd80061106110611071947194719471947194cf
:10dde8007194719471947194719471947194719403
:10ddf8007194719471942c63611061104d6b7194de
:10de08008e736110611061106110611061106110f2
:10de18006110611061106110611061106110611072
:10de2800611061106110611061106110a631ffff6f
:10de3800ffffffffffffffffffffffffffffffffea
:10de4800fffffffffffffffff39c611061106110f0
:10de58006110611061106110611061106110611032
:10de68006110611061106110611061106110611022
:10de78006110611061106110611061106110611012
:10de8800a210ffffffffffffffffffffffffffffe6
:10de9800ffffffffffffffffffffffffffffd39c19
:10dea8006110611061106110611061106110ffff55
:10deb800ffffffffffffffffffffffffffffffff6a
:10dec800ffffffffffffffffffff1ce7611061106f
:10ded800611061106110611061106110bad6ffff06
:10dee800ffffffffffffffffffffffffffffffff3a
:10def800ffffffffffffffff718c611061106110d2
:10df08006110611061106110aa52ffffffffffff4f
:10df1800ffffffffffffffffffffffffffffffff09
:10df2800ffffffffffffcb5a611061106110611006
:10df38006110611061106110611061106110611051
:10df48006110611061106110611061106110611041
:10df58006110611061106110611061106110ffffa4
:10df6800ffffffffffffffffffffffffffffffffb9
:10df7800ffffffffffffffffffffffff61106110c3
:10df880061106110611061106110ffffffffffff5a
:10df9800ffffffffffffffffffffffffffffffff89
:10dfa800ffffffffffffffff6110611061106110ad
:10dfb80061106110611061106110611061106110d1
:10dfc80061106110611061106110611061106110c1
:10dfd80061106110611061106110611061106110b1
:10dfe80061106110611061106110611061106110a1
:10dff8006110611061106110611061106110611091
:10e008006110611061106110611061106110611080
:10e018006110611061106110611061106110611070
:10e028006110611061106110611061106110611060
:10e0380061106110611061106110494a719461109a
:10e048006110719471947194719471947194719434
:10e058007194719471947194719471947194719490
:10e06800719461106110611061106110611061108c
:10e07800611061106110611061106110ef8371947b
:10e088007194719471947194719471947194719460
:10e098007194719471947194719471947194719450
:10e0a800c218611061106110611061106110611077
:10e0b800611061106110611061106110821071941b
:10e0c8007194719471947194719471947194719420
:10e0d80071947194719471947194719471944d6b5d
:10e0e800611061100c637194af7b61106110611055
:10e0f8006110611061106110611061106110611090
:10e10800611061106110611061106110611061107f
:10e1180061106110e739ffffffffffffffffffffff
:10e12800fffffffffffffffffffffffffffffffff7
:10e13800718c6110611061106110611061106110c3
:10e14800611061106110611061106110611061103f
:10e15800611061106110611061106110611061102f
:10e1680061106110611061106110ffffffffffff78
:10e17800ffffffffffffffffffffffffffffffffa7
:10e18800ffffffffffff55ad6110611061106110c7
:10e19800611061106110ffffffffffffffffffff2e
:10e1a800ffffffffffffffffffffffffffffffff77
:10e1b800ffff1ce7611061106110611061106110b0
:10e1c80061106110bad6ffffffffffffffffffffdf
:10e1d800ffffffffffffffffffffffffffffffff47
:10e1e800718c611061106110611061106110611013
:10e1f8000c63ffffffffffffffffffffffffffffb6
:10e20800ffffffffffffffffffffffffffff2842aa
:10e21800611061106110611061106110611061106e
:10e22800611061106110611061106110611061105e
:10e23800611061106110611061106110611061104e
:10e24800611061106110ffffffffffffffffffff7d
:10e25800ffffffffffffffffffffffffffffffffc6
:10e26800ffffffff61106110611061106110611004
:10e278006110ffffffffffffffffffffffffffff33
:10e28800ffffffffffffffffffffffffffffffff96
:10e2980061106110611061106110611061106110ee
:10e2a80061106110611061106110611061106110de
:10e2b80061106110611061106110611061106110ce
:10e2c80061106110611061106110611061106110be
:10e2d80061106110611061106110611061106110ae
:10e2e800611061106110611061106110611061109e
:10e2f800611061106110611061106110611061108e
:10e30800611061106110611061106110611061107d
:10e31800611061106110611061106110611061106d
:10e3280061108a52719461106110719471947194a2
:10e3380071947194719471947194719471947194ad
:10e348007194719471947194719461106110611059
:10e35800611061106110611061106110611061102d
:10e3680061106110ef837194719471947194719438
:10e37800719471947194719471947194719471946d
:10e38800719471947194ef83611061106110611040
:10e3980061106110611061106110611061106110ed
:10e3a80061106110863171947194719471947194b3
:10e3b800719471947194719471947194719471942d
:10e3c8007194719471946d73611061100c63719400
:10e3d800af7b6110611061106110611061106110f4
:10e3e800611061106110611061106110611061109d
:10e3f800611061106110611061106110284affffff
:10e40800ffffffffffffffffffffffffffffffff14
:10e41800ffffffffffffffff718c611061106110ac
:10e42800611061106110611061106110611061105c
:10e43800611061106110611061106110611061104c
:10e44800611061106110611061106110611061103c
:10e458006110ffffffffffffffffffffffffffff51
:10e46800ffffffffffffffffffffffffffff55adb0
:10e478006110611061106110611061106110ffff7f
:10e48800ffffffffffffffffffffffffffffffff94
:10e49800ffffffffffffffffffff1ce76110611099
:10e4a800611061106110611061106110bad6ffff30
:10e4b800ffffffffffffffffffffffffffffffff64
:10e4c800ffffffffffffffff718c611061106110fc
:10e4d80061106110611061100c63ffffffffffff07
:10e4e800ffffffffffffffffffffffffffffffff34
:10e4f800ffffffffffffc639611061106110611057
:10e50800611061106110611061106110611061107b
:10e51800611061106110611061106110611061106b
:10e528006110611061106110611061106110ffffce
:10e53800ffffffffffffffffffffffffffffffffe3
:10e54800ffffffffffffffffffffffff61106110ed
:10e5580061106110611061106110ffffffffffff84
:10e56800ffffffffffffffffffffffffffffffffb3
:10e57800ffffffffffffffff6110611061106110d7
:10e5880061106110611061106110611061106110fb
:10e5980061106110611061106110611061106110eb
:10e5a80061106110611061106110611061106110db
:10e5b80061106110611061106110611061106110cb
:10e5c80061106110611061106110611061106110bb
:10e5d80061106110611061106110611061106110ab
:10e5e800611061106110611061106110611061109b
:10e5f800611061106110611061106110611061108b
:10e6080061106110611061106110494a71946110c4
:10e61800611071947194719471947194719471945e
:10e6280071947194719471947194719471947194ba
:10e6380071946110611061106110611061106110b6
:10e64800611061106110611061106110ef837194a5
:10e65800719471947194719471947194719471948a
:10e668007194719471947194719471948a52611037
:10e67800611061106110611061106110611061100a
:10e68800611061106110611061106110518c7194fa
:10e69800719471947194719471947194719471944a
:10e6a80071947194719471947194719471944d6b87
:10e6b800611061100c637194af7b6110611061107f
:10e6c80061106110611061106110611061106110ba
:10e6d80061106110611061106110611061106110aa
:10e6e80061106110284affffffffffffffffffffd8
:10e6f800ffffffffffffffffffffffffffffffff22
:10e70800718c6110611061106110611061106110ed
:10e718006110611061106110611061106110611069
:10e728006110611061106110611061106110611059
:10e7380061106110611061106110ffffffffffffa2
:10e74800ffffffffffffffffffffffffffffffffd1
:10e75800ffffffffffff55ad6110611061106110f1
:10e76800611061106110ffffffffffffffffffff58
:10e77800ffffffffffffffffffffffffffffffffa1
:10e78800ffff1ce7611061106110611061106110da
:10e7980061106110bad6ffffffffffffffffffff09
:10e7a800ffffffffffffffffffffffffffffffff71
:10e7b800718c61106110611061106110611061103d
:10e7c8000c63ffffffffffffffffffffffffffffe0
:10e7d800ffffffffffffffffffffffffffff0842f5
:10e7e8006110611061106110611061106110611099
:10e7f8006110611061106110611061106110611089
:10e808006110611061106110611061106110611078
:10e81800611061106110ffffffffffffffffffffa7
:10e82800fffffffffffffffffffffffffffffffff0
:10e83800ffffffff6110611061106110611061102e
:10e848006110ffffffffffffffffffffffffffff5d
:10e85800ffffffffffffffffffffffffffffffffc0
:10e868006110611061106110611061106110611018
:10e878006110611061106110611061106110611008
:10e8880061106110611061106110611061106110f8
:10e8980061106110611061106110611061106110e8
:10e8a80061106110611061106110611061106110d8
:10e8b80061106110611061106110611061106110c8
:10e8c80061106110611061106110611061106110b8
:10e8d80061106110611061106110611061106110a8
:10e8e8006110611061106110611061106110611098
:10e8f8006110494a719482106110719471947194f5
:10e9080071947194719471947194719471947194d7
:10e918007194719471947194719461106110611083
:10e928006110611061106110611061106110611057
:10e9380061106110ef837194719471947194719462
:10e948007194719471947194719471947194719497
:10e95800518c0c63611061106110611061106110bd
:10e968006110611061106110611061106110611017
:10e97800611061107194719471947194719471948f
:10e988007194719471947194719471947194719457
:10e998007194719471944d6b611061100c63719452
:10e9a800af7b61106110611061106110611061101e
:10e9b80061106110611061106110611061106110c7
:10e9c800611061106110611061106110284affff29
:10e9d800ffffffffffffffffffffffffffffffff3f
:10e9e800ffffffffffffffffb2946110611061108e
:10e9f8006110611061106110611061106110611087
:10ea08006110611061106110611061106110611076
:10ea18006110611061106110611061106110611066
:10ea28006110ffffffffffffffffffffffffffff7b
:10ea3800fffffffffffffffffffffffffffff39c4d
:10ea48006110611061106110611061106110ffffa9
:10ea5800ffffffffffffffffffffffffffffffffbe
:10ea6800ffffffffffffffffffff1ce761106110c3
:10ea7800611061106110611061106110bad6ffff5a
:10ea8800ffffffffffffffffffffffffffffffff8e
:10ea9800ffffffffffffffff718c61106110611026
:10eaa8006110611061106110eb62ffffffffffff53
:10eab800ffffffffffffffffffffffffffffffff5e
:10eac800ffffffffffff694a6110611061106110cd
:10ead80061106110611061106110611061106110a6
:10eae8006110611061106110611061106110611096
:10eaf8006110611061106110611061106110fffff9
:10eb0800ffffffffffffffffffffffffffffffff0d
:10eb1800ffffffffffffffffffffffff6110611017
:10eb280061106110611061106110ffffffffffffae
:10eb3800ffffffffffffffffffffffffffffffffdd
:10eb4800ffffffffffffffff611061106110611001
:10eb58006110611061106110611061106110611025
:10eb68006110611061106110611061106110611015
:10eb78006110611061106110611061106110611005
:10eb880061106110611061106110611061106110f5
:10eb980061106110611061106110611061106110e5
:10eba80061106110611061106110611061106110d5
:10ebb80061106110611061106110611061106110c5
:10ebc80061106110611061106110611061106110b5
:10ebd80061106110611061106110e73971940321af
:10ebe8006110719471947194719471947194719489
:10ebf80071947194719471947194719471947194e5
:10ec080071946110611061106110611061106110e0
:10ec1800611061106110611061106110ef837194cf
:10ec28007194719471947194719471947194cb5a94
:10ec3800284ac739242961106110611061106110d8
:10ec48006110611061106110611061106110611034
:10ec580061106110611061106110e7417194719445
:10ec68007194719471947194719471947194719474
:10ec78007194719471947194719471947194cb5a44
:10ec8800611061106e7371944d6b611061106110a9
:10ec980061106110611061106110611061106110e4
:10eca80061106110611061106110611061106110d4
:10ecb80061106110284affffffffffffffffffff02
:10ecc800ffffffffffffffffffffffffffffffff4c
:10ecd800b6b56110611061106110611061106110aa
:10ece8006110611061106110611061106110611094
:10ecf8006110611061106110611061106110611084
:10ed08006110611061106110e320ffffffffffff3a
:10ed1800fffffffffffffffffffffffffffffffffb
:10ed2800ffffffffffffb2946110611061106110d7
:10ed3800611061106110ffffffffffffffffffff82
:10ed4800ffffffffffffffffffffffffffffffffcb
:10ed5800ffff1ce761106110611061106110611004
:10ed680061106110bad6ffffffffffffffffffff33
:10ed7800ffffffffffffffffffffffffffffffff9b
:10ed8800718c611061106110611061106110611067
:10ed98006952ffffffffffffffffffffffffffffbe
:10eda800ffffffffffffffffffffffffffff6d7389
:10edb80061106110611061106110611061106110c3
:10edc80061106110611061106110611061106110b3
:10edd80061106110611061106110611061106110a3
:10ede800611061106110ffffffffffffffffffffd2
:10edf800ffffffffffffffffffffffffffffffff1b
:10ee0800ffffffff61106110611061106110611058
:10ee18006110ffffffffffffffffffffffffffff87
:10ee2800ffffffffffffffffffffffffffffffffea
:10ee38006110611061106110611061106110611042
:10ee48006110611061106110611061106110611032
:10ee58006110611061106110611061106110611022
:10ee68006110611061106110611061106110611012
:10ee78006110611061106110611061106110611002
:10ee880061106110611061106110611061106110f2
:10ee980061106110611061106110611061106110e2
:10eea80061106110611061106110611061106110d2
:10eeb80061106110611061106110611061106110c2
:10eec800611045297194863161107194719471941f
:10eed8007194719471947194719471947194719402
:10eee80071947194719471947194611061106110ae
:10eef8006110611061106110611061106110611082
:10ef080061106110ef83719471947194719471948c
:10ef18007194863161106110611061106110611087
:10ef28006110611061106110611061106110611051
:10ef38006110611061106110611061106110611041
:10ef48006110719471947194719471947194719425
:10ef58007194719471947194719471947194719481
:10ef6800719471947194494a61106110308471945c
:10ef7800cb5a61106110611061106110611061104d
:10ef880061106110611061106110611061106110f1
:10ef9800611061106110611061106110284affff53
:10efa800ffffffffffffffffffffffffffffffff69
:10efb800ffffffffffffffff1ce7611061106110fb
:10efc80061106110611061106110611061106110b1
:10efd80061106110611061106110611061106110a1
:10efe8006110611061106110611061106110611091
:10eff800494affffffffffffffffffffffffffff84
:10f00800ffffffffffffffffffffffffffffce7bbd
:10f018006110611061106110611061106110ffffd3
:10f02800ffffffffffffffffffffffffffffffffe8
:10f03800ffffffffffffffffffff1ce761106110ed
:10f04800611061106110611061106110bad6ffff84
:10f05800ffffffffffffffffffffffffffffffffb8
:10f06800ffffffffffffffff718c61106110611050
:10f0780061106110611061108631ffffffffffff13
:10f08800ffffffffffffffffffffffffffffffff88
:10f09800fffffffffffff39c61106110611061101b
:10f0a80061106110611061106110611061106110d0
:10f0b80061106110611061106110611061106110c0
:10f0c8006110611061106110611061106110ffff23
:10f0d800ffffffffffffffffffffffffffffffff38
:10f0e800ffffffffffffffffffff5def61106110f4
:10f0f80061106110611061106110ffffffffffffd9
:10f10800ffffffffffffffffffffffffffffffff07
:10f11800ffffffffffffffff61106110611061102b
:10f12800611061106110611061106110611061104f
:10f13800611061106110611061106110611061103f
:10f14800611061106110611061106110611061102f
:10f15800611061106110611061106110611061101f
:10f16800611061106110611061106110611061100f
:10f1780061106110611061106110611061106110ff
:10f1880061106110611061106110611061106110ef
:10f1980061106110611061106110611061106110df
:10f1a80061106110611061106110e31871940842d8
:10f1b8006110308471947194719471947194719404
:10f1c800719471947194719471947194719471940f
:10f1d800719461106110611061106110611061100b
:10f1e800611061106110611061106110ef837194fa
:10f1f8007194719471947194518c611061106110c3
:10f20800611061106110611061106110611061106e
:10f21800611061106110611061106110611061105e
:10f228006110611061106110e32071947194719400
:10f23800719471947194719471947194719471949e
:10f248007194719471947194719471947194c73993
:10f2580061108110718c7194695261106110611094
:10f26800611061106110611061106110611061100e
:10f2780061106110611061106110611061106110fe
:10f2880061106110284affffffffffffffffffff2c
:10f29800ffffffffffffffffffffffffffffffff76
:10f2a800dfff821061106110611061106110611040
:10f2b80061106110611061106110611061106110be
:10f2c80061106110611061106110611061106110ae
:10f2d80061106110611061104d6bffffffffffffb0
:10f2e800ffffffffffffffffffffffffffffffff26
:10f2f800ffffffffffff6d6b611061106110611070
:10f30800611061106110ffffffffffffffffffffac
:10f31800fffffffffffffffffffffffffffffffff5
:10f32800ffff1ce76110611061106110611061102e
:10f3380061106110bad6ffffffffffffffffffff5d
:10f34800ffffffffffffffffffffffffffffffffc5
:10f35800718c611061106110611061106110611091
:10f36800e318ffffffffffffffffffffffffffffa8
:10f37800ffffffffffffffffffffffffffffb6b528
:10f3880061106110611061106110611061106110ed
:10f3980061106110611061106110611061106110dd
:10f3a80061106110611061106110611061106110cd
:10f3b800611061106110fffffffffffffffffffffc
:10f3c800ffffffffffffffffffffffffffffffff45
:10f3d800fffffbde611061106110611061106110a8
:10f3e8006110ffffffffffffffffffffffffffffb2
:10f3f800ffffffffffffffffffffffffffffffff15
:10f40800611061106110611061106110611061106c
:10f41800611061106110611061106110611061105c
:10f42800611061106110611061106110611061104c
:10f43800611061106110611061106110611061103c
:10f44800611061106110611061106110611061102c
:10f45800611061106110611061106110611061101c
:10f46800611061106110611061106110611061100c
:10f4780061106110611061106110611061106110fc
:10f4880061106110611061106110611061106110ec
:10f49800611061107194eb5a61102c6b7194719426
:10f4a800719471947194719471947194719471942c
:10f4b80071947194719471947194611061106110d8
:10f4c80061106110611061106110611061106110ac
:10f4d80061106110ef8371947194719471947194b7
:10f4e800821061106110611061106110611061106b
:10f4f800611061106110611061106110611061107c
:10f508006110611061106110611061106110695221
:10f5180071947194719471947194719471947194bb
:10f5280071947194719471947194719471947194ab
:10f53800719471947194a2186110653171947194e9
:10f5480086316110611061106110611061106110e5
:10f55800611061106110611061106110611061101b
:10f56800611061106110611061106110284affff7d
:10f57800ffffffffffffffffffffffffffffffff93
:10f58800ffffffffffffffffffff8a5261106110bf
:10f5980061106110611061106110611061106110db
:10f5a80061106110611061106110611061106110cb
:10f5b80061106110611061106110611061106110bb
:10f5c80055adffffffffffffffffffffffffffff3f
:10f5d800ffffffffffffffffffffffffffff0842e7
:10f5e8006110611061106110611061106110fffffe
:10f5f800ffffffffffffffffffffffffffffffff13
:10f60800ffffffffffffffffffff1ce76110611017
:10f61800611061106110611061106110bad6ffffae
:10f62800ffffffffffffffffffffffffffffffffe2
:10f63800ffffffffffffffff718c6110611061107a
:10f6480061106110611061106110ffffffffffff83
:10f65800ffffffffffffffffffffffffffffffffb2
:10f66800ffffffffffffdfff6110611061106110f6
:10f6780061106110611061106110611061106110fa
:10f6880061106110611061106110611061106110ea
:10f69800611061106110611061106110c639ffffbf
:10f6a800ffffffffffffffffffffffffffffffff62
:10f6b800ffffffffffffffffffff96b5611061101f
:10f6c80061106110611061106110ffffffffffff03
:10f6d800ffffffffffffffffffffffffffffffff32
:10f6e800ffffffffffffffff611061106110611056
:10f6f800611061106110611061106110611061107a
:10f708006110611061106110611061106110611069
:10f718006110611061106110611061106110611059
:10f728006110611061106110611061106110611049
:10f738006110611061106110611061106110611039
:10f748006110611061106110611061106110611029
:10f758006110611061106110611061106110611019
:10f768006110611061106110611061106110611009
:10f7780061106110611061106110611071948e73d5
:10f788006110aa52719471947194719471947194e6
:10f798007194719471947194719471947194719439
:10f7a8007194611061106110611061106110611035
:10f7b800611061106110611061106110ef83719424
:10f7c8007194719471947194611061106110611059
:10f7d8006110611061106110611061106110611099
:10f7e8006110611061106110611061106110611089
:10f7f800611061106110718c71947194719471949d
:10f8080071947194719471947194719471947194c8
:10f81800719471947194719471947194719461104c
:10f828006110084271947194032161106110611094
:10f838006110611061106110611061106110611038
:10f848006110611061106110611061106110611028
:10f8580061106110284affffffffffffffffffff56
:10f86800ffffffffffffffffffffffffffffffffa0
:10f87800ffffef7b61106110611061106110611072
:10f8880061106110611061106110611061106110e8
:10f8980061106110611061106110611061106110d8
:10f8a8006110611061106110bad6ffffffffffff02
:10f8b800ffffffffffffffffffffffffffffffff50
:10f8c800ffffffffffff4429611061106110611005
:10f8d800611061106110ffffffffffffffffffffd7
:10f8e800ffffffffffffffffffffffffffffffff20
:10f8f800ffff1ce761106110611061106110611059
:10f9080061106110bad6ffffffffffffffffffff87
:10f91800ffffffffffffffffffffffffffffffffef
:10f92800718c6110611061106110611061106110bb
:10f938006110ffffffffffffffffffffffffffff5c
:10f94800ffffffffffffffffffffffffffffffffbf
:10f958006110611061106110611061106110611017
:10f968006110611061106110611061106110611007
:10f9780061106110611061106110611061106110f7
:10f98800611061100c63ffffffffffffffffffff28
:10f99800ffffffffffffffffffffffffffffffff6f
:10f9a800ffff929461106110611061106110611085
:10f9b8006110ffffffffffffffffffffffffffffdc
:10f9c800ffffffffffffffffffffffffffffffff3f
:10f9d8006110611061106110611061106110611097
:10f9e8006110611061106110611061106110611087
:10f9f8006110611061106110611061106110611077
:10fa08006110611061106110611061106110611066
:10fa18006110611061106110611061106110611056
:10fa28006110611061106110611061106110611046
:10fa38006110611061106110611061106110611036
:10fa48006110611061106110611061106110611026
:10fa58006110611061106110611061106110611016
:10fa680061106110719471946110242971947194da
:10fa78007194719471947194719471947194719456
:10fa88007194719471947194719461106110611002
:10fa980061106110611061106110611061106110d6
:10faa80061106110ef837194719471947194108452
:10fab80061106110611061106110611061106110b6
:10fac80061106110611061106110611061106110a6
:10fad800611061106110611061106110ef7b719409
:10fae80071947194719471947194719471947194e6
:10faf80071947194719471947194719471947194d6
:10fb0800719471947194611061104d6b7194cf7bf5
:10fb18006110611061106110611061106110611055
:10fb28006110611061106110611061106110611045
:10fb3800611061106110611061106110284affffa7
:10fb4800ffffffffffffffffffffffffffffffffbd
:10fb5800ffffffffffffffffffffdbde611061100c
:10fb68006110611061106110611061106110611005
:10fb780061106110611061106110611061106110f5
:10fb8800611061106110611061106110611008420c
:10fb9800ffffffffffffffffffffffffffffffff6d
:10fba800ffffffffffffffffffffffff3ce76110c5
:10fbb8006110611061106110611061106110ffff28
:10fbc800ffffffffffffffffffffffffffffffff3d
:10fbd800ffffffffffffffffffff1ce76110611042
:10fbe800611061106110611061106110bad6ffffd9
:10fbf800ffffffffffffffffffffffffffffffff0d
:10fc0800ffffffffffffffff718c611061106110a4
:10fc180061106110611061106110ffffffffffffad
:10fc2800ffffffffffffffffffffffffffffffffdc
:10fc3800ffffffffffffffff611061106110611000
:10fc48006110611061106110611061106110611024
:10fc58006110611061106110611061106110611014
:10fc6800611061106110611061106110d7bdffff54
:10fc7800ffffffffffffffffffffffffffffffff8c
:10fc8800ffffffffffffffffffff695261106110d9
:10fc980061106110611061106110ffffffffffff2d
:10fca800ffffffffffffffffffffffffffffffff5c
:10fcb800ffffffffffffffff611061106110611080
:10fcc80061106110611061106110611061106110a4
:10fcd8006110611061106110611061106110611094
:10fce8006110611061106110611061106110611084
:10fcf8006110611061106110611061106110611074
:10fd08006110611061106110611061106110611063
:10fd18006110611061106110611061106110611053
:10fd28006110611061106110611061106110611043
:10fd38006110611061106110611061106110611033
:10fd480061106110611061106110611071947194fb
:10fd580061108210518c71947194719471947194a2
:10fd68007194719471947194719471947194719463
:10fd7800719461106110611061106110611061105f
:10fd8800611061106110611061106110ef8371944e
:10fd98007194719471946d736110611061106110a8
:10fda80061106110611061106110611061106110c3
:10fdb80061106110611061106110611061106110b3
:10fdc8006110a210719471947194719471947194ea
:10fdd80071947194719471947194719471947194f3
:10fde8007194719471947194719471947194611077
:10fdf8006110108471940c636110611061106110be
:10fe08006110611061106110611061106110611062
:10fe18006110611061106110611061106110611052
:10fe280061106110284affffffffffffffffffff80
:10fe3800ffffffffffffffffffffffffffffffffca
:10fe4800ffffffffe3206110611061106110611076
:10fe58006110611061106110611061106110611012
:10fe68006110611061106110611061106110611002
:10fe7800611061106110ae7bffffffffffffffff06
:10fe8800ffffffffffffffffffffffffffffffff7a
:10fe9800ffffffff18c6611061106110611061104b
:10fea800611061106110ffffffffffffffffffff01
:10feb800ffffffffffffffffffffffffffffffff4a
:10fec800ffff1ce761106110611061106110611083
:10fed80061106110bad6ffffffffffffffffffffb2
:10fee800ffffffffffffffffffffffffffffffff1a
:10fef800718c6110611061106110611061106110e6
:10ff08006110ffffffffffffffffffffffffffff86
:10ff1800ffffffffffffffffffffffffffffffffe9
:10ff28006110611061106110611061106110611041
:10ff38006110611061106110611061106110611031
:10ff48006110611061106110611061106110611021
:10ff5800611082109ef7ffffffffffffffffffff0b
:10ff6800ffffffffffffffffffffffffffffffff99
:10ff7800ffff452961106110611061106110611067
:10ff88006110ffffffffffffffffffffffffffff06
:10ff9800ffffffffffffffffffffffffffffffff69
:10ffa80061106110611061106110611061106110c1
:10ffb80061106110611061106110611061106110b1
:10ffc80061106110611061106110611061106110a1
:10ffd8006110611061106110611061106110611091
:10ffe8006110611061106110611061106110611081
:10fff8006110611061106110611061106110611071
:020000041d01dc
:100008006110611061106110611061106110611060
:100018006110611061106110611061106110611050
:100028006110611061106110611061106110611040
:10003800611061107194719461106110cb5a7194c0
:100048007194719471947194719471947194719480
:10005800719471947194719471946110611061102c
:100068006110611061106110611061106110611000
:1000780061106110ef8371947194719471940c63a1
:1000880061106110611061106110611061106110e0
:1000980061106110611061106110611061106110d0
:1000a8006110611061106110e32071947194719472
:1000b8007194719471947194719471947194719410
:1000c8007194719471947194719471947194719400
:1000d80071947194308461106110719471946531d8
:1000e8006110611061106110611061106110611080
:1000f8006110611061106110611061106110611070
:10010800611061106110611061106110284affffd1
:10011800ffffffffffffffffffffffffffffffffe7
:10012800ffffffffffffffffffffffffd7bd6110ce
:10013800611061106110611061106110611061102f
:10014800611061106110611061106110611061101f
:100158006110611061106110611061106110ffff82
:10016800ffffffffffffffffffffffffffffffff97
:10017800ffffffffffffffffffffffff8e73611011
:100188006110611061106110611061106110ffff52
:10019800ffffffffffffffffffffffffffffffff67
:1001a800ffffffffffffffffffff1ce7611061106c
:1001b800611061106110611061106110bad6ffff03
:1001c800ffffffffffffffffffffffffffffffff37
:1001d800ffffffffffffffff718c611061106110cf
:1001e80061106110611061106110ffffffffffffd8
:1001f800ffffffffffffffffffffffffffffffff07
:10020800ffffffffffffffff61106110611061102a
:10021800611061106110611061106110611061104e
:10022800611061106110611061106110611061103e
:1002380061106110611061106110d29cffffffff17
:10024800ffffffffffffffffffffffffffffffffb6
:10025800ffffffffffffffff18c66110611061106d
:1002680061106110611061106110ffffffffffff57
:10027800ffffffffffffffffffffffffffffffff86
:10028800ffffffffffffffff6110611061106110aa
:1002980061106110611061106110611061106110ce
:1002a80061106110611061106110611061106110be
:1002b80061106110611061106110611061106110ae
:1002c800611061106110611061106110611061109e
:1002d800611061106110611061106110611061108e
:1002e800611061106110611061106110611061107e
:1002f800611061106110611061106110611061106e
:10030800611061106110611061106110611061105d
:100318006110611061106110611061107194719425
:1003280061106110c63971947194719471947194cb
:10033800719471947194719471947194719471948d
:100348007194611061106110611061106110611089
:10035800611061106110611061106110ef83719478
:100368007194719471946d6b6110611061106110da
:1003780061106110611061106110611061106110ed
:1003880061106110611061106110611061106531b8
:10039800308471947194719471947194719471947e
:1003a800719471947194719471947194719471941d
:1003b8007194719471947194719471944d6b6110ee
:1003c8006110719471948210611061106110611054
:1003d800611061106110611061106110611061108d
:1003e800611061106110611061106110611061107d
:1003f80061106110284affffffffffffffffffffab
:10040800fffffffffffffffffffffffffffffffff4
:10041800ffffffffdfff61106110611061106110c5
:10042800611061106110611061106110611061103c
:10043800611061106110611061106110611061102c
:10044800611061106110ffffffffffffffffffff5b
:10045800ffffffffffffffffffffffffffffffffa4
:10046800ffffffff284261106110611061106110e9
:10047800611061106110ffffffffffffffffffff2b
:10048800ffffffffffffffffffffffffffffffff74
:10049800ffff1ce7611061106110611061106110ad
:1004a80061106110bad6ffffffffffffffffffffdc
:1004b800ffffffffffffffffffffffffffffffff44
:1004c800718c611061106110611061106110611010
:1004d8006110ffffffffffffffffffffffffffffb1
:1004e800ffffffffffffffffffffffffffffffff14
:1004f800611061106110611061106110611061106c
:10050800611061106110611061106110611061105b
:10051800611061106110611061106110611061104b
:1005280082103ce7ffffffffffffffffffffffff1a
:10053800ffffffffffffffffffffffffffffffffc3
:10054800d39c61106110611061106110611061101d
:100558006110ffffffffffffffffffffffffffff30
:10056800ffffffffffffffffffffffffffffffff93
:1005780061106110611061106110611061106110eb
:1005880061106110611061106110611061106110db
:1005980061106110611061106110611061106110cb
:1005a80061106110611061106110611061106110bb
:1005b80061106110611061106110611061106110ab
:1005c800611061106110611061106110611061109b
:1005d800611061106110611061106110611061108b
:1005e800611061106110611061106110611061107b
:1005f800611061106110611061106110611061106b
:1006080061106110719471942842611061108e73a9
:1006180071947194719471947194719471947194aa
:100628007194719471947194719461106110611056
:10063800611061106110611061106110611061102a
:1006480061106110ef837194719471947194719435
:10065800611061106110611061106110611061100a
:1006680061106110611061106110611061106110fa
:100678006110611071947194719471947194719472
:10068800719471947194719471947194719471943a
:10069800719471947194719471947194719471942a
:1006a80071947194e32061106110719471946110d8
:1006b80061106110611061106110611061106110aa
:1006c800611061106110611061106110611061109a
:1006d800611061106110611061106110284afffffc
:1006e800ffffffffffffffffffffffffffffffff12
:1006f800ffffffffffffffffffffffffffff61108f
:100708006110611061106110611061106110611059
:100718006110611061106110611061106110611049
:100728006110611061106110611061100842ffffd3
:10073800ffffffffffffffffffffffffffffffffc1
:10074800ffffffffffffffffffffffff61106110cb
:100758006110611061106110611061106110ffff7c
:10076800ffffffffffffffffffffffffffffffff91
:10077800ffffffffffffffffffff1ce76110611096
:10078800611061106110611061106110bad6ffff2d
:10079800ffffffffffffffffffffffffffffffff61
:1007a800ffffffffffffffff718c611061106110f9
:1007b80061106110611061106110ffffffffffff02
:1007c800ffffffffffffffffffffffffffffffff31
:1007d800ffffffffffffffffb29461106110611080
:1007e8006110611061106110611061106110611079
:1007f8006110611061106110611061106110611069
:10080800611061106110611018c6ffffffffffff44
:10081800ffffffffffffffffffffffffffffffffe0
:10082800ffffffffffffffffe32061106110611072
:1008380061106110611061106110ffffffffffff81
:10084800ffffffffffffffffffffffffffffffffb0
:10085800ffffffffffffffff6110611061106110d4
:1008680061106110611061106110611061106110f8
:1008780061106110611061106110611061106110e8
:1008880061106110611061106110611061106110d8
:1008980061106110611061106110611061106110c8
:1008a80061106110611061106110611061106110b8
:1008b80061106110611061106110611061106110a8
:1008c8006110611061106110611061106110611098
:1008d8006110611061106110611061106110611088
:1008e80061106110611061106110611010847194c1
:1008f8004d6b61106110494a7194719471947194af
:1009080071947194719471947194719471947194b7
:1009180071946110611061106110611061106110b3
:10092800611061106110611061106110ef837194a2
:1009380071947194719471946110611061106110d7
:100948006110611061106110611061106110611017
:1009580061106110611061108110284271947194c6
:100968007194719471947194719471947194719457
:100978007194719471947194719471947194719447
:1009880071947194719471947194cf7b611061101a
:10099800611071947194611061106110611061109f
:1009a80061106110611061106110611061106110b7
:1009b80061106110611061106110611061106110a7
:1009c80061106110284affffffffffffffffffffd5
:1009d800ffffffffffffffffffffffffffffffff1f
:1009e800ffffffffffff61106110611061106110d0
:1009f8006110611061106110611061106110611067
:100a08006110611061106110611061106110611056
:100a180061106110f7bdffffffffffffffffffff42
:100a2800ffffffffffffffffffffffffffffffffce
:100a3800ffffffff6110611061106110611061100c
:100a4800611061106110ffffffffffffffffffff55
:100a5800ffffffffffffffffffffffffffffffff9e
:100a6800ffff1ce7611061106110611061106110d7
:100a780061106110bad6ffffffffffffffffffff06
:100a8800ffffffffffffffffffffffffffffffff6e
:100a9800718c61106110611061106110611061103a
:100aa8006110ffffffffffffffffffffffffffffdb
:100ab800ffffffffffffffffffffffffffffffff3e
:100ac800bef7442961106110611061106110611056
:100ad8006110611061106110611061106110611086
:100ae8006110611061106110611061106110611076
:100af800fffffffffffffffffffffffffffffffffe
:100b0800ffffffffffffffffffffffffffffffffed
:100b18006110611061106110611061106110611045
:100b28006110ffffffffffffffffffffffffffff5a
:100b3800ffffffffffffffffffffffffffffffffbd
:100b48006110611061106110611061106110611015
:100b58006110611061106110611061106110611005
:100b680061106110611061106110611061106110f5
:100b780061106110611061106110611061106110e5
:100b880061106110611061106110611061106110d5
:100b980061106110611061106110611061106110c5
:100ba80061106110611061106110611061106110b5
:100bb80061106110611061106110611061106110a5
:100bc8006110611061106110611061106110611095
:100bd80061106110c73971947194611061106110ce
:100be80071947194719471947194719471947194d5
:100bf8007194719471947194719461106110611081
:100c08006110611061106110611061106110611054
:100c180061106110ef83719471947194719471945f
:100c2800494a611061106110611061106110611012
:100c380061106110611061106110611061108e7394
:100c48007194719471947194719471947194719474
:100c58007194719471947194719471947194719464
:100c68007194719471947194719471947194719454
:100c78007194652961106110611071946e7361102f
:100c880061106110611061106110611061106110d4
:100c980061106110611061106110611061106110c4
:100ca800611061106110611061106110284affff26
:100cb800ffffffffffffffffffffffffffffffff3c
:100cc800ffffffffffffffffffffffffffff55ad28
:100cd8006110611061106110611061106110611084
:100ce8006110611061106110611061106110611074
:100cf80061106110611061106110bad6ffffffff2b
:100d0800ffffffffffffffffffffffffffffffffeb
:100d1800ffffffffffffffffffffdfff6110611015
:100d28006110611061106110611061106110ffffa6
:100d3800ffffffffffffffffffffffffffffffffbb
:100d4800ffffffffffffffffffff1ce761106110c0
:100d5800611061106110611061106110bad6ffff57
:100d6800ffffffffffffffffffffffffffffffff8b
:100d7800ffffffffffffffff718c61106110611023
:100d880061106110611061106110b294ffffffffe4
:100d9800ffffffffffffffffffffffffffffffff5b
:100da800ffffffffffffffffffffffffc7396110d6
:100db80061106110611061106110611061106110a3
:100dc8006110611061106110611061106110611093
:100dd8006110611061102c6bffffffffffffffff29
:100de800ffffffffffffffffffffffffffffffff0b
:100df800ffffffffffffffff61106110611061102f
:100e080061106110611061106110ffffffffffffab
:100e1800ffffffffffffffffffffffffffffffffda
:100e2800ffffffffffffffffb6b561106110611004
:100e38006110611061106110611061106110611022
:100e48006110611061106110611061106110611012
:100e58006110611061106110611061106110611002
:100e680061106110611061106110611061106110f2
:100e780061106110611061106110611061106110e2
:100e880061106110611061106110611061106110d2
:100e980061106110611061106110611061106110c2
:100ea80061106110611061106110611061106110b2
:100eb800611061106110611061106110a210518cf5
:100ec80071946110611061107194719471947194ae
:100ed80071947194719471947194719471947194e2
:100ee80071946110611061106110611061106110de
:100ef800611061106110611061106110ef837194cd
:100f08007194719471947194518c61106110611095
:100f18006110611061106110611061106110611041
:100f28006110a2180842719471947194719471942b
:100f38007194719471947194719471947194719481
:100f48007194719471947194719471947194719471
:100f5800719471947194719471946110611061101d
:100f68004529719428426110611061106110611067
:100f780061106110611061106110611061106110e1
:100f880061106110611061106110611061106110d1
:100f980061106110284affffffffffffffffffffff
:100fa800ffffffffffffffffffffffffffffffff49
:100fb800ffffffffffffffffca5a611061106110ba
:100fc8006110611061106110611061106110611091
:100fd8006110611061106110611061106110611081
:100fe8006110ffffffffffffffffffffffffffff96
:100ff800fffffffffffffffffffffffffffffffff9
:10100800ffff18c661106110611061106110611056
:10101800611061106110ffffffffffffffffffff7f
:10102800ffffffffffffffffffffffffffffffffc8
:10103800ffff1ce761106110611061106110611001
:1010480061106110bad6ffffffffffffffffffff30
:10105800ffffffffffffffffffffffffffffffff98
:10106800718c611061106110611061106110611064
:101078006110694affffffffffffffffffffffff50
:10108800ffffffffffffffffffffffffffffffff68
:10109800ffffffff9ad661106110611061106110a7
:1010a80061106110611061106110611061106110b0
:1010b80061106110611061106110611061109ef77c
:1010c800ffffffffffffffffffffffffffffffff28
:1010d800ffffffffffffffffffffffffffff5defca
:1010e8006110611061106110611061106110611070
:1010f8006110ffffffffffffffffffffffffffff85
:10110800ffffffffffffffffffffffffffffffffe7
:10111800ffff6110611061106110611061106110b2
:10112800611061106110611061106110611061102f
:10113800611061106110611061106110611061101f
:10114800611061106110611061106110611061100f
:1011580061106110611061106110611061106110ff
:1011680061106110611061106110611061106110ef
:1011780061106110611061106110611061106110df
:1011880061106110611061106110611061106110cf
:1011980061106110611061106110611061106110bf
:1011a8006110611061100842719461106110611042
:1011b8006d6b71947194719471947194719471942c
:1011c80071947194719471947194611061106110ab
:1011d800611061106110611061106110611061107f
:1011e80061106110ef83719471947194719471948a
:1011f8007194718caa5261106110611061106110b4
:101208006110c3186952518c7194719471947194de
:10121800719471947194719471947194719471949e
:10122800719471947194719471947194719471948e
:10123800719471947194719471947194719471947e
:10124800719461106110811010848e7361106110a7
:1012580061106110611061106110611061106110fe
:1012680061106110611061106110611061106110ee
:10127800611061106110611061106110284affff50
:10128800ffffffffffffffffffffffffffffffff66
:10129800ffffffffffffffffffffffffffffffff56
:1012a800ffff452961106110611061106110611024
:1012b800611061106110611061106110611061109e
:1012c80061106110611061100842ffffffffffff0e
:1012d800ffffffffffffffffffffffffffffffff16
:1012e800ffffffffffffffffffff452961106110b0
:1012f8006110611061106110611061106110ffffd1
:10130800ffffffffffffffffffffffffffffffffe5
:10131800ffffffffffffffffffff1ce761106110ea
:10132800611061106110611061106110bad6ffff81
:10133800ffffffffffffffffffffffffffffffffb5
:10134800ffffffffffffffff718c6110611061104d
:10135800611061106110611061106110f39cffff52
:10136800ffffffffffffffffffffffffffffffff85
:10137800ffffffffffffffffffffffffffffef8301
:1013880061106110611061106110611061106110cd
:1013980061106110611061106110611061106110bd
:1013a800611061108210ffffffffffffffffffffcb
:1013b800ffffffffffffffffffffffffffffffff35
:1013c800ffffffffffff28426110611061106110ed
:1013d800611061106110611061105defffffffff88
:1013e800ffffffffffffffffffffffffffffffff05
:1013f800ffffffffffffffffffffbef76110611058
:10140800611061106110611061106110611061104c
:10141800611061106110611061106110611061103c
:10142800611061106110611061106110611061102c
:10143800611061106110611061106110611061101c
:10144800611061106110611061106110611061100c
:1014580061106110611061106110611061106110fc
:1014680061106110611061106110611061106110ec
:1014780061106110611061106110611061106110dc
:1014880061106110611061106110611061106110cc
:101498007194c318611061108210719471947194e1
:1014a800719471947194719471947194719471940c
:1014b8007194611061106110611061106110611008
:1014c800611061106110611061106110ef837194f7
:1014d80071947194719471947194719471947194dc
:1014e80071947194719471947194719471947194cc
:1014f80071947194719471947194719471947194bc
:1015080071947194719471947194719471947194ab
:10151800719471947194719471947194719471949b
:1015280071947194719471947194611061102c6b21
:101538007194c2186110611061106110611061101e
:10154800611061106110611061106110611061100b
:1015580061106110611061106110611061106110fb
:1015680061106110284affffffffffffffffffff29
:10157800ffffffffffffffffffffffffffffffff73
:10158800ffffffffffffffffffffffff2842611084
:1015980061106110611061106110611061106110bb
:1015a8006110611061106110611061102c6bdfff18
:1015b800ffffffffffffffffffffffffffffffff33
:1015c800ffffffffffffffffffffffffffffffff23
:1015d8004d6b611061106110611061106110611034
:1015e800611061106110ffffffffffffffffffffaa
:1015f800fffffffffffffffffffffffffffffffff3
:10160800ffff1ce76110611061106110611061102b
:1016180061106110bad6ffffffffffffffffffff5a
:10162800ffffffffffffffffffffffffffffffffc2
:10163800718c61106110611061106110611061108e
:10164800611061106110ffffffffffffffffffff49
:10165800ffffffffffffffffffffffffffffffff92
:10166800ffffffffffffffff821061106110611095
:1016780061106110611061106110611061106110da
:101688006110611061106110242159ceffffffff26
:10169800ffffffffffffffffffffffffffffffff52
:1016a800ffffffffffffffffffffffffae7b6110a4
:1016b800611061106110611061106110611061109a
:1016c8006110f7bdfffffffffffffffffffffffff9
:1016d800ffffffffffffffffffffffffffffffff12
:1016e800ffffffffffffdfffd39c61106110611058
:1016f800611061106110611061106110611061105a
:101708006110611061106110611061106110611049
:101718006110611061106110611061106110611039
:101728006110611061106110611061106110611029
:101738006110611061106110611061106110611019
:101748006110611061106110611061106110611009
:1017580061106110611061106110611061106110f9
:1017680061106110611061106110611061106110e9
:1017780061106110611061107194494a6110611023
:1017880061107194719471947194719471947194bd
:1017980071947194719471947194611061106110d5
:1017a80061106110611061106110611061106110a9
:1017b80061106110ef8371947194719471947194b4
:1017c80071947194719471947194719471947194e9
:1017d80071947194719471947194719471947194d9
:1017e80071947194719471947194719471947194c9
:1017f80071947194719471947194719471947194b9
:1018080071947194719471947194719471947194a8
:10181800ef7b61106110718c71946110611061101f
:101828006110611061106110611061106110611028
:101838006110611061106110611061106110611018
:10184800611061106110611061106110284affff7a
:10185800ffffffffffffffffffffffffffffffff90
:10186800ffffffffffffffffffffffffffffffff80
:10187800ffffffffdfff8210611061106110611030
:1018880061106110611061106110611061106110c8
:1018980061106110ffffffffffffffffffffffff6a
:1018a800ffffffffffffffffffffffffffffffff40
:1018b800ffffffffffffffffe318611061106110da
:1018c8006110611061106110611061106110fffffb
:1018d800ffffffffffffffffffffffffffffffff10
:1018e800ffffffffffffffffffff1ce76110611015
:1018f800611061106110611061106110bad6ffffac
:10190800ffffffffffffffffffffffffffffffffdf
:10191800ffffffffffffffff718c61106110611077
:101928006110611061106110611061106110ffff9a
:10193800ffffffffffffffffffffffffffffffffaf
:10194800ffffffffffffffffffffffffffffffff9f
:1019580079cea631611061106110611061106110bb
:1019680061106110611061106110611061106110e7
:101978005defffffffffffffffffffffffffffff21
:10198800ffffffffffffffffffffffffffffffff5f
:10199800ffffffffe3186110611061106110611013
:1019a8006110611061106110611034a5ffffffff25
:1019b800ffffffffffffffffffffffffffffffff2f
:1019c800ffffffffffffffffffffffffffffffff1f
:1019d800ffffd7bdf39c718c718c718c718c718ced
:1019e800718c718c718c718c65296110611061101a
:1019f8006110611061106110611061106110611057
:101a08006110611061106110611061106110611046
:101a18006110611061106110611061106110611036
:101a28006110611061106110611061106110611026
:101a38006110611061106110611061106110611016
:101a48006110611061106110611061106110611006
:101a580061106110611061106110611061106110f6
:101a6800284a7194c739611061108a52719471942f
:101a78007194719471947194719471947194719436
:101a88007194611061106110611061106110611032
:101a9800611061106110611061106110ef83719421
:101aa8007194719471947194719471947194719406
:101ab80071947194719471947194719471947194f6
:101ac80071947194719471947194719471947194e6
:101ad80071947194719471947194719471947194d6
:101ae80071947194719471947194719471947194c6
:101af800719471947194108482106110a218719479
:101b080071946110611061106110611061106110b1
:101b18006110611061106110611061106110611035
:101b28006110611061106110611061106110611025
:101b380061106110284affffffffffffffffffff53
:101b4800ffffffffffffffffffffffffffffffff9d
:101b5800ffffffffffffffffffffffffffffffff8d
:101b6800ffffeb5a61106110611061106110611084
:101b78006110611061100421bad6ffffffffffff5b
:101b8800ffffffffffffffffffffffffffffffff5d
:101b9800ffffffffffffffffffffffffffffffff4d
:101ba80061106110611061106110611061106110a5
:101bb800611061106110ffffffffffffffffffffd4
:101bc800ffffffffffffffffffffffffffffffff1d
:101bd800ffff1ce761106110611061106110611056
:101be80061106110bad6ffffffffffffffffffff85
:101bf800ffffffffffffffffffffffffffffffffed
:101c0800718c6110611061106110611061106110b8
:101c18006110611061109294ffffffffffffffff4b
:101c2800ffffffffffffffffffffffffffffffffbc
:101c3800ffffffffffffffffffffffffffff718cad
:101c48006110611061106110611061106110611004
:101c58006110811034a5ffffffffffffffffffffab
:101c6800ffffffffffffffffffffffffffffffff7c
:101c7800ffffffffffffffffffffffff6110611086
:101c880061106110611061106110611061106110c4
:101c98006110cb5affffffffffffffffffffffffb2
:101ca800ffffffffffffffffffffffffffffffff3c
:101cb800ffffffffffffffffffffffffffffffff2c
:101cc800ffffffffffffffffffffffffffffffff1c
:101cd800284a611061106110611061106110611073
:101ce8006110611061106110611061106110611064
:101cf8006110611061106110611061106110611054
:101d08006110611061106110611061106110611043
:101d18006110611061106110611061106110611033
:101d28006110611061106110611061106110611023
:101d38006110611061106110611061106110611013
:101d48006110611061106110a2187194ae73611076
:101d58006110c21871947194719471947194719412
:101d680071947194719471947194611061106110ff
:101d780061106110611061106110611061106110d3
:101d880061106110ef8371947194719471947194de
:101d98007194719471947194719471947194719413
:101da8007194719471947194719471947194719403
:101db80071947194719471947194719471947194f3
:101dc80071947194719471947194719471947194e3
:101dd800719471947194719471947194719428426e
:101de80061106110484a719471946110611061101a
:101df8006110611061106110611061106110611053
:101e08006110611061106110611061106110611042
:101e1800611061106110611061106110284affffa4
:101e2800ffffffffffffffffffffffffffffffffba
:101e3800ffffffffffffffffffffffffffffffffaa
:101e4800ffffffffffffffffffffffff38c62c6309
:101e5800e7412429611081104529284a79ceffffde
:101e6800ffffffffffffffffffffffffffffffff7a
:101e7800ffffffffffffffffffffffffffffffff6a
:101e8800ffffffffffffffff61106110611061108e
:101e98006110611061106110611061106110ffff25
:101ea800ffffffffffffffffffffffffffffffff3a
:101eb800ffffffffffffffffffff1ce7611061103f
:101ec800611061106110611061106110bad6ffffd6
:101ed800ffffffffffffffffffffffffffffffff0a
:101ee800ffffffffffffffff718c611061106110a2
:101ef800611061106110611061106110611004219e
:101f0800bef7ffffffffffffffffffffffffffff22
:101f1800ffffffffffffffffffffffffffffffffc9
:101f2800ffffffffffffffff1ce7ae7b8a528631f2
:101f3800611061100421a63196b57defffffffff08
:101f4800ffffffffffffffffffffffffffffffff99
:101f5800ffffffffffffffffffffffffffffffff89
:101f6800ffffffff611061106110611061106110c7
:101f7800611061106110611061104529ffffffffba
:101f8800ffffffffffffffffffffffffffffffff59
:101f9800ffffffffffffffffffffffffffffffff49
:101fa800ffffffffffffffffffffffffffffffff39
:101fb800ffffffffffffffff284a6110611061105c
:101fc8006110611061106110611061106110611081
:101fd8006110611061106110611061106110611071
:101fe8006110611061106110611061106110611061
:101ff8006110611061106110611061106110611051
:102008006110611061106110611061106110611040
:102018006110611061106110611061106110611030
:102028006110611061106110611061106110611020
:10203800611071947194ae73611061101084719481
:102048007194719471947194719471947194719460
:10205800719461106110611061106110611061105c
:10206800611061106110611061106110ef8371944b
:102078007194719471947194719471947194719430
:102088007194719471947194719471947194719420
:102098007194719471947194719471947194719410
:1020a8007194719471947194719471947194719400
:1020b80071947194719471947194719471947194f0
:1020c80071947194c73961106110084271947194c8
:1020d800494a61106110611061106110611061104e
:1020e8006110611061106110611061106110611060
:1020f8006110611061106110611061106110611050
:1021080061106110284affffffffffffffffffff7d
:10211800ffffffffffffffffffffffffffffffffc7
:10212800ffffffffffffffffffffffffffffffffb7
:10213800ffffffffffffffffffffffffffffffffa7
:10214800ffffffffffffffffffffffffffffffff97
:10215800ffffffffffffffffffffffffffffffff87
:10216800fffffffffffffffffffffffffffff7bdc1
:1021780061106110611061106110611061106110cf
:10218800611061106110fffffffffffffffffffffe
:10219800ffffffffffffffffffffffffffffffff47
:1021a800ffff1ce761106110611061106110611080
:1021b80061106110bad6ffffffffffffffffffffaf
:1021c800ffffffffffffffffffffffffffffffff17
:1021d800718c6110611061106110611061106110e3
:1021e80061106110611061100321ffffffffffff05
:1021f800ffffffffffffffffffffffffffffffffe7
:10220800ffffffffffffffffffffffffffffffffd6
:10221800ffffffffffffffffffffffffffffffffc6
:10222800ffffffffffffffffffffffffffffffffb6
:10223800ffffffffffffffffffffffffffffffffa6
:10224800ffffffffffffffffffffd39c611061103f
:1022580061106110611061106110611061106110ee
:1022680061106110ffffffffffffffffffffffff90
:10227800ffffffffffffffffffffffffffffffff66
:10228800ffffffffffffffffffffffffffffffff56
:10229800ffffffffffffffffffffffffffffffff46
:1022a800284a61106110611061106110611061109d
:1022b800611061106110611061106110611061108e
:1022c800611061106110611061106110611061107e
:1022d800611061106110611061106110611061106e
:1022e800611061106110611061106110611061105e
:1022f800611061106110611061106110611061104e
:10230800611061106110611061106110611061103d
:102318006110611061106110611071947194719471
:102328006110611008427194719471947194719460
:102338007194719471947194719461106110611029
:1023480061106110611061106110611061106110fd
:1023580061106110ef837194719471947194719408
:10236800719471947194719471947194719471943d
:10237800719471947194719471947194719471942d
:10238800719471947194719471947194719471941d
:10239800719471947194719471947194719471940d
:1023a8007194719471947194719471946110611025
:1023b800611010847194308ca21861106110611042
:1023c800611061106110611061106110611061107d
:1023d800611061106110611061106110611061106d
:1023e800611061106110611061106110284affffcf
:1023f800ffffffffffffffffffffffffffffffffe5
:10240800ffffffffffffffffffffffffffffffffd4
:10241800ffffffffffffffffffffffffffffffffc4
:10242800ffffffffffffffffffffffffffffffffb4
:10243800ffffffffffffffffffffffffffffffffa4
:10244800ffffffffffffffffffffffffffffffff94
:10245800ffffffffdfffa6396110611061106110f7
:102468006110611061106110611061106110ffff4f
:10247800ffffffffffffffffffffffffffffffff64
:10248800ffffffffffffffffffff1ce76110611069
:10249800611061106110611061106110bad6ffff00
:1024a800ffffffffffffffffffffffffffffffff34
:1024b800ffffffffffffffff718c611061106110cc
:1024c800611061106110611061106110611061107c
:1024d8006110ffffffffffffffffffffffffffff91
:1024e800fffffffffffffffffffffffffffffffff4
:1024f800ffffffffffffffffffffffffffffffffe4
:10250800ffffffffffffffffffffffffffffffffd3
:10251800ffffffffffffffffffffffffffffffffc3
:10252800ffffffffffffffffffffffffffffffffb3
:102538005defe318611061106110611061106110a6
:10254800611061106110611061106110ffffffffe1
:10255800ffffffffffffffffffffffffffffffff83
:10256800ffffffffffffffffffffffffffffffff73
:10257800ffffffffffffffffffffffffffffffff63
:10258800ffffffffffffffff284a61106110611086
:1025980061106110611061106110611061106110ab
:1025a800611061106110611061106110611061109b
:1025b800611061106110611061106110611061108b
:1025c800611061106110611061106110611061107b
:1025d800611061106110611061106110611061106b
:1025e800611061106110611061106110611061105b
:1025f800611061106110611061106110611061104b
:102608006110aa52719471942842611061102429b2
:10261800518c7194719471947194719471947194b2
:102628007194611061106110611061106110611086
:10263800611061106110611061106110ef83719475
:10264800719471947194719471947194719471945a
:10265800719471947194719471947194719471944a
:10266800719471947194719471947194719471943a
:10267800719471947194719471947194719471942a
:10268800719471947194719471947194719471941a
:102698007194cb5a61106110611071947194821019
:1026a800611061106110611061106110611061109a
:1026b800611061106110611061106110611061108a
:1026c800611061106110611061106110611061107a
:1026d80061106110284affffffffffffffffffffa8
:1026e800fffffffffffffffffffffffffffffffff2
:1026f800ffffffffffffffffffffffffffffffffe2
:10270800ffffffffffffffffffffffffffffffffd1
:10271800ffffffffffffffffffffffffffffffffc1
:10272800ffffffffffffffffffffffffffffffffb1
:10273800ffffffffffffffffffffffffe318611031
:1027480061106110611061106110611061106110f9
:10275800611061106110ffffffffffffffffffff28
:10276800ffffffffffffffffffffffffffffffff71
:10277800ffff1ce7611061106110611061106110aa
:1027880061106110bad6ffffffffffffffffffffd9
:10279800ffffffffffffffffffffffffffffffff41
:1027a800718c61106110611061106110611061100d
:1027b80061106110611061106110bef7ffffffff2b
:1027c800ffffffffffffffffffffffffffffffff11
:1027d800ffffffffffffffffffffffffffffffff01
:1027e800fffffffffffffffffffffffffffffffff1
:1027f800ffffffffffffffffffffffffffffffffe1
:10280800ffffffffffffffffffffffffffffffffd0
:10281800ffffffffffffb6b5611061106110611087
:102828006110611061106110611061106110611018
:1028380061106110ae73ffffffffffffffffffff97
:10284800ffffffffffffffffffffffffffffffff90
:10285800ffffffffffffffffffffffffffffffff80
:10286800ffffffffffffffffffffffffffffffff70
:10287800284a6110611061106110611061106110c7
:1028880061106110611061106110611061106110b8
:1028980061106110611061106110611061106110a8
:1028a8006110611061106110611061106110611098
:1028b8006110611061106110611061106110611088
:1028c8006110611061106110611061106110611078
:1028d8006110611061106110611061106110611068
:1028e80061106110611061106110a218308c719430
:1028f800308c6110611061108a52719471947194d6
:102908007194719471947194719461106110611053
:102918006110611061106110611061106110611027
:1029280061106110ef837194719471947194719432
:102938007194719471947194719471947194719467
:102948007194719471947194719471947194719457
:102958007194719471947194719471947194719447
:102968007194719471947194719471947194719437
:1029780071947194719471947194a21061106110a2
:10298800611071947194611061106110611061108f
:1029980061106110611061106110611061106110a7
:1029a8006110611061106110611061106110611097
:1029b800611061106110611061106110284afffff9
:1029c800ffffffffffffffffffffffffffffffff0f
:1029d800ffffffffffffffffffffffffffffffffff
:1029e800ffffffffffffffffffffffffffffffffef
:1029f800ffffffffffffffffffffffffffffffffdf
:102a0800ffffffffffffffffffffffffffffffffce
:102a1800ffffffffffffffffffffffffffffffffbe
:102a2800ffffffff611061106110611061106110fc
:102a38006110611061106110611061106110ffff79
:102a4800ffffffffffffffffffffffffffffffff8e
:102a5800ffffffffffffffffffff1ce76110611093
:102a6800611061106110611061106110bad6ffff2a
:102a7800ffffffffffffffffffffffffffffffff5e
:102a8800ffffffffffffffff718c611061106110f6
:102a980061106110611061106110611061106110a6
:102aa80061106d6bffffffffffffffffffffffffe1
:102ab800ffffffffffffffffffffffffffffffff1e
:102ac800ffffffffffffffffffffffffffffffff0e
:102ad800fffffffffffffffffffffffffffffffffe
:102ae800ffffffffffffffffffffffffffffffffee
:102af800ffffffffffffffffffffffffffff0421b7
:102b08006110611061106110611061106110611035
:102b1800611061106110611061106110c318ffff2e
:102b2800ffffffffffffffffffffffffffffffffad
:102b3800ffffffffffffffffffffffffffffffff9d
:102b4800ffffffffffffffffffffffffffffffff8d
:102b5800ffffffffffffffff284a611061106110b0
:102b680061106110611061106110611061106110d5
:102b780061106110611061106110611061106110c5
:102b880061106110611061106110611061106110b5
:102b980061106110611061106110611061106110a5
:102ba8006110611061106110611061106110611095
:102bb8006110611061106110611061106110611085
:102bc8006110611061106110611061106110611075
:102bd800611061108210ef7b71946529611061109a
:102be8006110719471947194719471947194719449
:102bf80071946110611061106110611061106110b1
:102c0800611061106110611061106110ef8371949f
:102c18007194719471947194719471947194719484
:102c28007194719471947194719471947194719474
:102c38007194719471947194719471947194719464
:102c48007194719471947194719471947194719454
:102c58007194719471947194719471947194719444
:102c6800aa5a611061108210ae7b718c65296110bf
:102c780061106110611061106110611061106110c4
:102c880061106110611061106110611061106110b4
:102c980061106110611061106110611061106110a4
:102ca80061106110284affffffffffffffffffffd2
:102cb800ffffffffffffffffffffffffffffffff1c
:102cc800ffffffffffffffffffffffffffffffff0c
:102cd800fffffffffffffffffffffffffffffffffc
:102ce800ffffffffffffffffffffffffffffffffec
:102cf800ffffffffffffffffffffffffffffffffdc
:102d0800ffffffffffffffffffffc2186110611009
:102d18006110611061106110611061106110611023
:102d2800611061106110ffffffffffffffffffff52
:102d3800ffffffffffffffffffffffffffffffff9b
:102d4800ffff1ce7611061106110611061106110d4
:102d580061106110bad6ffffffffffffffffffff03
:102d6800ffffffffffffffffffffffffffffffff6b
:102d7800718c611061106110611061106110611037
:102d8800611061106110611061106110c318bad62a
:102d9800ffffffffffffffffffffffffffffffff3b
:102da800ffffffffffffffffffffffffffffffff2b
:102db800ffffffffffffffffffffffffffffffff1b
:102dc800ffffffffffffffffffffffffffffffff0b
:102dd800fffffffffffffffffffffffffffffffffb
:102de800ffffffff8e7361106110611061106110a9
:102df8006110611061106110611061106110611043
:102e0800611061106110f7bdffffffffffffffffbb
:102e1800ffffffffffffffffffffffffffffffffba
:102e2800ffffffffffffffffffffffffffffffffaa
:102e3800ffffffffffffffffffffffffffffffff9a
:102e4800284a6110611061106110611061106110f1
:102e580061106110611061106110611061106110e2
:102e680061106110611061106110611061106110d2
:102e780061106110611061106110611061106110c2
:102e880061106110611061106110611061106110b2
:102e980061106110611061106110611061106110a2
:102ea8006110611061106110611061106110611092
:102eb800611061106110611061106110611086313c
:102ec8007194ef7b61106110611071947194719429
:102ed800719471947194719471946110611061107e
:102ee8006110611061106110611061106110611052
:102ef80061106110ef83719471947194719471945d
:102f08007194719471947194719471947194719491
:102f18007194719471947194719471947194719481
:102f28007194719471947194719471947194719471
:102f38007194719471947194719471947194719461
:102f48007194719471947194821061106110695236
:102f58007194eb6261106110611061106110611071
:102f680061106110611061106110611061106110d1
:102f780061106110611061106110611061106110c1
:102f8800611061106110611061106110284affff23
:102f9800ffffffffffffffffffffffffffffffff39
:102fa800ffffffffffffffffffffffffffffffff29
:102fb800ffffffffffffffffffffffffffffffff19
:102fc800ffffffffffffffffffffffffffffffff09
:102fd800fffffffffffffffffffffffffffffffff9
:102fe800ffffffffffffffffffffffffffffffffe9
:102ff8005def611061106110611061106110611066
:103008006110611061106110611061106110ffffa3
:10301800ffffffffffffffffffffffffffffffffb8
:10302800ffffffffffffffffffff1ce761106110bd
:10303800611061106110611061106110bad6ffff54
:10304800ffffffffffffffffffffffffffffffff88
:10305800ffffffffffffffff718c61106110611020
:1030680061106110611061106110611061106110d0
:103078006110611061104429ffffffffffffffff90
:10308800ffffffffffffffffffffffffffffffff48
:10309800ffffffffffffffffffffffffffffffff38
:1030a800ffffffffffffffffffffffffffffffff28
:1030b800ffffffffffffffffffffffffffffffff18
:1030c800ffffffffffffffffffffffff6110611022
:1030d8006110611061106110611061106110611060
:1030e800611061106110611061106110611024217c
:1030f8005defffffffffffffffffffffffffffff8a
:10310800ffffffffffffffffffffffffffffffffc7
:10311800ffffffffffffffffffffffffffffffffb7
:10312800ffffffffffffffff284a611061106110da
:1031380061106110611061106110611061106110ff
:1031480061106110611061106110611061106110ef
:1031580061106110611061106110611061106110df
:1031680061106110611061106110611061106110cf
:1031780061106110611061106110611061106110bf
:1031880061106110611061106110611061106110af
:10319800611061106110611061106110611061109f
:1031a80061106110611061106110719471946d6b00
:1031b800611061106110718c7194719471947194a3
:1031c80071946110611061106110611061106110db
:1031d800611061106110611061106110ef837194ca
:1031e80071947194719471947194719471947194af
:1031f800719471947194719471947194719471949f
:10320800719471947194719471947194719471948e
:10321800719471947194719471947194719471947e
:103228007194719471947194719471946110611096
:103238006110c73971947194308461106110611004
:1032480061106110611061106110611061106110ee
:1032580061106110611061106110611061106110de
:1032680061106110611061106110611061106110ce
:1032780061106110284afffffffffffffffffffffc
:10328800ffffffffffffffffffffffffffffffff46
:10329800718c6110a639ffffffffffffffffffffe3
:1032a800ffffffffffffffffffffffffffffffff26
:1032b800ffffffffffffffffffffffffffffffff16
:1032c800ffffffffffffffffffffffffffffffff06
:1032d800ffff9ef7694a611061106110611061106b
:1032e800611061106110611061106110611061104e
:1032f800611061106110ffffffffffffffffffff7d
:10330800ffffffffffffffffffffffffffffffffc5
:10331800ffff1ce7611061106110611061106110fe
:1033280061106110bad6ffffffffffffffffffff2d
:10333800ffffffffffffffffffffffffffffffff95
:10334800718c611061106110611061106110611061
:1033580061106110611061106110611061106110dd
:103368006110c318ffffffffffffffffffffffff15
:10337800ffffffffffffffffffffffffffffffff55
:10338800ffffffffffffffffffffffffffffffff45
:10339800ffffffffffffffffffffffffffffffff35
:1033a800ffffffffffffffffffffffffffff2c6394
:1033b800611061106110611061106110611061107d
:1033c800611061106110611061106110611061106d
:1033d80061106110611061106110b294ffffffff6e
:1033e800ffffffffffffffffffffffffffffffffe5
:1033f800ffffffffffffffffffffffffffffffffd5
:10340800ffffffffffffffffffffffffffffffffc4
:10341800284a61106110611061106110611061101b
:10342800611061106110611061106110611061100c
:1034380061106110611061106110611061106110fc
:1034480061106110611061106110611061106110ec
:1034580061106110611061106110611061106110dc
:1034680061106110611061106110611061106110cc
:1034780061106110611061106110611061106110bc
:1034880061106110611061106110611061106110ac
:103498006110cf7b719471948a5261106110284237
:1034a80071947194719471947194611061106110a8
:1034b800611061106110611061106110611061107c
:1034c80061106110ef837194719471947194719487
:1034d80071947194719471947194719471947194bc
:1034e80071947194719471947194719471947194ac
:1034f800719471947194719471947194719471949c
:10350800719471947194719471947194719471948b
:1035180071947194611061106110518c7194718c67
:10352800a6316110611061106110611061106110a5
:1035380061106110611061106110611061106110fb
:1035480061106110611061106110611061106110eb
:10355800611061106110611061106110284affff4d
:10356800ffffffffffffffffffffffffffffffff63
:10357800ffffffffffffffff718c61106110ffff6e
:10358800ffffffffffffffffffffffffffffffff43
:10359800ffffffffffffffffffffffffffffffff33
:1035a800ffffffffffffffffffffffffffffffff23
:1035b800ffffffffffffffffffffa639611061104c
:1035c800611061106110611061106110611061106b
:1035d8006110611061106110611061106110ffffce
:1035e800ffffffffffffffffffffffffffffffffe3
:1035f800ffffffffffffffffffff1ce761106110e8
:10360800611061106110611061106110bad6ffff7e
:10361800ffffffffffffffffffffffffffffffffb2
:10362800ffffffffffffffff718c6110611061104a
:1036380061106110611061106110611061106110fa
:10364800611061106110611061106110ef83ffff5c
:10365800ffffffffffffffffffffffffffffffff72
:10366800ffffffffffffffffffffffffffffffff62
:10367800ffffffffffffffffffffffffffffffff52
:10368800ffffffffffffffffffffffffffffffff42
:10369800ffffffffffff61106110611061106110f3
:1036a800611061106110611061106110611061108a
:1036b800611061106110611061106110611061107a
:1036c80061106110ef83ffffffffffffffffffffa8
:1036d800fffffffffffffffffffffffffffffffff2
:1036e800ffffffffffffffffffffffffffffffffe2
:1036f800ffffffffffffffff284a61106110611005
:103708006110611061106110611061106110611029
:103718006110611061106110611061106110611019
:103728006110611061106110611061106110611009
:1037380061106110611061106110611061106110f9
:1037480061106110611061106110611061106110e9
:1037580061106110611061106110611061106110d9
:1037680061106110611061106110611061106110c9
:103778006110611061106110611061107194719491
:103788007194611061106110611071947194719459
:103798007194611061106110611061106110611005
:1037a800611061106110611061106110ef837194f4
:1037b80071947194719471947194719471947194d9
:1037c80071947194719471947194719471947194c9
:1037d80071947194719471947194719471947194b9
:1037e80071947194719471947194719471947194a9
:1037f8007194719471947194ef83e318611061105e
:103808006d7371944d6b61106110611061106110de
:103818006110611061106110611061106110611018
:103828006110611061106110611061106110611008
:1038380061106110611061106110611061106110f8
:1038480061106110284affffffffffffffffffff26
:10385800ffffffffffffffffffffffffffffffff70
:10386800718c61106110a21834adffffffffffffdc
:10387800ffffffffffffffffffffffffffffffff50
:10388800ffffffffffffffffffffffffffffffff40
:10389800ffffffffffffffffffffffffffffdfff50
:1038a800ef7b61106110611061106110611061108f
:1038b8006110611061106110611061106110611078
:1038c800611061106110ffffffffffffffffffffa7
:1038d800fffffffffffffffffffffffffffffffff0
:1038e800ffff1ce761106110611061106110611029
:1038f80061106110bad6ffffffffffffffffffff58
:10390800ffffffffffffffffffffffffffffffffbf
:10391800718c61106110611061106110611061108b
:103928006110611061106110611061106110611007
:10393800611061106110611055adffffffffffffbf
:10394800ffffffffffffffffffffffffffffffff7f
:10395800ffffffffffffffffffffffffffffffff6f
:10396800ffffffffffffffffffffffffffffffff5f
:10397800ffffffffffffffffffff0c6361106110f8
:1039880061106110611061106110611061106110a7
:103998006110611061106110611061106110611097
:1039a8006110611061106110611061106110a63919
:1039b800bad6ffffffffffffffffffffffffffff7d
:1039c800ffffffffffffffffffffffffffffffffff
:1039d800ffffffffffffffffffffffffffffffffef
:1039e800284a611061106110611061106110611046
:1039f8006110611061106110611061106110611037
:103a08006110611061106110611061106110611026
:103a18006110611061106110611061106110611016
:103a28006110611061106110611061106110611006
:103a380061106110611061106110611061106110f6
:103a480061106110611061106110611061106110e6
:103a580061106110611061106110611061106110d6
:103a680061106110cb5a71947194e3186110611060
:103a78006110719471947194719461106110611066
:103a880061106110611061106110611061106110a6
:103a980061106110ef8371947194719471947194b1
:103aa80071947194719471947194719471947194e6
:103ab80071947194719471947194719471947194d6
:103ac80071947194719471947194719471947194c6
:103ad80071947194719471947194719471947194b6
:103ae800e32061106110611071947194a218611043
:103af8006110611061106110611061106110611036
:103b08006110611061106110611061106110611025
:103b18006110611061106110611061106110611015
:103b2800611061106110611061106110284affff77
:103b3800ffffffffffffffffffffffffffffffff8d
:103b4800ffffffffffffffff718c61106110611025
:103b58006110bef7ffffffffffffffffffffffff43
:103b6800ffffffffffffffffffffffffffffffff5d
:103b7800ffffffffffffffffffffffffffffffff4d
:103b8800ffffffffffff2842611061106110611005
:103b98006110611061106110611061106110611095
:103ba8006110611061106110611061106110fffff8
:103bb800ffffffffffffffffffffffffffffffff0d
:103bc800ffffffffffffffffffff1ce76110611012
:103bd800611061106110611061106110bad6ffffa9
:103be800ffffffffffffffffffffffffffffffffdd
:103bf800ffffffffffffffff718c61106110611075
:103c08006110611061106110611061106110611024
:103c18006110611061106110611061106110611014
:103c280061103ce7ffffffffffffffffffffffff04
:103c3800ffffffffffffffffffffffffffffffff8c
:103c4800ffffffffffffffffffffffffffffffff7c
:103c5800ffffffffffffffffffffffffffffffff6c
:103c680075b561106110611061106110611061100b
:103c780061106110611061106110611061106110b4
:103c880061106110611061106110611061106110a4
:103c98006110611061106110a210ffffffffffffac
:103ca800ffffffffffffffffffffffffffffffff1c
:103cb800ffffffffffffffffffffffffffffffff0c
:103cc800ffffffffffffffff284a6110611061102f
:103cd8006110611061106110611061106110611054
:103ce8006110611061106110611061106110611044
:103cf8006110611061106110611061106110611034
:103d08006110611061106110611061106110611023
:103d18006110611061106110611061106110611013
:103d28006110611061106110611061106110611003
:103d380061106110611061106110611061106110f3
:103d48006110611061106110611061106110a210a2
:103d5800af7b7194ae73611061106110694a719400
:103d6800719461106110611061106110611061102f
:103d7800611061106110611061106110ef8371941e
:103d88007194719471947194719471947194719403
:103d980071947194719471947194719471947194f3
:103da80071947194719471947194719471947194e3
:103db80071947194719471947194719471947194d3
:103dc80071947194cf7bc21861106110694a719423
:103dd800719465316110611061106110611061109a
:103de8006110611061106110611061106110611043
:103df8006110611061106110611061106110611033
:103e08006110611061106110611061106110611022
:103e180061106110284affffffffffffffffffff50
:103e2800ffffffffffffffffffffffffffffffff9a
:103e3800718c61106110611061106110cf7bffff00
:103e4800ffffffffffffffffffffffffffffffff7a
:103e5800ffffffffffffffffffffffffffffffff6a
:103e6800ffffffffffffffffffff2421611061102d
:103e780061106110611061106110611061106110b2
:103e880061106110611061106110611061106110a2
:103e9800611061106110ffffffffffffffffffffd1
:103ea800ffffffffffffffffffffffffffffffff1a
:103eb800ffff1ce761106110611061106110611053
:103ec80061106110bad6ffffffffffffffffffff82
:103ed800ffffffffffffffffffffffffffffffffea
:103ee800718c6110611061106110611061106110b6
:103ef8006110611061106110611061106110611032
:103f08006110611061106110611061102421929498
:103f1800ffffffffffffffffffffffffffffffffa9
:103f2800ffffffffffffffffffffffffffffffff99
:103f3800ffffffffffffffffffffffffffffffff89
:103f4800ffffffffbad661106110611061106110a8
:103f580061106110611061106110611061106110d1
:103f680061106110611061106110611061106110c1
:103f780061106110611061106110611061106110b1
:103f880061106110084296b5ffffffffffffffffba
:103f9800ffffffffffffffffffffffffffffffff29
:103fa800ffffffffffffffffffffffffffffffff19
:103fb800284a611061106110611061106110611070
:103fc8006110611061106110611061106110611061
:103fd8006110611061106110611061106110611051
:103fe8006110611061106110611061106110611041
:103ff8006110611061106110611061106110611031
:104008006110611061106110611061106110611020
:104018006110611061106110611061106110611010
:104028006110611061106110611061106110611000
:104038006110611061106110e31871947194c218d5
:10404800611061106110718c7194611061106110c0
:1040580061106110611061106110611061106110d0
:1040680061106110ef8371947194719471947194db
:104078007194719471947194719471947194719410
:104088007194719471947194719471947194719400
:1040980071947194719471947194719471947194f0
:1040a800719471947194719471947194a2186110bf
:1040b8006110611071947194718c611061106110bc
:1040c8006110611061106110611061106110611060
:1040d8006110611061106110611061106110611050
:1040e8006110611061106110611061106110611040
:1040f800611061106110611061106110284affffa2
:10410800ffffffffffffffffffffffffffffffffb7
:10411800ffffffffffffffff718c6110611061104f
:1041280061106110611055adffffffffffffffff3a
:10413800ffffffffffffffffffffffffffffffff87
:10414800ffffffffffffffffffffffffffffbef7c0
:10415800b2946110611061106110611061106110fa
:1041680061106110611061106110611061106110bf
:104178006110611061106110611061106110ffff22
:10418800ffffffffffffffffffffffffffffffff37
:10419800ffffffffffffffffffff1ce7611061103c
:1041a800611061106110611061106110bad6ffffd3
:1041b800ffffffffffffffffffffffffffffffff07
:1041c800ffffffffffffffff718c6110611061109f
:1041d800611061106110611061106110611061104f
:1041e800611061106110611061106110611061103f
:1041f80061106110611061103ce7ffffffffffffd6
:10420800ffffffffffffffffffffffffffffffffb6
:10421800ffffffffffffffffffffffffffffffffa6
:10422800ffffffffffffffffd7bd8a52611061103c
:1042380061106110611061106110611061106110ee
:1042480061106110611061106110611061106110de
:1042580061106110611061106110611061106110ce
:1042680061106110611061106110611061106110be
:10427800ef7bffffffffffffffffffffffffffffda
:10428800ffffffffffffffffffffffffffffffff36
:10429800ffffffffffffffff284a61106110611059
:1042a800611061106110611061106110611061107e
:1042b800611061106110611061106110611061106e
:1042c800611061106110611061106110611061105e
:1042d800611061106110611061106110611061104e
:1042e800611061106110611061106110611061103e
:1042f800611061106110611061106110611061102e
:10430800611061106110611061106110611061101d
:10431800611061106110611061106110611061100d
:104328006110108471947194cf7b611061106110d9
:10433800032161106110611061106110611061103a
:10434800611061106110611061106110ef83719448
:10435800719471947194719471947194719471942d
:10436800719471947194719471947194719471941d
:10437800719471947194719471947194719471940d
:1043880071947194719471947194719471947194fd
:10439800518c08426110611061108a5271947194b5
:1043a800611061106110611061106110611061107d
:1043b800611061106110611061106110611061106d
:1043c800611061106110611061106110611061105d
:1043d800611061106110611061106110611061104d
:1043e80061106110284affffffffffffffffffff7b
:1043f800ffffffffffffffffffffffffffffffffc5
:10440800718c611061106110611061106110611090
:104418006110e31818c6ffffffffffffffffffff54
:10442800ffffffffffffffffffffffffffffffff94
:10443800dfff65316110611061106110611061105a
:1044480061106110611061106110611061106110dc
:1044580061106110611061106110611061106110cc
:10446800611061106110f39cf39cf39cf39cf39c26
:10447800f39cf39cf39cf39cf39cf39cf39cf39cbc
:10448800f39c718c611061106110611061106110f2
:10449800611061103084f39cf39cf39cf39cf39cb3
:1044a800f39cf39cf39cf39cf39cf39cf39cf39c8c
:1044b800cb5a6110611061106110611061106110b8
:1044c800611061106110611061106110611061105c
:1044d800611061106110611061106110611061104c
:1044e8006110611061108a52ffffffffffffffff9d
:1044f800ffffffffffffffffffffffffffffffffc4
:10450800ffffffffffffffffbef7f7bdef8361105f
:10451800611061106110611061106110611061100b
:1045280061106110611061106110611061106110fb
:1045380061106110611061106110611061106110eb
:1045480061106110611061106110611061106110db
:1045580061106110611061106110611061106110cb
:10456800cb5ad39cf39cf39cf39cf39cf39cf39c55
:10457800f39cf39cf39cf39cf39cf39cf39cf39cbb
:104588006531611061106110611061106110611076
:10459800611061106110611061106110611061108b
:1045a800611061106110611061106110611061107b
:1045b800611061106110611061106110611061106b
:1045c800611061106110611061106110611061105b
:1045d800611061106110611061106110611061104b
:1045e800611061106110611061106110611061103b
:1045f800611061106110611061106110611061102b
:1046080061106110611061106110042110847194af
:104618007194611061106110611061106110611076
:1046280061106110611061106110611061106110fa
:1046380061106110ef837194719471947194719405
:10464800719471947194719471947194719471943a
:10465800719471947194719471947194719471942a
:10466800719471947194719471947194719471941a
:10467800719471947194ef7b4429611061106110f9
:10468800cb5a71947194494a61106110611061109c
:10469800611061106110611061106110611061108a
:1046a800611061106110611061106110611061107a
:1046b800611061106110611061106110611061106a
:1046c800611061106110611061106110284affffcc
:1046d800ffffffffffffffffffffffffffffffffe2
:1046e800ffffffffffffffff718c6110611061107a
:1046f80061106110611061106110611061108a52bf
:10470800929479ceffffffffffffffffffffffff40
:10471800ffffffff718c8a52e3186110611061106e
:1047280061106110611061106110611061106110f9
:1047380061106110611061106110611061106110e9
:1047480061106110611061106110611061106110d9
:1047580061106110611061106110611061106110c9
:1047680061106110611061106110611061106110b9
:1047780061106110611061106110611061106110a9
:104788006110611061106110611061106110611099
:104798006110611061106110611061106110611089
:1047a8006110611061106110611061106110611079
:1047b8006110611061106110611061106110611069
:1047c8006110611061106110611061106110611059
:1047d8002429aa52718cfbe6ffffffffffffffffb2
:1047e800ffffffffffffffffffffffff9ad6cf7b13
:1047f800a2186110611061106110611061106110e0
:104808006110611061106110611061106110611018
:104818006110611061106110611061106110611008
:1048280061106110611061106110611061106110f8
:1048380061106110611061106110611061106110e8
:1048480061106110611061106110611061106110d8
:1048580061106110611061106110611061106110c8
:1048680061106110611061106110611061106110b8
:1048780061106110611061106110611061106110a8
:104888006110611061106110611061106110611098
:104898006110611061106110611061106110611088
:1048a8006110611061106110611061106110611078
:1048b8006110611061106110611061106110611068
:1048c8006110611061106110611061106110611058
:1048d8006110611061106110611061106110611048
:1048e8006110611061106110611061106110611038
:1048f800611061106110ef7b7194518ce741611078
:104908006110611061106110611061106110611017
:10491800611061106110611061106110ef83719472
:104928007194719471947194719471947194719457
:104938007194719471947194719471947194719447
:104948007194719471947194719471947194719437
:10495800719471947194719471947194c7396110c0
:10496800611061100321ae7b719471946110611024
:1049780061106110611061106110611061106110a7
:104988006110611061106110611061106110611097
:104998006110611061106110611061106110611087
:1049a8006110611061106110611061106110611077
:1049b80061106110284affffffffffffffffffffa5
:1049c800ffffffffffffffffffffffffffffffffef
:1049d800718c6110611061106110611061106110bb
:1049e8006110611061106110611061106110611037
:1049f8006110611061106110611061106110611027
:104a08006110611061106110611061106110611016
:104a18006110611061106110611061106110611006
:104a280061106110611061106110611061106110f6
:104a380061106110611061106110611061106110e6
:104a480061106110611061106110611061106110d6
:104a580061106110611061106110611061106110c6
:104a680061106110611061106110611061106110b6
:104a780061106110611061106110611061106110a6
:104a88006110611061106110611061106110611096
:104a98006110611061106110611061106110611086
:104aa8006110611061106110611061106110611076
:104ab8006110611061106110611061106110611066
:104ac8006110611061106110611061106110611056
:104ad8006110611061106110611061106110611046
:104ae8006110611061106110611061106110611036
:104af8006110611061106110611061106110611026
:104b08006110611061106110611061106110611015
:104b18006110611061106110611061106110611005
:104b280061106110611061106110611061106110f5
:104b380061106110611061106110611061106110e5
:104b480061106110611061106110611061106110d5
:104b580061106110611061106110611061106110c5
:104b680061106110611061106110611061106110b5
:104b780061106110611061106110611061106110a5
:104b88006110611061106110611061106110611095
:104b98006110611061106110611061106110611085
:104ba8006110611061106110611061106110611075
:104bb8006110611061106110611061106110611065
:104bc8006110611061106110611061106110611055
:104bd8006110611061106110611061106110c318db
:104be800ae7371947194821061106110611061103c
:104bf8006110611061106110611061106110611025
:104c080061106110ef83719471947194719471942f
:104c18007194719471947194719471947194719464
:104c28007194719471947194719471947194719454
:104c38007194719471947194719471947194719444
:104c480071940c636110611061106110308471946b
:104c58007194518c611061106110611061106110c4
:104c680061106110611061106110611061106110b4
:104c780061106110611061106110611061106110a4
:104c88006110611061106110611061106110611094
:104c9800611061106110611061106110284afffff6
:104ca800ffffffffffffffffffffffffffffffff0c
:104cb800ffffffffffffffff718c611061106110a4
:104cc8006110611061106110611061106110611054
:104cd8006110611061106110611061106110611044
:104ce8006110611061106110611061106110611034
:104cf8006110611061106110611061106110611024
:104d08006110611061106110611061106110611013
:104d18006110611061106110611061106110611003
:104d280061106110611061106110611061106110f3
:104d380061106110611061106110611061106110e3
:104d480061106110611061106110611061106110d3
:104d580061106110611061106110611061106110c3
:104d680061106110611061106110611061106110b3
:104d780061106110611061106110611061106110a3
:104d88006110611061106110611061106110611093
:104d98006110611061106110611061106110611083
:104da8006110611061106110611061106110611073
:104db8006110611061106110611061106110611063
:104dc8006110611061106110611061106110611053
:104dd8006110611061106110611061106110611043
:104de8006110611061106110611061106110611033
:104df8006110611061106110611061106110611023
:104e08006110611061106110611061106110611012
:104e18006110611061106110611061106110611002
:104e280061106110611061106110611061106110f2
:104e380061106110611061106110611061106110e2
:104e480061106110611061106110611061106110d2
:104e580061106110611061106110611061106110c2
:104e680061106110611061106110611061106110b2
:104e780061106110611061106110611061106110a2
:104e88006110611061106110611061106110611092
:104e98006110611061106110611061106110611082
:104ea8006110611061106110611061106110611072
:104eb8006110611061106110611061106110611062
:104ec80061106110611061106110718c719471949e
:104ed800308c6110611061106110611061106110f7
:104ee800611061106110611061106110ef8371949d
:104ef8007194719471947194719471947194719482
:104f08007194719471947194719471947194719471
:104f18007194719471947194719471947194719461
:104f2800719471947194494a8210611061106110f2
:104f380003218e7371947194c3186110611061100c
:104f480061106110611061106110611061106110d1
:104f580061106110611061106110611061106110c1
:104f680061106110611061106110611061106110b1
:104f780061106110611061106110611061106110a1
:104f880061106110284affffffffffffffffffffcf
:104f9800ffffffffffffffffffffffffffffffff19
:104fa800718c6110611061106110611061106110e5
:104fb8006110611061106110611061106110611061
:104fc8006110611061106110611061106110611051
:104fd8006110611061106110611061106110611041
:104fe8006110611061106110611061106110611031
:104ff8006110611061106110611061106110611021
:105008006110611061106110611061106110611010
:105018006110611061106110611061106110611000
:1050280061106110611061106110611061106110f0
:1050380061106110611061106110611061106110e0
:1050480061106110611061106110611061106110d0
:1050580061106110611061106110611061106110c0
:1050680061106110611061106110611061106110b0
:1050780061106110611061106110611061106110a0
:105088006110611061106110611061106110611090
:105098006110611061106110611061106110611080
:1050a8006110611061106110611061106110611070
:1050b8006110611061106110611061106110611060
:1050c8006110611061106110611061106110611050
:1050d8006110611061106110611061106110611040
:1050e8006110611061106110611061106110611030
:1050f8006110611061106110611061106110611020
:10510800611061106110611061106110611061100f
:1051180061106110611061106110611061106110ff
:1051280061106110611061106110611061106110ef
:1051380061106110611061106110611061106110df
:1051480061106110611061106110611061106110cf
:1051580061106110611061106110611061106110bf
:1051680061106110611061106110611061106110af
:10517800611061106110611061106110611061109f
:10518800611061106110611061106110611061108f
:10519800611061106110611061106110611061107f
:1051a800611061106110611061106110611061106f
:1051b80061108631308471947194a2186110611065
:1051c800611061106110611061106110611061104f
:1051d80061106110ef83719471947194719471945a
:1051e800719471947194719471947194719471948f
:1051f800719471947194719471947194719471947f
:105208007194719471947194719471948a5261102b
:10521800611061106110e741518c719471948a5248
:1052280061106110611061106110611061106110ee
:1052380061106110611061106110611061106110de
:1052480061106110611061106110611061106110ce
:1052580061106110611061106110611061106110be
:10526800611061106110611061106110284affff20
:10527800ffffffffffffffffffffffffffffffff36
:10528800ffffffffffffffff718c611061106110ce
:10529800611061106110611061106110611061107e
:1052a800611061106110611061106110611061106e
:1052b800611061106110611061106110611061105e
:1052c800611061106110611061106110611061104e
:1052d800611061106110611061106110611061103e
:1052e800611061106110611061106110611061102e
:1052f800611061106110611061106110611061101e
:10530800611061106110611061106110611061100d
:1053180061106110611061106110611061106110fd
:1053280061106110611061106110611061106110ed
:1053380061106110611061106110611061106110dd
:1053480061106110611061106110611061106110cd
:1053580061106110611061106110611061106110bd
:1053680061106110611061106110611061106110ad
:10537800611061106110611061106110611061109d
:10538800611061106110611061106110611061108d
:10539800611061106110611061106110611061107d
:1053a800611061106110611061106110611061106d
:1053b800611061106110611061106110611061105d
:1053c800611061106110611061106110611061104d
:1053d800611061106110611061106110611061103d
:1053e800611061106110611061106110611061102d
:1053f800611061106110611061106110611061101d
:10540800611061106110611061106110611061100c
:1054180061106110611061106110611061106110fc
:1054280061106110611061106110611061106110ec
:1054380061106110611061106110611061106110dc
:1054480061106110611061106110611061106110cc
:1054580061106110611061106110611061106110bc
:1054680061106110611061106110611061106110ac
:10547800611061106110611061106110611061109c
:10548800611061106110611061106110611061108c
:105498006110611061106110611061106110694a3a
:1054a800518c719471944d6b611061106110611091
:1054b800611061106110611061106110ef837194c7
:1054c80071947194719471947194719471947194ac
:1054d800719471947194719471947194719471949c
:1054e8007194719471947194719471947194ef831f
:1054f800494a61106110611061108210518c7194d9
:1055080071947194611061106110611061106110e3
:1055180061106110611061106110611061106110fb
:1055280061106110611061106110611061106110eb
:1055380061106110611061106110611061106110db
:1055480061106110611061106110611061106110cb
:1055580061106110284afffffffffffffffffffff9
:10556800ffffffffffffffffffffffffffffffff43
:10557800718c61106110611061106110611061100f
:10558800611061106110611061106110611061108b
:10559800611061106110611061106110611061107b
:1055a800611061106110611061106110611061106b
:1055b800611061106110611061106110611061105b
:1055c800611061106110611061106110611061104b
:1055d800611061106110611061106110611061103b
:1055e800611061106110611061106110611061102b
:1055f800611061106110611061106110611061101b
:10560800611061106110611061106110611061100a
:1056180061106110611061106110611061106110fa
:1056280061106110611061106110611061106110ea
:1056380061106110611061106110611061106110da
:1056480061106110611061106110611061106110ca
:1056580061106110611061106110611061106110ba
:1056680061106110611061106110611061106110aa
:10567800611061106110611061106110611061109a
:10568800611061106110611061106110611061108a
:10569800611061106110611061106110611061107a
:1056a800611061106110611061106110611061106a
:1056b800611061106110611061106110611061105a
:1056c800611061106110611061106110611061104a
:1056d800611061106110611061106110611061103a
:1056e800611061106110611061106110611061102a
:1056f800611061106110611061106110611061101a
:105708006110611061106110611061106110611009
:1057180061106110611061106110611061106110f9
:1057280061106110611061106110611061106110e9
:1057380061106110611061106110611061106110d9
:1057480061106110611061106110611061106110c9
:1057580061106110611061106110611061106110b9
:1057680061106110611061106110611061106110a9
:105778006110611061106110611061106110611099
:1057880061106110611061106110518c71947194f5
:105798001084821061106110611061106110611035
:1057a80061106110ef837194719471947194719484
:1057b80071947194719471947194719471947194b9
:1057c80071947194719471947194719471947194a9
:1057d8006d6b0742611061106110611061106531d5
:1057e8008e73719471944d6b032161106110611077
:1057f8006110611061106110611061106110611019
:105808006110611061106110611061106110611008
:1058180061106110611061106110611061106110f8
:1058280061106110611061106110611061106110e8
:10583800611061106110611061106110284affff4a
:10584800ffffffffffffffffffffffffffffffff60
:10585800ffffffffffffffff718c611061106110f8
:1058680061106110611061106110611061106110a8
:105878006110611061106110611061106110611098
:105888006110611061106110611061106110611088
:105898006110611061106110611061106110611078
:1058a8006110611061106110611061106110611068
:1058b8006110611061106110611061106110611058
:1058c8006110611061106110611061106110611048
:1058d8006110611061106110611061106110611038
:1058e8006110611061106110611061106110611028
:1058f8006110611061106110611061106110611018
:105908006110611061106110611061106110611007
:1059180061106110611061106110611061106110f7
:1059280061106110611061106110611061106110e7
:1059380061106110611061106110611061106110d7
:1059480061106110611061106110611061106110c7
:1059580061106110611061106110611061106110b7
:105968006110611061107194719465296110611062
:105978006110611061106110611061106110611097
:105988006110611061106110611061106110611087
:105998006110611061106110611061106110611077
:1059a8006110611061106110611061106110611067
:1059b8006110611061106110611061106110611057
:1059c8006110611061106110611061106110611047
:1059d8006110611061106110611061106110611037
:1059e8006110611061106110611061106110611027
:1059f8006110611061106110611061106110611017
:105a08006110611061106110611061106110611006
:105a180061106110611061106110611061106110f6
:105a280061106110611061106110611061106110e6
:105a380061106110611061106110611061106110d6
:105a480061106110611061106110611061106110c6
:105a580061106110611061106110611061106110b6
:105a680061106110611061106110611061106110a6
:105a78006110e3204d6b719471941084494aa2100f
:105a8800611061106110611061106110494a718cd8
:105a980071947194719471947194719471947194d6
:105aa80071947194719471947194719471947194c6
:105ab800719471947194c73961106110611061100b
:105ac8006110611086317194719471941084611021
:105ad8006110611061106110611061106110611036
:105ae8006110611061106110611061106110611026
:105af8006110611061106110611061106110611016
:105b08006110611061106110611061106110611005
:105b180061106110611061106110611061106110f5
:105b280061106110284affffffffffffffffffff23
:105b3800ffffffffffffffffffffffffffffffff6d
:105b4800718c611061106110611061106110611039
:105b580061106110611061106110611061106110b5
:105b680061106110611061106110611061106110a5
:105b78006110611061106110611061106110611095
:105b88006110611061106110611061106110611085
:105b98006110611061106110611061106110611075
:105ba8006110611061106110611061106110611065
:105bb8006110611061106110611061106110611055
:105bc8006110611061106110611061106110611045
:105bd8006110611061106110611061106110611035
:105be8006110611061106110611061106110611025
:105bf8006110611061106110611061106110611015
:105c08006110611061106110611061106110611004
:105c180061106110611061106110611061106110f4
:105c280061106110611061106110611061106110e4
:105c380061106110611061106110611061106110d4
:105c48006110611061106110611061106110719430
:105c58007194652961106110611061106110611003
:105c680061106110611061106110611061106110a4
:105c78006110611061106110611061106110611094
:105c88006110611061106110611061106110611084
:105c98006110611061106110611061106110611074
:105ca8006110611061106110611061106110611064
:105cb8006110611061106110611061106110611054
:105cc8006110611061106110611061106110611044
:105cd8006110611061106110611061106110611034
:105ce8006110611061106110611061106110611024
:105cf8006110611061106110611061106110611014
:105d08006110611061106110611061106110611003
:105d180061106110611061106110611061106110f3
:105d280061106110611061106110611061106110e3
:105d380061106110611061106110611061106110d3
:105d480061106110611061106110611061106110c3
:105d580061106110611061106110611061106110b3
:105d6800ef837194719471942c6386316110611082
:105d7800611061106110611061106110c318084250
:105d8800eb62ae731084719471947194318c8e733c
:105d98002c6baa528631611061106110611061107c
:105da80061106110611004218a5271947194719488
:105db800518ce32061106110611061106110611055
:105dc8006110611061106110611061106110611043
:105dd8006110611061106110611061106110611033
:105de8006110611061106110611061106110611023
:105df8006110611061106110611061106110611013
:105e0800611061106110611061106110284affff74
:105e1800ffffffffffffffffffffffffffffffff8a
:105e2800ffffffffffffffff718c61106110611022
:105e380061106110611061106110611061106110d2
:105e480061106110611061106110611061106110c2
:105e580061106110611061106110611061106110b2
:105e680061106110611061106110611061106110a2
:105e78006110611061106110611061106110611092
:105e88006110611061106110611061106110611082
:105e98006110611061106110611061106110611072
:105ea8006110611061106110611061106110611062
:105eb8006110611061106110611061106110611052
:105ec8006110611061106110611061106110611042
:105ed8006110611061106110611061106110611032
:105ee8006110611061106110611061106110611022
:105ef8006110611061106110611061106110611012
:105f08006110611061106110611061106110611001
:105f180061106110611061106110611061106110f1
:105f280061106110611061106110611061106110e1
:105f3800611061106110719471946529611061108c
:105f480061106110611061106110611061106110c1
:105f580061106110611061106110611061106110b1
:105f680061106110611061106110611061106110a1
:105f78006110611061106110611061106110611091
:105f88006110611061106110611061106110611081
:105f98006110611061106110611061106110611071
:105fa8006110611061106110611061106110611061
:105fb8006110611061106110611061106110611051
:105fc8006110611061106110611061106110611041
:105fd8006110611061106110611061106110611031
:105fe8006110611061106110611061106110611021
:105ff8006110611061106110611061106110611011
:106008006110611061106110611061106110611000
:1060180061106110611061106110611061106110f0
:1060280061106110611061106110611061106110e0
:1060380061106110611061106110611061106110d0
:1060480061106110611061108210ef837194719476
:10605800719471946952042161106110611061108a
:1060680061106110611061106110611061106110a0
:106078006110611061106110611061106110611090
:106088006110611061106110611061108e7371945c
:10609800719471947194cb5ae31861106110611076
:1060a8006110611061106110611061106110611060
:1060b8006110611061106110611061106110611050
:1060c8006110611061106110611061106110611040
:1060d8006110611061106110611061106110611030
:1060e8006110611061106110611061106110611020
:1060f80061106110284affffffffffffffffffff4e
:10610800ffffffffffffffffffffffffffffffff97
:10611800718c611061106110611061106110611063
:1061280061106110611061106110611061106110df
:1061380061106110611061106110611061106110cf
:1061480061106110611061106110611061106110bf
:1061580061106110611061106110611061106110af
:10616800611061106110611061106110611061109f
:10617800611061106110611061106110611061108f
:10618800611061106110611061106110611061107f
:10619800611061106110611061106110611061106f
:1061a800611061106110611061106110611061105f
:1061b800611061106110611061106110611061104f
:1061c800611061106110611061106110611061103f
:1061d800611061106110611061106110611061102f
:1061e800611061106110611061106110611061101f
:1061f800611061106110611061106110611061100f
:1062080061106110611061106110611061106110fe
:10621800611061106110611061106110611071945a
:10622800719465296110611061106110611061102d
:1062380061106110611061106110611061106110ce
:1062480061106110611061106110611061106110be
:1062580061106110611061106110611061106110ae
:10626800611061106110611061106110611061109e
:10627800611061106110611061106110611061108e
:10628800611061106110611061106110611061107e
:10629800611061106110611061106110611061106e
:1062a800611061106110611061106110611061105e
:1062b800611061106110611061106110611061104e
:1062c800611061106110611061106110611061103e
:1062d800611061106110611061106110611061102e
:1062e800611061106110611061106110611061101e
:1062f800611061106110611061106110611061100e
:1063080061106110611061106110611061106110fd
:1063180061106110611061106110611061106110ed
:1063280061106110611061106110611061106110dd
:106338006110611061106110518c719471947194a5
:10634800719430842c6b042161106110611061100c
:1063580061106110611061106110611061106110ad
:10636800611061106110611061106110c218cf7b5b
:1063780071947194719471947194084261106110d0
:10638800611061106110611061106110611061107d
:10639800611061106110611061106110611061106d
:1063a800611061106110611061106110611061105d
:1063b800611061106110611061106110611061104d
:1063c800611061106110611061106110611061103d
:1063d800611061106110611061106110284affff9f
:1063e800ffffffffffffffffffffffffffffffffb5
:1063f800ffffffffffffffff718c6110611061104d
:1064080061106110611061106110611061106110fc
:1064180061106110611061106110611061106110ec
:1064280061106110611061106110611061106110dc
:1064380061106110611061106110611061106110cc
:1064480061106110611061106110611061106110bc
:1064580061106110611061106110611061106110ac
:10646800611061106110611061106110611061109c
:10647800611061106110611061106110611061108c
:10648800611061106110611061106110611061107c
:10649800611061106110611061106110611061106c
:1064a800611061106110611061106110611061105c
:1064b800611061106110611061106110611061104c
:1064c800611061106110611061106110611061103c
:1064d800611061106110611061106110611061102c
:1064e800611061106110611061106110611061101c
:1064f800611061106110611061106110611061100c
:1065080061106110611071947194652961106110b6
:1065180061106110611061106110611061106110eb
:1065280061106110611061106110611061106110db
:1065380061106110611061106110611061106110cb
:1065480061106110611061106110611061106110bb
:1065580061106110611061106110611061106110ab
:10656800611061106110611061106110611061109b
:10657800611061106110611061106110611061108b
:10658800611061106110611061106110611061107b
:10659800611061106110611061106110611061106b
:1065a800611061106110611061106110611061105b
:1065b800611061106110611061106110611061104b
:1065c800611061106110611061106110611061103b
:1065d800611061106110611061106110611061102b
:1065e800611061106110611061106110611061101b
:1065f800611061106110611061106110611061100b
:1066080061106110611061106110611061106110fa
:1066180061106110611061106110611061106110ea
:10662800a218284a71947194719471947194719418
:10663800aa52c739442961106110611061106110b4
:106648006110611061106110611061108110a63134
:106658002c6bf08371947194719471943084cb5a3b
:1066680024216110611061106110611061106110c6
:10667800611061106110611061106110611061108a
:10668800611061106110611061106110611061107a
:10669800611061106110611061106110611061106a
:1066a800611061106110611061106110611061105a
:1066b800611061106110611061106110611061104a
:1066c80061106110284affffffffffffffffffff78
:1066d800ffffffffffffffffffffffffffffffffc2
:1066e800718c61106110611061106110611061108e
:1066f800611061106110611061106110611061100a
:1067080061106110611061106110611061106110f9
:1067180061106110611061106110611061106110e9
:1067280061106110611061106110611061106110d9
:1067380061106110611061106110611061106110c9
:1067480061106110611061106110611061106110b9
:1067580061106110611061106110611061106110a9
:106768006110611061106110611061106110611099
:106778006110611061106110611061106110611089
:106788006110611061106110611061106110611079
:106798006110611061106110611061106110611069
:1067a8006110611061106110611061106110611059
:1067b8006110611061106110611061106110611049
:1067c8006110611061106110611061106110611039
:1067d8006110611061106110611061106110611029
:1067e8006110611061106110611061106110719485
:1067f8007194652961106110611061106110611058
:1068080061106110611061106110611061106110f8
:1068180061106110611061106110611061106110e8
:1068280061106110611061106110611061106110d8
:1068380061106110611061106110611061106110c8
:1068480061106110611061106110611061106110b8
:1068580061106110611061106110611061106110a8
:106868006110611061106110611061106110611098
:106878006110611061106110611061106110611088
:106888006110611061106110611061106110611078
:106898006110611061106110611061106110611068
:1068a8006110611061106110611061106110611058
:1068b8006110611061106110611061106110611048
:1068c8006110611061106110611061106110611038
:1068d8006110611061106110611061106110611028
:1068e8006110611061106110611061106110611018
:1068f8006110611061106110611061106110611008
:1069080061106110611061106110611061106110f7
:1069180008422c63308471947194719471947194c9
:106928007194719471947194719471947194719437
:1069380071947194719471947194719471946d734c
:1069480045296110611061106110611061106110ba
:1069580061106110611061106110611061106110a7
:106968006110611061106110611061106110611097
:106978006110611061106110611061106110611087
:106988006110611061106110611061106110611077
:106998006110611061106110611061106110611067
:1069a800611061106110611061106110284affffc9
:1069b800ffffffffffffffffffffffffffffffffdf
:1069c800ffffffffffffffff718c61106110611077
:1069d8006110611061106110611061106110611027
:1069e8006110611061106110611061106110611017
:1069f8006110611061106110611061106110611007
:106a080061106110611061106110611061106110f6
:106a180061106110611061106110611061106110e6
:106a280061106110611061106110611061106110d6
:106a380061106110611061106110611061106110c6
:106a480061106110611061106110611061106110b6
:106a580061106110611061106110611061106110a6
:106a68006110611061106110611061106110611096
:106a78006110611061106110611061106110611086
:106a88006110611061108210042182106110611080
:106a98006110611061106110611061106110611066
:106aa800611061106110611061106110e320e32032
:106ab8006110611061106110611061106110611046
:106ac8006110611061106110611082102421611041
:106ad80061106110611071947194652961106110e1
:106ae800611061106110611061106110611024293a
:106af8000421a21861106110611061106110611009
:106b08006110611061106110611061106110042141
:106b18002429611061106110611061106110611009
:106b280061106110611061106110611061106110d5
:106b3800a218c31861106110611061106110611012
:106b48006110611061106110611061106110821094
:106b5800e3188210611061106110611061106110fa
:106b68006110611061106110611061106110611095
:106b78006110c318e3186110611061106110611091
:106b88006110611061106110611061106110611075
:106b98006110611061106110611061106110611065
:106ba8006110611061106110611061106110611055
:106bb8006110611061106110611061106110611045
:106bc8006110611061106110611061106110611035
:106bd8006110611061106110611061106110611025
:106be8006110611061106110611061106110611015
:106bf8006110611061106110611061108110e7412e
:106c0800518c71947194719471947194719471947c
:106c18007194719471947194719471947194719444
:106c2800f0832c6b494a611061106110611061108a
:106c380061106110611061106110611061106110c4
:106c480061106110611061106110611061106110b4
:106c580061106110611061106110611061106110a4
:106c68006110611061106110611061106110611094
:106c78006110611061106110611061106110611084
:106c88006110611061106110611061106110611074
:106c980061106110284affffffffffffffffffffa2
:106ca800ffffffffffffffffffffffffffffffffec
:106cb800718c6110611061106110611061106110b8
:106cc8006110611061106110611061106110611034
:106cd8006110611061106110611061106110611024
:106ce8006110611061106110611061106110611014
:106cf8006110611061106110611061106110611004
:106d080061106110611061106110611061106110f3
:106d180061106110611061106110611061106110e3
:106d280061106110611061106110611061106110d3
:106d380061106110611061106110611061106110c3
:106d480061106110611061106110611061106110b3
:106d580061106110611061106110611061106110a3
:106d6800611061106110611061108631eb62718ce5
:106d78007194718cae7324296110611061106110d7
:106d88006110611061104529cb5a694a6110611080
:106d98008e73518c719471946952c318611061108b
:106da8006110611061106110611061106110611053
:106db800ef8371947194ef7bc31861106110719423
:106dc8007194652961106110611061106110611082
:106dd80061100421518c719471947194e741a2104f
:106de8006110611061106110611061106110611013
:106df8006110c739308471947194cf7b0c63821011
:106e080061106110611061106110611061106110f2
:106e18006110e3188e73308c719471941084e7417b
:106e280061106110611061106110611061106110d2
:106e38008110a639ef8371947194718caa5a6110ec
:106e48006110611061106110611061106110cb5afe
:106e5800cb5a611061100c63108471947194eb5ad1
:106e6800652961106110611061106110cb5acb5a0d
:106e7800cb5a0742611061106110611061106110f6
:106e880061106110cb5acb5acb5a61106110611056
:106e98006110611061106110611061106110611062
:106ea8006110611061106110611061106110611052
:106eb8006110611061106110611061106110611042
:106ec8006110611061106110611061106110611032
:106ed8006110611061106110611061106110611022
:106ee8006110611061106110611061106110611012
:106ef800611061106110e318e320a218a218611054
:106f080061106110611061106110611061106110f1
:106f180061106110611061106110611061106110e1
:106f280061106110611061106110611061106110d1
:106f380061106110611061106110611061106110c1
:106f480061106110611061106110611061106110b1
:106f580061106110611061106110611061106110a1
:106f68006110611061106110611061106110611091
:106f7800611061106110611061106110284afffff3
:106f8800ffffffffffffffffffffffffffffffff09
:106f9800ffffffffffffffff718c611061106110a1
:106fa8006110611061106110611061106110611051
:106fb8006110611061106110611061106110611041
:106fc8006110611061106110611061106110611031
:106fd8006110611061106110611061106110611021
:106fe8006110611061106110611061106110611011
:106ff8006110611061106110611061106110611001
:1070080061106110611061106110611061106110f0
:1070180061106110611061106110611061106110e0
:1070280061106110611061106110611061106110d0
:1070380061106110611061106110611061106110c0
:1070480061106110611061106110611061106110b0
:10705800aa5a719471947194719471947194719401
:107068007194611061106110611061106110c7396d
:107078007194af7baa5a71947194719471947194bc
:107088007194719471948210611061106110611093
:1070980061106110308c7194719471947194719431
:1070a80071947194eb5a719471946529611061100f
:1070b800611061106110518c719471947194719484
:1070c80071947194719471948e73c31861106110e6
:1070d800611061108110eb627194719471947194d4
:1070e800719471947194719471946110611061102c
:1070f8006110611061106110108471947194719421
:107108007194719471947194cb5a611061106110eb
:10711800611061106110a218719471947194719446
:107128007194719471947194494a6110611061105d
:107138006110611061107194719482102c6b7194bc
:107148007194719471947194719471946110611037
:10715800611061100c6371947194719461106110e5
:107168006110611061106110611061107194719467
:10717800308461106110611061106110611061103c
:10718800611061106110611061106110611061106f
:10719800611061106110611061106110611061105f
:1071a800611061106110611061106110611061104f
:1071b800611061106110611061106110611061103f
:1071c800611061106110611061106110611061102f
:1071d800611061106110611061106110611061101f
:1071e800611061106110611061106110611061100f
:1071f80061106110611061106110611061106110ff
:1072080061106110611061106110611061106110ee
:1072180061106110611061106110611061106110de
:1072280061106110611061106110611061106110ce
:1072380061106110611061106110611061106110be
:1072480061106110611061106110611061106110ae
:10725800611061106110611061106110611061109e
:1072680061106110284affffffffffffffffffffcc
:10727800ffffffffffffffffffffffffffffffff16
:10728800718c6110611061106110611061106110e2
:10729800611061106110611061106110611061105e
:1072a800611061106110611061106110611061104e
:1072b800611061106110611061106110611061103e
:1072c800611061106110611061106110611061102e
:1072d800611061106110611061106110611061101e
:1072e800611061106110611061106110611061100e
:1072f80061106110611061106110611061106110fe
:1073080061106110611061106110611061106110ed
:1073180061106110611061106110611061106110dd
:1073280061106110611061106110611061106110cd
:10733800611061106110eb62719471947194ef8324
:107348004d6b3084719471947194c73961106110d8
:10735800611061106110c7397194af7b7194719499
:107368007194308cef7b71947194719471948a52fa
:107378006110611061106110611065317194719430
:107388007194518c6d6b718c71947194719471942a
:107398007194652961106110611061106110719418
:1073a80071947194718c6d6b6d7310847194719478
:1073b8007194ef8361106110611061108a527194a9
:1073c80071947194518c2c630c63719471947194c1
:1073d8007194611061106110611061106110a63123
:1073e800719471947194718cae73cf7b7194719414
:1073f80071948a526110611061106110c218cf7bbc
:10740800719471947194308cae7b518c7194719499
:107418007194aa5261106110611061106110719429
:107428007194eb6271947194ef7beb5aeb5a7194ff
:1074380071947194452961106110611086317194bd
:107448007194719461106110611061106110611084
:107458006110611071947194cb5a611061106110c0
:10746800611061106110611061106110611061108c
:10747800611061106110611061106110611061107c
:10748800611061106110611061106110611061106c
:10749800611061106110611061106110611061105c
:1074a800611061106110611061106110611061104c
:1074b800611061106110611061106110611061103c
:1074c800611061106110611061106110611061102c
:1074d800611061106110611061106110611061101c
:1074e800611061106110611061106110611061100c
:1074f80061106110611061106110611061106110fc
:1075080061106110611061106110611061106110eb
:1075180061106110611061106110611061106110db
:1075280061106110611061106110611061106110cb
:1075380061106110611061106110611061106110bb
:10754800611061106110611061106110284affff1d
:10755800ffffffffffffffffffffffffffffffff33
:10756800ffffffffffffffff718c611061106110cb
:10757800611061106110611061106110611061107b
:10758800611061106110611061106110611061106b
:10759800611061106110611061106110611061105b
:1075a800611061106110611061106110611061104b
:1075b800611061106110611061106110611061103b
:1075c800611061106110611061106110611061102b
:1075d800611061106110611061106110611061101b
:1075e800611061106110611061106110611061100b
:1075f80061106110611061106110611061106110fb
:1076080061106110611061106110611061106110ea
:10761800611061106110611061106110718c7194ba
:107628007194284261106110611061106110cb5a89
:1076380071947194cf7b8210611061106110c73909
:107648007194719471946d6b611061106110611087
:10765800518c719471947194611061106110611072
:10766800eb5a7194719471946110611061106110fa
:10767800e320ef837194719471946529611061100e
:107688006110c3183084719471948e736110611005
:1076980061106110a631518c719471946110611060
:1076a8006110611071947194719485316110611049
:1076b80061106110611071947194cb5a611061105e
:1076c800611061102c6371947194cf7b611061100b
:1076d800611061106110cb5a71947194ae7361108e
:1076e8006110694a71947194718c0842611061103b
:1076f800611061108210719471947194518c6110b1
:107708006110611061107194719471947194611099
:10771800611061106110c318cf7b71947194cb5aba
:107728006110611061108a52719471946110611036
:107738006110611061106110611061107194cf7b4c
:1077480061106110611061106110611061106110a9
:107758006110611061106110611061106110611099
:107768006110611061106110611061106110611089
:107778006110611061106110611061106110611079
:107788006110611061106110611061106110611069
:107798006110611061106110611061106110611059
:1077a8006110611061106110611061106110611049
:1077b8006110611061106110611061106110611039
:1077c8006110611061106110611061106110611029
:1077d8006110611061106110611061106110611019
:1077e8006110611061106110611061106110611009
:1077f80061106110611061106110611061106110f9
:1078080061106110611061106110611061106110e8
:1078180061106110611061106110611061106110d8
:1078280061106110611061106110611061106110c8
:1078380061106110284afffffffffffffffffffff6
:10784800ffffffffffffffffffffffffffffffff40
:10785800718c61106110611061106110611061100c
:107868006110611061106110611061106110611088
:107878006110611061106110611061106110611078
:107888006110611061106110611061106110611068
:107898006110611061106110611061106110611058
:1078a8006110611061106110611061106110611048
:1078b8006110611061106110611061106110611038
:1078c8006110611061106110611061106110611028
:1078d8006110611061106110611061106110611018
:1078e8006110611061106110611061106110611008
:1078f80061106110611061106110611061106110f8
:10790800611061107194719471946110611061102b
:107918006110611061106110e31871947194ae7b6d
:10792800611061106110c7397194719465296110f3
:107938006110611061106110a218718c71947194ba
:107948006110611061106110719471947194494ac9
:10795800611061106110611061106110e74171944c
:1079680071946529611061106110518c7194518c6a
:1079780004216110611061106110611061106110c3
:1079880071947194cb5a6110611061107194719463
:107998007194611061106110611061106110eb5aef
:1079a80071940c638110611061106110719471946d
:1079b80071946110611061106110611061106110a3
:1079c80071947194719461106110719471947194af
:1079d8006110611061106110611061106110c318ad
:1079e80071947194719461106110611061107194b7
:1079f80071947194284a61106110611061106110ce
:107a08006110284a719471946110611061106110bd
:107a180071947194e320611061106110611061101c
:107a28006110694a7194e318611061106110611066
:107a380061106110611061106110611061106110b6
:107a480061106110611061106110611061106110a6
:107a58006110611061106110611061106110611096
:107a68006110611061106110611061106110611086
:107a78006110611061106110611061106110611076
:107a88006110611061106110611061106110611066
:107a98006110611061106110611061106110611056
:107aa8006110611061106110611061106110611046
:107ab8006110611061106110611061106110611036
:107ac8006110611061106110611061106110611026
:107ad8006110611061106110611061106110611016
:107ae8006110611061106110611061106110611006
:107af80061106110611061106110611061106110f6
:107b080061106110611061106110611061106110e5
:107b1800611061106110611061106110284affff47
:107b2800ffffffffffffffffffffffffffffffff5d
:107b3800ffffffffffffffff718c611061106110f5
:107b480061106110611061106110611061106110a5
:107b58006110611061106110611061106110611095
:107b68006110611061106110611061106110611085
:107b78006110611061106110611061106110611075
:107b88006110611061106110611061106110611065
:107b98006110611061106110611061106110611055
:107ba8006110611061106110611061106110611045
:107bb8006110611061106110611061106110611035
:107bc8006110611061106110611061106110611025
:107bd8006110611061106110611061106110611015
:107be80061106110611061106110611071947194dd
:107bf8007194611061106110611061106110611061
:107c08006110719471947194611061106110c73999
:107c180071947194611061106110611061106110ac
:107c28006110ef7b719471946110611061106110a3
:107c380071947194518ca2106110611061106110df
:107c4800611061108110719471946529611061103f
:107c58006110719471940c6361106110611061106e
:107c68006110611061106110518c7194308c821018
:107c780061106110719471947194c218611061104f
:107c8800611061106110c318c31861106110611090
:107c980061106110719471943084611061106110e9
:107ca8006110611061106110719410846d7361101e
:107cb8006110719471947194611061106110611078
:107cc8006110611061106110719471947194611068
:107cd80061106110611071947194108482106110a8
:107ce80061106110611061106110a2187194719493
:107cf800611061106110611071947194694a61108a
:107d080061106110611061106110ef7b7194611056
:107d180061106110611061106110611061106110d3
:107d280061106110611061106110611061106110c3
:107d380061106110611061106110611061106110b3
:107d480061106110611061106110611061106110a3
:107d58006110611061106110611061106110611093
:107d68006110611061106110611061106110611083
:107d78006110611061106110611061106110611073
:107d88006110611061106110611061106110611063
:107d98006110611061106110611061106110611053
:107da8006110611061106110611061106110611043
:107db8006110611061106110611061106110611033
:107dc8006110611061106110611061106110611023
:107dd8006110611061106110611061106110611013
:107de8006110611061106110611061106110611003
:107df80061106110611061106110611061106110f3
:107e080061106110284affffffffffffffffffff20
:107e1800ffffffffffffffffffffffffffffffff6a
:107e2800718c611061106110611061106110611036
:107e380061106110611061106110611061106110b2
:107e480061106110611061106110611061106110a2
:107e58006110611061106110611061106110611092
:107e68006110611061106110611061106110611082
:107e78006110611061106110611061106110611072
:107e88006110611061106110611061106110611062
:107e98006110611061106110611061106110611052
:107ea8006110611061106110611061106110611042
:107eb8006110611061106110611061106110611032
:107ec8006110611061106110611061106110611022
:107ed8006110a210719471948e7361106110611019
:107ee8006110611061106110611071947194719446
:107ef800611061106110c73971947194611061103b
:107f0800611061106110611061104d6b7194719472
:107f1800611061106110611071947194694a611067
:107f2800611061106110611061106110611071942d
:107f38007194652961106110611071947194a21097
:107f480061106110611061106110611061106110a1
:107f5800084271947194084261106110719471948f
:107f6800719471946d6b042161106110611061103e
:107f780061106110611061106110e7417194719492
:107f88000742611061106110611061106110611089
:107f98006110611061106110652971947194719478
:107fa8006110611061106110611061106110611041
:107fb800ef83719471948110611061106110719454
:107fc8007194a6396110611061106110611061101f
:107fd80061106110719471948631611061106110a3
:107fe800eb62719471944529611061106110611000
:107ff800cb5a7194318c611061106110611061105d
:1080080061106110611061106110611061106110e0
:1080180061106110611061106110611061106110d0
:1080280061106110611061106110611061106110c0
:1080380061106110611061106110611061106110b0
:1080480061106110611061106110611061106110a0
:108058006110611061106110611061106110611090
:108068006110611061106110611061106110611080
:108078006110611061106110611061106110611070
:108088006110611061106110611061106110611060
:108098006110611061106110611061106110611050
:1080a8006110611061106110611061106110611040
:1080b8006110611061106110611061106110611030
:1080c8006110611061106110611061106110611020
:1080d8006110611061106110611061106110611010
:1080e800611061106110611061106110284affff72
:1080f800ffffffffffffffffffffffffffffffff88
:10810800ffffffffffffffff718c6110611061101f
:1081180061106110611061106110611061106110cf
:1081280061106110611061106110611061106110bf
:1081380061106110611061106110611061106110af
:10814800611061106110611061106110611061109f
:10815800611061106110611061106110611061108f
:10816800611061106110611061106110611061107f
:10817800611061106110611061106110611061106f
:10818800611061106110611061106110611061105f
:10819800611061106110611061106110611061104f
:1081a800611061106110611061106110611061103f
:1081b800611061106110611061102429719471942b
:1081c800ae7b494a494a494a494a494a494a494a79
:1081d800494a719471947194611061106110c739a2
:1081e80071947194611061106110611061106110d7
:1081f80061104d6b71947194611061106110611080
:1082080071947194c7396110611061106110611027
:108218006110611061107194719465296110611089
:108228006110719471946110611061106110611096
:108238006110611061106110652971947194aa52de
:1082480061106110ae73719471947194719471940a
:10825800ef83a21861106110611061106110611044
:108268006110aa52719471944529611061106110ce
:10827800611061106110611061106110611061106e
:10828800e7417194719471946110611061106110eb
:1082980061106110611061102c6b71947194c31896
:1082a8006110611061107194719404216110611062
:1082b8006110611061106110611061107194719406
:1082c8002842611061106110652971947194cb5a2c
:1082d800611061106110821030847194eb5a611042
:1082e80061106110611061106110611061106110fe
:1082f80061106110611061106110611061106110ee
:1083080061106110611061106110611061106110dd
:1083180061106110611061106110611061106110cd
:1083280061106110611061106110611061106110bd
:1083380061106110611061106110611061106110ad
:10834800611061106110611061106110611061109d
:10835800611061106110611061106110611061108d
:10836800611061106110611061106110611061107d
:10837800611061106110611061106110611061106d
:10838800611061106110611061106110611061105d
:10839800611061106110611061106110611061104d
:1083a800611061106110611061106110611061103d
:1083b800611061106110611061106110611061102d
:1083c800611061106110611061106110611061101d
:1083d80061106110284affffffffffffffffffff4b
:1083e800ffffffffffffffffffffffffffffffff95
:1083f800718c611061106110611061106110611061
:1084080061106110611061106110611061106110dc
:1084180061106110611061106110611061106110cc
:1084280061106110611061106110611061106110bc
:1084380061106110611061106110611061106110ac
:10844800611061106110611061106110611061109c
:10845800611061106110611061106110611061108c
:10846800611061106110611061106110611061107c
:10847800611061106110611061106110611061106c
:10848800611061106110611061106110611061105c
:10849800611061106110611061106110611061104c
:1084a8006110e7417194719471947194719471940d
:1084b800719471947194719471947194719471948c
:1084c800611061106110c739719471946110611065
:1084d800611061106110611061104d6b719471949d
:1084e8006110611061106110719471942421611000
:1084f8006110611061106110611061106110719458
:108508007194652961106110c31871947194611098
:1085180061106110611061106110611061106110cb
:10852800e318719471940c63611061106110c218a2
:108538004d6b719471947194719471947194718c60
:108548006d6b61106110611061102c6b71947194e6
:10855800a21061106110611061106110611061104a
:108568006110611061106110aa5271947194719434
:10857800611061106110611061106110611061106b
:10858800cb5a7194719465296110611061107194ce
:1085980071946110611061106110611061106110b7
:1085a80061106110719471948a52611061106110a8
:1085b8006110694a71947194a631611061102c6b35
:1085c80071947194611061106110611061106110f3
:1085d800611061106110611061106110611061100b
:1085e80061106110611061106110611061106110fb
:1085f80061106110611061106110611061106110eb
:1086080061106110611061106110611061106110da
:1086180061106110611061106110611061106110ca
:1086280061106110611061106110611061106110ba
:1086380061106110611061106110611061106110aa
:10864800611061106110611061106110611061109a
:10865800611061106110611061106110611061108a
:10866800611061106110611061106110611061107a
:10867800611061106110611061106110611061106a
:10868800611061106110611061106110611061105a
:10869800611061106110611061106110611061104a
:1086a800611061106110611061106110611061103a
:1086b8006110611061106110611061106529718c81
:1086c800718c718c718c718c718c718c718c718cba
:1086d800718c718c718c718c8a526110611061106f
:1086e80061106110611061106110611061106110fa
:1086f80061106110611061106110611061106110ea
:1087080061106110611061106110611061106110d9
:1087180061106110611061106110611061106110c9
:1087280061106110611061106110611061106110b9
:1087380061106110611061106110611061106110a9
:108748006110611061106110611061106110611099
:108758006110611061106110611061106110611089
:108768006110611061106110611061106110611079
:108778006110611061106110611061106110611069
:108788006110611061106110611008427194719458
:1087980071947194719471947194719471947194a9
:1087a8007194719471947194611061106110c7395a
:1087b8007194719461106110611061106110611001
:1087c80061104d6b719471946110611061106110aa
:1087d800719471942421611061106110611061100d
:1087e80061106110611071947194652961106110b4
:1087f800e318719471946110611061106110611037
:108808006110611061106110e318719471940c6328
:10881800611061106110611061100c6371947194a2
:1088280071947194719471947194a2106110611093
:1088380061104d6b71947194a210611061106110f8
:108848006110611061106110611061106110611098
:108858008a52719471947194611061106110611061
:108868006110611061106110cb5a719471942429c0
:108878006110611061107194719461106110611040
:108888006110611061106110611061107194719430
:108898008a526110611061106110e318719471942b
:1088a8000c6361106110518c7194719461106110a6
:1088b8006110611061106110611061106110611028
:1088c8006110611061106110611061106110611018
:1088d8006110611061106110611061106110611008
:1088e80061106110611061106110611061106110f8
:1088f80061106110611061106110611061106110e8
:1089080061106110611061106110611061106110d7
:1089180061106110611061106110611061106110c7
:1089280061106110611061106110611061106110b7
:1089380061106110611061106110611061106110a7
:108948006110611061106110611061106110611097
:108958006110611061106110611061106110611087
:108968006110611061106110611061106110611077
:108978006110611061106110611061106110611067
:108988006110611061106110611061106110611057
:108998006110611061106110611061106110611047
:1089a8006110611061106110611061106110611037
:1089b8006110611061106110611061106110611027
:1089c8006110611061106110611061106110611017
:1089d8006110611061106110611061106110611007
:1089e80061106110611061106110611061106110f7
:1089f80061106110611061106110611061106110e7
:108a080061106110611061106110611061106110d6
:108a180061106110611061106110611061106110c6
:108a280061106110611061106110611061106110b6
:108a380061106110611061106110611061106110a6
:108a48006110611061106110611061106110611096
:108a58006110611061106110611061106110611086
:108a68006110611061106110611061106110611076
:108a78006110863171947194694a611061106110b6
:108a88006110611061106110611061106110611056
:108a9800611061106110c73971947194611061108f
:108aa800611061106110611061104d6b71947194c7
:108ab800611061106110611071947194a631611098
:108ac8006110611061106110611061106110719482
:108ad800719465296110611061107194719461102d
:108ae80061106110611061106110611061106110f6
:108af800452971947194cb5a61106110611061100d
:108b08006110611061106110c31810847194719420
:108b180071947194084261106110cb5a71947194e8
:108b280024216110611061106110611061106110e1
:108b38006110611061106110484a719471947194c8
:108b48006110611061106110611061106110611095
:108b58002c6371947194e320611061106110719419
:108b68007194a210611061106110611061106110a0
:108b78006110611071947194284a6110611061103c
:108b88006110611071947194719461106110719405
:108b9800719471946110611061106110611061101d
:108ba8006110611061106110611061106110611035
:108bb8006110611061106110611061106110611025
:108bc8006110611061106110611061106110611015
:108bd8006110611061106110611061106110611005
:108be80061106110611061106110611061106110f5
:108bf80061106110611061106110611061106110e5
:108c080061106110611061106110611061106110d4
:108c180061106110611061106110611061106110c4
:108c280061106110611061106110611061106110b4
:108c380061106110611061106110611061106110a4
:108c48006110611061106110611061106110611094
:108c58006110611061106110611061106110611084
:108c68006110611061106110611061106110611074
:108c78006110611061106110611061106110611064
:108c88006110611061106110611061106110611054
:108c98006110611061106110611061106110611044
:108ca8006110611061106110611061106110611034
:108cb8006110611061106110611061106110611024
:108cc8006110611061106110611061106110611014
:108cd8006110611061106110611061106110611004
:108ce80061106110611061106110611061106110f4
:108cf80061106110611061106110611061106110e4
:108d080061106110611061106110611061106110d3
:108d180061106110611061106110611061106110c3
:108d280061106110611061106110611061106110b3
:108d380061106110611061106110611061106110a3
:108d48006110611061106110611061106110611093
:108d580061106110611061106110042171947194a7
:108d68000c63611061106110611061106110611075
:108d78006110611061106110611061106110c739d4
:108d8800719471946110611061106110611061102b
:108d980061104d6b719471946110611061106110d4
:108da8007194719428426110611061106110611012
:108db80061106110611071947194652961106110de
:108dc80061107194719461106110611061106110eb
:108dd8006110611061106110e73971947194284a2b
:108de80061106110611061106110611061106110f3
:108df800611061106529718c71947194cf7b611039
:108e0800611069527194719486316110611061101a
:108e180061106110611061106110611061106110c2
:108e2800a639719471947194611061106110611088
:108e38006110611061106110ae7b719471948210a1
:108e480061106110611071947194042161106110b6
:108e5800611061106110611061106110719471945a
:108e68008631611061106110611061107194719404
:108e780071946110e3207194719471946110611080
:108e88006110611061106110611061106110611052
:108e98006110611061106110611061106110611042
:108ea8006110611061106110611061106110611032
:108eb8006110611061106110611061106110611022
:108ec8006110611061106110611061106110611012
:108ed8006110611061106110611061106110611002
:108ee80061106110611061106110611061106110f2
:108ef80061106110611061106110611061106110e2
:108f080061106110611061106110611061106110d1
:108f180061106110611061106110611061106110c1
:108f280061106110611061106110611061106110b1
:108f380061106110611061106110611061106110a1
:108f48006110611061106110611061106110611091
:108f58006110611061106110611061106110611081
:108f68006110611061106110611061106110611071
:108f78006110611061106110611061106110611061
:108f88006110611061106110611061106110611051
:108f98006110611061106110611061106110611041
:108fa8006110611061106110611061106110611031
:108fb8006110611061106110611061106110611021
:108fc8006110611061106110611061106110611011
:108fd8006110611061106110611061106110611001
:108fe80061106110611061106110611061106110f1
:108ff80061106110611061106110611061106110e1
:1090080061106110611061106110611061106110d0
:1090180061106110611061106110611061106110c0
:1090280061106110611061106110611061106110b0
:1090380061106110611061106110611061106110a0
:1090480061106110719471947194611061106110d4
:10905800611061106110611061106d6beb5a494a23
:10906800611061106110c7397194719461106110b9
:10907800611061106110611061104d6b71947194f1
:10908800611061106110611071947194308c8110bd
:1090980061106110611061106110611061107194ac
:1090a8007194652961106110611071947194694a15
:1090b8006110611061106110611061106110611020
:1090c80010847194718cc31861106110eb5a8e73ff
:1090d800308c6110611061106110611061106110b5
:1090e8008e7371947194e3186110c318719471941c
:1090f8008e73611061106110611061106110611050
:10910800719471947194a210611071947194719416
:1091180061106110611061106110611061106110bf
:10912800719471947194611061106110611071945f
:1091380071940c636110611061106110611061100d
:109148006110821071947194611061106110611046
:1091580061106110719471947194e7418e737194e8
:1091680071940c63611061106110611061106110dd
:10917800611061106110611061106110611061105f
:10918800611061106110611061106110611061104f
:10919800611061106110611061106110611061103f
:1091a800611061106110611061106110611061102f
:1091b800611061106110611061106110611061101f
:1091c800611061106110611061106110611061100f
:1091d80061106110611061106110611061106110ff
:1091e80061106110611061106110611061106110ef
:1091f80061106110611061106110611061106110df
:1092080061106110611061106110611061106110ce
:1092180061106110611061106110611061106110be
:1092280061106110611061106110611061106110ae
:10923800611061106110611061106110611061109e
:10924800611061106110611061106110611061108e
:10925800611061106110611061106110611061107e
:10926800611061106110611061106110611061106e
:10927800611061106110611061106110611061105e
:10928800611061106110611061106110611061104e
:10929800611061106110611061106110611061103e
:1092a800611061106110611061106110611061102e
:1092b800611061106110611061106110611061101e
:1092c800611061106110611061106110611061100e
:1092d80061106110611061106110611061106110fe
:1092e80061106110611061106110611061106110ee
:1092f80061106110611061106110611061106110de
:1093080061106110611061106110611061106110cd
:1093180061106110611061106110611061106110bd
:109328006110611061106110611061107194719485
:109338007194611061106110611061106110611009
:109348006110719471947194611061106110c73942
:109358007194719461106110611061106110611055
:1093680061104d6b719471946110611061106110fe
:10937800719471947194e7416110611061106110ea
:1093880061106110a21871947194652961106110bf
:10939800611071947194ef838210611061106110f3
:1093a8006110611061106110719471946e73611095
:1093b8006110611071947194719461106110611061
:1093c80061106110611061100c6371947194e3185d
:1093d8006110611071947194718c61106110611049
:1093e8006110611061106110719471947194611031
:1093f8006110719471947194611061106110611021
:109408006110611061106110719471947194611010
:1094180061106110611071947194518cc2186110bf
:1094280061106110611061106110084271947194ab
:10943800611061106110611061106110cf7b71942f
:1094480071942c6b718c71947194863161106110d8
:10945800611061106110611061106110611061107c
:10946800611061106110611061106110611061106c
:10947800611061106110611061106110611061105c
:10948800611061106110611061106110611061104c
:10949800611061106110611061106110611061103c
:1094a800611061106110611061106110611061102c
:1094b800611061106110611061106110611061101c
:1094c800611061106110611061106110611061100c
:1094d80061106110611061106110611061106110fc
:1094e80061106110611061106110611061106110ec
:1094f80061106110611061106110611061106110dc
:1095080061106110611061106110611061106110cb
:1095180061106110611061106110611061106110bb
:1095280061106110611061106110611061106110ab
:10953800611061106110611061106110611061109b
:10954800611061106110611061106110611061108b
:10955800611061106110611061106110611061107b
:10956800611061106110611061106110611061106b
:10957800611061106110611061106110611061105b
:10958800611061106110611061106110611061104b
:10959800611061106110611061106110611061103b
:1095a800611061106110611061106110611061102b
:1095b800611061106110611061106110611061101b
:1095c800611061106110611061106110611061100b
:1095d80061106110611061106110611061106110fb
:1095e80061106110611061106110611061106110eb
:1095f80061106110611061106110611061106110db
:1096080061106110611061106110611061106110ca
:109618006110611071947194719445296110611001
:1096280061106110611003211084719471940c63ae
:10963800611061106110c7397194719461106110e3
:10964800611061106110611061104d6b719471941b
:1096580061106110611061102c63719471947194a0
:1096680061106110611061106110e739718c71949b
:109678007194652961106110611065297194719464
:10968800718c08426110611061106110a2106d6b3d
:1096980071947194821061106110611071947194c9
:1096a8007194e73961106110611061106110c73958
:1096b800719471940c63611061106110108471943d
:1096c8007194284261106110611061106110452980
:1096d80071947194308c611061104d6b7194719418
:1096e800cf7bc31861106110611061106110518c3b
:1096f800719471947194611061106110611071948a
:1097080071947194719461106110611061108210ec
:109718006d6b71947194cb5a611061106110611076
:1097280061106110c318518c719471947194719483
:109738008a5261106110611061106110611061102e
:109748006110611061106110611061106110611089
:109758006110611061106110611061106110611079
:109768006110611061106110611061106110611069
:109778006110611061106110611061106110611059
:109788006110611061106110611061106110611049
:109798006110611061106110611061106110611039
:1097a8006110611061106110611061106110611029
:1097b8006110611061106110611061106110611019
:1097c8006110611061106110611061106110611009
:1097d80061106110611061106110611061106110f9
:1097e80061106110611061106110611061106110e9
:1097f80061106110611061106110611061106110d9
:1098080061106110611061106110611061106110c8
:1098180061106110611061106110611061106110b8
:1098280061106110611061106110611061106110a8
:109838006110611061106110611061106110611098
:109848006110611061106110611061106110611088
:109858006110611061106110611061106110611078
:109868006110611061106110611061106110611068
:109878006110611061106110611061106110611058
:109888006110611061106110611061106110611048
:109898006110611061106110611061106110611038
:1098a8006110611061106110611061106110611028
:1098b8006110611061106110611061106110611018
:1098c8006110611061106110611061106110611008
:1098d80061106110611061106110611061106110f8
:1098e80061106110611061106110611061106110e8
:1098f80061106110611061106110611061104529db
:109908003084719471947194719471947194719478
:109918007194084261106110611061106110c739bb
:10992800719471946110611061106110611061107f
:1099380061104d6b71947194611061106110611028
:1099480061106110518c7194719471947194719437
:1099580071947194518c719471946529611061109e
:109968006110611061107194719471947194719483
:109978007194719471947194718c494a6110611059
:1099880061106110e3201084719471947194719442
:109998007194719471947194719482106110611032
:1099a80061106110611061107194719471947194d7
:1099b80071947194719471946d7382106110611037
:1099c800611061106110a631719471947194719451
:1099d8007194719471947194cf7be320611061103c
:1099e800611061106110719471940c63518c7194c1
:1099f800719471947194719471947194611061105f
:109a080061106110611061106110611061108110a6
:109a18001084719471940842611061106110611092
:109a280061106110611061106110611061106110a6
:109a38006110611061106110611061106110611096
:109a48006110611061106110611061106110611086
:109a58006110611061106110611061106110611076
:109a68006110611061106110611061106110611066
:109a78006110611061106110611061106110611056
:109a88006110611061106110611061106110611046
:109a98006110611061106110611061106110611036
:109aa8006110611061106110611061106110611026
:109ab8006110611061106110611061106110611016
:109ac8006110611061106110611061106110611006
:109ad80061106110611061106110611061106110f6
:109ae80061106110611061106110611061106110e6
:109af80061106110611061106110611061106110d6
:109b080061106110611061106110611061106110c5
:109b180061106110611061106110611061106110b5
:109b280061106110611061106110611061106110a5
:109b38006110611061106110611061106110611095
:109b48006110611061106110611061106110611085
:109b58006110611061106110611061106110611075
:109b68006110611061106110611061106110611065
:109b78006110611061106110611061106110611055
:109b88006110611061106110611061106110611045
:109b98006110611061106110611061106110611035
:109ba8006110611061106110611061106110611025
:109bb8006110611061106110611061106110611015
:109bc8006110611061106110611061106110611005
:109bd80061106110611061106110611061106110f5
:109be800611061106110611061102c6b518c7194bf
:109bf800719471947194cf7b084261106110611067
:109c0800611061106110c6393084308461106110b0
:109c1800611061106110611061100c633084308430
:109c28006110611061106110611061106110821083
:109c38007194719471947194cb5ac21861103084e4
:109c48003084452961106110611061106110611044
:109c5800e320cb5a71947194719471944d6ba63131
:109c68006110611061106110611061106110611064
:109c780061104d6b71947194719471947194cb5a75
:109c8800e3186110611061106110611061106110ba
:109c980061108a52719471947194719471940c63e7
:109ca8006110611061106110611061106110611024
:109cb800c7396d7371947194719471943084e320f1
:109cc8006110611061106110611061106110719470
:109cd8007194c7396110518c719471947194ae73f9
:109ce800e739811061106110611061106110611015
:109cf80061106110611061102421719471946110d8
:109d080061106110611061106110611061106110c3
:109d180061106110611061106110611061106110b3
:109d280061106110611061106110611061106110a3
:109d38006110611061106110611061106110611093
:109d48006110611061106110611061106110611083
:109d58006110611061106110611061106110611073
:109d68006110611061106110611061106110611063
:109d78006110611061106110611061106110611053
:109d88006110611061106110611061106110611043
:109d98006110611061106110611061106110611033
:109da8006110611061106110611061106110611023
:109db8006110611061106110611061106110611013
:109dc8006110611061106110611061106110611003
:109dd80061106110611061106110611061106110f3
:109de80061106110611061106110611061106110e3
:109df80061106110611061106110611061106110d3
:109e080061106110611061106110611061106110c2
:109e180061106110611061106110611061106110b2
:109e280061106110611061106110611061106110a2
:109e38006110611061106110611061106110611092
:109e48006110611061106110611061106110611082
:109e58006110611061106110611061106110611072
:109e68006110611061106110611061106110611062
:109e78006110611061106110611061106110611052
:109e88006110611061106110611061106110611042
:109e98006110611061106110611061106110611032
:109ea8006110611061106110611061106110611022
:109eb8006110611061106110611061106110611012
:109ec8006110611061106110611061106110611002
:109ed8006110611082102842494a28428531611078
:109ee80061106110611061106110611061106110e2
:109ef80061106110611061106110611061106110d2
:109f080061106110611061106110611061106110c1
:109f18006110611061106110452908428a52a63902
:109f280061106110611061106110611061106110a1
:109f3800611061106110611061106110e7418a526f
:109f48008a5228426110611061106110611061101d
:109f58006110611061106110611061106529494a32
:109f68008a52c739042161106110611061106110b3
:109f78006110611061106110611061100421e741e6
:109f8800494a2842863161106110611061106110e0
:109f98006110611061106110611061108631284aea
:109fa800494ae73961106110611061106110611050
:109fb80061106110611071947194c7396110a21811
:109fc800c739494a694a611061106110611061100e
:109fd80061106110611061106110611061106110f1
:109fe80024217194719461106110611061106110e5
:109ff80061106110611061106110611061106110d1
:10a0080061106110611061106110611061106110c0
:10a0180061106110611061106110611061106110b0
:10a0280061106110611061106110611061106110a0
:10a038006110611061106110611061106110611090
:10a048006110611061106110611061106110611080
:10a058006110611061106110611061106110611070
:10a068006110611061106110611061106110611060
:10a078006110611061106110611061106110611050
:10a088006110611061106110611061106110611040
:10a098006110611061106110611061106110611030
:10a0a8006110611061106110611061106110611020
:10a0b8006110611061106110611061106110611010
:10a0c8006110611061106110611061106110611000
:10a0d80061106110611061106110611061106110f0
:10a0e80061106110611061106110611061106110e0
:10a0f80061106110611061106110611061106110d0
:10a1080061106110611061106110611061106110bf
:10a1180061106110611061106110611061106110af
:10a12800611061106110611061106110611061109f
:10a13800611061106110611061106110611061108f
:10a14800611061106110611061106110611061107f
:10a15800611061106110611061106110611061106f
:10a16800611061106110611061106110611061105f
:10a17800611061106110611061106110611061104f
:10a18800611061106110611061106110611061103f
:10a19800611061106110611061106110611061102f
:10a1a800611061106110611061106110611061101f
:10a1b800611061106110611061106110611061100f
:10a1c80061106110611061106110611061106110ff
:10a1d80061106110611061106110611061106110ef
:10a1e80061106110611061106110611061106110df
:10a1f80061106110611061106110611061106110cf
:10a2080061106110611061106110611061106110be
:10a2180061106110611061106110611061106110ae
:10a22800611061106110611061106110611061109e
:10a23800611061106110611061106110611061108e
:10a24800611061106110611061106110611061107e
:10a25800611061106110611061106110611061106e
:10a26800611061106110611061106110611061105e
:10a27800611061106110611061106110611061104e
:10a28800611061106110611061106110611061103e
:10a29800611061106110611061106110611071949a
:10a2a8007194c739611061106110611061106110fb
:10a2b800611061106110611061106110611061100e
:10a2c8006110611061108110ef837194aa526110be
:10a2d80061106110611061106110611061106110ee
:10a2e80061106110611061106110611061106110de
:10a2f80061106110611061106110611061106110ce
:10a3080061106110611061106110611061106110bd
:10a3180061106110611061106110611061106110ad
:10a32800611061106110611061106110611061109d
:10a33800611061106110611061106110611061108d
:10a34800611061106110611061106110611061107d
:10a35800611061106110611061106110611061106d
:10a36800611061106110611061106110611061105d
:10a37800611061106110611061106110611061104d
:10a38800611061106110611061106110611061103d
:10a39800611061106110611061106110611061102d
:10a3a800611061106110611061106110611061101d
:10a3b800611061106110611061106110611061100d
:10a3c80061106110611061106110611061106110fd
:10a3d80061106110611061106110611061106110ed
:10a3e80061106110611061106110611061106110dd
:10a3f80061106110611061106110611061106110cd
:10a4080061106110611061106110611061106110bc
:10a4180061106110611061106110611061106110ac
:10a42800611061106110611061106110611061109c
:10a43800611061106110611061106110611061108c
:10a44800611061106110611061106110611061107c
:10a45800611061106110611061106110611061106c
:10a46800611061106110611061106110611061105c
:10a47800611061106110611061106110611061104c
:10a48800611061106110611061106110611061103c
:10a49800611061106110611061106110611061102c
:10a4a800611061106110611061106110611061101c
:10a4b800611061106110611061106110611061100c
:10a4c80061106110611061106110611061106110fc
:10a4d80061106110611061106110611061106110ec
:10a4e80061106110611061106110611061106110dc
:10a4f80061106110611061106110611061106110cc
:10a5080061106110611061106110611061106110bb
:10a5180061106110611061106110611061106110ab
:10a52800611061106110611061106110611061109b
:10a53800611061106110611061106110611061108b
:10a54800611061106110611061106110611061107b
:10a55800611061106110611061106110611061106b
:10a56800611061106110611061106110611061105b
:10a57800611061106110611061106110611061104b
:10a5880061106110611071947194c7396110611084
:10a59800611061106110611061106110611061102b
:10a5a80061106110611061106110611061108631d5
:10a5b800719471940421611061106110611061102f
:10a5c80061106110611061106110611061106110fb
:10a5d80061106110611061106110611061106110eb
:10a5e80061106110611061106110611061106110db
:10a5f80061106110611061106110611061106110cb
:10a6080061106110611061106110611061106110ba
:10a6180061106110611061106110611061106110aa
:10a62800611061106110611061106110611061109a
:10a63800611061106110611061106110611061108a
:10a64800611061106110611061106110611061107a
:10a65800611061106110611061106110611061106a
:10a66800611061106110611061106110611061105a
:10a67800611061106110611061106110611061104a
:10a68800611061106110611061106110611061103a
:10a69800611061106110611061106110611061102a
:10a6a800611061106110611061106110611061101a
:10a6b800611061106110611061106110611061100a
:10a6c80061106110611061106110611061106110fa
:10a6d80061106110611061106110611061106110ea
:10a6e80061106110611061106110611061106110da
:10a6f80061106110611061106110611061106110ca
:10a7080061106110611061106110611061106110b9
:10a7180061106110611061106110611061106110a9
:10a728006110611061106110611061106110611099
:10a738006110611061106110611061106110611089
:10a748006110611061106110611061106110611079
:10a758006110611061106110611061106110611069
:10a768006110611061106110611061106110611059
:10a778006110611061106110611061106110611049
:10a788006110611061106110611061106110611039
:10a798006110611061106110611061106110611029
:10a7a8006110611061106110611061106110611019
:10a7b8006110611061106110611061106110611009
:10a7c80061106110611061106110611061106110f9
:10a7d80061106110611061106110611061106110e9
:10a7e80061106110611061106110611061106110d9
:10a7f80061106110611061106110611061106110c9
:10a8080061106110611061106110611061106110b8
:10a8180061106110611061106110611061106110a8
:10a828006110611061106110611061106110611098
:10a838006110611061106110611061106110611088
:10a848006110611061106110611061106110611078
:10a858006110611061106110611061106110611068
:10a8680061106110611061106110611061107194c4
:10a878007194c73961106110611061106110611025
:10a888006110611061106110611061106110611038
:10a8980061106110aa5271947194719461106110e1
:10a8a8006110611061106110611061106110611018
:10a8b8006110611061106110611061106110611008
:10a8c80061106110611061106110611061106110f8
:10a8d80061106110611061106110611061106110e8
:10a8e80061106110611061106110611061106110d8
:10a8f80061106110611061106110611061106110c8
:10a9080061106110611061106110611061106110b7
:10a9180061106110611061106110611061106110a7
:10a928006110611061106110611061106110611097
:10a938006110611061106110611061106110611087
:10a948006110611061106110611061106110611077
:10a958006110611061106110611061106110611067
:10a968006110611061106110611061106110611057
:10a978006110611061106110611061106110611047
:10a988006110611061106110611061106110611037
:10a998006110611061106110611061106110611027
:10a9a8006110611061106110611061106110611017
:10a9b8006110611061106110611061106110611007
:10a9c80061106110611061106110611061106110f7
:10a9d80061106110611061106110611061106110e7
:10a9e80061106110611061106110611061106110d7
:10a9f80061106110611061106110611061106110c7
:10aa080061106110611061106110611061106110b6
:10aa180061106110611061106110611061106110a6
:10aa28006110611061106110611061106110611096
:10aa38006110611061106110611061106110611086
:10aa48006110611061106110611061106110611076
:10aa58006110611061106110611061106110611066
:10aa68006110611061106110611061106110611056
:10aa78006110611061106110611061106110611046
:10aa88006110611061106110611061106110611036
:10aa98006110611061106110611061106110611026
:10aaa8006110611061106110611061106110611016
:10aab8006110611061106110611061106110611006
:10aac80061106110611061106110611061106110f6
:10aad80061106110611061106110611061106110e6
:10aae80061106110611061106110611061106110d6
:10aaf80061106110611061106110611061106110c6
:10ab080061106110611061106110611061106110b5
:10ab180061106110611061106110611061106110a5
:10ab28006110611061106110611061106110611095
:10ab38006110611061106110611061106110611085
:10ab48006110611061106110611061106110611075
:10ab580061106110611071947194c73961106110ae
:10ab68006110611061106110611061106110611055
:10ab7800611061106110a631084208427194719405
:10ab880071948e7361106110611061106110611011
:10ab98006110611061106110611061106110611025
:10aba8006110611061106110611061106110611015
:10abb8006110611061106110611061106110611005
:10abc80061106110611061106110611061106110f5
:10abd80061106110611061106110611061106110e5
:10abe80061106110611061106110611061106110d5
:10abf80061106110611061106110611061106110c5
:10ac080061106110611061106110611061106110b4
:10ac180061106110611061106110611061106110a4
:10ac28006110611061106110611061106110611094
:10ac38006110611061106110611061106110611084
:10ac48006110611061106110611061106110611074
:10ac58006110611061106110611061106110611064
:10ac68006110611061106110611061106110611054
:10ac78006110611061106110611061106110611044
:10ac88006110611061106110611061106110611034
:10ac98006110611061106110611061106110611024
:10aca8006110611061106110611061106110611014
:10acb8006110611061106110611061106110611004
:10acc80061106110611061106110611061106110f4
:10acd80061106110611061106110611061106110e4
:10ace80061106110611061106110611061106110d4
:10acf80061106110611061106110611061106110c4
:10ad080061106110611061106110611061106110b3
:10ad180061106110611061106110611061106110a3
:10ad28006110611061106110611061106110611093
:10ad38006110611061106110611061106110611083
:10ad48006110611061106110611061106110611073
:10ad58006110611061106110611061106110611063
:10ad68006110611061106110611061106110611053
:10ad78006110611061106110611061106110611043
:10ad88006110611061106110611061106110611033
:10ad98006110611061106110611061106110611023
:10ada8006110611061106110611061106110611013
:10adb8006110611061106110611061106110611003
:10adc80061106110611061106110611061106110f3
:10add80061106110611061106110611061106110e3
:10ade80061106110611061106110611061106110d3
:10adf80061106110611061106110611061106110c3
:10ae080061106110611061106110611061106110b2
:10ae180061106110611061106110611061106110a2
:10ae28006110611061106110611061106110611092
:10ae380061106110611061106110611061107194ee
:10ae48007194c7396110611061106110611061104f
:10ae58006110611061106110611061106110452965
:10ae6800719471947194719471946110611061106e
:10ae78006110611061106110611061106110611042
:10ae88006110611061106110611061106110611032
:10ae98006110611061106110611061106110611022
:10aea8006110611061106110611061106110611012
:10aeb8006110611061106110611061106110611002
:10aec80061106110611061106110611061106110f2
:10aed80061106110611061106110611061106110e2
:10aee80061106110611061106110611061106110d2
:10aef80061106110611061106110611061106110c2
:10af080061106110611061106110611061106110b1
:10af180061106110611061106110611061106110a1
:10af28006110611061106110611061106110611091
:10af38006110611061106110611061106110611081
:10af48006110611061106110611061106110611071
:10af58006110611061106110611061106110611061
:10af68006110611061106110611061106110611051
:10af78006110611061106110611061106110611041
:10af88006110611061106110611061106110611031
:10af98006110611061106110611061106110611021
:10afa8006110611061106110611061106110611011
:10afb8006110611061106110611061106110611001
:10afc80061106110611061106110611061106110f1
:10afd80061106110611061106110611061106110e1
:10afe80061106110611061106110611061106110d1
:10aff80061106110611061106110611061106110c1
:10b0080061106110611061106110611061106110b0
:10b0180061106110611061106110611061106110a0
:10b028006110611061106110611061106110611090
:10b038006110611061106110611061106110611080
:10b048006110611061106110611061106110611070
:10b058006110611061106110611061106110611060
:10b068006110611061106110611061106110611050
:10b078006110611061106110611061106110611040
:10b088006110611061106110611061106110611030
:10b098006110611061106110611061106110611020
:10b0a8006110611061106110611061106110611010
:10b0b8006110611061106110611061106110611000
:10b0c80061106110611061106110611061106110f0
:10b0d80061106110611061106110611061106110e0
:10b0e80061106110611061106110611061106110d0
:10b0f80061106110611061106110611061106110c0
:10b1080061106110611061106110611061106110af
:10b11800611061106110611061106110611061109f
:10b1280061106110611071947194c73961106110d8
:10b13800611061106110611061106110611061107f
:10b14800611061106110c318719471947194718cbd
:10b158006952611061106110611061106110611015
:10b16800611061106110611061106110611061104f
:10b17800611061106110611061106110611061103f
:10b18800611061106110611061106110611061102f
:10b19800611061106110611061106110611061101f
:10b1a800611061106110611061106110611061100f
:10b1b80061106110611061106110611061106110ff
:10b1c80061106110611061106110611061106110ef
:10b1d80061106110611061106110611061106110df
:10b1e80061106110611061106110611061106110cf
:10b1f80061106110611061106110611061106110bf
:10b2080061106110611061106110611061106110ae
:10b21800611061106110611061106110611061109e
:10b22800611061106110611061106110611061108e
:10b23800611061106110611061106110611061107e
:10b24800611061106110611061106110611061106e
:10b25800611061106110611061106110611061105e
:10b26800611061106110611061106110611061104e
:10b27800611061106110611061106110611061103e
:10b28800611061106110611061106110611061102e
:10b29800611061106110611061106110611061101e
:10b2a800611061106110611061106110611061100e
:10b2b80061106110611061106110611061106110fe
:10b2c80061106110611061106110611061106110ee
:10b2d80061106110611061106110611061106110de
:10b2e80061106110611061106110611061106110ce
:10b2f80061106110611061106110611061106110be
:10b3080061106110611061106110611061106110ad
:10b31800611061106110611061106110611061109d
:10b32800611061106110611061106110611061108d
:10b33800611061106110611061106110611061107d
:10b34800611061106110611061106110611061106d
:10b35800611061106110611061106110611061105d
:10b36800611061106110611061106110611061104d
:10b37800611061106110611061106110611061103d
:10b38800611061106110611061106110611061102d
:10b39800611061106110611061106110611061101d
:10b3a800611061106110611061106110611061100d
:10b3b80061106110611061106110611061106110fd
:10b3c80061106110611061106110611061106110ed
:10b3d80061106110611061106110611061106110dd
:10b3e80061106110611061106110611061106110cd
:10b3f80061106110611061106110611061106110bd
:10b4080061106110611061106110611061106110ac
:10b41800611061106110611061106110611061109c
:10b42800611061106110611061106110611061108c
:10b438006110a2106110611061106110611061103b
:10b44800611061106110611061106110611061106c
:10b45800611061106110611061106110611061105c
:10b46800611061106110611061106110611061104c
:10b47800611061106110611061106110611061103c
:10b48800611061106110611061106110611061102c
:10b49800611061106110611061106110611061101c
:10b4a800611061106110611061106110611061100c
:10b4b80061106110611061106110611061106110fc
:10b4c80061106110611061106110611061106110ec
:10b4d80061106110611061106110611061106110dc
:10b4e80061106110611061106110611061106110cc
:10b4f80061106110611061106110611061106110bc
:10b5080061106110611061106110611061106110ab
:10b51800611061106110611061106110611061109b
:10b52800611061106110611061106110611061108b
:10b53800611061106110611061106110611061107b
:10b54800611061106110611061106110611061106b
:10b55800611061106110611061106110611061105b
:10b56800611061106110611061106110611061104b
:10b57800611061106110611061106110611061103b
:10b58800611061106110611061106110611061102b
:10b59800611061106110611061106110611061101b
:10b5a800611061106110611061106110611061100b
:10b5b80061106110611061106110611061106110fb
:10b5c80061106110611061106110611061106110eb
:10b5d80061106110611061106110611061106110db
:10b5e80061106110611061106110611061106110cb
:10b5f80061106110611061106110611061106110bb
:10b6080061106110611061106110611061106110aa
:10b61800611061106110611061106110611061109a
:10b62800611061106110611061106110611061108a
:10b63800611061106110611061106110611061107a
:10b64800611061106110611061106110611061106a
:10b65800611061106110611061106110611061105a
:10b66800611061106110611061106110611061104a
:10b67800611061106110611061106110611061103a
:10b68800611061106110611061106110611061102a
:10b69800611061106110611061106110611061101a
:10b6a800611061106110611061106110611061100a
:10b6b80061106110611061106110611061106110fa
:10b6c80061106110611061106110611061106110ea
:10b6d80061106110611061106110611061106110da
:10b6e80061106110611061106110611061106110ca
:10b6f80061106110611061106110611061106110ba
:10b7080061106110611061106110611061106110a9
:10b718006110611061106110611061106110611099
:10b728006110611061106110611061106110611089
:10b738006110611061106110611061106110611079
:10b748006110611061106110611061106110611069
:10b758006110611061106110611061106110611059
:10b768006110611061106110611061106110611049
:10b778006110611061106110611061106110611039
:10b788006110611061106110611061106110611029
:10b798006110611061106110611061106110611019
:10b7a8006110611061106110611061106110611009
:10b7b80061106110611061106110611061106110f9
:10b7c80061106110611061106110611061106110e9
:10b7d80061106110611061106110611061106110d9
:10b7e80061106110611061106110611061106110c9
:10b7f80061106110611061106110611061106110b9
:10b8080061106110611061106110611061106110a8
:10b818006110611061106110611061106110611098
:10b828006110611061106110611061106110611088
:10b838006110611061106110611061106110611078
:10b848006110611061106110611061106110611068
:10b858006110611061106110611061106110611058
:10b868006110611061106110611061106110611048
:10b878006110611061106110611061106110611038
:10b888006110611061106110611061106110611028
:10b898006110611061106110611061106110611018
:10b8a8006110611061106110611061106110611008
:10b8b80061106110611061106110611061106110f8
:10b8c80061106110611061106110611061106110e8
:10b8d80061106110611061106110611061106110d8
:10b8e80061106110611061106110611061106110c8
:10b8f80061106110611061106110611061106110b8
:10b9080061106110611061106110611061106110a7
:10b918006110611061106110611061106110611097
:10b928006110611061106110611061106110611087
:10b938006110611061106110611061106110611077
:10b948006110611061106110611061106110611067
:10b958006110611061106110611061106110611057
:10b968006110611061106110611061106110611047
:10b978006110611061106110611061106110611037
:10b988006110611061106110611061106110611027
:10b998006110611061106110611061106110611017
:10b9a8006110611061106110611061106110611007
:10b9b80061106110611061106110611061106110f7
:10b9c80061106110611061106110611061106110e7
:10b9d80061106110611061106110611061106110d7
:10b9e80061106110611061106110611061106110c7
:10b9f80061106110611061106110611061106110b7
:10ba080061106110611061106110611061106110a6
:10ba18006110611061106110611061106110611096
:10ba28006110611061106110611061106110611086
:10ba38006110611061106110611061106110611076
:10ba48006110611061106110611061106110611066
:10ba58006110611061106110611061106110611056
:10ba68006110611061106110611061106110611046
:10ba78006110611061106110611061106110611036
:10ba88006110611061106110611061106110611026
:10ba98006110611061106110611061106110611016
:10baa8006110611061106110611061106110611006
:10bab80061106110611061106110611061106110f6
:10bac80061106110611061106110611061106110e6
:10bad80061106110611061106110611061106110d6
:10bae80061106110611061106110611061106110c6
:10baf80061106110611061106110611061106110b6
:10bb080061106110611061106110611061106110a5
:10bb18006110611061106110611061106110611095
:10bb28006110611061106110611061106110611085
:10bb38006110611061106110611061106110611075
:10bb48006110611061106110611061106110611065
:10bb58006110611061106110611061106110611055
:10bb68006110611061106110611061106110611045
:10bb78006110611061106110611061106110611035
:10bb88006110611061106110611061106110611025
:10bb98006110611061106110611061106110611015
:10bba8006110611061106110611061106110611005
:10bbb80061106110611061106110611061106110f5
:10bbc80061106110611061106110611061106110e5
:10bbd80061106110611061106110611061106110d5
:10bbe80061106110611061106110611061106110c5
:10bbf80061106110611061106110611061106110b5
:10bc080061106110611061106110611061106110a4
:10bc18006110611061106110611061106110611094
:10bc28006110611061106110611061106110611084
:10bc38006110611061106110611061106110611074
:10bc48006110611061106110611061106110611064
:10bc58006110611061106110611061106110611054
:10bc68006110611061106110611061106110611044
:10bc78006110611061106110611061106110611034
:10bc88006110611061106110611061106110611024
:10bc98006110611061106110611061106110611014
:10bca8006110611061106110611061106110611004
:10bcb80061106110611061106110611061106110f4
:10bcc80061106110611061106110611061106110e4
:10bcd80061106110611061106110611061106110d4
:10bce80061106110611061106110611061106110c4
:10bcf80061106110611061106110611061106110b4
:10bd080061106110611061106110611061106110a3
:10bd18006110611061106110611061106110611093
:10bd28006110611061106110611061106110611083
:10bd38006110611061106110611061106110611073
:10bd48006110611061106110611061106110611063
:10bd58006110611061106110611061106110611053
:10bd68006110611061106110611061106110611043
:10bd78006110611061106110611061106110611033
:10bd88006110611061106110611061106110611023
:10bd98006110611061106110611061106110611013
:10bda8006110611061106110611061106110611003
:10bdb80061106110611061106110611061106110f3
:10bdc80061106110611061106110611061106110e3
:10bdd80061106110611061106110611061106110d3
:10bde80061106110611061106110611061106110c3
:10bdf80061106110611061106110611061106110b3
:10be080061106110611061106110611061106110a2
:10be18006110611061106110611061106110611092
:10be28006110611061106110611061106110611082
:10be38006110611061106110611061106110611072
:10be48006110611061106110611061106110611062
:10be58006110611061106110611061106110611052
:10be68006110611061106110611061106110611042
:10be78006110611061106110611061106110611032
:10be88006110611061106110611061106110611022
:10be98006110611061106110611061106110611012
:10bea8006110611061106110611061106110611002
:10beb80061106110611061106110611061106110f2
:10bec80061106110611061106110611061106110e2
:10bed80061106110611061106110611061106110d2
:10bee80061106110611061106110611061106110c2
:10bef80061106110611061106110611061106110b2
:10bf080061106110611061106110611061106110a1
:10bf18006110611061106110611061106110611091
:10bf28006110611061106110611061106110611081
:10bf38006110611061106110611061106110611071
:10bf48006110611061106110611061106110611061
:10bf58006110611061106110611061106110611051
:10bf68006110611061106110611061106110611041
:10bf78006110611061106110611061106110611031
:10bf88006110611061106110611061106110611021
:10bf98006110611061106110611061106110611011
:10bfa8006110611061106110611061106110611001
:10bfb80061106110611061106110611061106110f1
:10bfc80061106110611061106110611061106110e1
:10bfd80061106110611061106110611061106110d1
:10bfe80061106110611061106110611061106110c1
:10bff80061106110611061106110611061106110b1
:10c0080061106110611061106110611061106110a0
:10c018006110611061106110611061106110611090
:10c028006110611061106110611061106110611080
:10c038006110611061106110611061106110611070
:10c048006110611061106110611061106110611060
:10c058006110611061106110611061106110611050
:10c068006110611061106110611061106110611040
:10c078006110611061106110611061106110611030
:10c088006110611061106110611061106110611020
:10c098006110611061106110611061106110611010
:10c0a8006110611061106110611061106110611000
:10c0b80061106110611061106110611061106110f0
:10c0c80061106110611061106110611061106110e0
:10c0d80061106110611061106110611061106110d0
:10c0e80061106110611061106110611061106110c0
:10c0f80061106110611061106110611061106110b0
:10c10800611061106110611061106110611061109f
:10c11800611061106110611061106110611061108f
:10c12800611061106110611061106110611061107f
:10c13800611061106110611061106110611061106f
:10c14800611061106110611061106110611061105f
:10c15800611061106110611061106110611061104f
:10c16800611061106110611061106110611061103f
:10c17800611061106110611061106110611061102f
:10c18800611061106110611061106110611061101f
:10c19800611061106110611061106110611061100f
:10c1a80061106110611061106110611061106110ff
:10c1b80061106110611061106110611061106110ef
:10c1c80061106110611061106110611061106110df
:10c1d80061106110611061106110611061106110cf
:10c1e80061106110611061106110611061106110bf
:10c1f80061106110611061106110611061106110af
:10c20800611061106110611061106110611061109e
:10c21800611061106110611061106110611061108e
:10c22800611061106110611061106110611061107e
:10c23800611061106110611061106110611061106e
:10c24800611061106110611061106110611061105e
:10c25800611061106110611061106110611061104e
:10c26800611061106110611061106110611061103e
:10c27800611061106110611061106110611061102e
:10c28800611061106110611061106110611061101e
:10c29800611061106110611061106110611061100e
:10c2a80061106110611061106110611061106110fe
:10c2b80061106110611061106110611061106110ee
:10c2c80061106110611061106110611061106110de
:10c2d80061106110611061106110611061106110ce
:10c2e80061106110611061106110611061106110be
:10c2f80061106110611061106110611061106110ae
:10c30800611061106110611061106110611061109d
:10c31800611061106110611061106110611061108d
:10c32800611061106110611061106110611061107d
:10c33800611061106110611061106110611061106d
:10c34800611061106110611061106110611061105d
:10c35800611061106110611061106110611061104d
:10c36800611061106110611061106110611061103d
:10c37800611061106110611061106110611061102d
:10c38800611061106110611061106110611061101d
:10c39800611061106110611061106110611061100d
:10c3a80061106110611061106110611061106110fd
:10c3b80061106110611061106110611061106110ed
:10c3c80061106110611061106110611061106110dd
:10c3d80061106110611061106110611061106110cd
:10c3e80061106110611061106110611061106110bd
:10c3f80061106110611061106110611061106110ad
:10c40800611061106110611061106110611061109c
:10c41800611061106110611061106110611061108c
:10c42800611061106110611061106110611061107c
:10c43800611061106110611061106110611061106c
:10c44800611061106110611061106110611061105c
:10c45800611061106110611061106110611061104c
:10c46800611061106110611061106110611061103c
:10c47800611061106110611061106110611061102c
:10c48800611061106110611061106110611061101c
:10c49800611061106110611061106110611061100c
:10c4a80061106110611061106110611061106110fc
:10c4b80061106110611061106110611061106110ec
:10c4c80061106110611061106110611061106110dc
:10c4d80061106110611061106110611061106110cc
:10c4e80061106110611061106110611061106110bc
:10c4f80061106110611061106110611061106110ac
:10c50800611061106110611061106110611061109b
:10c51800611061106110611061106110611061108b
:10c52800611061106110611061106110611061107b
:10c53800611061106110611061106110611061106b
:10c54800611061106110611061106110611061105b
:10c55800611061106110611061106110611061104b
:10c56800611061106110611061106110611061103b
:10c57800611061106110611061106110611061102b
:10c58800611061106110611061106110611061101b
:10c59800611061106110611061106110611061100b
:10c5a80061106110611061106110611061106110fb
:10c5b80061106110611061106110611061106110eb
:10c5c80061106110611061106110611061106110db
:10c5d80061106110611061106110611061106110cb
:10c5e80061106110611061106110611061106110bb
:10c5f80061106110611061106110611061106110ab
:10c60800611061106110611061106110611061109a
:10c61800611061106110611061106110611061108a
:10c62800611061106110611061106110611061107a
:10c63800611061106110611061106110611061106a
:10c64800611061106110611061106110611061105a
:10c65800611061106110611061106110611061104a
:10c66800611061106110611061106110611061103a
:10c67800611061106110611061106110611061102a
:10c68800611061106110611061106110611061101a
:10c69800611061106110611061106110611061100a
:10c6a80061106110611061106110611061106110fa
:10c6b80061106110611061106110611061106110ea
:10c6c80061106110611061106110611061106110da
:10c6d80061106110611061106110611061106110ca
:10c6e80061106110611061106110611061106110ba
:10c6f80061106110611061106110611061106110aa
:10c708006110611061106110611061106110611099
:10c718006110611061106110611061106110611089
:10c728006110611061106110611061106110611079
:10c738006110611061106110611061106110611069
:10c748006110611061106110611061106110611059
:10c758006110611061106110611061106110611049
:10c768006110611061106110611061106110611039
:10c778006110611061106110611061106110611029
:10c788006110611061106110611061106110611019
:10c798006110611061106110611061106110611009
:10c7a80061106110611061106110611061106110f9
:10c7b80061106110611061106110611061106110e9
:10c7c80061106110611061106110611061106110d9
:10c7d80061106110611061106110611061106110c9
:10c7e80061106110611061106110611061106110b9
:10c7f80061106110611061106110611061106110a9
:10c808006110611061106110611061106110611098
:10c818006110611061106110611061106110611088
:10c828006110611061106110611061106110611078
:10c838006110611061106110611061106110611068
:10c848006110611061106110611061106110611058
:10c858006110611061106110611061106110611048
:10c868006110611061106110611061106110611038
:10c878006110611061106110611061106110611028
:10c888006110611061106110611061106110611018
:10c898006110611061106110611061106110611008
:10c8a8006110611061106110611061106110000069
:10c8b80000000000c0c8019d000020007e00540058
:10c8c80010840100142c02001f28030023780400a0
:10c8d800211c060032c00700300c0a0012040c00ac
:10c8e80017000d0017fc0d0020f80e001e48100060
:10c8f8001098110018401200103c130022e4130095
:10c9080022881500222c170022d0180022741a0041
:10c9180022181c0022bc1d0022601f0022042100d6
:10c9280022a82200224c240010f02500109826008e
:10c93800204027002090280020e029001f302b00ed
:10c948003a802c002b202f002818310027bc3200f9
:10c958002b6034002458360022fc37002aa0390006
:10c968002f983b0015903d001a8c3e002adc3f00b2
:10c9780022d441003a7843002f1846002b10480073
:10c9880026084a002dac4b0028a44d0022484f0031
:10c9980028ec50002f9052002f8854003d805600fc
:10c9a8002c2059002b185b0026105d0016b45e0081
:10c9b80022b05f00165461002350620022f4630025
:10c9c8001798650021946600253868001fdc690007
:10c9d800252c6b0021d06c001d746e0023c46f00e1
:10c9e80028687100140c730015087400240475007d
:10c9f80014a876003ba4770028447a0024e87b003a
:10ca0800268c7d0025307f001dd480001c248200e8
:10ca18001974830026c4840024688600330c8800b7
:10ca280024588a0025fc8b0020a08d0018f08e0069
:10ca380010ec8f00189490002390910000000000e3
:10ca480000000000000000000000000000000000de
:10ca580000000000000000000000000000000000ce
:10ca680000000000000000000000000000000000be
:10ca780000000000000000000000000000000000ae
:10ca8800000000000000000000000000000000009e
:10ca9800000000000000000000000000000000008e
:10caa800000000000000000000000000000000007e
:10cab800000000000000000000000000000000006e
:10cac800000000000000000000000000000000005e
:10cad800000000000000000000000000000000004e
:10cae800000000000000000000000000000000003e
:10caf800000000000000000000000000000000002e
:10cb08000000000000000000001800001e00801f48
:10cb180000c01f00c01f00c01f00c01f00c01f00b2
:10cb2800c01f00c01f00801f00801f00801f0080e2
:10cb38001f00801f00801f00800f00800f00800fe3
:10cb480000800f00800f00800f00800f00800f0012
:10cb5800800f00800f00800f00800f00800f008082
:10cb68000f00800f00000f00000f00000f00000fe3
:10cb780000000f00000f00000f0000070000010078
:10cb8800000000000000000000000000001e00007f
:10cb98001f00803f00c03f00c03f00c03f00c03fb3
:10cba80000c01f00800f0080070000000000000088
:10cbb800000000000000000000000000000000006d
:10cbc800000000000000000000000000000000005d
:10cbd800000000000000000000000000000000004d
:10cbe800000000000000000000000000000000003d
:10cbf800000000000000000000000000000000002d
:10cc0800000000000000000000000000000000001c
:10cc1800000ec001c00ff801c00ffc01c00ffc01dd
:10cc2800c00ffc01c00ff801c00ff801c00ff801d8
:10cc3800c00ff800c00ff800c00ff800c00ff800d0
:10cc4800800ff8008007f8008007f8008007f800d8
:10cc58008007f0008007f0008007f0008007f000f0
:10cc68008007f0008007f0008003700000000000db
:10cc780000000000000000000000000000000000ac
:10cc8800000000000000000000000000000000009c
:10cc9800000000000000000000000000000000008c
:10cca800000000000000000000000000000000007c
:10ccb800000000000000000000000000000000006c
:10ccc800000000000000000000000000000000005c
:10ccd800000000000000000000000000000000004c
:10cce800000000000000000000000000000000003c
:10ccf800000000000000000000000000000000002c
:10cd0800000000000000000000000000000000001b
:10cd1800000000000000000000000000000000000b
:10cd280000000000000000000000000000000000fb
:10cd380000000000000000000000000000000000eb
:10cd480000000000000000000000000000000000db
:10cd580000000000000000000000000000000000cb
:10cd680000000000000000000000000000000000bb
:10cd780000000000000000000000000000000000ab
:10cd8800000000000000000000000000000000009b
:10cd98000018600000001e780000000f78000000f6
:10cda8000f780000000f3c000000073c00008007df
:10cdb8003c000080071e000080071e0000c0031e04
:10cdc8000000c0030e0000ffffff0380ffffff0706
:10cdd80080ffffff0300e080070000f080070000ed
:10cde800f080070000f0c003000070c00300007866
:10cdf800c003000078c003000078e001000038e0bc
:10ce08000100003ce00100f0ffff3f00f8ffff7f5a
:10ce180000f8ffff3f00001e780000001e780000a9
:10ce2800000f780000000f780000000f3c000000a1
:10ce38000f3c000080073c000080073c0000800792
:10ce48001e000080071e0000c0031e0000c0031e55
:10ce58000000c0030f0000c0000200000000000036
:10ce680000000000000000000000000000000000ba
:10ce780000000000000000000000000000000000aa
:10ce8800000000000000000000000000000000009a
:10ce9800000000000000000000000000000000008a
:10cea800000000000000000000000000000000007a
:10ceb800000000000000000000000000000000006a
:10cec800000000000000000000000000000000005a
:10ced800000000000000000000000000000000004a
:10cee800000000000000000000000000000000003a
:10cef800000000000000000000000000000000002a
:10cf08000000000000000000000000000000000019
:10cf18000000000000000000000000000000000009
:10cf28000003000000800300000080030000008070
:10cf3800030000008003000000800300000080035d
:10cf4800000000f07f000000fcff070000ffff0f5b
:10cf580000808ff30f00c083e30700e081830700a0
:10cf6800e080030300e080030000f080030000f08d
:10cf780080030000f080030000f081030000f083cc
:10cf8800030000f087030000e09f030000e0ff03b8
:10cf98000000c0ff07000080ff1f000000ff7f00a7
:10cfa8000000fcff010000f0ff030000c0ff0700c5
:10cfb8000080ff0f000080ff1f000080f31f0000ab
:10cfc80080c33f000080833f000080033f00008053
:10cfd800033f000080033e000080033e00308003d2
:10cfe8003e003080031e007080031e00f080031f87
:10cff80000f080030f00f081830700f087c307006b
:10d00800f09ff30300e0ffff000080ff7f000000b7
:10d01800fc0f000000800300000080030000008077
:10d02800030000008003000000800300000080016e
:10d0380000000000000000000000000000000000e8
:10d0480000000000000000000000000000000000d8
:10d0580000000000000000000000000000000000c8
:10d0680000000000000000000000000000000000b8
:10d0780000000000000000000000000000000000a8
:10d088000000000000000000000000000000000098
:10d098000000000000000000000000000000000088
:10d0a8000000000000000000000000000000000078
:10d0b8000000000000000000000000000000000068
:10d0c8000000000000000000000000000000000058
:10d0d8000000000000000000000000000000000048
:10d0e8000000000000000000000000000000000038
:10d0f8000000000000000000000000000000000028
:10d10800000000000000000000000000fc0000001b
:10d11800030000ff0300e00700c0ff0700e0030072
:10d12800e0c70f00f00100f0831f00f80000f001d5
:10d138003f00fc0000f8013f007c0000f8003f00c1
:10d148003e0000fc007e001f0000fc007e801f00e7
:10d1580000fc007e800f0000fc007ec0070000fc81
:10d16800007ee0030000fc007ef0030000fc007e6f
:10d17800f0010000f8013ef8000000f8013f7c00d3
:10d188000000f8011f7c000000f0831f3e00000033
:10d19800e0c70f1f000000c0ff871ff8000080ffd6
:10d1a800810ffe0300007ec087ff0f000000e0c370
:10d1b800c70f000000f0e3831f000000f0e1033f09
:10d1c800000000f8f0033f0000007cf0013f000081
:10d1d800007ef8017e0000003ef8017e0000001f7e
:10d1e800f8017e0000800ff8017e0000800ff80132
:10d1f8007e0000c007f8017e0000e003f8017e0011
:10d2080000f003f8017e0000f001f0033e0000f892
:10d2180000f0033f00007c00e0031f00007e00e0f8
:10d22800071f00003e00c08f0f00001f0080ff078f
:10d2380000800f0000ff0100800100007c0000005a
:10d2480000000000000000000000000000000000d6
:10d2580000000000000000000000000000000000c6
:10d2680000000000000000000000000000000000b6
:10d2780000000000000000000000000000000000a6
:10d288000000000000000000000000000000000096
:10d298000000000000000000000000000000000086
:10d2a8000000000000000000000000000000000076
:10d2b8000000000000000000000000000000000066
:10d2c8000000000000000000000000000000000056
:10d2d8000000000000000000000000000000000046
:10d2e8000000000000000000000000000000000036
:10d2f8000000000000000000000000000000000026
:10d308000000000000000000000000000000000015
:10d3180000000000f00300000000fe0f0000000005
:10d32800ff1f00000080833f000000c0013f000095
:10d3380000e0007e000000e0007c00000070007c3f
:10d3480000000070007c00000078007c000000787d
:10d35800007c00000078007c00000078003e00009f
:10d368000078003e000000f8001f000000f8801f51
:10d37800000000f8c00f000000f0e107000000f016
:10d38800f903000000f0ff01000000f07f0000003a
:10d3980000e03f00000000e00f00000000f00fc0b8
:10d3a800ff7f00f81fe0ff7f00fc1fe0ff3f00fe4b
:10d3b8003f803f1e007f7f007e00803f7f007c0013
:10d3c800c01ffe007c00c00ffe017800e007fc03d0
:10d3d8007800e007f8037800f003f8077800f00316
:10d3e800f00f7800f801e01f3800f801e03f3c003a
:10d3f800f801c03f3c00f801807f1c00f80100ffe5
:10d408001e00f80100fe0f00f80100fe0700f803f7
:10d4180000fc0700f00300f80f00f00700f01f0001
:10d42800e00700e03f00e00f00f07f00c03f003c55
:10d43800ff0180ff801ffe3f00ffff07fc3f00fc4d
:10d44800ff01f80700e03f00e000000000000000d6
:10d4580000000000000000000000000000000000c4
:10d4680000000000000000000000000000000000b4
:10d4780000000000000000000000000000000000a4
:10d488000000000000000000000000000000000094
:10d498000000000000000000000000000000000084
:10d4a8000000000000000000000000000000000074
:10d4b8000000000000000000000000000000000064
:10d4c8000000000000000000000000000000000054
:10d4d8000000000000000000000000000000000044
:10d4e800000e00c00f00c00f00c00f00c00f00c02a
:10d4f8000f00c00f00c00f00c00f00c00f00c00f0a
:10d5080000c00f00800f0080070080070080070020
:10d5180080070080070080070080070080070080e0
:10d528000700800300000000000000000000000069
:10d5380000000000000000000000000000000000e3
:10d5480000000000000000000000000000000000d3
:10d5580000000000000000000000000000000000c3
:10d5680000000000000000000000000000000000b3
:10d5780000000000000000000000000000000000a3
:10d588000000000000000000000000000000000093
:10d598000000000000000000000000000000000083
:10d5a8000000000000000000000000000000000073
:10d5b8000000000000000000000000000000000063
:10d5c8000000000000000000000000000000000053
:10d5d80000000800001c00000f00800700c00300c6
:10d5e800e00300e00100f00000f800007c00007c8f
:10d5f80000003e00003e00001f00001f00801f00ca
:10d60800800f00800f00c00f00c00f00c00700c0cf
:10d618000700e00700e00700e00700e00300e00380
:10d6280000f00300f00300f00300f00300f0030033
:10d63800f00300f00300f00300f00300f00300f033
:10d648000300f00300f00300f00300f00700e00718
:10d6580000e00700e00700e00700e00700c00f0057
:10d66800c00f00c00f00800f00801f00801f000047
:10d678001f00003f00003e00007e00007c0000fc10
:10d688000000f80000f00100e00300c0030080077c
:10d6980000000f00001e000008000000000000004d
:10d6a8000000000000000000000000000000000072
:10d6b8000000000000000000000000000000000062
:10d6c8000000000000000000000000000800003c0e
:10d6d8000000780000f00000e00100c00300c0076f
:10d6e80000800f00801f00001f00003f00003e0068
:10d6f800007e00007c0000fc0000fc0000f8000038
:10d70800f80100f80100f80100f00300f00300f050
:10d718000300f00300f00300f00700e00700e00753
:10d7280000e00700e00700e00700e00700e007006e
:10d73800e00700e00700e00700e00700e00700e07e
:10d748000700e00700e00300e00300f00300f00337
:10d7580000f00300f00100f00100f80100f80100fa
:10d76800f80000f80000fc00007c00007c00003e8f
:10d7780000003e00001f00001f00800f008007000f
:10d78800c00300e00300e00100f000007800001c86
:10d798000000080000000000000000000000000079
:10d7a8000000000000000000000000000000000071
:10d7b8000000000000000000000000000000000061
:10d7c8000000000000000000000000000000000051
:10d7d800000000000000030000c0070000c00300b4
:10d7e80000c0030000c0030000c0030030c00304f1
:10d7f80070c0030ef8c1833ff883c33ff887e11f69
:10d80800c09ff90300bffd0000fc3f0000e00700d7
:10d8180000e0070000f83f0000bffd00c09ff903cb
:10d82800f08fe31ffc83c31ff8c1831ff0c0031ee2
:10d8380020c0030c00c0030000c0030000c00300a8
:10d8480000c0030000c0070000c000000000000086
:10d8580000000000000000000000000000000000c0
:10d8680000000000000000000000000000000000b0
:10d8780000000000000000000000000000000000a0
:10d888000000000000000000000000000000000090
:10d898000000000000000000000000000000000080
:10d8a8000000000000000000000000000000000070
:10d8b8000000000000000000000000000000000060
:10d8c8000000000000000000000000000000000050
:10d8d8000000000000000000000000000000000040
:10d8e8000000000000000000000000000000000030
:10d8f8000000000000000000000000000000000020
:10d90800000000000000000000000000000000000f
:10d9180000000000000000000000000000000000ff
:10d9280000000000000000000000000000000000ef
:10d9380000000000000000000000000000000000df
:10d9480000000000000000000000000000000000cf
:10d9580000000000000000000000000000000000bf
:10d9680000000000000000000000000000000000af
:10d97800000000000000000000000000000000009f
:10d9880000c0010000f0010000f0010000f00100fb
:10d9980000f0010000f0010000f0010000f00100bb
:10d9a80000f0010000f0010000f00100fcffff079b
:10d9b800fcffff0ffeffff0700f0010000f0010071
:10d9c80000f0010000f0010000f0010000f001008b
:10d9d80000f0010000f0010000f0010000f001007b
:10d9e80000700000000000000000000000000000bf
:10d9f800000000000000000000000000000000001f
:10da0800000000000000000000000000000000000e
:10da180000000000000000000000000000000000fe
:10da280000000000000000000000000000000000ee
:10da380000000000000000000000000000000000de
:10da480000000000000000000000000000000000ce
:10da580000000000000000000000000000000000be
:10da680000000000000000000000000000000000ae
:10da7800000000000000000000000000000000009e
:10da8800000000000000000000000000000000008e
:10da9800000000000000000000000000000000007e
:10daa800000000000000000000000000000000006e
:10dab800000000000000000000000000000000005e
:10dac800000e801ff01ff83ff03f803f003f003fef
:10dad800003f001f001f000f800f80078003c00356
:10dae800e001e000700000000000000000000000fd
:10daf800000000000000000000000000000000001e
:10db0800000000000000000000000000000000000d
:10db180000000000000000000000000000000000fd
:10db280000000000000000000000000000000000ed
:10db380000000000000000000000000000000000dd
:10db480000000000000000000000000000000000cd
:10db580000000000000000000000000000000000bd
:10db680000000000000000000000000000000000ad
:10db7800000000000000000000000000000000f8a5
:10db8800ff3ffcff3ffcff1f0000000000000000fb
:10db9800000000000000000000000000000000007d
:10dba800000000000000000000000000000000006d
:10dbb800000000000000000000000000000000005d
:10dbc800000000000000000000000000000000004d
:10dbd800000000000000000000000000000000003d
:10dbe800000000000000000000000000000000002d
:10dbf800000000000000000000000000000000001d
:10dc0800000000000000000000000000000000000c
:10dc180000000000000000000000000000000000fc
:10dc280000000000000000000000000000000000ec
:10dc380000000000000000000000000000000000dc
:10dc480000000000000000000000000000000000cc
:10dc580000000000000000000000000000000000bc
:10dc680000000000000f800fc01fe01fe01fe01f32
:10dc7800e01fe00fc007c003000000000000000024
:10dc8800000000000000000000000000000000008c
:10dc9800000000000000000000000000000000007c
:10dca800000000000000000000000000000000006c
:10dcb800000000000000000000000000000000005c
:10dcc80000000000000000e000000000f800000074
:10dcd800007c000000007c000000007e00000000c6
:10dce8003e000000003e000000001f000000001f72
:10dcf800000000801f000000800f000000800f005f
:10dd08000000c00f000000c007000000c0070000ae
:10dd180000e003000000e003000000f00300000042
:10dd2800f001000000f001000000f801000000f818
:10dd380000000000f8000000007c000000007c00eb
:10dd48000000007e000000003e000000003e0000d1
:10dd580000003f000000001f000000001f0000003e
:10dd6800800f000000800f000000c00f000000c0fe
:10dd780007000000c007000000e007000000e00303
:10dd8800000000e003000000f001000000f00100c6
:10dd98000000f801000000f800000000f800000092
:10dda80000fc000000007c000000007e0000000075
:10ddb8003e000000003e000000003f000000001f81
:10ddc800000000001f000000801f000000800f00fe
:10ddd8000000c00f000000c007000000c0070000de
:10dde80000e007000000e003000000e0030000007e
:10ddf800f003000000f001000000f801000000f846
:10de080000000000f800000000fc000000007c009a
:10de18000000000c000000000000000000000000ee
:10de280000000000000000000000000000000000ea
:10de380000000000000000000000000000000000da
:10de480000000000000000000000000000000000ca
:10de580000000000000000000000000000000000ba
:10de680000000000000000000000000000000000aa
:10de7800000000000000000000000000000000009a
:10de8800000000000000000000000000000000008a
:10de9800000000000000000000000000000000007a
:10dea800000000000000000000000000000000c0aa
:10deb8001f000000f07f000000f8ff0000003efc9b
:10dec8000300001ef00300000fe007008007c00fea
:10ded80000c007c00f00c003801f00e003801f00c0
:10dee800e003801f00e003003f00f001003f00f066
:10def80001003f00f001003f00f001007f00f80141
:10df0800007e00f801007e00f801007e00f80100a4
:10df18007e00f801007e00f801007e00f801007e16
:10df280000f801007e00f801007e00f801007e0084
:10df3800f801007e00f803003e00f003003e00f008
:10df480003003e00f003003e00f003001f00e0075e
:10df5800001f00e007001f00e007000f00c00f804f
:10df68000f00c00f800700801fc00300003fe003c0
:10df78000000fff0010000fc7f000000f83f0000f7
:10df880000e00f000000000000000000000000009a
:10df98000000000000000000000000000000000079
:10dfa8000000000000000000000000000000000069
:10dfb8000000000000000000000000000000000059
:10dfc8000000000000000000000000000000000049
:10dfd8000000000000000000000000000000000039
:10dfe8000000000000000000000000000000000029
:10dff8000000000000000000000000000000000019
:10e008000000000000000000000000000000000008
:10e0180000000000000000000000000000000000f8
:10e0280000000000000000000000000000000000e8
:10e0380000000000000000000000000000000000d8
:10e04800000000000000000000000c000000001f9d
:10e05800000000c01f000000f81f000000fe1f00a5
:10e0680000c0ff1f0000f0ff1f000060c01f00007d
:10e0780000801f000000801f000000801f000000bb
:10e08800801f000000801f000000801f000000802b
:10e098001f000000801f000000801f000000801f7c
:10e0a800000000801f000000801f000000801f008b
:10e0b8000000801f000000801f000000801f00007b
:10e0c80000801f000000801f000000801f0000006b
:10e0d800801f000000801f000000801f00000080db
:10e0e8001f000000801f000000801f000000801f2c
:10e0f800000000801f000000801f000000801f003b
:10e108000000801f000000801f000000801f00002a
:10e1180000e07f000000fcff0300c0ffff3f00c0dd
:10e12800ffff3f00000000000000000000000000aa
:10e1380000000000000000000000000000000000d7
:10e1480000000000000000000000000000000000c7
:10e1580000000000000000000000000000000000b7
:10e1680000000000000000000000000000000000a7
:10e178000000000000000000000000000000000097
:10e188000000000000000000000000000000000087
:10e198000000000000000000000000000000000077
:10e1a8000000000000000000000000000000000067
:10e1b8000000000000000000000000000000000057
:10e1c8000000000000000000000000000000000047
:10e1d8000000000000000000000000000000000037
:10e1e8000000000000000000000000000000000027
:10e1f8000000803f000000f0ff000000fcff03006b
:10e20800003ff80700800fe00f00c007c00f00c0f4
:10e2180003c01f00e003801f00f003801f00f0010f
:10e22800801f00f001801f007000801f0000008028
:10e238001f000000800f000000c00f000000c00f8a
:10e24800000000e007000000e007000000f0030005
:10e258000000f001000000f801000000fc000000d0
:10e26800007c000000003e000000003f000000802d
:10e278001f000000800f000000c007000000e0033e
:10e28800000000f003000000f801000000f80000a2
:10e2980000007c000000003e003000001f0010005d
:10e2a800800f001800c00f001800e007001c00e0f5
:10e2b80003001c00f0ffff1f00f8ffff1f00f8ff1e
:10e2c800ff1f00f0ffff1f0000000000000000001b
:10e2d8000000000000000000000000000000000036
:10e2e8000000000000000000000000000000000026
:10e2f8000000000000000000000000000000000016
:10e308000000000000000000000000000000000005
:10e3180000000000000000000000000000000000f5
:10e3280000000000000000000000000000000000e5
:10e3380000000000000000000000000000000000d5
:10e3480000000000000000000000000000000000c5
:10e3580000000000000000000000000000000000b5
:10e3680000000000000000000000000000000000a5
:10e378000000000000000000000000000000000095
:10e388000000000000000000000000000000000085
:10e39800000000000000e00f000000fc7f0000000b
:10e3a800ffff0000800ffe0100c007f80300e00334
:10e3b800f00300f001f00700f001e00700f801e0c9
:10e3c8000700f000e007000000e007000000e00799
:10e3d800000000e003000000f003000000f001006e
:10e3e8000000f8000000007c000000003f00000072
:10e3f800c00f000000f87f000000f8ff0000009048
:10e40800ff03000000f803000000f007000000e030
:10e418000f000000c00f000000c01f000000c01f58
:10e42800000000801f000000801f000000801f0007
:10e438000000801f000000801f000000801f0000f7
:10e4480000800f000000c00f000000c00700080097
:10e45800e007001c00f003007c00f80100f803fe50
:10e468000000e0ff7f000080ff1f000000fc0300a9
:10e478000000000000000000000000000000000094
:10e488000000000000000000000000000000000084
:10e498000000000000000000000000000000000074
:10e4a8000000000000000000000000000000000064
:10e4b8000000000000000000000000000000000054
:10e4c8000000000000000000000000000000000044
:10e4d8000000000000000000000000000000000034
:10e4e8000000000000000000000000000000000024
:10e4f8000000000000000000000000000000000014
:10e508000000000000000000000000000000000003
:10e5180000000000000000000000000000000000f3
:10e5280000000000000000000000000000000000e3
:10e538000000000000000001000000c0030000000f
:10e54800f003000000f803000000fc03000000fcda
:10e5580003000000fe03000000fe03000000ef03bc
:10e56800000080ef03000080e7030000c0e3030021
:10e5780000e0e3030000e0e1030000f0e003000036
:10e58800f8e003000078e00300007ce00300003cb2
:10e59800e00300001ee00300001fe00300000fe09e
:10e5a80003008007e00300c007e00300c003e003a6
:10e5b80000e001e00300f001e00300f000e00300e8
:10e5c800f8ffff7f00f8ffff7f00fcffff1f000040
:10e5d80000e003000000e003000000e0030000008a
:10e5e800e003000000e003000000e003000000e09a
:10e5f80003000000e003000000e003000000e00367
:10e60800000000fc0f0000c0ff7f0000c0ff7f007b
:10e6180000000000000000000000000000000000f2
:10e6280000000000000000000000000000000000e2
:10e6380000000000000000000000000000000000d2
:10e6480000000000000000000000000000000000c2
:10e6580000000000000000000000000000000000b2
:10e6680000000000000000000000000000000000a2
:10e678000000000000000000000000000000000092
:10e688000000000000000000000000000000000082
:10e698000000000000000000000000000000000072
:10e6a8000000000000000000000000000000000062
:10e6b8000000000000000000000000000000000052
:10e6c8000000000000000000000000000000000042
:10e6d8000000000000000000000000000000ffff34
:10e6e8000f0000ffff1f0000ffff0f0000ffff03e8
:10e6f8000000ffff01008007000000800700000005
:10e7080080070000008007000000800700000080ec
:10e71800030000008003000000c003000000c003e5
:10e72800000000c003000000c003000000c0fb1f81
:10e738000000c0ff7f0000e0ffff0100e007fc03ce
:10e7480000e001f007004000e00f000000c00f00eb
:10e758000000801f000000801f000000803f0000b4
:10e7680000003f000000003f000000003f000000e4
:10e77800003f000000003f000000003f00000000d4
:10e788003f000000001f000000801f000000801fe5
:10e79800000000c00f001000c00f007800e0070064
:10e7a800f800f00300f007fc0100c0ffff000000c4
:10e7b800ff3f000000f80f0000000000000000000c
:10e7c8000000000000000000000000000000000041
:10e7d8000000000000000000000000000000000031
:10e7e8000000000000000000000000000000000021
:10e7f8000000000000000000000000000000000011
:10e808000000000000000000000000000000000000
:10e8180000000000000000000000000000000000f0
:10e8280000000000000000000000000000000000e0
:10e8380000000000000000000000000000000000d0
:10e8480000000000000000000000000000000000c0
:10e8580000000000000000000000000000000000b0
:10e8680000000000000000000000000000000000a0
:10e878000000000000000000000000000000000e82
:10e88800000000c00f000000f817000000fe0000a4
:10e8980000803f000000c00f000000e007000000fb
:10e8a800f003000000f801000000fc000000007efa
:10e8b800000000003f000000001f000000801f0053
:10e8c8000000800f000000c00f000000c00700001b
:10e8d80000c0077f0000e0c7ff0100e0f3ff07006a
:10e8e800e07bf00f00e01fc01f00f00f801f00f05a
:10e8f80007803f00f003003f00f003007f00f003b3
:10e90800007f00f003007e00f003007e00f00300ab
:10e918007e00f003007e00f003007e00e007007e2a
:10e9280000e007003e00e007003e00e007003e0070
:10e93800c00f001f00c00f001f00801f000f000045
:10e948003f800f00007fc0070000fee0030000f8d2
:10e95800ff010000f07f000000c01f000000000061
:10e96800000000000000000000000000000000009f
:10e97800000000000000000000000000000000008f
:10e98800000000000000000000000000000000007f
:10e99800000000000000000000000000000000006f
:10e9a800000000000000000000000000000000005f
:10e9b800000000000000000000000000000000004f
:10e9c800000000000000000000000000000000003f
:10e9d800000000000000000000000000000000002f
:10e9e800000000000000000000000000000000001f
:10e9f800000000000000000000000000000000000f
:10ea080000000000000000000000000000000000fe
:10ea180000000000000000000000000000000000ee
:10ea28000000000000e0ffff3f00e0ffff7f00e084
:10ea3800ffff7f00e0ffff3f00f0ffff3f00f00017
:10ea4800001c007000001e003000001e0030000096
:10ea58000f003000000f0000008007000000800752
:10ea68000000008003000000c003000000c0030095
:10ea78000000e001000000e001000000f0000000dc
:10ea880000f000000000f000000000780000000026
:10ea980078000000003c000000003c000000003e40
:10eaa800000000001e000000001f000000000f0012
:10eab8000000000f000000800f0000008007000029
:10eac80000c007000000c003000000e003000000d1
:10ead800e003000000f001000000f001000000f871
:10eae80001000000fc00000000fc000000007e00a7
:10eaf8000000007e000000001f000000000600006b
:10eb080000000000000000000000000000000000fd
:10eb180000000000000000000000000000000000ed
:10eb280000000000000000000000000000000000dd
:10eb380000000000000000000000000000000000cd
:10eb480000000000000000000000000000000000bd
:10eb580000000000000000000000000000000000ad
:10eb6800000000000000000000000000000000009d
:10eb7800000000000000000000000000000000008d
:10eb8800000000000000000000000000000000007d
:10eb9800000000000000000000000000000000006d
:10eba800000000000000000000000000000000005d
:10ebb800000000000000000000000000000000004d
:10ebc80000000000000000000000c03f000000f846
:10ebd800ff000000fcff0300001ff80700800fe0a3
:10ebe8000f008007c00f00c007c01f00c003801fb0
:10ebf80000e003801f00e003801f00e003801f0087
:10ec0800e003801f00e007800f00e00fc00f00c086
:10ec18001fc00700c03fe0030080fff0010000ffb5
:10ec2800fb000000fe7f000000f87f000000f0fffe
:10ec3800010000f8ff0300007eff0700001ff80f27
:10ec480000800ff01f00c007c03f00e007803f00b2
:10ec5800e003807f00f003007f00f001007e00f8f1
:10ec680001007e00f801007e00f801007e00f80136
:10ec7800007e00f801003e00f803003e00f00300ab
:10ec88001f00f007001f00e007800f00e00fc0071b
:10ec980000c07fe0030080ffff010000fe7f00004e
:10eca80000f00f000000000000000000000000005d
:10ecb800000000000000000000000000000000004c
:10ecc800000000000000000000000000000000003c
:10ecd800000000000000000000000000000000002c
:10ece800000000000000000000000000000000001c
:10ecf800000000000000000000000000000000000c
:10ed080000000000000000000000000000000000fb
:10ed180000000000000000000000000000000000eb
:10ed280000000000000000000000000000000000db
:10ed380000000000000000000000000000000000cb
:10ed480000000000000000000000000000000000bb
:10ed580000000000000000000000000000000000ab
:10ed68000000000000000000000000000000803fdc
:10ed7800000000f0ff000000f8ff0100007ef8032b
:10ed880000001fe00700000fc00f008007c01f0031
:10ed9800c007801f00c007801f00e003003f00e09d
:10eda80003003f00f003003f00f003007f00f00382
:10edb800007e00f003007e00f003007e00f00300f8
:10edc8007e00f003007e00f007007e00e007007e72
:10edd80000e00f007f00c00f807f00c01fc07f00d1
:10ede800807ff07e0000ff7f3e0000fc1f3e000099
:10edf800f0073f000000003f000000001f00000077
:10ee0800801f000000800f000000c00f000000c03d
:10ee180007000000e007000000f003000000f80110
:10ee2800000000fc000000007e000000003f000021
:10ee380000c01f000000e00f000000fc030000807d
:10ee4800ff000000c01f0000008003000000000059
:10ee580000000000000000000000000000000000aa
:10ee6800000000000000000000000000000000009a
:10ee7800000000000000000000000000000000008a
:10ee8800000000000000000000000000000000007a
:10ee9800000000000000000000000000000000006a
:10eea800000000000000000000000000000000005a
:10eeb800000000000000000000000000000000004a
:10eec800000000000000000000000000000000003a
:10eed800000000000000000000000000000000002a
:10eee800000000000000000f800fc01fe01fe01f9f
:10eef800e01fe01fe00fc007c00300000000000093
:10ef080000000000000000000000000000000000f9
:10ef18000000000000000000000f800fc01fe01f6d
:10ef2800e01fe01fe01fe00fc007c0030000000063
:10ef380000000000000000000000000000000000c9
:10ef480000000000000000000000000000000000b9
:10ef580000000000000000000000000000000000a9
:10ef68000000000000000000000000000000000099
:10ef78000000000000000000000000000000000089
:10ef88000000000000000000000000000000000f6a
:10ef9800800fc01fe01fe01fe01fe01fe00fc00749
:10efa800c003000000000000000000000000000096
:10efb8000000000000000000000000000000000049
:10efc800000e801ff01ff83ff03f803f003f003fda
:10efd800003f001f001f000f800f80078003c00341
:10efe800e001e000700000000000000000000000e8
:10eff8000000000000000000000000000000000009
:10f0080000000000000000000000000000000000f8
:10f0180000000000000000000000000000000000e8
:10f0280000000000000000000000000000000000d8
:10f0380000000000000000000000000000000000c8
:10f0480000000000000000000000000000000000b8
:10f0580000000000000000000000000000000000a8
:10f068000000000000000000000000000000000098
:10f078000000000000000000000000180000001e52
:10f088000000c01f0000f81f0000fe0f00c0ff03b3
:10f0980000f07f0000fe0f00c0ff0300f07f0000bb
:10f0a800f80f0000f8030000fc070000fc1f000038
:10f0b800f0ff000080ff070000fe1f0000f0ff00c7
:10f0c8000080ff070000fe1f0000f01f0000801fe7
:10f0d8000000000600000000000000000000000022
:10f0e8000000000000000000000000000000000018
:10f0f8000000000000000000000000000000000008
:10f1080000000000000000000000000000000000f7
:10f1180000000000000000000000000000000000e7
:10f1280000000000000000000000000000000000d7
:10f1380000000000000000000000000000000000c7
:10f1480000000000000000000000000000000000b7
:10f1580000000000000000000000000000000000a7
:10f168000000000000000000000000000000000097
:10f178000000000000000000000000000000000087
:10f188000000000000000000000000000000000077
:10f198000000000000000000000000000000000067
:10f1a8000000000000000000000000000000000057
:10f1b8000000000000000000000000000000000047
:10f1c8000000000000000000000000000000000037
:10f1d800000000000000000000000000f8ffff1f12
:10f1e800fcffff1ffcffff1f0000000000000000e5
:10f1f8000000000000000000000000000000000007
:10f20800000000000000000000000000f8ffff1fe1
:10f21800fcffff1ffcffff1f0000000000000000b4
:10f2280000000000000000000000000000000000d6
:10f2380000000000000000000000000000000000c6
:10f2480000000000000000000000000000000000b6
:10f2580000000000000000000000000000000000a6
:10f268000000000000000000000000000000000096
:10f278000000000000000000000000000000000086
:10f288000000000000000000000000000000000076
:10f298000000000000000000000000000000000066
:10f2a8000000000000000000000000000000000056
:10f2b8000000000000000000000000000000000046
:10f2c8000000000000000000000000000000000036
:10f2d8000000000000000000000000000000000026
:10f2e8000000000000000000000000000000000016
:10f2f8000000000000000000000000000000000006
:10f3080000000000000000000000000000000000f5
:10f31800000000000000000030000000f8010000bc
:10f32800fc0f0000f83f0000e0ff010080ff0f0025
:10f3380000fc3f0000e0ff010080ff0f0000fc1f01
:10f348000000e01f0000c01f0000f81f0000fe0fb3
:10f3580000c0ff0100f87f0000fe0f00c0ff03009f
:10f36800f87f0000f80f0000f80300007c000000a0
:10f37800080000000000000000000000000000007d
:10f388000000000000000000000000000000000075
:10f398000000000000000000000000000000000065
:10f3a8000000000000000000000000000000000055
:10f3b8000000000000000000000000000000000045
:10f3c8000000000000000000000000000000000035
:10f3d8000000000000000000000000000000000025
:10f3e8000000000000000000000000000000000015
:10f3f8000000000000000000000000000000000005
:10f4080000000000000000000000000000000000f4
:10f41800000000000000000000e01f0000fcff00ea
:10f4280000ffff01801ffc03c007f807e003f00797
:10f43800f003e007f001e00ff801c00ff801c00f7a
:10f44800f801c00ff801c00ff800c00f0000c00f8e
:10f458000000c00f0000e0070000e0070000e00324
:10f468000000f0030000f8010000f8010000fc00b3
:10f4780000007c0000007e0000003f0000001f002c
:10f4880000801f0000800f0000c00f0000c00700b0
:10f4980000c0070000e0030000e0030000e00300f4
:10f4a80000e0030000e0030000e0030000e00300c8
:10f4b80000e0010000000000000000000000000063
:10f4c800000000000000000000c0030000e003008e
:10f4d80000f0070000f8070000f8070000f8070030
:10f4e80000f8070000f8030000f0010000f0000039
:10f4f8000000000000000000000000000000000004
:10f5080000000000000000000000000000000000f3
:10f5180000000000000000000000000000000000e3
:10f5280000000000000000000000000000000000d3
:10f5380000000000000000000000000000000000c3
:10f5480000000000000000000000000000000000b3
:10f5580000000000000000000000000000000000a3
:10f568000000000000000000000000000000000093
:10f578000000000000000000000000000000000083
:10f588000000000000000000000000000000000073
:10f598000000000000000000000000000000000063
:10f5a8000000000000000000000000000000000053
:10f5b8000000000000000000000000000000000043
:10f5c800000000f83f000000000080ffff0100007d
:10f5d8000000e0ffff0f00000000f8ffff1f000021
:10f5e8000000fe03f07f000000807f0080ff000025
:10f5f80000c01f0000fe010000e0070000fc03003f
:10f6080000f0010000f8070000f8000000e0070023
:10f61800007c000000e00f00003e000000c01f005a
:10f62800001f000000801f00801f00f003023f0041
:10f63800800f00fe87033f00c00700ffcf033e0096
:10f64800c0078007ff017e00e003e003fe017e00a3
:10f65800e003e001fc017c00f003f000f8017c000d
:10f66800f001f800f8017c00f8017800f801fc00ce
:10f67800f8017c00f801f800f8007c00f801f800b7
:10f68800f8003e00f801f800fc003e00f801f80020
:10f69800fc003e00f801f800fc003f00f801f8000b
:10f6a800fc003f00f801f800fc003f00f801f800fa
:10f6b800fc003f00f801f800fc003f00f801f800ea
:10f6c800fc003f00f8017800fc003f00f8017c00d6
:10f6d800fc017f00f8017c00fc017f00f8017c0040
:10f6e800fc017f00f8013c00f8017e00f8013e00b3
:10f6f800f801fe00fc011e00f803fe00fc011f00db
:10f70800f803fc01fe030f00f007fc03ff8307006a
:10f71800f007f887fbe70300f00ff8fff9ff010097
:10f72800e00ff0fff1ff0000e01fe0fff07f0000b6
:10f73800c03fc07fe01f0000c03f001fc00700009f
:10f74800807f00000000000000ff000000000000b3
:10f7580000fe01000000040000fe07000000070092
:10f7680000fc0f0000c0070000f83f0000f0010097
:10f7780000e0ff0000fe000000c0ff07e07f00007f
:10f788000000ffffff1f00000000fcffff07000054
:10f798000000f0ffff000000000000ff0f00000065
:10f7a8000000000000000000000000000000000051
:10f7b8000000000000000000000000000000000041
:10f7c8000000000000000000000000000000000031
:10f7d8000000000000000000000000000000000021
:10f7e8000000000000000000000000000000000011
:10f7f8000000000000000000000000000000000001
:10f8080000000000000000000000000000000000f0
:10f8180000000000000000000000000000000000e0
:10f8280000000000000000000000000000000000d0
:10f8380000000000000000000000000000000000c0
:10f848000000000000004000000000007000000000
:10f858000000f80000000000fc0000000000fc00b0
:10f8680000000000fc0100000000fe010000000094
:10f87800fe0100000000fe0300000000ef0300008e
:10f888000000ef0300000000ef0700000080c7073a
:10f8980000000080c70700000080c70f000000c0fc
:10f8a800830f000000c0831f000000c0831f0000fa
:10f8b80000e0011f000000e0013f000000e0013f00
:10f8c800000000f0003e000000f0007e000000f0a4
:10f8d800007e00000078007c0000007800fc00003a
:10f8e800007800fc000000fcffff000000fcffffa8
:10f8f800010000fcffff0100001e00f00100001ed7
:10f9080000f00300001e00e00300000f00e0030009
:10f91800000f00e00700000f00c00700800700c0cc
:10f928000f00800700c00f00800700800f00c00391
:10f9380000801f00c00300801f00c00300001f00dc
:10f94800e00100003f00f00300807f00ff7f00f827
:10f95800ff03ff7f00f8ff03000000000000000025
:10f96800000000000000000000000000000000008f
:10f97800000000000000000000000000000000007f
:10f98800000000000000000000000000000000006f
:10f99800000000000000000000000000000000005f
:10f9a800000000000000000000000000000000004f
:10f9b800000000000000000000000000000000003f
:10f9c800000000000000000000000000000000002f
:10f9d800000000000000000000000000000000001f
:10f9e800000000000000000000000000000000000f
:10f9f80000000000000000000000000000000000ff
:10fa080000000000000000000000000000000000ee
:10fa180000000000000000000000000000000000de
:10fa280000000000000000000000000000000000ce
:10fa3800fc3f0000f0ffff0300fcffff0f00fc1f6e
:10fa4800f01f00801f803f00801f007f00801f0084
:10fa5800fe00801f00fe00801f00fc00801f00fccd
:10fa680000801f00fc00801f00fc00801f00fc00bd
:10fa7800801f007c00801f007e00801f003e0080e9
:10fa88001f001f00801fc00f00801ff8070080ffa5
:10fa9800ff070080ffff1f0080ffff7f00801fc05f
:10faa800ff00801f00ff01801f00fc03801f00f87b
:10fab80003801f00f007801f00f007801f00e00789
:10fac800801f00e00f801f00c00f801f00c00f8044
:10fad8001f00c00f801f00c00f801f00c00f801fb5
:10fae80000c00f801f00c007801f00e007801f00b4
:10faf800e007801f00f003801f00f801801f00fc52
:10fb080000e03f807f00fcffff3f00fcffff0f008d
:10fb180000f8ff01000000000000000000000000e5
:10fb280000000000000000000000000000000000cd
:10fb380000000000000000000000000000000000bd
:10fb480000000000000000000000000000000000ad
:10fb5800000000000000000000000000000000009d
:10fb6800000000000000000000000000000000008d
:10fb7800000000000000000000000000000000007d
:10fb8800000000000000000000000000000000006d
:10fb9800000000000000000000000000000000005d
:10fba800000000000000000000000000000000004d
:10fbb800000000000000000000000000000000003d
:10fbc800000000000000000000000000000000002d
:10fbd8000000000000f81f000000ffff0100c0ff48
:10fbe800ff0700e003fe0700f800f003007c00e0d8
:10fbf80001001e008001001f000000800f000000af
:10fc08008007000000c007000000e003000000e0db
:10fc180003000000f001000000f001000000f801fe
:10fc2800000000f801000000f800000000f80000e3
:10fc38000000fc00000000fc00000000fc000000c8
:10fc480000fc00000000fc00000000fc00000000b8
:10fc5800fc00000000fc00000000fc00000000fcac
:10fc680001000000fc01000000f801000000f8019c
:10fc7800000000f803000000f003000000f0070097
:10fc88000000e00f000000e00f000004c01f0000ab
:10fc98000ec03f000007807f00c00300ff01f00195
:10fca80000fe07fe0000fcff7f0000f0ff1f0000c1
:10fcb800c0ff07000000ff00000000000000000077
:10fcc800000000000000000000000000000000002c
:10fcd800000000000000000000000000000000001c
:10fce800000000000000000000000000000000000c
:10fcf80000000000000000000000000000000000fc
:10fd080000000000000000000000000000000000eb
:10fd180000000000000000000000000000000000db
:10fd280000000000000000000000000000000000cb
:10fd380000000000000000000000000000000000bb
:10fd480000000000000000000000000000000000ab
:10fd5800000000000000000000000000000000009b
:10fd6800000000000000000000000000000000008b
:10fd7800000000000000000000000000000000007b
:10fd88000000000000000000000000fcff00000070
:10fd9800f0ffff0f0000fcffff3f0000fc1fe07fab
:10fda8000000801f00ff0100801f00fc0300801f6f
:10fdb80000f00700801f00e00f00801f00c01f0038
:10fdc800801f00c01f00801f00803f00801f0000b0
:10fdd8003f00801f00007f00801f00007f00801f01
:10fde80000007e00801f00007e00801f0000fe00d3
:10fdf800801f0000fc00801f0000fc00801f000026
:10fe0800fc00801f0000fc00801f0000fc00801f19
:10fe18000000fc00801f0000fc00801f0000fc00a8
:10fe2800801f0000fc00801f0000fc00801f0000f5
:10fe38007c00801f00007e00801f00007e00801f65
:10fe480000007e00801f00003e00801f00003f0071
:10fe5800801f00003f00801f00801f00801f00c01f
:10fe68001f00801f00c00f00801f00e00700801fd8
:10fe780000f00300801f00f80100801f00fe000052
:10fe8800803fc07f0000e0ffff1f0000fcffff076e
:10fe98000000fcffff000000000000000000000060
:10fea800000000000000000000000000000000004a
:10feb800000000000000000000000000000000003a
:10fec800000000000000000000000000000000002a
:10fed800000000000000000000000000000000001a
:10fee800000000000000000000000000000000000a
:10fef80000000000000000000000000000000000fa
:10ff080000000000000000000000000000000000e9
:10ff180000000000000000000000000000000000d9
:10ff280000000000000000000000000000000000c9
:10ff380000000000000000000000000000000000b9
:10ff480000000000000000000000000000000000a9
:10ff58000000000000000000000000000000000099
:10ff68000000000000000000000000000000000089
:10ff780000000000fcffff7f00fcffffff00e0ff28
:10ff8800ffff00801f007800801f007000801f00a6
:10ff98007000801f006000801f006000801f00202c
:10ffa80000801f000000801f000000801f0000006c
:10ffb800801f000000801f000000801f00000080dc
:10ffc8001f000000801f000000801f00000080ff4d
:10ffd800ff0f0080ffff0f0080ffff0700801f80da
:10ffe8000300801f000100801f000000801f000028
:10fff80000801f000000801f000000801f0000001c
:020000041d02db
:10000800801f000000801f000000801f000000808b
:100018001f000000801f000000801f000000801fdc
:10002800000000801f000003801f000003801f00e5
:100038008003801f008003801f00c003807f00e0d2
:1000480001e0ffffff01fcffffff01fcffffff01d5
:100058000000000000000000000000000000000098
:100068000000000000000000000000000000000088
:100078000000000000000000000000000000000078
:100088000000000000000000000000000000000068
:100098000000000000000000000000000000000058
:1000a8000000000000000000000000000000000048
:1000b8000000000000000000000000000000000038
:1000c8000000000000000000000000000000000028
:1000d8000000000000000000000000000000000018
:1000e8000000000000000000000000000000000008
:1000f80000000000000000000000000000000000f8
:1001080000000000000000000000000000000000e7
:100118000000000000000000fcffffff00fcffffe4
:10012800ff00e0ffffff00801f00f000801f00f0cd
:1001380000801f006000801f006000801f006000ba
:10014800801f006000801f000000801f00000080ea
:100158001f000000801f000000801f000000801f9b
:10016800000000801f000000801f000000801f00aa
:10017800000080ffff070080ffff070080ffff03ec
:1001880000801fe00100801f800000801f00000029
:10019800801f000000801f000000801f00000080fa
:1001a8001f000000801f000000801f000000801f4b
:1001b800000000801f000000801f000000801f005a
:1001c8000000801f000000801f000000801f00004a
:1001d80000801f000000801f000000801f0000003a
:1001e800801f000000e07f000000fcff070000fc0b
:1001f800ff070000000000000000000000000000f1
:1002080000000000000000000000000000000000e6
:1002180000000000000000000000000000000000d6
:1002280000000000000000000000000000000000c6
:1002380000000000000000000000000000000000b6
:1002480000000000000000000000000000000000a6
:100258000000000000000000000000000000000096
:100268000000000000000000000000000000000086
:100278000000000000000000000000000000000076
:100288000000000000000000000000000000000066
:100298000000000000000000000000000000000056
:1002a8000000000000000000000000000000000046
:1002b8000000000000000000000000000000000036
:1002c800000000000000000000000000e03f000007
:1002d8000000feff03000080ffff0f0000e007f8aa
:1002e8001f0000f801e00f00007c00800700003ebe
:1002f80000000300001f00000000800f0000000045
:10030800800700000000c00700000000e0030000b4
:100318000000e00300000000f00100000000f00110
:1003280000000000f80100000000f80100000000d3
:10033800f80000000000f80000000000fc000000c9
:100348000000fc0000000000fc0000000000fc00b1
:1003580000000000fc0000000000fc0000ffff019e
:10036800fc0000feff00fc0000e03f00fc000080f5
:100378001f00fc0100801f00fc0100801f00f80125
:1003880000801f00f80100801f00f80300801f0094
:10039800f00300801f00f00700801f00f0070080b6
:1003a8001f00e00f00801f00c01f00801f00c03f1b
:1003b80000801f00807f00801f0000ff01c00f0029
:1003c80000fe07f8070000fcffff010000f0ff7fb8
:1003d800000000c0ff1f00000000fe070000000032
:1003e8000000000000000000000000000000000005
:1003f80000000000000000000000000000000000f5
:1004080000000000000000000000000000000000e4
:1004180000000000000000000000000000000000d4
:1004280000000000000000000000000000000000c4
:1004380000000000000000000000000000000000b4
:1004480000000000000000000000000000000000a4
:100458000000000000000000000000000000000094
:100468000000000000000000000000000000000084
:100478000000000000000000000000000000000074
:100488000000000000000000000000000000000064
:100498000000000000000000000000000000000054
:1004a8000000000000000000000000000000000044
:1004b8000000000000000000000000000000000034
:1004c8000000000000000000fcff03f0ff0ffcff2d
:1004d80003f0ff0fe03f0000ff01801f00007e00d7
:1004e800801f00007e00801f00007e00801f00002b
:1004f8007e00801f00007e00801f00007e00801f9d
:1005080000007e00801f00007e00801f00007e002b
:10051800801f00007e00801f00007e00801f0000fa
:100528007e00801f00007e00801f00007e00801f6c
:1005380000007e00801f00007e0080ffffff7f001c
:1005480080ffffff7f0080ffffff7f00801f00000c
:100558007e00801f00007e00801f00007e00801f3c
:1005680000007e00801f00007e00801f00007e00cb
:10057800801f00007e00801f00007e00801f00009a
:100588007e00801f00007e00801f00007e00801f0c
:1005980000007e00801f00007e00801f00007e009b
:1005a800801f00007e00801f00007e00801f00006a
:1005b8007e00801f00007e00801f00007e00e07f1c
:1005c8000080ff01fcff03f0ff0ffcff03f0ff0fab
:1005d8000000000000000000000000000000000013
:1005e8000000000000000000000000000000000003
:1005f80000000000000000000000000000000000f3
:1006080000000000000000000000000000000000e2
:1006180000000000000000000000000000000000d2
:1006280000000000000000000000000000000000c2
:1006380000000000000000000000000000000000b2
:1006480000000000000000000000000000000000a2
:100658000000000000000000000000000000000092
:100668000000000000000000000000000000000082
:100678000000000000000000000000000000000072
:1006880000000000fcff03fcff03e07f00801f0068
:10069800801f00801f00801f00801f00801f0080b7
:1006a8001f00801f00801f00801f00801f00801f08
:1006b80000801f00801f00801f00801f00801f0017
:1006c800801f00801f00801f00801f00801f008087
:1006d8001f00801f00801f00801f00801f00801fd8
:1006e80000801f00801f00801f00801f00801f00e7
:1006f800801f00801f00801f00801f00801f00e0f7
:100708007f00fcff03fcff03000000000000000066
:1007180000000000000000000000000000000000d1
:1007280000000000000000000000000000000000c1
:1007380000000000000000000000000000000000b1
:1007480000000000000000000000000000000000a1
:100758000000000000000000000000000000000091
:100768000000000000000000000000000000000081
:100778000000000000000000000000000000000071
:100788000000000000000000000000000000000061
:100798000000000000ffff0300ffff0300e07f00f0
:1007a80000801f0000801f0000801f0000801f00c5
:1007b80000801f0000801f0000801f0000801f00b5
:1007c80000801f0000801f0000801f0000801f00a5
:1007d80000801f0000801f0000801f0000801f0095
:1007e80000801f0000801f0000801f0000801f0085
:1007f80000801f0000801f0000801f0000801f0075
:1008080000801f0000801f0000801f0000801f0064
:1008180000801f0000801f0000801f0000801f0054
:1008280000801f0000801f0000801f0000801f0044
:1008380000801f0000801f0000801f0000801f0034
:1008480000800f0000800f0000800f0000c00f0024
:1008580000c0070000c0070000e0030000e001003e
:1008680008f000003e780000ff3f0000ff1f000076
:10087800fe070000f8000000000000000000000073
:100888000000000000000000000000000000000060
:100898000000000000000000000000000000000050
:1008a8000000000000000000000000000000000040
:1008b8000000000000000000000000000000000030
:1008c8000000000000000000000000000000000020
:1008d8000000000000000000000000000000000010
:1008e8000000000000000000000000000000000000
:1008f80000000000000000000000000000000000f0
:10090800000000000000000000000000fcff03ffe2
:100918007f00fcff03ff7f00e07f00f00700801fdf
:1009280000f00100801f00f80000801f007c00001c
:10093800801f007e0000801f003f0000801f001ff6
:100948000000801f800f0000801fc0070000801f6c
:10095800e0030000801ff0010000801ff800000085
:10096800801f78000000801f7c000000801f3e0070
:100978000000801f1f000000809f0f00000080df24
:100988000700000080df0300000080ff0300000074
:1009980080ff0700000080df0f000000809f1f001d
:1009a8000000801f3f000000801f7f000000801fa4
:1009b800fe000000801ffc010000801ff8010000fd
:1009c800801ff0030000801ff0070000801fe00f69
:1009d8000000801fc01f0000801f803f0000801f94
:1009e800007f0000801f00ff0000801f00fe000045
:1009f800801f00fc0100801f00f80300801f00f02a
:100a08000700e07f00f01f00fcff03e0ff01fcff90
:100a180003c0ff00000000801f000000000000006d
:100a280000000000000000000000000000000000be
:100a380000000000000000000000000000000000ae
:100a4800000000000000000000000000000000009e
:100a5800000000000000000000000000000000008e
:100a6800000000000000000000000000000000007e
:100a7800000000000000000000000000000000006e
:100a8800000000000000000000000000000000005e
:100a9800000000000000000000000000000000004e
:100aa800000000000000000000000000000000003e
:100ab800000000000000000000000000000000002e
:100ac800000000000000000000000000000000001e
:100ad800000000000000000000000000000000000e
:100ae80000000000000000000000000000000000fe
:100af800fcff030000fcff030000e07f0000008013
:100b08001f000000801f000000801f000000801fe1
:100b1800000000801f000000801f000000801f00f0
:100b28000000801f000000801f000000801f0000e0
:100b380000801f000000801f000000801f000000d0
:100b4800801f000000801f000000801f0000008040
:100b58001f000000801f000000801f000000801f91
:100b6800000000801f000000801f000000801f00a0
:100b78000000801f000000801f000000801f000090
:100b880000801f000000801f000000801f00000080
:100b9800801f000000801f000000801f00000080f0
:100ba8001f000001801f000003801f008001801fbc
:100bb800008001801f00c001807f00f001e0ffff7e
:100bc800ff01fcffffff01fcffffff00000000002a
:100bd800000000000000000000000000000000000d
:100be80000000000000000000000000000000000fd
:100bf80000000000000000000000000000000000ed
:100c080000000000000000000000000000000000dc
:100c180000000000000000000000000000000000cc
:100c280000000000000000000000000000000000bc
:100c380000000000000000000000000000000000ac
:100c4800000000000000000000000000000000009c
:100c5800000000000000000000000000000000008c
:100c6800000000000000000000000000000000007c
:100c7800000000000000000000000000000000006c
:100c8800000000000000000000000000000000005c
:100c9800000000000000000000000000000000004c
:100ca800000000000000000000000000000000003c
:100cb800000000000000000000000000000000002c
:100cc800000000000000000000000000000000001c
:100cd800fc3f000000f87f00fc3f000000f87f00a8
:100ce800c07f000000fc0f00007f000000fc030034
:100cf800007f000000fc030000ff000000fe03006e
:100d080000ff000000fe030000ff010000ff0300d9
:100d180000f7010000ff030000f7030080ff030055
:100d280080e7030080f7030080e7070080f70300ef
:100d380080c70700c0f3030080c70700c0f30300a3
:100d480080c70f00e0f1030080870f00e0f1030087
:100d580080871f00f0f1030080071f00f0e0030008
:100d680080073f00f0e0030080073e0078e00300c2
:100d780080077e0078e0030080077e003ce00300e7
:100d880080077c003ce003008007fc003ee0030095
:100d98008007f8001ee003008007f8011ee003004a
:100da8008007f0010fe003008007f0030fe0030065
:100db8008007f08307e003008007e08707e003006f
:100dc8008007e0c707e003008007c0c703e003000f
:100dd8008007c0cf03e00300800780ef01e0030035
:100de800800780ff01e00300800700ff01e00300a7
:100df800800700ff00e00300800700ff00e0030019
:100e08008007007e00e003008007007e00e003000a
:100e18008007003c00e00300c01f003c00f80f0002
:100e2800fcff003880ff7f00fcff001880ff7f0078
:100e380000000000000000000000000000000000aa
:100e4800000000000000000000000000000000009a
:100e5800000000000000000000000000000000008a
:100e6800000000000000000000000000000000007a
:100e7800000000000000000000000000000000006a
:100e8800000000000000000000000000000000005a
:100e9800000000000000000000000000000000004a
:100ea800000000000000000000000000000000003a
:100eb800000000000000000000000000000000002a
:100ec800000000000000000000000000000000001a
:100ed800000000000000000000000000000000000a
:100ee80000000000000000000000000000000000fa
:100ef80000000000000000000000000000000000ea
:100f080000000000000000000000000000000000d9
:100f180000000000000000000000000000000000c9
:100f280000000000000000000000000000000000b9
:100f380000000000000000000000000000000000a9
:100f48000000000000000000fc0700c0ff1ffc0fad
:100f580000c0ff1fe00f0000fc01801f0000f80028
:100f6800803f0000f800807f0000f800807f0000cc
:100f7800f80080ff0000f80080ff0100f80080ff03
:100f88000100f80080ef0300f80080ef0700f80088
:100f980080cf0f00f800808f0f00f800800f1f002f
:100fa800f800800f3f00f800800f3e00f800800f27
:100fb8007c00f800800ffc00f800800ff800f800b3
:100fc800800ff001f800800ff003f800800fe007b1
:100fd800f800800fc007f800800fc00ff800800fde
:100fe800801ff800800f001ff800800f003ff800f6
:100ff800800f007ef800800f00fcf800800f00fcd6
:10100800f800800f00f8f900800f00f0fb00800f57
:1010180000f0fb00800f00e0ff00800f00c0ff0021
:10102800800f00c0ff00800f0080ff00800f0000cd
:10103800ff00800f0000ff00800f0000fe00c01faf
:101048000000fc00fcff0100f800fcff0100f800b4
:1010580000000000e00000000000000000000000a8
:101068000000000000000000000000000000000078
:101078000000000000000000000000000000000068
:101088000000000000000000000000000000000058
:101098000000000000000000000000000000000048
:1010a8000000000000000000000000000000000038
:1010b8000000000000000000000000000000000028
:1010c8000000000000000000000000000000000018
:1010d8000000000000000000000000000000000008
:1010e80000000000000000000000000000000000f8
:1010f80000000000000000000000000000000000e8
:1011080000000000000000000000000000000000d7
:1011180000000000000000000000000000000000c7
:1011280000000000000000000000000000000000b7
:10113800000000000000000000000000fc030000a8
:101148000080ff1f000000e0ff7f000000f003ffa9
:101158000000007c00fc0100003e00f80300001fb6
:1011680000f00700000f00e00f00800700c00f002c
:10117800c00700801f00e00300801f00e00300009c
:101188003f00f00100003f00f00100007f00f00187
:1011980000007e00f80100007e00f80000007e00dc
:1011a800f8000000fc00fc000000fc00fc0000004f
:1011b800fc00fc000000fc00fc000000fc00fc003f
:1011c8000000fc00fc000000fc00fc000000fc002b
:1011d800fc000000fc00fc000000fc00fc0100001a
:1011e800fc00fc0100007c00f80100007e00f80112
:1011f80000007e00f80300003e00f80300003e00f7
:10120800f00300003f00f00700001f00e007008027
:101218000f00e00f00800f00c01f00c00700c03f94
:1012280000e00300807f00f0030000ff00f80100e9
:1012380000fe037f000000fcff3f000000f8ff1fd6
:10124800000000e0ff0700000000ff0000000000b1
:101258000000000000000000000000000000000086
:101268000000000000000000000000000000000076
:101278000000000000000000000000000000000066
:101288000000000000000000000000000000000056
:101298000000000000000000000000000000000046
:1012a8000000000000000000000000000000000036
:1012b8000000000000000000000000000000000026
:1012c8000000000000000000000000000000000016
:1012d8000000000000000000000000000000000006
:1012e80000000000000000000000000000000000f6
:1012f80000000000000000000000000000000000e6
:1013080000000000000000000000000000000000d5
:1013180000000000000000000000000000000000c5
:10132800fcff0000f0ffff0700fcffff1f00fc1f91
:10133800e07f00801f00ff00801f00fe01801f006b
:10134800fc03801f00f803801f00f003801f00f0db
:1013580007801f00e007801f00e007801f00e007ec
:10136800801f00e007801f00e007801f00e0078063
:101378001f00e003801f00f003801f00f001801fa2
:1013880000f801801f00fc00801f007f00801fc044
:101398003f0080dfff1f00809fff0700801fff00c6
:1013a80000801f000000801f000000801f00000058
:1013b800801f000000801f000000801f00000080c8
:1013c8001f000000801f000000801f000000801f19
:1013d800000000801f000000801f000000801f0028
:1013e8000000801f000000801f000000801f000018
:1013f80000e07f000000fcff070000fcff07000082
:1014080000000000000000000000000000000000d4
:1014180000000000000000000000000000000000c4
:1014280000000000000000000000000000000000b4
:1014380000000000000000000000000000000000a4
:101448000000000000000000000000000000000094
:101458000000000000000000000000000000000084
:101468000000000000000000000000000000000074
:101478000000000000000000000000000000000064
:101488000000000000000000000000000000000054
:101498000000000000000000000000000000000044
:1014a8000000000000000000000000000000000034
:1014b8000000000000000000000000000000000024
:1014c8000000000000000000000000000000000014
:1014d8000000000000000000fc0300000080ff1f67
:1014e800000000e0ff7f000000f003ff0000007c28
:1014f80000fc0100003e00f80300001f00f0070098
:10150800000f00e00f00800700c00f00c007008038
:101518001f00e00300801f00e00300003f00f0010f
:1015280000003f00f00100007f00f00100007e0095
:10153800f80100007e00f80000007e00f8000000be
:10154800fc00fc000000fc00fc000000fc00fc00ab
:101558000000fc00fc000000fc00fc000000fc0097
:10156800fc000000fc00fc000000fc00fc00000087
:10157800fc00fc000000fc00fc010000fc00fc0179
:1015880000007c00f80100007e00f80100007e00e9
:10159800f80300003e00f80300003e00f0030000de
:1015a8003f00f00700001f00e00700801f00e00f69
:1015b80000800f00c01f00c00700c03f00e003000c
:1015c800807f00f0030000ff00f8010000fe03ff29
:1015d800000000fcff3f000000f0ff1f000000e0db
:1015e800ff0700000000ff0f00000000c03f0000e0
:1015f8000000007f0000000000fe0108000000fc61
:10160800031c000000f00f0e000000e0ff0f0000b8
:1016180000c0ff0700000000ff0300000000fc01fd
:1016280000000000f00000000000000000000000c2
:1016380000000000000000000000000000000000a2
:101648000000000000000000000000000000000092
:101658000000000000000000000000000000000082
:101668000000000000000000000000000000000072
:101678000000000000000000000000000000000062
:101688000000000000000000000000000000000052
:101698000000000000000000000000000000000042
:1016a8000000000000000000000000000000000032
:1016b800000000000000000000000000fe3f0000e5
:1016c800f0ffff0300fcffff0f00fc1ff03f00804e
:1016d8001f807f00801f007f00801f00fe00801f8a
:1016e80000fc00801f00fc01801f00f801801f0023
:1016f800f801801f00f801801f00f801801f00f822
:1017080001801f00f800801f00fc00801f00fc0003
:10171800801f007e00801f003f00801f801f008008
:101728001ff00f0080ffff070080ffff010080ff10
:101738003f0000801f3e0000801f7c0000801ff8d3
:101748000000801ff80000801ff00100801ff003d8
:1017580000801fe00300801fe00700801fc00f000b
:10176800801f800f00801f801f00801f003f0080a7
:101778001f003f00801f007e00801f00fe00801faa
:1017880000fc00801f00f801801f00f803e07f00c4
:10179800f00ffcff03f0fffcff03e07f000000c038
:1017a800070000000000000000000000000000002a
:1017b8000000000000000000000000000000000021
:1017c8000000000000000000000000000000000011
:1017d8000000000000000000000000000000000001
:1017e80000000000000000000000000000000000f1
:1017f80000000000000000000000000000000000e1
:1018080000000000000000000000000000000000d0
:1018180000000000000000000000000000000000c0
:1018280000000000000000000000000000000000b0
:1018380000000000000000000000000000000000a0
:101848000000000000000000000000000000000090
:101858000000000000000000000000000000000080
:10186800c07f000000f8ff070000feff1f00000f08
:10187800f81f008007c00f00c001800f00e00100c2
:101888000700e000000000f000000000f000000089
:1018980000f000000000f001000000f0010000006e
:1018a800f003000000f00f000000e01f000000e05f
:1018b8007f000000c0ff03000080ff0f000000ff52
:1018c8003f000000fc7f000000f8ff010000e0ff7f
:1018d80003000080ff07000000fe0f000000f81f53
:1018e800000000e03f000000803f000000007f0093
:1018f8000000007e000000007e000000007c000068
:1019080000007c000000007c003000007c003000fb
:10191800003c007000003e007000003e00f0000037
:101928001f00f001800f00f007c00f00f01ff00744
:1019380000f0ffff0300e0ffff000000ff3f000092
:1019480000f8070000000000000000000000000090
:10195800000000000000000000000000000000007f
:10196800000000000000000000000000000000006f
:10197800000000000000000000000000000000005f
:10198800000000000000000000000000000000004f
:10199800000000000000000000000000000000003f
:1019a800000000000000000000000000000000002f
:1019b800000000000000000000000000000000001f
:1019c800000000000000000000000000000000000f
:1019d80000000000000000000000000000000000ff
:1019e80000000000000000000000000000000000ef
:1019f80000000000000000000000000000000000df
:101a08000000000000000000feffffff1ffeffffb8
:101a1800ff3fffffffff3f0f003f003e07003f0073
:101a28003c07003f001c03003f001803003f00185c
:101a380003003f001800003f000000003f000000c6
:101a4800003f000000003f000000003f00000000d1
:101a58003f000000003f000000003f000000003f82
:101a6800000000003f000000003f000000003f00b1
:101a78000000003f000000003f000000003f0000a1
:101a880000003f000000003f000000003f00000091
:101a9800003f000000003f000000003f0000000081
:101aa8003f000000003f000000003f000000003f32
:101ab800000000003f000000003f000000003f0061
:101ac8000000003f000000003f000000003f000051
:101ad80000003f000000c0ff000000fcff0f0000f6
:101ae800fcff0f00000000000000000000000000e4
:101af80000000000000000000000000000000000de
:101b080000000000000000000000000000000000cd
:101b180000000000000000000000000000000000bd
:101b280000000000000000000000000000000000ad
:101b3800000000000000000000000000000000009d
:101b4800000000000000000000000000000000008d
:101b5800000000000000000000000000000000007d
:101b6800000000000000000000000000000000006d
:101b7800000000000000000000000000000000005d
:101b8800000000000000000000000000000000004d
:101b9800000000000000000000000000000000003d
:101ba800000000000000000000000000000000002d
:101bb800000000000000000000000000000000001d
:101bc800fcff03c0ff1ffcff03c0ff1fe07f0000f6
:101bd800fe03801f0000f800801f0000f800801f2f
:101be8000000f800801f0000f800801f0000f800c7
:101bf800801f0000f800801f0000f800801f000010
:101c0800f800801f0000f800801f0000f800801f07
:101c18000000f800801f0000f800801f0000f80096
:101c2800801f0000f800801f0000f800801f0000df
:101c3800f800801f0000f800801f0000f800801fd7
:101c48000000f800801f0000f800801f0000f80066
:101c5800801f0000f800801f0000f800801f0000af
:101c6800f800801f0000f800801f0000f800801fa7
:101c78000000f800801f0000f800801f00007800b6
:101c8800803f00007c00003f00007c00003f000017
:101c98007c00003f00003e00007e00003e0000fe89
:101ca80000001f0000fc00001f0000fc01800f0066
:101cb80000f807c0070000f01ff0030000c0ffff96
:101cc80001000000ff7f00000000f80f0000000086
:101cd80000000000000000000000000000000000fc
:101ce80000000000000000000000000000000000ec
:101cf80000000000000000000000000000000000dc
:101d080000000000000000000000000000000000cb
:101d180000000000000000000000000000000000bb
:101d280000000000000000000000000000000000ab
:101d3800000000000000000000000000000000009b
:101d4800000000000000000000000000000000008b
:101d5800000000000000000000000000000000007b
:101d6800000000000000000000000000000000006b
:101d7800000000000000000000000000000000005b
:101d8800000000000000000000000000000000004b
:101d9800000000000000000000000000000000003b
:101da800000000000000000000000000000000002b
:101db8000000000000000000feff0080ff1ffeff83
:101dc8000080ff1ff00f0000f801c0070000f000be
:101dd800c00f0000f800c00f00007800801f00004e
:101de8007800801f00007c00801f00003c00003f3e
:101df80000003c00003f00003e00003e00001e00c6
:101e0800007e00001e00007e00000f0000fc0000a5
:101e18000f0000fc00000f0000fc0080070000f825
:101e28000180070000f801c0070000f001c00300ae
:101e380000f003c0030000f003e0030000e007e047
:101e4800010000e007e0010000e007f0010000c029
:101e58000ff0000000c00ff0000000800ff8000035
:101e680000801f78000000801f78000000003f3cc1
:101e7800000000003f3c000000003f3e0000000062
:101e88007e1e000000007e1e000000007c1f000077
:101e98000000fc0f00000000fc0f00000000f80f1d
:101ea80000000000f80700000000f807000000002c
:101eb800f00700000000f00300000000e00100004f
:101ec80000006000000000000000000000000000aa
:101ed80000000000000000000000000000000000fa
:101ee80000000000000000000000000000000000ea
:101ef80000000000000000000000000000000000da
:101f080000000000000000000000000000000000c9
:101f180000000000000000000000000000000000b9
:101f280000000000000000000000000000000000a9
:101f38000000000000000000000000000000000099
:101f48000000000000000000000000000000000089
:101f58000000000000000000000000000000000079
:101f68000000000000000000000000000000000069
:101f78000000000000000000000000000000000059
:101f88000000000000000000000000000000000049
:101f98000000000000000000000000000000000039
:101fa8000000000000000000000000000000000029
:101fb8000000000000000000000000000000000019
:101fc8000000000000000000000000000000000009
:101fd8000000000000000000feff00e000e0ff0f2e
:101fe800feff00e000e0ff0ff81f00e00000ff0028
:101ff800e00700f001007c00c00700f001003c0091
:10200800c00700f001003c00c00700f803003c00d6
:10201800c00f00f803003c00c00f00f803001e00ca
:10202800800f00fc07001e00800f00fc07001e0048
:10203800801f00fc07001e00801f00be0f001e004e
:10204800001f009e0f000f00001f009e0f000f00d2
:10205800003f001f1f000f00003f000f1f000f0070
:10206800003e000f3f000f00003e800f3e8007003b
:10207800003e80073e800700007e80077e800700c4
:10208800007ec0077c800700007cc0037cc007007e
:10209800007cc003fcc0030000fce003f8c00300a0
:1020a80000fce001f8c0030000f8e001f8c10300fb
:1020b80000f8e001f0e1010000f8f000f0e10100b3
:1020c80000f8f100f0e3010000f8f100e0e301009e
:1020d80000f07900e0e3010000f07900e0f700008b
:1020e80000f07b00c0f7000000f03f00c0ff0000d8
:1020f80000e03f00c0ff000000e03f0080ff00005c
:1021080000e01f00807f000000e01f00807f0000cb
:1021180000e01f00007f000000c00f00007f0000eb
:1021280000c00f00007f000000c00f00003e00004c
:1021380000c00700001e000000800100000600002b
:102148000000000000000000000000000000000087
:102158000000000000000000000000000000000077
:102168000000000000000000000000000000000067
:102178000000000000000000000000000000000057
:102188000000000000000000000000000000000047
:102198000000000000000000000000000000000037
:1021a8000000000000000000000000000000000027
:1021b8000000000000000000000000000000000017
:1021c8000000000000000000000000000000000007
:1021d80000000000000000000000000000000000f7
:1021e80000000000000000000000000000000000e7
:1021f80000000000000000000000000000000000d7
:1022080000000000000000000000000000000000c6
:1022180000000000000000000000000000000000b6
:1022280000000000000000000000000000000000a6
:102238000000000000000000000000000000000096
:102248000000000000000000000000000000000086
:10225800feff01fcff01feff01fcff01f03f00e073
:102268003f00c01f00800f00801f00c00700803f94
:1022780000c00700007f00e00300007e00f00100be
:1022880000fe00f0010000fc01f8000000f80378ef
:10229800000000f0037c000000f0073e000000e0b2
:1022a8000f3e000000c00f1f000000c09f0f00007d
:1022b8000080bf0f00000000ff0700000000fe03c1
:1022c80000000000fe0300000000fc010000000008
:1022d800f80100000000fc0300000000fe070000f9
:1022e8000000fe0700000000ff0f00000080cf1f65
:1022f800000000808f1f000000c0873f000000c062
:10230800077f000000e003fe000000f001fc000071
:1023180000f001fc010000f800f80300007c00f068
:102328000300007c00f00700003e00e00f00001ee4
:1023380000c01f00001f00801f00800f00803f00aa
:10234800c00f00007f00f01f00c0ff01feff01f872
:10235800ff07feff01f8ff07000000000000000073
:102368000000000000000000000000000000000065
:102378000000000000000000000000000000000055
:102388000000000000000000000000000000000045
:102398000000000000000000000000000000000035
:1023a8000000000000000000000000000000000025
:1023b8000000000000000000000000000000000015
:1023c8000000000000000000000000000000000005
:1023d80000000000000000000000000000000000f5
:1023e80000000000000000000000000000000000e5
:1023f80000000000000000000000000000000000d5
:1024080000000000000000000000000000000000c4
:1024180000000000000000000000000000000000b4
:1024280000000000000000000000000000000000a4
:102438000000000000000000000000000000000094
:102448000000fe0100000000ff0300f8ff01f8078c
:1024580000f0ff01e00f00801f00c00f00800f0098
:10246800c01f00800700803f00c00700003f00c079
:102478000300007f00e00300007e00f0010000fc84
:1024880000f0010000fc01f8000000f801f800006d
:1024980000f8037c000000f0033c000000e0073e69
:1024a800000000e0071f000000c00f1f000000c070
:1024b8008f0f000000809f0f00000080ff070000c2
:1024c8000000ff0700000000ff0300000000fe01fd
:1024d80000000000fe0100000000fc0000000000f9
:1024e800fc0000000000fc0000000000fc000000f0
:1024f8000000fc0000000000fc0000000000fc00e0
:1025080000000000fc0000000000fc0000000000cb
:10251800fc0000000000fc0000000000fc000000bf
:102528000000fc0000000000fc0000000000fc00af
:1025380000000000fc0000000000fc00000000009b
:10254800ff03000000f0ff3f000000f0ff3f000025
:102558000000000000000000000000000000000073
:102568000000000000000000000000000000000063
:102578000000000000000000000000000000000053
:102588000000000000000000000000000000000043
:102598000000000000000000000000000000000033
:1025a8000000000000000000000000000000000023
:1025b8000000000000000000000000000000000013
:1025c8000000000000000000000000000000000003
:1025d80000000000000000000000000000000000f3
:1025e80000000000000000000000000000000000e3
:1025f80000000000000000000000000000000000d3
:1026080000000000000000000000000000000000c2
:1026180000000000000000000000000000000000b2
:10262800000000000000006000000000e0ffffff65
:1026380003e0ffffff03e0ffffff03e00300f801f3
:10264800e00100fc01e00000fe006000007e007078
:1026580000007f007000003f003000801f00000075
:10266800c01f000000c00f000000e00f000000f0d5
:1026780007000000f003000000f803000000f80164
:10268800000000fc00000000fe000000007e0000ca
:1026980000007f000000803f000000801f00000055
:1026a800c01f000000e00f000000e007000000f07d
:1026b80007000000f003000000f803000000fc0120
:1026c800000000fc00000000fe000000007f000089
:1026d80000003f000000803f000006c01f00000708
:1026e800c01f000007e00f000007e007008007f0a8
:1026f80007008007f80300c007f8ffffff07fcff8b
:10270800ffff03f8ffffff030000000000000000c8
:1027180000000000000000000000000000000000b1
:1027280000000000000000000000000000000000a1
:102738000000000000000000000000000000000091
:102748000000000000000000000000000000000081
:102758000000000000000000000000000000000071
:102768000000000000000000000000000000000061
:102778000000000000000000000000000000000051
:1027880000000000e0ff1fe0ff3fe0ff1fe0070040
:10279800e00700e00700e00700e00700e00700e0ce
:1027a8000700e00700e00700e00700e00700e00797
:1027b80000e00700e00700e00700e00700e007008e
:1027c800e00700e00700e00700e00700e00700e09e
:1027d8000700e00700e00700e00700e00700e00767
:1027e80000e00700e00700e00700e00700e007005e
:1027f800e00700e00700e00700e00700e00700e06e
:102808000700e00700e00700e00700e00700e00736
:1028180000e00700e00700e00700e00700e007002d
:10282800e00700e00700e00700e00700e00700e03d
:102838000700e00700e00700e00700e00700e00706
:1028480000e00700e00700e0ff1fe0ff3fe0ff1f98
:102858000000000000000000000000000000000070
:102868000000000000000000000000000000000060
:102878000000000000000000000000000000000050
:102888000000000000000000000000000000000040
:102898001c000000007c000000007800000000f828
:1028a80000000000f800000000f001000000f00146
:1028b800000000f001000000e003000000e0030059
:1028c8000000c007000000c007000000c0070000ab
:1028d80000800f000000800f000000800f00000043
:1028e800001f000000001f000000003e0000000064
:1028f8003e000000003e000000007c000000007c5c
:10290800000000007c00000000f800000000f80053
:10291800000000f001000000f001000000f00100dc
:102928000000e003000000e003000000c003000016
:1029380000c007000000c007000000800f00000072
:10294800800f000000800f000000001f0000000042
:102958001f000000001e000000003e000000003eb6
:10296800000000007c000000007c000000007c00eb
:10297800000000f800000000f800000000f000006f
:102988000000f001000000f001000000e00300007a
:1029980000e003000000e003000000c007000000a2
:1029a800c0070000008007000000800f00000080c2
:1029b8000f000000001f000000001f000000001fa3
:1029c800000000003e000000003e000000003c0047
:1029d8000000007c000000007c00000000f80000ff
:1029e800000060000000000000000000000000007f
:1029f80000000000000000000000000000000000cf
:102a080000000000000000000000000000000000be
:102a180000000000000000000000000000000000ae
:102a280000000000fcff01feff01feff0100f001b5
:102a380000f00100f00100f00100f00100f00100d9
:102a4800f00100f00100f00100f00100f00100f0d9
:102a58000100f00100f00100f00100f00100f001b8
:102a680000f00100f00100f00100f00100f00100a9
:102a7800f00100f00100f00100f00100f00100f0a9
:102a88000100f00100f00100f00100f00100f00188
:102a980000f00100f00100f00100f00100f0010079
:102aa800f00100f00100f00100f00100f00100f079
:102ab8000100f00100f00100f00100f00100f00158
:102ac80000f00100f00100f00100f00100f0010049
:102ad800f00100f00100f00100f00100f00100f049
:102ae8000100f00100f001fcff01feff01fcff0105
:102af80000000000000000000000000000000000ce
:102b080000000000000000000000000000000000bd
:102b180000000000000000000000000000000000ad
:102b2800000000000000000000000000000000009d
:102b38000000000000000008000000000e00000077
:102b4800000f000000801f000000c01f000000c030
:102b58003f000000c03f000000e03f000000e07fb1
:102b6800000000e07e000000f0fc000000f0fc0027
:102b7800000078f800000078f801000078f80100fb
:102b8800003cf00100003cf00300003cf0030000b2
:102b98001ee00700001ee00700000fc00700000f3e
:102ba800c00f00000fc00f008007800f0080078053
:102bb8001f008007001f00c003003f00c003003f44
:102bc80000c003003e00e001007e00e001007e003e
:102bd800f00000fc00f00000fc007000007800101d
:102be80000001800000000000000000000000000c5
:102bf80000000000000000000000000000000000cd
:102c080000000000000000000000000000000000bc
:102c180000000000000000000000000000000000ac
:102c2800000000000000000000000000000000009c
:102c3800000000000000000000000000000000008c
:102c4800000000000000000000000000000000007c
:102c5800000000000000000000000000000000006c
:102c6800000000000000000000000000000000005c
:102c7800000000000000000000000000000000004c
:102c8800000000000000000000000000000000003c
:102c9800000000000000000000000000000000002c
:102ca800000000000000000000000000000000001c
:102cb800000000000000000000000000000000000c
:102cc80000000000000000000000000000000000fc
:102cd80000000000000000000000000000000000ec
:102ce80000000000000000000000000000000000dc
:102cf80000000000000000000000000000000000cc
:102d080000000000000000000000000000000000bb
:102d180000000000000000000000000000000000ab
:102d2800000000000000000000000000000000009b
:102d3800000000000000000000000000000000008b
:102d4800000000000000000000000000000000007b
:102d5800000000000000000000000000000000006b
:102d6800000000000000000000000000000000005b
:102d7800000000000000000000000000000000004b
:102d8800000000000000000000000000000000003b
:102d9800000000000000000000000000000000002b
:102da800000000000000000000000000000000001b
:102db800000000000000000000000000000000000b
:102dc80000000000000000000000000000000000fb
:102dd80000000000000000000000000000000000eb
:102de80000000000000000000000000000000000db
:102df80000000000000000000000000000000000cb
:102e080000000000000000000000f8ffff7f00fc49
:102e1800ffffff00fcffff7f000000000000000034
:102e2800000000000000000000000000000000009a
:102e3800000000000000000000000000000000008a
:102e4800000000000000000000000000000000007a
:102e5800000000000000000000000000000000006a
:102e6800000000000000000000000000000000005a
:102e780000400000fc0000fe0000fc0100f801001a
:102e8800f00300e00300e00700c00f00800f00001f
:102e98001f00001e00003c00007800007000006069
:102ea800000000000000000000000000000000001a
:102eb800000000000000000000000000000000000a
:102ec80000000000000000000000000000000000fa
:102ed80000000000000000000000000000000000ea
:102ee80000000000000000000000000000000000da
:102ef80000000000000000000000000000000000ca
:102f080000000000000000000000000000000000b9
:102f180000000000000000000000000000000000a9
:102f28000000000000000000000000000000000099
:102f38000000000000000000000000000000000089
:102f48000000000000000000000000000000000079
:102f58000000000000000000000000000000000069
:102f68000000000000000000000000000000000059
:102f78000000000000000000000000000000000049
:102f88000000000000000000000000000000000039
:102f98000000000000000000000000000000000029
:102fa8000000000000000000000000000000000019
:102fb8000000000000000000000000000000000009
:102fc80000000000000000000000000000000000f9
:102fd80000000000000000000000000000000000e9
:102fe800000000c03f000000f8ff000000feff01e5
:102ff80000801ffc0300c007f00300e003f0070097
:10300800f001e00700f801e00700f801e0070038e8
:1030180000e007000000e007000000e007000000f3
:10302800e007000000e007000000fe070000e0ffe6
:10303800070000fcef070000ffe00700801fe00723
:1030480000c00fe00700e007e00700e003e007002a
:10305800f003e00700f001e00700f801e00700f8de
:1030680001e00700f801f00700f801f80700f8038d
:10307800fe0700f887ef8700f0ffe7ff00f0ffe3a7
:103088007f00e0ffc13f00c07fc00f00801f8003aa
:103098000000000000000000000000000000000028
:1030a8000000000000000000000000000000000018
:1030b8000000000000000000000000000000000008
:1030c80000000000000000000000000000000000f8
:1030d80000000000000000000000000000000000e8
:1030e80000000000000000000000000000000000d8
:1030f80000000000000000000000000000000000c8
:1031080000000000000000000000000000000000b7
:1031180000000000000000000000000000000300a4
:103128000000c007000000fc07000000ff070000c7
:1031380000fc07000000f007000000e007000000a6
:10314800e007000000e007000000e007000000e0e2
:1031580007000000e007000000e007000000e007ab
:10316800000000e007000000e007000000e00700a2
:103178000000e007000000e007000000e007000092
:1031880000e007000000e007f00300e007fc0f0084
:10319800e007fe1f00e083ff3f00e0c3ff7f00e081
:1031a800e387ff00e0f301ff00e07b00fe00e03f63
:1031b80000fc01e01f00f801e00f00f801e00f003b
:1031c800f003e00700f003e00700f003e00700e089
:1031d80003e00700e003e00700e003e00700e00386
:1031e800e00700e003e00700e003e00700e003e099
:1031f8000700e001e00700e001e00700f001e00758
:1032080000f000e00700f000e007007800e01f0091
:103218003c00e07f003e00e0ff811f00e0ffff0f61
:103228000080ffff070000feff010000f87f00009c
:1032380000c01f00000000000000000000000000a7
:103248000000000000000000000000000000000076
:103258000000000000000000000000000000000066
:103268000000000000000000000000000000000056
:103278000000000000000000000000000000000046
:103288000000000000000000000000000000000036
:103298000000000000000000000000000000000026
:1032a8000000000000000000000000000000000016
:1032b8000000000000000000000000000000000006
:1032c80000000000000000000000000000000000f6
:1032d80000000000000000000000000000000000e6
:1032e80000000000000000000000000000000000d6
:1032f80000000000000000000000000000000000c6
:103308000000000000000000000000000000ff01b5
:1033180000e0ff0f00f0ff1f007ce01f001e800f81
:10332800000f000f8007000ec0030004e003000038
:10333800f0010000f0010000f8010000f8000000b2
:10334800f8000000fc000000fc000000fc00000089
:10335800fc000000fc000000fc000000fc00000075
:10336800fc010000fc010000f8010000f803000067
:10337800f8070008f0070018f00f001ce03f000fe6
:10338800c0ffc00780ffff0300ffff0100feff0032
:1033980000f87f0000e00f000000000000000000bf
:1033a8000000000000000000000000000000000015
:1033b8000000000000000000000000000000000005
:1033c80000000000000000000000000000000000f5
:1033d80000000000000000000000000000000000e5
:1033e80000000000000000000000000000000000d5
:1033f80000000000000000000000000000000000c5
:1034080000000000000000000000000000000000b4
:103418000000000030000000007f000000f07f0086
:103428000000f07f000000007f000000007e000028
:1034380000007e000000007e000000007e0000000a
:10344800007e000000007e000000007e00000000fa
:103458007e000000007e000000007e000000007e6c
:10346800000000007e000000007e000000007e00da
:103478000000007e000000007e0000803f7e00000b
:10348800e0ff7f0000f8ff7f00007ce07f00001e67
:10349800807f00000f007f008007007e00c00700cb
:1034a8007e00c003007e00e003007e00e003007e93
:1034b80000f001007e00f001007e00f001007e00b7
:1034c800f801007e00f801007e00f801007e00f897
:1034d80001007e00f801007e00f801007e00f8017e
:1034e800007e00f803007e00f803007e00f0030071
:1034f8007e00f007007e00f007007f00f00f807f5d
:1035080000e01fc07f00e03fe07f00c07ff87e083a
:1035180080ff7ffe0f80ff3ffe0f00ff1ffc0300b0
:10352800fc07fc0000f0013800000000000000006b
:103538000000000000000000000000000000000083
:103548000000000000000000000000000000000073
:103558000000000000000000000000000000000063
:103568000000000000000000000000000000000053
:103578000000000000000000000000000000000043
:103588000000000000000000000000000000000033
:103598000000000000000000000000000000000023
:1035a8000000000000000000000000000000000013
:1035b8000000000000000000000000000000000003
:1035c80000000000000000000000000000000000f3
:1035d80000000000000000000000000000000000e3
:1035e80000000000000000000000000000000000d3
:1035f80000000000000000000000000000000000c3
:1036080000000000000000000000000000000000b2
:103618000000000000000000000000000000008022
:103628003f000000e0ff000000f8ff0300003cf04e
:103638000700001fe00700800fc00f00c007801fb1
:1036480000c003801f00e003001f00f001003f00de
:10365800f001003f00f801003f00f800003f00f8cb
:1036680000003f00fcffff3f00fcffff1f00fcffc6
:10367800ff0f00fc00000000fc00000000fc000040
:103688000000fc00000000fc01000000fc0100003c
:1036980000f801000000f803000000f80300100023
:1036a800f007003800f00f001c00e01f000f00c0fa
:1036b8007fc00f0080ffff030000ffff010000fe36
:1036c800ff000000fc7f000000e00f000000000089
:1036d80000000000000000000000000000000000e2
:1036e80000000000000000000000000000000000d2
:1036f80000000000000000000000000000000000c2
:1037080000000000000000000000000000000000b1
:1037180000000000000000000000000000000000a1
:103728000000000000000000000000000000000091
:103738000000000000000000000000000000000081
:103748000000000000000000000000000000000071
:103758000000f0010000fc070000ff1f00c0ff1f71
:1037680000e0f31f00f0c00f00f80003007c000029
:10377800007c0000003e0000003e0000003f00000a
:10378800001f0000001f0000001f0000801f000035
:10379800801f0000801f0000801f0000801f0000a5
:1037a800801f0000801f0000f0ff7f00fcff7f00eb
:1037b800fcff3f00801f1c00801f0000801f0000ce
:1037c800801f0000801f0000801f0000801f000075
:1037d800801f0000801f0000801f0000801f000065
:1037e800801f0000801f0000801f0000801f000055
:1037f800801f0000801f0000801f0000801f000045
:10380800801f0000801f0000801f0000801f000034
:10381800801f0000801f0000801f0000801f000024
:10382800c0ff0000fcff0f00fcff0f0000000000bd
:103838000000000000000000000000000000000080
:103848000000000000000000000000000000000070
:103858000000000000000000000000000000000060
:103868000000000000000000000000000000000050
:103878000000000000000000000000000000000040
:103888000000000000000000000000000000000030
:103898000000000000000000000000000000000020
:1038a8000000000000000000000000000000000010
:1038b8000000000000000000000000000000000000
:1038c80000000000000000000000000000000000f0
:1038d80000000000000000000000000000000000e0
:1038e80000000000000000000000000000000000d0
:1038f80000000000000000000000000000000000c0
:1039080000000000000000000000000000000000af
:10391800000000c01f000300f87fe00700fcffff65
:1039280003001ffcff018007f0ff01c007e007004c
:10393800c003c00f00e001800f00e001801f00f00d
:1039480001001f00f001001f00f001001f00f0013e
:10395800001f00f001001f00f003000f00f003003b
:103968000f00e007800700e00f800700c01fc003ba
:1039780000c07ff0010080ff7f000000fe3f0000d4
:1039880000f8070000003c000000001e00000000d6
:103998001f000000000f000000800f000000807f63
:1039a80000000080ff07000000ffff010000ffff8c
:1039b8001f0000fcff7f0000feffff0080ffffffed
:1039c80001c00fe0ff01e00700fe03f80300f80361
:1039d800fc0100f003fc0000e0037e0000e0037e31
:1039e8000000e0017e0000e0017e0000f000fe0023
:1039f80000f000fc01007800fc03003c00f80f0018
:103a08001e00f07fc00f00c0ffff030000ffff0093
:103a18000000f81f00000000000000000000000087
:103a2800000000000000000000000000000000008e
:103a3800000000000000000000000000000000007e
:103a480000000000000000000000000000000c0062
:103a58000000001f000000f01f000000fc1f000015
:103a680000f01f000000c01f000000801f000000c1
:103a7800801f000000801f000000801f00000080e1
:103a88001f000000801f000000801f000000801f32
:103a9800000000801f000000801f000000801f0041
:103aa8000000801f000000801f000000801f000031
:103ab80000801f000000801f001f00800fe07f00b3
:103ac800800ff0ff00800ffcff01800ffeff0180d8
:103ad8000f3ffc03808f0ff80380cf07f00380efc0
:103ae80003f00380ff01f00380ff00f003807f00f4
:103af800f003803f00f003803f00f003801f00f0d8
:103b080003801f00f003801f00f003801f00f003f4
:103b1800801f00f003801f00f003801f00f0038067
:103b28001f00f003801f00f003801f00f003801fb8
:103b380000f003801f00f003801f00f003801f00c7
:103b4800f003801f00f003801f00f003801f00f0c7
:103b580003e03f00fc0ffcff83ff7ffcff83ff7f38
:103b6800000000000000000000000000000000004d
:103b7800000000000000000000000000000000003d
:103b8800000000000000000000000000000000002d
:103b9800000000000000000000000000000000001d
:103ba800000000000000000000000000000000000d
:103bb80000000000000000000000000000000000fd
:103bc80000000000000000000000000000000000ed
:103bd80000000000000000000000000000000000dd
:103be80000000000000000000000000000000000cd
:103bf80000000000000800003e00003e00003f00fa
:103c0800003f00003f00001f00001e0000000000f1
:103c1800000000000000000000000000000000702c
:103c280000007e00c07f00f07f00c07f00007f00a2
:103c3800007e00007e00007e00007e00007e000006
:103c48007e00007e00007e00007e00007e00007e78
:103c580000007e00007e00007e00007e00007e00e6
:103c6800007e00007e00007e00007e00007e0000d6
:103c78007e00007e00007e00007e0080ff01f0ffd5
:103c88000ff0ff0f0000000000000000000000001f
:103c9800000000000000000000000000000000001c
:103ca800000000000000000000000000000000000c
:103cb80000000000000000000000000000000000fc
:103cc80000000000000000000000000000000000ec
:103cd80000000000000000000000000000000000dc
:103ce80000000000000000000000000000000000cc
:103cf80000000200800f00800f00c00f00c00f00fe
:103d0800c00f00c00700800700000000000000008e
:103d18000000000000000000000000001c00801fe0
:103d280000f01f00fc1f00f01f00c01f00801f00d4
:103d3800801f00801f00801f00801f00801f0080e0
:103d48001f00801f00801f00801f00801f00801f31
:103d580000801f00801f00801f00801f00801f0040
:103d6800801f00801f00801f00801f00801f0080b0
:103d78001f00801f00801f00801f00801f00801f01
:103d880000801f00801f00801f00800f00800f0030
:103d9800800f00c00f00c00700c00700e00300e06c
:103da8000310f00138f800fc7f00fe3f00ff0f0011
:103db800fe0300f800000000000000000000000002
:103dc80000000000000000000000000000000000eb
:103dd80000000000000000000000000000000000db
:103de8000000000000000000000006000000800f36
:103df800000000f80f000000fe0f000000f80f00a0
:103e08000000e00f000000c00f000000c00f00001d
:103e180000c00f000000c00f000000c00f0000002d
:103e2800c00f000000c00f000000c00f000000c05d
:103e38000f000000c00f000000c00f000000c00ffe
:103e4800000000c00f000000c00f000000c00f00fd
:103e58000000c00f000000c00fe0ff07c00fe0ff28
:103e680007c00f007f00c00f001f00c00f800f00a9
:103e7800c00fc00700c00fe00300c00ff00000c073
:103e88000f7c0000c00f3e0000c00f1f0000c08f55
:103e9800070000c0cf030000c0ef010000c0ff030f
:103ea8000000c0ef070000c0cf0f0000c08f1f0048
:103eb80000c00f3f0000c00f3f0000c00f7e000091
:103ec800c00ffc0000c00ff80100c00ff80300c0cd
:103ed8000ff00700c00fe00f00c00fc00f00c00fa9
:103ee800801f00c00f803f00c00f007f00f01f0040
:103ef800fe0bfeff00fc0ffeff00f80100000000b3
:103f080000000000000000000000000000000000a9
:103f18000000000000000000000000000000000099
:103f28000000000000000000000000000000000089
:103f38000000000000000000000000000000000079
:103f48000000000000000000000000000000000069
:103f58000000000000000000000000000000000059
:103f68000000000000000000000000000000000049
:103f78000000000000000000000000000c00001f0e
:103f880000f01f00fc1f00f01f00c01f00801f0072
:103f9800801f00801f00801f00801f00801f00807e
:103fa8001f00801f00801f00801f00801f00801fcf
:103fb80000801f00801f00801f00801f00801f00de
:103fc800801f00801f00801f00801f00801f00804e
:103fd8001f00801f00801f00801f00801f00801f9f
:103fe80000801f00801f00801f00801f00801f00ae
:103ff800801f00801f00801f00801f00801f00801e
:104008001f00801f00801f00801f00801f00801f6e
:1040180000801f00801f00c03f00fcff03fcff035f
:104028000000000000000000000000000000000088
:104038000000000000000000000000000000000078
:104048000000000000000000000000000000000068
:104058000000000000000000000000000000000058
:104068000000000000000000000000000000000048
:104078000000000000000000000000000000000038
:104088000000000000000000000000000000000028
:104098000000000000000000000000000000000018
:1040a8000000000000000000000000000000000008
:1040b80000000000000000000000000000000000f8
:1040c80000000000000000000000000000000000e8
:1040d80000000000000000000000000000000000d8
:1040e80000000000000000000000000000000000c8
:1040f80000000000000000000000000000000000b8
:1041080000000000000000000000000000000000a7
:104118000000000000000000000000000000000097
:104128000000000000000000000000000000000087
:104138000000000000000000000000000000000077
:10414800000000000000000000000000000c801fbc
:1041580000fc0000801fe03f00ff0300f81ff87f0d
:1041680080ff0700fc1ffcffe0ff0f00e01f1efea2
:10417800f0e10f00801f0ffcf9c01f00809f03f8bb
:104188003d801f0080df01f81f801f0080df01f8dd
:104198000f801f0080ff00f80f801f00807f00f84d
:1041a80007801f00803f00f803801f00803f00f851
:1041b80003801f00801f00f801801f00801f00f887
:1041c80001801f00801f00f801801f00801f00f879
:1041d80001801f00801f00f801801f00801f00f869
:1041e80001801f00801f00f801801f00801f00f859
:1041f80001801f00801f00f801801f00801f00f849
:1042080001801f00801f00f801801f00801f00f838
:1042180001801f00801f00f801801f00801f00f828
:1042280001801f00801f00f801801f00801f00f818
:1042380001801f00801f00f801801f00801f00f808
:1042480001801f00e07f00fe07e07f00fcffc3ff46
:104258003ffcff03fcffc3ff3ffcff03000000001f
:104268000000000000000000000000000000000046
:104278000000000000000000000000000000000036
:104288000000000000000000000000000000000026
:104298000000000000000000000000000000000016
:1042a8000000000000000000000000000000000006
:1042b80000000000000000000000000000000000f6
:1042c80000000000000000000000000000000000e6
:1042d80000000000000000000000000000000000d6
:1042e80000000000000000000000000000000000c6
:1042f80000000000000000000000000000000000b6
:1043080000000000000000000000000000000000a5
:104318000000000000000000000000000000000095
:104328000000000000000000000000000000000085
:104338000000000000000000000000000000000075
:104348000000000000000000000000000000000065
:104358000000000000000000000000000000000055
:104368000000000000000000000000000000000045
:104378000000000000000000000000000000000035
:104388000000000000000000000000000000000025
:104398000000000c001f00001fc07f00e01ff0ff9e
:1043a80000fc1ff8ff01fc1ffcff01e01f3efc039f
:1043b800801f0ff803809f07f00380df03f003805e
:1043c800ff01f00380ff00f003807f00f003803fcf
:1043d80000f003803f00f003801f00f003801f00ff
:1043e800f003801f00f003801f00f003801f00f01f
:1043f80003801f00f003801f00f003801f00f003fc
:10440800801f00f003801f00f003801f00f003806e
:104418001f00f003801f00f003801f00f003801fbf
:1044280000f003801f00f003801f00f003c03f006e
:10443800fc0ffcff83ff7ffcff83ff7f0000000071
:104448000000000000000000000000000000000064
:104458000000000000000000000000000000000054
:104468000000000000000000000000000000000044
:104478000000000000000000000000000000000034
:104488000000000000000000000000000000000024
:104498000000000000000000000000000000000014
:1044a8000000000000000000000000000000000004
:1044b80000000000000000000000000000000000f4
:1044c80000000000000000000000000000000000e4
:1044d80000000000000000000000000000000000d4
:1044e80000000000000000000000000000000000c4
:1044f80000000000000000000000000000000000b4
:1045080000000000000000000000000000000000a3
:104518000000000000000000000000000000000093
:104528000000000000000000000000000000000083
:1045380000000000000000803f000000e0ff0100d4
:1045480000f8ff0700007cf00f00001ee01f0000cd
:104558000fc03f008007803f00c007007f00c003f6
:10456800007e00e00300fe00e00300fc00f0010014
:10457800fc00f00100fc01f00100f801f80100f86e
:1045880001f80100f801f80100f801f80100f8014c
:10459800f80100f801f80100f801f80100f801f845
:1045a8000300f800f80300f800f00300f800f00733
:1045b800007c00f007007c00e007003c00e00f00f2
:1045c8003e00c01f001e00c03f000f00807f800714
:1045d8000000ffe0030000feff010000f87f00007c
:1045e80000c01f00000000000000000000000000e4
:1045f80000000000000000000000000000000000b3
:1046080000000000000000000000000000000000a2
:104618000000000000000000000000000000000092
:104628000000000000000000000000000000000082
:104638000000000000000000000000000000000072
:104648000000000000000000000000000000000062
:104658000000000000000000000000000000000052
:104668000000000000000000000000000000000042
:104678000000000000000000000000000000000032
:104688000000000000000000000000000000000022
:104698000000000000000000000000000000000012
:1046a8000000000000000000000000000000000002
:1046b80000000000000000000000000000000000f2
:1046c80000000000000000000000000000000000e2
:1046d80000000000000000000000000cc00700c03f
:1046e8001ff01f00fc1ff87f00fc1ffc7f00c01f8d
:1046f8000fff00809f07fe0180df01fc0180df00c3
:10470800f803807f00f003807f00f003803f00e023
:1047180003801f00e007801f00e007801f00c0071c
:10472800801f00c007801f00c007801f00c00780cf
:104738001f00c007801f00c007801f00c007801f20
:1047480000c007801f00c003801f00c003801f0037
:10475800e003801f00e001801f00e001803f00f0bf
:1047680000807f00f80080ff017c0080ff077e004a
:1047780080ffff3f00809fff1f00801fff0f00800a
:104788001ffe0700801ff00100801f000000801f2f
:10479800000000801f000000801f000000801f0034
:1047a8000000801f000000801f000000801f000024
:1047b80000801f000000801f000000801f00000014
:1047c800801f000000801f000000e07f000000fc48
:1047d800ff070000fcff07000000000000000000c9
:1047e80000000000000000000000000000000000c1
:1047f80000000000000000000000000000000000b1
:1048080000000000000000000000000000000000a0
:104818000000000000000000000000000000000090
:104828000000000000000000000000000000000080
:104838000000000000000000000000000000000070
:104848000000000000000000000000000000000060
:104858000000000000000000000000000000000050
:104868000000000000000000000000000000000040
:104878000000000000000000000000000000000030
:104888007fc00000c0ffe10000f0fff300007ce003
:10489800ff00003e807f00001f007f00800f007f28
:1048a800008007007e00c007007e00e003007e0055
:1048b800e003007e00f003007e00f001007e00f0bf
:1048c80001007e00f801007e00f801007e00f8017a
:1048d800007e00f801007e00f801007e00f801006b
:1048e8007e00f801007e00f803007e00f803007ed9
:1048f80000f003007e00f007007e00f007007f0054
:10490800e00f807f00e01fc07f00c03fe07f00c055
:104918007ff87d0080ffff7c0000ff7f7c0000fea9
:104928003f7c0000fc0f7c0000f0037c00000000ce
:104938007c000000007e000000007e000000007e79
:10494800000000007e000000007e000000007e00e5
:104958000000007e000000007e000000007e0000d5
:1049680000007e000000007e000000007e000000c5
:1049780080ff000000f8ff0f0000f8ff0f000000a4
:10498800000000000000000000000000000000001f
:10499800000000000000000000000000000000000f
:1049a80000000000000000000000000000000000ff
:1049b80000000000000000000000000000000000ef
:1049c80000000000000000000000000000000000df
:1049d80000000000000000000000000000000000cf
:1049e80000000000000000000000000000000000bf
:1049f80000000000000000000000000000000000af
:104a0800000000000006f801c007fc07fc0ffe07c5
:104a1800fe0fff07f08fff07e0cfc307c0ef810746
:104a2800c0ef8003c07f0003c07f0003c03f0000c9
:104a3800c03f0000c01f0000c01f0000c01f0000d2
:104a4800c00f0000c00f0000c00f0000c00f000022
:104a5800c00f0000c00f0000c00f0000c00f000012
:104a6800c00f0000c00f0000c00f0000c00f000002
:104a7800c00f0000c00f0000c00f0000c00f0000f2
:104a8800e03f0000feff0300feff030000000000ff
:104a9800000000000000000000000000000000000e
:104aa80000000000000000000000000000000000fe
:104ab80000000000000000000000000000000000ee
:104ac80000000000000000000000000000000000de
:104ad80000000000000000000000000000000000ce
:104ae80000000000000000000000000000000000be
:104af80000000000000000000000000000000000ae
:104b0800000000000000000000000000000000009d
:104b1800000000000000000000000000000000008d
:104b2800000000000000000000000000000000007d
:104b3800000000000000000000000000000000006d
:104b4800000000000000000000000000000000005d
:104b58000000000000f8030000ff1f0080ff7f0036
:104b6800c0077f00e0037e00e0017800f001380014
:104b7800f0013000f0010000f0030000f007000031
:104b8800f00f0000e03f0000e0ff0000c0ff010060
:104b980080ff070000ff1f0000fc3f0000f07f00bf
:104ba80000c0ff000080ff000000fe010000fc01c3
:104bb8000000f8011000f0013000f0013000f001b1
:104bc8003000f0017000f000f000f800f0017c0007
:104bd800f0073e00f0ff1f00c0ff070000fe0100c5
:104be80000000000000000000000000000000000bd
:104bf80000000000000000000000000000000000ad
:104c0800000000000000000000000000000000009c
:104c1800000000000000000000000000000000008c
:104c2800000000000000000000000000000000007c
:104c3800000000000000000000000000000000006c
:104c4800000000000000000000000000000000005c
:104c5800000000000000000000000000000000004c
:104c6800000000000000000000000000000000003c
:104c7800000000000000000000040000000e00001a
:104c8800800f0000c00f0000c00f0000c00f000020
:104c9800c00f0000c00f0000c00f0000c00f0000d0
:104ca800c00f0000c00f0000f8ffff00fcffff016d
:104cb800feff7f00c00f3800c00f0000c00f0000cb
:104cc800c00f0000c00f0000c00f0000c00f0000a0
:104cd800c00f0000c00f0000c00f0000c00f000090
:104ce800c00f0000c00f0000c00f0000c00f000080
:104cf800c00f0000c00f0000c00f0000c00f000070
:104d0800c00f0000c00f0000c00f0000c00f00005f
:104d1800c00f0000c01fc000c03ff80180ff7f0027
:104d280080ff3f0000ff0f0000fe0300007c000032
:104d3800000000000000000000000000000000006b
:104d4800000000000000000000000000000000005b
:104d5800000000000000000000000000000000004b
:104d6800000000000000000000000000000000003b
:104d7800000000000000000000000000000000002b
:104d8800000000000000000000000000000000001b
:104d9800000000000000000000000000000000000b
:104da80000000000000000000000000000000000fb
:104db80000000000000000000000000000000000eb
:104dc80000000000000000000000000000000000db
:104dd80000000000000000000000000000000000cb
:104de80000000000000000000000000000000000bb
:104df80000000000000000000000000000000000ab
:104e0800000000000000000000000000000000009a
:104e180000000006006000c00f00fe00fe0fe0ff6b
:104e280000fe0fe0ff00e00f00fe00c00f00fc00d6
:104e3800c00f00fc00c00f00fc00c00f00fc00c049
:104e48000f00fc00c00f00fc00c00f00fc00c00fea
:104e580000fc00c00f00fc00c00f00fc00c00f00e9
:104e6800fc00c00f00fc00c00f00fc00c00f00fcdd
:104e780000c00f00fc00c00f00fc00c00f00fc00c9
:104e8800c00f00fc00c00f00fc00c00f00fc00c0f9
:104e98000f00fe00c00f00fe00c01f00ff00c01f73
:104ea800c0ff00803fe0fd10807ff8fc1f80ff3fbf
:104eb800fc1f00ff1ff80700fe07f80100f801704b
:104ec80000000000000000000000000000000000da
:104ed80000000000000000000000000000000000ca
:104ee80000000000000000000000000000000000ba
:104ef80000000000000000000000000000000000aa
:104f08000000000000000000000000000000000099
:104f18000000000000000000000000000000000089
:104f28000000000000000000000000000000000079
:104f38000000000000000000000000000000000069
:104f48000000000000000000000000000000000059
:104f58000000000000000000000000000000000049
:104f68000000000000000000000000000000000039
:104f78000000000000000000000000000000000029
:104f88000000000000000000000000000000000019
:104f98000000000000000000000000000000000009
:104fa80000000000000000000000000000000000f9
:104fb8000000000000000000000000fe3f80ff0726
:104fc800fe3f80ff07f00700f800f003007800e0dc
:104fd80007007800e007003800c007003c00c00f59
:104fe800003c00c00f001e00800f001e00801f0044
:104ff8000e00001f000f00003f000f00003f0007d9
:1050080000003e800700007e800700007e800300cd
:10501800007cc0030000fcc0030000f8c0010000d1
:10502800f8e1010000f8e1000000f0f1000000f0f4
:10503800f3000000e073000000e07f000000e07f64
:10504800000000c03f000000c03f000000c01f007b
:105058000000801f000000801f000000000f0000fb
:105068000000030000000000000000000000000035
:105078000000000000000000000000000000000028
:105088000000000000000000000000000000000018
:105098000000000000000000000000000000000008
:1050a80000000000000000000000000000000000f8
:1050b80000000000000000000000000000000000e8
:1050c80000000000000000000000000000000000d8
:1050d80000000000000000000000000000000000c8
:1050e80000000000000000000000000000000000b8
:1050f80000000000000000000000000000000000a8
:105108000000000000000000000000000000000097
:105118000000000000000000000000000000000087
:105128000000000000000000000000000000000077
:105138000000000000000000000000000000000067
:105148000000000000000000000000000000000057
:105158000000000000000000000000000000000047
:105168000000000000000000000000000000000037
:105178000000000000000000000000000000000027
:105188000000000000000000000000000000000017
:1051980000000000000000000000000000fe3f00ca
:1051a8000e80ff03fe3f000e80ff03f807000f008c
:1051b8007e00f003001f007800e003001f003800a5
:1051c800e003801f003c00e007803f003c00c00770
:1051d800803f001c00c007c07f001c00c007c07fc4
:1051e800001e00800fc07d001e00800fe0fd000e35
:1051f80000800fe0f9000f00001fe0f8000f00002a
:105208001ff0f8010700001ff0f0010700003f70d1
:10521800f0810700003e78f0830700003e78e083c5
:105228000300003e38e0830300007c3ce0c7030035
:10523800007c3cc0c70100007c1cc0c7010000f80e
:105248001ec0ef010000f81e80ef010000f80e807c
:10525800ef000000f80f80ff000000f00f00ff00d3
:105268000000f007007f000000f007007f0000004a
:10527800e007007e000000e003007e000000e0017f
:10528800003e0000004000000c000000000000008c
:105298000000000000000000000000000000000006
:1052a80000000000000000000000000000000000f6
:1052b80000000000000000000000000000000000e6
:1052c80000000000000000000000000000000000d6
:1052d80000000000000000000000000000000000c6
:1052e80000000000000000000000000000000000b6
:1052f80000000000000000000000000000000000a6
:105308000000000000000000000000000000000095
:105318000000000000000000000000000000000085
:105328000000000000000000000000000000000075
:105338000000000000000000000000000000000065
:105348000000000000000000000000000000000055
:105358000000000000000000000000000000000045
:105368000000000000000000000000000000000035
:105378000000000000000000000000000000000025
:105388000000000000000000000000000000000015
:105398000000000000000000000000000000000005
:1053a8000000000000000000000000feffc0ff0732
:1053b800feffc0ff07f01f00ff00c00f003e008087
:1053c8001f001e00801f000f00003f800700007ea6
:1053d800c0030000fcc0030000fce1010000f8f17c
:1053e800000000f073000000e07f000000e03f00d4
:1053f8000000c01f000000801f000000803f000068
:1054080000c03f000000c07f000000e0fd00000079
:10541800f0f801000078f801000078f00300003c83
:10542800e00700001ec00f00000fc00f00000f8033
:105438001f008007003f00c003007e00e00300fe5d
:1054480000f80700ff03fe3fc0ff0ffe3fc0ff0f3d
:105458000000000000000000000000000000000044
:105468000000000000000000000000000000000034
:105478000000000000000000000000000000000024
:105488000000000000000000000000000000000014
:105498000000000000000000000000000000000004
:1054a80000000000000000000000000000000000f4
:1054b80000000000000000000000000000000000e4
:1054c80000000000000000000000000000000000d4
:1054d80000000000000000000000000000000000c4
:1054e80000000000000000000000000000000000b4
:1054f80000000000000000000000000000000000a4
:105508000000000000000000000000000000000093
:105518000000000000000000000000000000000083
:105528000000000000000000000000000000000073
:105538000000000000000000000000000000000063
:10554800000000000000000000000000000000f85b
:10555800ff00fe1ff8ff00fe1fe01f00e003c00f62
:1055680000e001801f00e001801f00e000001f0034
:10557800f000003f00f000003f007800003e007897
:1055880000007e007800007c003c0000fc003c002d
:1055980000fc001c0000f8001e0000f8011e0000be
:1055a800f8010e0000f0010f0000f0030f0000e00a
:1055b80003070000e087070000e087030000c0c77a
:1055c800030000c0cf030000c0cf01000080ff012e
:1055d800000080ff01000000ff00000000ff000045
:1055e8000000ff000000007e000000007e000000b8
:1055f800003c000000003c000000003c00000000ef
:105608001c000000001e000000001e000000000f2b
:10561800000000000f0000008007000000c0070025
:105628000000c003000000e001000010f0010000cd
:10563800f8ff000000fc7f000000fe3f000000feb5
:105648001f000000ff07000000f801000000000034
:105658000000000000000000000000000000000042
:105668000000000000000000000000000000000032
:105678000000000000000000000000000000000022
:105688000000000000000000000000000000000012
:105698000000000000000000000000000000000002
:1056a80000000000000000000000000000000000f2
:1056b80000000000000000000000000000000000e2
:1056c80000000000000000000000000000000000d2
:1056d80000000000e0ffff1fe0ffff1fe0ffff0fdb
:1056e800e000c00f7000e0077000f0033000f00326
:1056f8003000f8010000fc000000fc0000007e0003
:1057080000003f0000003f0000801f0000c00f00a5
:1057180000c0070000e0070000f0030000f00100ef
:1057280000f8010000fc0000007e0000007e000080
:10573800003f0000801f0018801f0018c00f0018cd
:10574800e007001ce007001cf003001ef8ffff1f25
:10575800f8ffff1ff8ffff1f000000000000000017
:105768000000000000000000000000000000000031
:105778000000000000000000000000000000000021
:105788000000000000000000000000000000000011
:105798000000000000000000000000000000000001
:1057a80000000000000000000000000000000000f1
:1057b80000000000000000000000000000000000e1
:1057c80000004000007000003c00001e00800f0038
:1057d800800700c00700e00300f00300f00100f0bc
:1057e8000100f80100f80100f80100f80100f801d3
:1057f80000f80100f80100f80300f80300f00300c6
:10580800f00300f00300f00300f00300f00300f0e1
:105818000300f00100f80100f800007c00003e00e1
:10582800801f00e01f00f07f0090ff0000fc0100d7
:10583800f80100f00300f00300f00300f00300f0ab
:105848000300f00300f00300f00300f00300f80386
:1058580000f80300f80100f80100f80100f8010061
:10586800f80100f80100f80100f80100f00100f06b
:105878000100f00300e00300c00700800f00001fd4
:1058880000007e00007800006000000000000000ba
:105898000000000000000000000000000000000000
:1058a80000000000000000000000000000000003ed
:1058b800c007c007c007c007c007c007c007c007a8
:1058c800c007c007c007c007c007c007c007c00798
:1058d800c007c007c007c007c007c007c007c00788
:1058e800c007c007c007c007c007c007c007c00778
:1058f800c007c007c007c007c007c007c007c00768
:10590800c007c007c007c007c007c007c007c00757
:10591800c007c007c007c007c007c007c007c00747
:10592800c007c007c007c007c007c007c007c00737
:10593800c007c007c007c007c007c007c007c0012d
:10594800000000000000000000000000000000004f
:10595800000000000000000000000000000000003f
:10596800000000000600001e00007c0000f8000097
:10597800f00100e00300c00700c00f00800f0080a6
:105988001f00801f00801f00801f00801f00801fd5
:1059980000801f00801f00801f00c01f00c01f0064
:1059a800c00f00c00f00c00f00c00f00c00f00c024
:1059b8000f00c00f00c00f00c00f00801f00803f05
:1059c8000000ff0f00fe0f00f80700f801007c0040
:1059d800003e00001f00801f00800f00c00f00c0a5
:1059e8000f00c00f00c00f00c00f00c00f00c00f95
:1059f80000c01f00c01f00801f00801f00801f0004
:105a0800801f00801f00801f00801f00800f008003
:105a18000f00c00f00c00700e00300e00100f00025
:105a2800007800003c00000e0000060000000000a6
:105a3800000000000000000000000000000000005e
:105a4800000000000000000000000000000000004e
:105a5800000000000000000000000000000000003e
:105a6800000000000000000000000000000000002e
:105a7800000000000000000000000000000000001e
:105a8800000000000000000000000000000000000e
:105a980000000000000000000000000000000000fe
:105aa80000000000000000000000000000000000ee
:105ab80000000000000000000000000000000000de
:105ac80000000000000000000000000000000000ce
:105ad80000000000000000000000000000000000be
:105ae80000000000000000000000000000000000ae
:105af80000000000000000007c00800000ff018022
:105b08000180ff03c001c0ff0fc000c0ff1fe000fd
:105b1800e0ff7f7800f0f0ff3f0038c0ff3f00381b
:105b280080ff1f001c00fe0f000c00f80700080093
:105b3800e00100000000000000000000000000007c
:105b4800000000000000000000000000000000004d
:105b5800000000000000000000000000000000003d
:105b6800000000000000000000000000000000002d
:105b7800000000000000000000000000000000001d
:105b8800000000000000000000000000000000000d
:105b980000000000000000000000000000000000fd
:105ba80000000000000000000000000000000000ed
:105bb80000000000000000000000000000000000dd
:105bc80000000000000000000000000000000000cd
:105bd80000000000000000000000000000000000bd
:105be80000000000000000000000000000000000ad
:105bf800fc5b029d00002e003a00e8002e3c0000ed
:105c08005eac05005e8c10005e6c1b005e4c2600ce
:105c18005e2c31005e0c3c005eec46005ecc510010
:105c28005eac5c005d8c67005e6c72002e4c7d0083
:105c3800000000000000000000000000000000005c
:105c4800000000000000000000000000000000004c
:105c5800000000000000000000000000000000003c
:105c6800000000000000000000000000000000002c
:105c7800000000000000000000000000000000001c
:105c8800000000000000000000000000000000000c
:105c980000000000000000000000000000000000fc
:105ca80000000000000000000000000000000000ec
:105cb80000000000000000000000000000000000dc
:105cc80000000000000000000000000000000000cc
:105cd80000000000000000000000000000000000bc
:105ce80000000000000000000000000000000000ac
:105cf800000000000000000000000000000000009c
:105d0800000000000000000000000000000000008b
:105d1800000000000000000000000000000000007b
:105d2800000000000000000000000000000000006b
:105d3800000000000000000000000000000000005b
:105d4800000000000000000000000000000000004b
:105d5800000000000000000000000000000000003b
:105d6800000000000000000000000000000000002b
:105d7800000000000000000000000000000000001b
:105d8800000000000000000000000000000000000b
:105d980000000000000000000000000000000000fb
:105da80000000000000000000000000000000000eb
:105db80000000000000000000000000000000000db
:105dc80000000000000000000000000000000000cb
:105dd80000000000000000000000000000000000bb
:105de80000000000000000000000000000000000ab
:105df800000000000000000000000000000000009b
:105e0800000000000000000000000000000000008a
:105e1800000000000000000000000000000000007a
:105e2800000000000000000000000000000000006a
:105e3800000000000000000000000000000000005a
:105e4800000000000000000000000000000000004a
:105e5800000000000000000000000000000000003a
:105e6800000000000000000000000000000000002a
:105e7800000000000000000000000000000000001a
:105e8800000000000000000000000000000000000a
:105e980000000000000000000000000000000000fa
:105ea80000000000000000000000000000000000ea
:105eb80000000000000000000000000000000000da
:105ec80000000000000000000000000000000000ca
:105ed80000000000000000000000000000000000ba
:105ee80000000000000000000000000000000000aa
:105ef800000000000000000000000000000000009a
:105f08000000000000000000000000000000000089
:105f18000000000000000000000000000000000079
:105f28000000000000000000000000000000000069
:105f38000000000000000000000000000000000059
:105f48000000000000000000000000000000000049
:105f58000000000000000000000000000000000039
:105f68000000000000000000000000000000000029
:105f78000000000000000000000000000000000019
:105f88000000000000000000000000000000000009
:105f980000000000000000000000000000000000f9
:105fa80000000000000000000000000000000000e9
:105fb80000000000000000000000000000000000d9
:105fc80000000000000000000000000000000000c9
:105fd80000000000000000000000000400000000b5
:105fe800c0ff00000000f0ff01000000f8ff030000
:105ff8000000fcff07000000feff07000000ffff95
:106008000f000000ffff0f000080ffff0f0000805f
:10601800ffff0f0000c0ffff0f0000c0ffff1f00c1
:1060280000c0ffff0f0000c0ffff0f0000e0fffff0
:106038000f0000e0ffff0f0000e0ffff0f0000e08f
:10604800ffff0f0000e0ffff070000c0ffff070091
:1060580000c0ffff030000c0ffff030000c0fffff8
:1060680001000080ffff00000080ff7f00000000ab
:10607800fe3f00000000fc0f0000000000000000d0
:106088000000000000000000000000000000000008
:1060980000000000000000000000000000000000f8
:1060a80000000000000000000000000000000000e8
:1060b80000000000000000000000000000000000d8
:1060c80000000000000000000000000000000000c8
:1060d80000000000000000000000000000000000b8
:1060e80000000000000000000000000000000000a8
:1060f8000000000000000000000000000000000098
:106108000000000000000000000000000000000087
:106118000000000000000000000000000000000077
:106128000000000000000000000000000000000067
:106138000000000000000000000000000000000057
:106148000000000000000000000000000000000047
:106158000000000000000000000000000000000037
:106168000000000000000000000000000000000027
:106178000000000000000000000000000000000017
:106188000000000000000000000000000000000007
:1061980000000000000000000000000000000000f7
:1061a80000000000000000000000000000000000e7
:1061b80000000000000000000000000000000000d7
:1061c80000000000000000000000000000000000c7
:1061d80000000000000000000000000000000000b7
:1061e80000000000000000000000000000000000a7
:1061f8000000000000000000000000000000000097
:106208000000000000000000000000000000000086
:106218000000000000000000000000000000000076
:106228000000000000000000000000000000000066
:106238000000000000000000000000000000000056
:106248000000000000000000000000000000000046
:106258000000000000000000000000000000000036
:106268000000000000000000000000000000000026
:106278000000000000000000000000000000000016
:106288000000000000000000000000000000000006
:1062980000000000000000000000000000000000f6
:1062a80000000000000000000000000000000000e6
:1062b80000000000000000000000000000002000b6
:1062c80000000000000000000000fc0000000000ca
:1062d800000000000080ff01000000000000000036
:1062e80000e0ff01000000000000000000f8ff00cf
:1062f800000000000000000000fcff00000000009b
:106308000000000000feff00000000000000000088
:1063180000fe7f00000000000000000000ff7f007a
:10632800000000000000000000ff7f0000000000e7
:106338000000000000ff3f00000000000000000017
:1063480080ff3f00000000000000000080ff1f00e9
:10635800000000000000000080ff1f000000000097
:1063680000000000c0ff1f00000000000000000047
:10637800c0ff0f000000000000000000e0ff0f0059
:106388000000000000000000e0ff0f000000000017
:1063980000000000e0ff070000000000000000000f
:1063a800f0ff07000000000000000000f0ff0300fd
:1063b8000000000000000000f0ff030000000000e3
:1063c80000000000f8ff03000000000000000000cb
:1063d800f8ff01000000000000000000fcff0100c1
:1063e8000000000000000000fcff010000000000a9
:1063f80000000000fcff000000000000000000009a
:10640800feff00000000000000000000feff00008a
:106418000000000000000000fe7f000000000000f7
:1064280000000000ff7f00000000000000000000e6
:10643800ff3f00000000000000000080ff3f000058
:106448000000000000000080ff3f00000000000086
:1064580000000080ff1f000000000000000000c0d6
:10646800ff1f000000000000000000c0ff1f000028
:1064780000000000000000c0ff0f00000000000046
:10648800000000e0ff0f000000000000000000e036
:10649800ff07000000000000000000f0ff070000f8
:1064a80000000000000000f0ff07000000000000ee
:1064b800000000f0ff03000000000000000000f8ea
:1064c800ff03000000000000000000f8ff030000c8
:1064d80000000000000000f8ff01000000000000bc
:1064e800000000fcff01000000000000000000fcac
:1064f800ff00000000000000000000feff00000098
:1065080000000000000000feff0000000000000086
:10651800000000fe7f00000000000000000000fff7
:106528007f00000000000000000000ff7f00000066
:1065380000000000000000ff3f0000000000000015
:10654800000080ff3f00000000000000000080ff06
:106558001f000000000000000000c0ff1f00000036
:10656800000000000000c0ff1f0000000000000045
:106578000000c0ff0f000000000000000000e0ff66
:106588000f000000000000000000e0ff0f00000006
:10659800000000000000e0ff07000000000000000d
:1065a8000000f0ff07000000000000000000f0fffe
:1065b80003000000000000000000f8ff03000000d6
:1065c800000000000000f8ff0300000000000000c9
:1065d8000000f8ff01000000000000000000fcffc0
:1065e80001000000000000000000fcff01000000a6
:1065f800000000000000fcff000000000000000098
:106608000000feff00000000000000000000fe7f08
:1066180000000000000000000000ff7f00000000f4
:10662800000000000000ff7f0000000000000000e4
:106638000000ff3f00000000000000000080ff3f56
:1066480000000000000000000080ff3f0000000084
:10665800000000000080ff1f000000000000000094
:1066680000c0ff1f000000000000000000c0ff0f76
:10667800000000000000000000e0ff0f0000000024
:106688000000000000e0ff0f000000000000000014
:1066980000e0ff07000000000000000000f0ff0716
:1066a800000000000000000000f0ff0700000000ec
:1066b8000000000000f8ff030000000000000000d8
:1066c80000f8ff03000000000000000000f8ff01d0
:1066d800000000000000000000fcff0100000000b6
:1066e8000000000000fcff010000000000000000a6
:1066f80000fcff00000000000000000000feff009a
:10670800000000000000000000feff000000000084
:106718000000000000ff7f000000000000000000f3
:1067280000ff7f00000000000000000000ff3f00a5
:10673800000000000000000080ff3f000000000093
:106748000000000080ff3f00000000000000000083
:1067580080ff1f000000000000000000c0ff1f00b5
:106768000000000000000000c0ff1f000000000043
:1067780000000000e0ff0f00000000000000000023
:10678800e0ff0f000000000000000000e0ff07002d
:106798000000000000000000f0ff070000000000fb
:1067a80000000000f0ff07000000000000000000eb
:1067b800f0ff03000000000000000000f8ff0300e5
:1067c8000000000000000000f8ff030000000000c7
:1067d80000000000fcff01000000000000000000b5
:1067e800fcff01000000000000000000fcff0000aa
:1067f8000000000000000000feff00000000000094
:1068080000000000feff0000000000000000000083
:10681800fe7f00000000000000000000ff7f000075
:106828000000000000000000ff7f000000000000e2
:1068380000000080ff3f0000000000000000008012
:10684800ff3f00000000000000000080ff1f000064
:1068580000000000000000c0ff1f00000000000052
:10686800000000c0ff1f000000000000000000c082
:10687800ff0f000000000000000000e0ff0f000014
:1068880000000000000000e0ff0f00000000000012
:10689800000000f0ff07000000000000000000f00a
:1068a800ff07000000000000000000f0ff030000e8
:1068b80000000000000000f8ff03000000000000d6
:1068c800000000f8ff03000000000000000000f8ce
:1068d800ff01000000000000000000fcff010000b4
:1068e80000000000000000fcff01000000000000a4
:1068f800000000feff00000000000000000000fe95
:10690800ff00000000000000000000fe7f00000003
:1069180000000000000000ff7f00000000000000f1
:10692800000000ff7f00000000000000000000ffe2
:106938003f00000000000000000080ff3f00000052
:1069480000000000000080ff3f0000000000000081
:106958000000c0ff1f000000000000000000c0ff92
:106968001f000000000000000000c0ff0f00000032
:10697800000000000000e0ff0f0000000000000021
:106988000000e0ff0f000000000000000000e0ff32
:1069980007000000000000000000f0ff07000000f2
:1069a800000000000000f0ff0700000000000000e9
:1069b8000000f8ff03000000000000000000f8ffde
:1069c80003000000000000000000f8ff01000000c4
:1069d800000000000000fcff0100000000000000b3
:1069e8000000fcff01000000000000000000fcffa8
:1069f80000000000000000000000feff0000000092
:106a0800000000000000feff000000000000000081
:106a18000000ff7f00000000000000000000ff7f72
:106a280000000000000000000000ff7f00000000e0
:106a3800000000000080ff3f000000000000000090
:106a48000080ff3f00000000000000000080ff1fe2
:106a5800000000000000000000c0ff1f0000000050
:106a68000000000000c0ff1f000000000000000040
:106a780000e0ff0f000000000000000000e0ff0f32
:106a8800000000000000000000e0ff0f0000000010
:106a98000000000000f0ff070000000000000000f8
:106aa80000f0ff07000000000000000000f0ff03f6
:106ab800000000000000000000f8ff0300000000d4
:106ac8000000000000f8ff030000000000000000c4
:106ad80000fcff01000000000000000000fcff01b6
:106ae800000000000000000000fcff0100000000a2
:106af8000000000000feff00000000000000000091
:106b080000feff00000000000000000000fe7f0003
:106b1800000000000000000000ff7f0000000000ef
:106b28000000000000ff7f000000000000000000df
:106b380080ff3f00000000000000000080ff3f00d1
:106b4800000000000000000080ff3f00000000007f
:106b580000000000c0ff1f0000000000000000004f
:106b6800c0ff07000000000000000000c0ff010097
:106b78000000000000000000c03f0000000000000e
:106b880000000000000700000000000000000000f6
:106b980000000000000000000000000000000000ed
:106ba80000000000000000000000000000000000dd
:106bb80000000000000000000000000000000000cd
:106bc80000000000000000000000000000000000bd
:106bd80000000000000000000000000000000000ad
:106be800000000000000000000000000000000009d
:106bf800000000000000000000000000000000008d
:106c0800000000000000000000000000000000007c
:106c1800000000000000000000000000000000006c
:106c2800000000000000000000000000000000005c
:106c3800000000000000000000000000000000004c
:106c4800000000000000000000000000000000003c
:106c5800000000000000000000000000000000002c
:106c6800000000000000000000000000000000001c
:106c7800000000000000000000000000000000000c
:106c880000000000000000000000000000000000fc
:106c980000000000000000000000000000000000ec
:106ca80000000000000000000000000000000000dc
:106cb80000000000000000000000000000000000cc
:106cc80000000000000000000000000000000000bc
:106cd80000000000000000000000000000000000ac
:106ce800000000000000000000000000000000009c
:106cf800000000000000000000000000000000008c
:106d0800000000000000000000000000000000007b
:106d1800000000000000000000000000000000006b
:106d2800000000000000000000000000000000005b
:106d3800000000000000000000000000000000004b
:106d4800000000000000000000000000000000003b
:106d5800000000000000000000000000000000002b
:106d6800000000000000000000000000000000001b
:106d7800000000000000000000000000000000000b
:106d880000000000000000000000000000000000fb
:106d980000000000000000000000000000000000eb
:106da80000000000000000000000000000000000db
:106db80000000000000000000000000000000000cb
:106dc80000000000000000000000000000000000bb
:106dd80000000000000000000000000000000000ab
:106de800000000000000000000000000000000009b
:106df800000000000000000000000000000000008b
:106e0800000000000000000000000000000000007a
:106e1800000000000000000000000000000000006a
:106e2800000000000000000000000000000000005a
:106e3800000000000000000000000000000000004a
:106e4800000000000000000000000000000000003a
:106e5800000000000000000000000000000000002a
:106e6800000000000000000000000000000000001a
:106e7800000000000000000000000000000000000a
:106e880000000000000000000000000000000000fa
:106e980000000000000000000000000000000000ea
:106ea80000000000000000000000000000000000da
:106eb80000000000000000000000000000000000ca
:106ec80000000000000000000000000000000000ba
:106ed80000000000000000000000000000000000aa
:106ee800000000000000000000000000000000009a
:106ef800000000000000000000000000000000008a
:106f08000000000000000000000000000000000079
:106f18000000000000000000000000000000000069
:106f28000000000000000000000000000000000059
:106f38000000000000000000000000000000000049
:106f4800000000000000000000f87f0000000000c2
:106f58000000000080ffff070000000000000000a4
:106f6800e0ffff3f0000000000000000f8ffff7f87
:106f78000000000000000000feffffff010000000d
:106f880000000000ffffffff07000000000000c036
:106f9800ffffffff0f000000000000e0ffffffff02
:106fa8001f000000000000f0ffffffff3f0000008f
:106fb800000000f8ffffffff7f000000000000fc5a
:106fc800ffffffffff000000000000feff03feffc1
:106fd800ff010000000000ff7f00f0ffff0300003a
:106fe800000080ff1f00e0ffff0300000000c0ff5b
:106ff8000f0080ffff0700000000e0ff030000ff14
:10700800ff0f00000000e0ff030000feff0f00007c
:107018000000f0ff010000fcff1f00000000f8ff67
:10702800000000f8ff3f00000000f87f000000f0bb
:10703800ff3f00000000fc7f000000e0ff7f000031
:107048000000fe3f000000e0ff7f00000000fe3f60
:10705800000000c0ffff00000000ff1f000000c08c
:10706800ffff00000000ff1f00000080ffff00007e
:107078000080ff0f00000000ffff01000080ff0fed
:1070880000000000ffff01000080ff0f000000006b
:10709800ffff030000c0ff0700000000feff030021
:1070a80000c0ff0700000000feff030000e0ff072c
:1070b80000000000fcff070000e0ff0700000000e0
:1070c800fcff070000e0ff0300000000fcff0700d2
:1070d80000f0ff0300000000f8ff070000f0ff03c6
:1070e80000000000f8ff0f0000f0ff0300000000a0
:1070f800f8ff0f0000f8ff0100000000f0ff0f008c
:1071080000f8ff0100000000f0ff0f0000f8ff0189
:1071180000000000f0ff1f0000f8ff010000000061
:10712800f0ff1f0000fcff0100000000e0ff1f004f
:1071380000fcff0100000000e0ff1f0000fcff0151
:1071480000000000e0ff1f0000fcff01000000003d
:10715800e0ff3f0000feff0000000000e0ff3f00ee
:1071680000feff0000000000e0ff3f0000feff00ff
:1071780000000000c0ff3f0000feff00000000000c
:10718800c0ff3f0000feff0000000000c0ff3f00fe
:1071980000feff0000000000c0ff3f0000feff00ef
:1071a80000000000c0ff3f0000ffff0000000000db
:1071b800c0ff3f0000ffff0000000000c0ff7f008d
:1071c80000ffff0000000000c0ff7f0000ffff007d
:1071d80000000000c0ff7f0000ffff00000000006b
:1071e80080ff7f0000ffff000000000080ff7f009d
:1071f80000ffff000000000080ff7f0000ffff008d
:107208000000000080ff7f0000ffff00000000007a
:1072180080ff7f0000ffff000000000080ff7f006c
:1072280000ffff000000000080ff7f0000ffff005c
:107238000000000080ff7f0000ffff00000000004a
:1072480080ff7f0000ffff000000000080ff7f003c
:1072580000ffff000000000080ff7f0000ffff002c
:107268000000000080ff7f0000ffff00000000001a
:1072780080ff7f0000ffff000000000080ff7f000c
:1072880000ffff000000000080ff7f0000ffff00fc
:107298000000000080ff3f0000ffff010000000029
:1072a80080ff3f0000ffff010000000080ff3f005b
:1072b80000ffff010000000080ff3f0000feff010b
:1072c8000000000080ff3f0000feff0100000000fa
:1072d80080ff3f0000feff010000000080ff3f002c
:1072e80000feff0100000000c0ff3f0000feff019c
:1072f80000000000c0ff1f0000feff0300000000a8
:10730800c0ff1f0000feff0300000000c0ff1f00b9
:1073180000fcff0300000000c0ff1f0000fcff038b
:1073280000000000c0ff1f0000fcff030000000079
:10733800c0ff0f0000fcff0700000000c0ff0f00a7
:1073480000fcff0700000000c0ff0f0000f8ff0767
:1073580000000000e0ff0f0000f8ff070000000039
:10736800e0ff070000f8ff0f00000000e0ff070043
:1073780000f8ff0f00000000e0ff070000f0ff0f1b
:1073880000000000e0ff030000f0ff1f0000000005
:10739800f0ff030000f0ff1f00000000f0ff0300f3
:1073a80000f0ff1f00000000f0ff010000e0ff3fb9
:1073b80000000000f0ff010000e0ff3f00000000b7
:1073c800f8ff010000e0ff3f00000000f8ff0000a8
:1073d80000c0ff7f00000000f8ff000000c0ff7f32
:1073e80000000000fc7f00000080ffff000000009c
:1073f800fc7f00000080ffff00000000fe3f00004f
:107408000000ffff01000000fe3f00000000ffff3a
:1074180003000000ff1f00000000feff0300000043
:10742800ff1f00000000feff07000080ff0f0000a4
:107438000000fcff0f000080ff0700000000fcffb9
:107448001f0000c0ff0700000000f8ff3f0000e039
:10745800ff0300000000f0ff7f0000f0ff010000c4
:107468000000f0ffff0000fcff0000000000e0ff4c
:10747800ff0300feff0000000000c0ffff1fc0ff69
:107488007f000000000080ffffffffff3f000000bb
:10749800000000ffffffffff1f000000000000fecc
:1074a800ffffffff0f000000000000fcffffffffd1
:1074b80003000000000000f8ffffffff01000000cc
:1074c800000000f0ffffffff00000000000000e0e8
:1074d800ffffff3f0000000000000080ffffff1fcc
:1074e8000000000000000000feffff070000000091
:1074f80000000000f8ffff0000000000000000008e
:10750800c0ff1f0000000000000000000000000095
:107518000000000000000000000000000000000063
:107528000000000000000000000000000000000053
:107538000000000000000000000000000000000043
:107548000000000000000000000000000000000033
:107558000000000000000000000000000000000023
:107568000000000000000000000000000000000013
:107578000000000000000000000000000000000003
:1075880000000000000000000000000000000000f3
:1075980000000000000000000000000000000000e3
:1075a80000000000000000000000000000000000d3
:1075b80000000000000000000000000000000000c3
:1075c80000000000000000000000000000000000b3
:1075d80000000000000000000000000000000000a3
:1075e8000000000000000000000000000000000093
:1075f8000000000000000000000000000000000083
:107608000000000000000000000000000000000072
:107618000000000000000000000000000000000062
:107628000000000000000000000000000000000052
:107638000000000000000000000000000000000042
:107648000000000000000000000000000000000032
:107658000000000000000000000000000000000022
:107668000000000000000000000000000000000012
:107678000000000000000000000000000000000002
:1076880000000000000000000000000000000000f2
:1076980000000000000000000000000000000000e2
:1076a80000000000000000000000000000000000d2
:1076b80000000000000000000000000000000000c2
:1076c80000000000000000000000000000000000b2
:1076d80000000000000000000000000000000000a2
:1076e8000000000000000000000000000000000092
:1076f8000000000000000000000000000000000082
:107708000000000000000000000000000000000071
:107718000000000000000000000000000000000061
:107728000000000000000000000000000000000051
:107738000000000000000000000000000000000041
:107748000000000000000000000000000000000031
:107758000000000000000000000000000000000021
:107768000000000000000000000000000000000011
:107778000000000000000000000000000000000001
:1077880000000000000000000000000000000000f1
:1077980000000000000000000000000000000000e1
:1077a80000000000000000000000000000000000d1
:1077b80000000000000000000000000000000000c1
:1077c80000000000000000000000000000000000b1
:1077d80000000000000000000000000000000000a1
:1077e8000000000000000000000000000000000091
:1077f8000000000000000000000000000000000081
:107808000000000000000000000000000000000070
:107818000000000000000000000000000000000060
:107828000000000000000000000000000000000050
:107838000000000000000000000000000000000040
:107848000000000000000000000000000000000030
:107858000000000000000000000000000000000020
:107868000000000000000000000000000000000010
:107878000000000000000000000000000000000000
:1078880000000000000000000000000000000000f0
:1078980000000000000000000000000000000000e0
:1078a80000000000000000000000000000000000d0
:1078b80000000000000000000000000000000000c0
:1078c80000000000000000000000000000000000b0
:1078d80000000000000000000000000000000000a0
:1078e8000000000000000000000000000000000090
:1078f8000000000000000000000000000000000080
:10790800000000000000000000000000000000006f
:10791800000000000000000000000000000000005f
:10792800000000000000000000000000000000004f
:10793800000000000000000000000000000000003f
:10794800000000000000000000000000000000002f
:10795800000000000000000000000000000000001f
:10796800000000000000000000000000000000000f
:1079780000000000000000000000000000000000ff
:1079880000000000000000000000000000000000ef
:1079980000000000000000000000000000000000df
:1079a80000000000000000000000000000000000cf
:1079b80000000000000000000000000000000000bf
:1079c80000000000000000000000000000000000af
:1079d800000000000000000000000000000000009f
:1079e800000000000000000000000000000000008f
:1079f800000000000000000000000000000000007f
:107a0800000000000000000000000000000000006e
:107a180000000000000000000000000000006000fe
:107a280000000000000000000000f8000000000056
:107a3800000000000000fe0100000000000000003f
:107a48000080ff03000000000000000000e0ff03ca
:107a5800000000000000000000f8ff030000000024
:107a68000000000000feff0300000000000000000e
:107a7800c0ffff030000000000000000f0ffff034c
:107a88000000000000000000fcffff0300000000f1
:107a980000000080ffffff0300000000000000e07e
:107aa800ffffff0300000000000000fcffffff03d2
:107ab80000000000000080ffffffff03000000003f
:107ac8000000f0ffffffff03000000000000feffc2
:107ad800ffffff030000000000c0ffffffffff03e0
:107ae8000000000000c0ffffffffff0300000000d0
:107af8000080ffffffffff03000000000080ff077a
:107b080000feff030000000000001f0000fcff0350
:107b1800000000000000000000f8ff030000000063
:107b28000000000000f8ff03000000000000000053
:107b380000f8ff03000000000000000000f8ff0349
:107b4800000000000000000000f8ff030000000033
:107b58000000000000f8ff03000000000000000023
:107b680000f8ff03000000000000000000f8ff0319
:107b7800000000000000000000f8ff030000000003
:107b88000000000000f8ff030000000000000000f3
:107b980000f8ff03000000000000000000f8ff03e9
:107ba800000000000000000000f8ff0300000000d3
:107bb8000000000000f8ff030000000000000000c3
:107bc80000f8ff03000000000000000000f8ff03b9
:107bd800000000000000000000f8ff0300000000a3
:107be8000000000000f8ff03000000000000000093
:107bf80000f8ff03000000000000000000f8ff0389
:107c0800000000000000000000f8ff030000000072
:107c18000000000000f8ff03000000000000000062
:107c280000f8ff03000000000000000000f8ff0358
:107c3800000000000000000000f8ff030000000042
:107c48000000000000f8ff03000000000000000032
:107c580000f8ff03000000000000000000f8ff0328
:107c6800000000000000000000f8ff030000000012
:107c78000000000000f8ff03000000000000000002
:107c880000f8ff03000000000000000000f8ff03f8
:107c9800000000000000000000f8ff0300000000e2
:107ca8000000000000f8ff030000000000000000d2
:107cb80000f8ff03000000000000000000f8ff03c8
:107cc800000000000000000000f8ff0300000000b2
:107cd8000000000000f8ff030000000000000000a2
:107ce80000f8ff03000000000000000000f8ff0398
:107cf800000000000000000000f8ff030000000082
:107d08000000000000f8ff03000000000000000071
:107d180000f8ff03000000000000000000f8ff0367
:107d2800000000000000000000f8ff030000000051
:107d38000000000000f8ff03000000000000000041
:107d480000f8ff03000000000000000000f8ff0337
:107d5800000000000000000000f8ff030000000021
:107d68000000000000f8ff03000000000000000011
:107d780000f8ff03000000000000000000f8ff0307
:107d8800000000000000000000f8ff0300000000f1
:107d98000000000000f8ff030000000000000000e1
:107da80000f8ff03000000000000000000f8ff03d7
:107db800000000000000000000f8ff0300000000c1
:107dc8000000000000f8ff030000000000000000b1
:107dd80000f8ff03000000000000000000f8ff03a7
:107de800000000000000000000f8ff030000000091
:107df8000000000000f8ff03000000000000000081
:107e080000f8ff03000000000000000000f8ff0376
:107e1800000000000000000000f8ff030000000060
:107e28000000000000f8ff03000000000000000050
:107e380000f8ff03000000000000000000f8ff0346
:107e4800000000000000000000f8ff030000000030
:107e58000000000000f8ff03000000000000000020
:107e680000f8ff03000000000000000000f8ff0316
:107e7800000000000000000000f8ff030000000000
:107e88000000000000f8ff030000000000000000f0
:107e980000f8ff03000000000000000000f8ff03e6
:107ea800000000000000000000f8ff0300000000d0
:107eb8000000000000f8ff030000000000000000c0
:107ec80000f8ff03000000000000000000f8ff03b6
:107ed800000000000000000000f8ff0300000000a0
:107ee8000000000000f8ff03000000000000000090
:107ef80000f8ff03000000000000000000f8ff0386
:107f0800000000000000000000f8ff03000000006f
:107f18000000000000f8ff0300000000000000005f
:107f280000f8ff03000000000000000000f8ff0355
:107f3800000000000000000000fcff070000000037
:107f48000000000000feff0f00000000000000001d
:107f580080ffff3f0000000000000000e0ffffff7f
:107f68000000000000000000feffffff0f000000ff
:107f7800000000e0ffffffffff000000000080ff9f
:107f8800ffffffffff1f00000000feffffffffffd6
:107f9800ffff07000000feffffffffffffff0700d6
:107fa8000000feffffffffffffff07000000feffce
:107fb800ffffffffffff07000000feffffffffffbf
:107fc800ffff0700000000000000000000000000a4
:107fd8000000000000000000000000000000000099
:107fe8000000000000000000000000000000000089
:107ff8000000000000000000000000000000000079
:108008000000000000000000000000000000000068
:108018000000000000000000000000000000000058
:108028000000000000000000000000000000000048
:108038000000000000000000000000000000000038
:108048000000000000000000000000000000000028
:108058000000000000000000000000000000000018
:108068000000000000000000000000000000000008
:1080780000000000000000000000000000000000f8
:1080880000000000000000000000000000000000e8
:1080980000000000000000000000000000000000d8
:1080a80000000000000000000000000000000000c8
:1080b80000000000000000000000000000000000b8
:1080c80000000000000000000000000000000000a8
:1080d8000000000000000000000000000000000098
:1080e8000000000000000000000000000000000088
:1080f8000000000000000000000000000000000078
:108108000000000000000000000000000000000067
:108118000000000000000000000000000000000057
:108128000000000000000000000000000000000047
:108138000000000000000000000000000000000037
:108148000000000000000000000000000000000027
:108158000000000000000000000000000000000017
:108168000000000000000000000000000000000007
:1081780000000000000000000000000000000000f7
:1081880000000000000000000000000000000000e7
:1081980000000000000000000000000000000000d7
:1081a80000000000000000000000000000000000c7
:1081b80000000000000000000000000000000000b7
:1081c80000000000000000000000000000000000a7
:1081d8000000000000000000000000000000000097
:1081e8000000000000000000000000000000000087
:1081f8000000000000000000000000000000000077
:108208000000000000000000000000000000000066
:108218000000000000000000000000000000000056
:108228000000000000000000000000000000000046
:108238000000000000000000000000000000000036
:108248000000000000000000000000000000000026
:108258000000000000000000000000000000000016
:108268000000000000000000000000000000000006
:1082780000000000000000000000000000000000f6
:1082880000000000000000000000000000000000e6
:1082980000000000000000000000000000000000d6
:1082a80000000000000000000000000000000000c6
:1082b80000000000000000000000000000000000b6
:1082c80000000000000000000000000000000000a6
:1082d8000000000000000000000000000000000096
:1082e8000000000000000000000000000000000086
:1082f8000000000000000000000000000000000076
:108308000000000000000000000000000000000065
:108318000000000000000000000000000000000055
:108328000000000000000000000000000000000045
:108338000000000000000000000000000000000035
:108348000000000000000000000000000000000025
:108358000000000000000000000000000000000015
:108368000000000000000000000000000000000005
:1083780000000000000000000000000000000000f5
:1083880000000000000000000000000000000000e5
:1083980000000000000000000000000000000000d5
:1083a80000000000000000000000000000000000c5
:1083b80000000000000000000000000000000000b5
:1083c80000000000000000000000000000000000a5
:1083d8000000000000000000000000000000000095
:1083e8000000000000000000000000000000000085
:1083f8000000000000000000000000000000000075
:108408000000000000000000000000000000000064
:108418000000000000000000000000000000000054
:108428000000000000000000000000000000000044
:108438000000000000000000000000000000000034
:108448000000000000000000000000000000000024
:108458000000000000000000000000000000000014
:108468000000000000000000000000000000000004
:1084780000000000000000000000000000000000f4
:1084880000000000000000000000000000000000e4
:1084980000000000000000000000000000000000d4
:1084a80000000000000000000000000000000000c4
:1084b80000000000000000000000000000000000b4
:1084c80000000000000000000000000000000000a4
:1084d8000000000000000000000000000000000094
:1084e8000000000000000000000000000000000084
:1084f8000000000000000000000000000000000074
:10850800000000000000000000c0ff07000000009d
:108518000000000000fcffff000000000000000059
:1085280080ffffff0300000000000000e0ffffffe6
:108538000f00000000000000fcffffff3f000000ec
:1085480000000000feffffff7f0000000000008029
:10855800ffffffffff010000000000e0ffffffff3b
:10856800ff030000000000f0ffffffffff03000013
:10857800000000fcff07f8ffff070000000000fef6
:10858800ff0080ffff0f0000000000ff3f0000fe1b
:10859800ff1f0000000080ff0f0000fcff1f00000d
:1085a8000000c0ff070000f0ff3f00000000e0fff0
:1085b800030000e0ff3f00000000f0ff010000e0c2
:1085c800ff7f00000000f8ff000000c0ff7f0000f0
:1085d8000000fcff00000080ff7f00000000fc7f1f
:1085e80000000080ffff00000000fe7f0000000088
:1085f800ffff00000000ff3f00000000ffff000039
:108608000000ff3f00000000feff00000080ff1f89
:1086180000000000feff00000080ff1f00000000b7
:10862800feff000000c0ff1f00000000feff010069
:1086380000c0ff0f00000000feff010000e0ff0f78
:1086480000000000fcff010000e0ff0f0000000038
:10865800fcff010000e0ff0f00000000fcff01002c
:1086680000e0ff0f00000000fcff010000e0ff0336
:1086780000000000fcff010000e0ff000000000017
:10868800fcff000000c03f0000000000fcff0000ed
:108698000080070000000000fcff00000000000050
:1086a80000000000feff00000000000000000000c5
:1086b800feff00000000000000000000fe7f000038
:1086c8000000000000000000fe7f00000000000025
:1086d80000000000fe7f0000000000000000000015
:1086e800ff3f00000000000000000000ff3f000006
:1086f8000000000000000000ff3f00000000000034
:1087080000000080ff1f0000000000000000008043
:10871800ff1f00000000000000000080ff0f0000a5
:1087280000000000000000c0ff0f00000000000073
:10873800000000c0ff07000000000000000000e08b
:10874800ff07000000000000000000e0ff03000039
:1087580000000000000000f0ff0100000000000021
:10876800000000f8ff01000000000000000000f811
:10877800ff00000000000000000000fcff000000f7
:1087880000000000000000fc7f0000000000000066
:10879800000000fe3f00000000000000000000ff95
:1087a8003f00000000000000000000ff1f00000064
:1087b80000000000000080ff0f0000000000000023
:1087c8000000c0ff0f000000000000000000c0ff14
:1087d80007000000000000000000e0ff03000000a8
:1087e800000000000000f0ff010000000000000091
:1087f8000000f0ff01000000000000000000f8ff8a
:1088080000000000000000000000fc7f00000000e5
:10881800000000000000fe3f000000000000000013
:108828000000fe3f00000000000000000000ff1fe5
:1088380000000000000000000080ff0f00000000a2
:108848000000000000c0ff0700000000000000005a
:1088580000c0ff03000000000000000000e0ff036c
:10886800000000000000000000f0ff010000000010
:108878000000000000f8ff000000000000000000f9
:1088880000f87f00000000000000000000fc3f002e
:10889800000000000000000000fe3f000000000093
:1088a8000000000000ff1f000000000000000000a2
:1088b80080ff0f00000000000000000080ff07009c
:1088c8000000000000000000c0ff030000000000de
:1088d80000000000e0ff01000000000000000000b0
:1088e800f0ff01000000000000000000f8ff000099
:1088f8000000000000000000fc7f000000000000f5
:1089080000000000fc3f0000000000000000000024
:10891800fe1f00000000000000000000ff0f000024
:108928000000000000000080ff0f000000000000b1
:10893800000000c0ff07000000000000000000e089
:10894800ff03000000000000000000e0ff0100003d
:1089580000200000000000f0ff00000000e003001d
:10896800000000f87f00000000e00300000000fca9
:108978007f00000000e00300000000fe3f00000050
:1089880000e00300000000ff1f00000000f00300eb
:10899800000000ff0f00000000f00300000080ff4f
:1089a8000700000000f003000000c0ff0300000003
:1089b80000f003000000e0ff0100000000f80300e1
:1089c8000000f0ff0100000000f803000000f8ffbd
:1089d8000000000000f803000000fc7f0000000019
:1089e80000fc03000000fc3f0000000000fc030046
:1089f8000000fe1f0000000000fe01000000ff0f45
:108a08000000000000ff01000080ff0700000000d8
:108a180080ff010000c0ff0700000000e0ff010028
:108a280000e0ffffffffffffffff010000f0ffff77
:108a3800ffffffffffff010000f0ffffffffffff49
:108a4800ffff010000f8ffffffffffffffff01002e
:108a580000fcffffffffffffffff010000f8ffff23
:108a6800ffffffffffff010000f8ffffffffffff11
:108a7800ffff010000f8ffffffffffffffff0100fe
:108a880000f0ffffffffffffffff010000f0ffff07
:108a9800ffffffffffff010000e0fffffffffffff9
:108aa800ffff0100000000000000000000000000bf
:108ab80000000000000000000000000000000000ae
:108ac800000000000000000000000000000000009e
:108ad800000000000000000000000000000000008e
:108ae800000000000000000000000000000000007e
:108af800000000000000000000000000000000006e
:108b0800000000000000000000000000000000005d
:108b1800000000000000000000000000000000004d
:108b2800000000000000000000000000000000003d
:108b3800000000000000000000000000000000002d
:108b4800000000000000000000000000000000001d
:108b5800000000000000000000000000000000000d
:108b680000000000000000000000000000000000fd
:108b780000000000000000000000000000000000ed
:108b880000000000000000000000000000000000dd
:108b980000000000000000000000000000000000cd
:108ba80000000000000000000000000000000000bd
:108bb80000000000000000000000000000000000ad
:108bc800000000000000000000000000000000009d
:108bd800000000000000000000000000000000008d
:108be800000000000000000000000000000000007d
:108bf800000000000000000000000000000000006d
:108c0800000000000000000000000000000000005c
:108c1800000000000000000000000000000000004c
:108c2800000000000000000000000000000000003c
:108c3800000000000000000000000000000000002c
:108c4800000000000000000000000000000000001c
:108c5800000000000000000000000000000000000c
:108c680000000000000000000000000000000000fc
:108c780000000000000000000000000000000000ec
:108c880000000000000000000000000000000000dc
:108c980000000000000000000000000000000000cc
:108ca80000000000000000000000000000000000bc
:108cb80000000000000000000000000000000000ac
:108cc800000000000000000000000000000000009c
:108cd800000000000000000000000000000000008c
:108ce800000000000000000000000000000000007c
:108cf800000000000000000000000000000000006c
:108d0800000000000000000000000000000000005b
:108d1800000000000000000000000000000000004b
:108d2800000000000000000000000000000000003b
:108d3800000000000000000000000000000000002b
:108d4800000000000000000000000000000000001b
:108d5800000000000000000000000000000000000b
:108d680000000000000000000000000000000000fb
:108d780000000000000000000000000000000000eb
:108d880000000000000000000000000000000000db
:108d980000000000000000000000000000000000cb
:108da80000000000000000000000000000000000bb
:108db80000000000000000000000000000000000ab
:108dc800000000000000000000000000000000009b
:108dd800000000000000000000000000000000008b
:108de800000000000000000000000000000000007b
:108df800000000000000000000000000000000006b
:108e0800000000000000000000000000000000005a
:108e1800000000000000000000000000000000004a
:108e2800000000000000000000000000000000003a
:108e3800000000000000000000000000000000002a
:108e4800000000000000000000000000000000001a
:108e5800000000000000000000000000000000000a
:108e680000000000000000000000000000000000fa
:108e780000000000000000000000000000000000ea
:108e880000000000000000000000000000000000da
:108e980000000000000000000000000000000000ca
:108ea80000000000000000000000000000000000ba
:108eb80000000000000000000000000000000000aa
:108ec800000000000000000000000000000000009a
:108ed800000000000000000000000000000000008a
:108ee800000000000000000000000000000000007a
:108ef800000000000000000000000000000000006a
:108f08000000000000000000000000000000000059
:108f18000000000000000000000000000000000049
:108f28000000000000000000000000000000000039
:108f38000000000000000000000000000000000029
:108f48000000000000000000000000000000000019
:108f58000000000000000000000000000000000009
:108f680000000000000000000000000000000000f9
:108f780000000000000000000000000000000000e9
:108f880000000000000000000000000000000000d9
:108f980000000000000000000000000000000000c9
:108fa80000000000000000000000000000000000b9
:108fb80000000000000000000000000000000000a9
:108fc8000000000000000000000000000000000099
:108fd8000000000000000000000000000000000089
:108fe800000000000000000000fe7f0000000000fc
:108ff80000000000f0ffff03000000000000000078
:10900800fcffff1f0000000000000080ffffff7f43
:1090180000000000000000e0ffffffff000000006c
:10902800000000f8ffffffff03000000000000fe43
:10903800ffffffff07000000000000ffffffffff2a
:109048000f0000000000c0ffffffffff1f0000002f
:109058000000e0ff3fc0ffff3f0000000000f0fffe
:109068000700feff3f0000000000f8ff0100f8ffc6
:109078007f0000000000fcff0000e0ffff00000090
:109088000000fe3f0000c0ffff0000000000ff3f9f
:10909800000080ffff0100000080ff1f000000ffac
:1090a800ff01000000c0ff0f000000ffff030000e9
:1090b80000c0ff0f000000feff03000000e0ff07f4
:1090c800000000fcff03000000e0ff07000000fcb8
:1090d800ff03000000f0ff07000000fcff0700008e
:1090e80000f0ff07000000f8ff07000000f8ff0786
:1090f800000000f8ff07000000f8ff07000000f874
:10910800ff07000000f8ff07000000f8ff07000055
:1091180000f8ff07000000f0ff07000000f8ff015b
:10912800000000f0ff07000000f03f00000000f022
:10913800ff07000000e00700000000f0ff07000044
:1091480000000000000000f0ff0700000000000021
:10915800000000f0ff07000000000000000000f021
:10916800ff07000000000000000000f0ff030000ff
:1091780000000000000000f8ff03000000000000ed
:10918800000000f8ff03000000000000000000f8e5
:10919800ff01000000000000000000f8ff010000cf
:1091a80000000000000000fcff00000000000000bc
:1091b800000000fcff00000000000000000000feae
:1091c8007f00000000000000000000ff3f000000da
:1091d80000000000000000ff3f0000000000000049
:1091e800000080ff1f000000000000000000c0ff1a
:1091f8000f000000000000000000e0ff0700000072
:10920800000000000000f0ff030000000000000064
:109218000000fcff00000000000000000000fe7fce
:1092280000000000000000000080ff3f0000000078
:109238000000000000c0ff0f000000000000000058
:1092480000f0ff03000000000000000000feff0027
:10925800000000000000000080ffff000000000088
:1092680000000000f0ffff0f0000000000000000f9
:10927800feffff7f0000000000000000feffffff70
:109288000100000000000000feffffff03000000d7
:1092980000000000feffffff0f00000000000000bc
:1092a800feffffff1f00000000000000fcffffffa3
:1092b8003f000000000000000080ffffff000000ea
:1092c800000000000000fcffff000000000000009c
:1092d8000000e0ffff010000000000000000c0ffe8
:1092e800ff03000000000000000000ffff0700006f
:1092f80000000000000000feff0f0000000000005a
:10930800000000fcff0f000000000000000000f853
:10931800ff1f000000000000000000f0ff1f000019
:1093280000000000000000e0ff3f00000000000017
:10933800000000e0ff3f000000000000000000c047
:10934800ff7f000000000000000000c0ff7f000059
:109358000000000000000080ffff00000000000087
:1093680000000080ffff0000000000000000000077
:10937800ffff00000000000000000000ffff0000e9
:109388000000000000000000ffff010000000000d6
:1093980000000000feff01000000000000000000c7
:1093a800feff01000000000000000000feff0100b9
:1093b8000000000000000000feff010000000000a7
:1093c80000000000feff0100000000000000000097
:1093d800feff01000000000000000000feff010089
:1093e8000000000000000000fcff01000000000079
:1093f80000000000fcff0100000000000000000069
:10940800fcff01000000000000000000feff01005a
:109418000000000000000000feff01000000000046
:1094280000000000feff0100000000000000000036
:10943800feff00000000000000000000feff00002a
:109448000000000000000000feff00000000000017
:1094580000000000feff0000000000000000000007
:10946800ff7f00000000000000000000ff7f0000f8
:109478000000000000000000ff7f00000000000066
:1094880000000080ff7f0000000000000000008056
:10949800ff3f000000000000000000c0ff3f000088
:1094a80000000000000000c0ff1f000000040000d2
:1094b800000000e0ff1f0000000c0000000000f0aa
:1094c800ff0f0000001e0000000000f0ff0f00006a
:1094d800007e0000000000f8ff07000000ff000009
:1094e800000000fcff07000000ff0300000000fe72
:1094f800ff03000080ff0f00000080ffff01000055
:1095080000ff3f000000c0ffff00000000feff005a
:109518000000f0ffff00000000fcff030000fcff5c
:109528007f00000000f8ff3f0080ffff3f000000c1
:1095380000e0ffffffffffff1f00000000c0ffff6c
:10954800ffffffff070000000080ffffffffffff96
:10955800030000000000feffffffffff0100000006
:109568000000fcffffffff7f000000000000f0ff8d
:10957800ffffff3f000000000000c0ffffffff07e4
:1095880000000000000000feffffff0100000000d7
:10959800000000f8ffff3f0000000000000000800e
:1095a800ffff0300000000000000000000000000b2
:1095b80000000000000000000000000000000000a3
:1095c8000000000000000000000000000000000093
:1095d8000000000000000000000000000000000083
:1095e8000000000000000000000000000000000073
:1095f8000000000000000000000000000000000063
:109608000000000000000000000000000000000052
:109618000000000000000000000000000000000042
:109628000000000000000000000000000000000032
:109638000000000000000000000000000000000022
:109648000000000000000000000000000000000012
:109658000000000000000000000000000000000002
:1096680000000000000000000000000000000000f2
:1096780000000000000000000000000000000000e2
:1096880000000000000000000000000000000000d2
:1096980000000000000000000000000000000000c2
:1096a80000000000000000000000000000000000b2
:1096b80000000000000000000000000000000000a2
:1096c8000000000000000000000000000000000092
:1096d8000000000000000000000000000000000082
:1096e8000000000000000000000000000000000072
:1096f8000000000000000000000000000000000062
:109708000000000000000000000000000000000051
:109718000000000000000000000000000000000041
:109728000000000000000000000000000000000031
:109738000000000000000000000000000000000021
:109748000000000000000000000000000000000011
:109758000000000000000000000000000000000001
:1097680000000000000000000000000000000000f1
:1097780000000000000000000000000000000000e1
:1097880000000000000000000000000000000000d1
:1097980000000000000000000000000000000000c1
:1097a80000000000000000000000000000000000b1
:1097b80000000000000000000000000000000000a1
:1097c8000000000000000000000000000000000091
:1097d8000000000000000000000000000000000081
:1097e8000000000000000000000000000000000071
:1097f8000000000000000000000000000000000061
:109808000000000000000000000000000000000050
:109818000000000000000000000000000000000040
:109828000000000000000000000000000000000030
:109838000000000000000000000000000000000020
:109848000000000000000000000000000000000010
:109858000000000000000000000000000000000000
:1098680000000000000000000000000000000000f0
:1098780000000000000000000000000000000000e0
:1098880000000000000000000000000000000000d0
:1098980000000000000000000000000000000000c0
:1098a80000000000000000000000000000000000b0
:1098b80000000000000000000000000000000000a0
:1098c8000000000000000000000000000000000090
:1098d8000000000000000000000000000000000080
:1098e8000000000000000000000000000000000070
:1098f8000000000000000000000000000000000060
:10990800000000000000000000000000000000004f
:10991800000000000000000000000000000000003f
:10992800000000000000000000000000000000002f
:10993800000000000000000000000000000000001f
:10994800000000000000000000000000000000000f
:1099580000000000000000000000000000000000ff
:1099680000000000000000000000000000000000ef
:1099780000000000000000000000000000000000df
:1099880000000000000000000000000000000000cf
:1099980000000000000000000000000000000000bf
:1099a80000000000000000000000000000000000af
:1099b800000000000000000000000000000000009f
:1099c800000000000000000000000000000000008f
:1099d800000000000000000000000000000000007f
:1099e800000000000000000000000000000000006f
:1099f800000000000000000000000000000000005f
:109a0800000000000000000000000000000000004e
:109a1800000000000000000000000000000000003e
:109a2800000000000000000000000000000000002e
:109a3800000000000000000000000000000000001e
:109a4800000000000000000000000000000000000e
:109a580000000000000000000000000000000000fe
:109a680000000000000000000000000000000000ee
:109a780000000000000000000000000000000000de
:109a880000000000000000000000000000000000ce
:109a980000000000000000000000000000000000be
:109aa80000000000000000000000000000000000ae
:109ab800000000000000000000000000000000009e
:109ac8000800000000000000000000001e00000068
:109ad80000000000000000803f00000000000000bf
:109ae800000000e07f00000000000000000000f817
:109af8007f00000000000000000000fe7f00000062
:109b080000000000000080ff7f000000000000004f
:109b18000000c0ff7f000000000000000000e0ff20
:109b28007f000000000000000000e0ff7f00000050
:109b3800000000000000f0ff7f00000000000000af
:109b48000000f8ff7f000000000000000000f8ffa0
:109b58007f000000000000000000fcff7f00000004
:109b6800000000000000fcff7f0000000000000073
:109b78000000feff7f000000000000000000ffff63
:109b88007f000000000000000000ffff7f000000d1
:109b9800000000000080ffff7f00000000000000c0
:109ba80000c0ffff7f0000000000000000c0fffdb4
:109bb8007f0000000000000000e0fffd7f000000c3
:109bc8000000000000f0fffc7f0000000000000023
:109bd80000f07ffc7f0000000000000000f87ffc20
:109be8007f0000000000000000f83ffc7f0000003c
:109bf8000000000000fc3ffc7f00000000000000a7
:109c080000fe1ffc7f0000000000000000fe0ffcab
:109c18007f0000000000000000ff0ffc7f00000034
:109c28000000000080ff07fc7f000000000000002b
:109c380080ff03fc7f00000000000000c0ff03fc61
:109c48007f00000000000000c0ff01fc7f00000052
:109c580000000000e0ff00fc7f00000000000000a2
:109c6800f0ff00fc7f00000000000000f07f00fc17
:109c78007f00000000000000f83f00fc7f000000ab
:109c880000000000fc3f00fc7f0000000000000016
:109c9800fc1f00fc7f00000000000000fe1f00fc0d
:109ca8007f00000000000000fe0f00fc7f000000a5
:109cb80000000000ff0700fc7f000000000000809b
:109cc800ff0700fc7f00000000000080ff0300fc8d
:109cd8007f000000000000c0ff0100fc7f000000c2
:109ce800000000e0ff0100fc7f000000000000e031
:109cf800ff0000fc7f000000000000f07f0000fc77
:109d08007f000000000000f07f0000fc7f000000e2
:109d1800000000f83f0000fc7f000000000000fc8d
:109d28001f0000fc7f000000000000fc1f0000fc7a
:109d38007f000000000000fe0f0000fc7f00000014
:109d4800000000ff070000fc7f000000000000ff8b
:109d5800070000fc7f000000000080ff030000fcfb
:109d68007f000000000080ff030000fc7f0000006f
:109d78000000c0ff010000fc7f0000000000e0ffc1
:109d8800000000fc7f0000000000e0ff000000fc75
:109d98007f0000000000f07f000000fc7f00000052
:109da8000000f83f000000fc7f0000000000f83fc2
:109db800000000fc7f0000000000fc1f000000fc09
:109dc8007f0000000000fc0f000000fc7f00000086
:109dd8000000fe0f000000fc7f0000000000ff07ed
:109de800000000fc7f0000000000ff03000000fcf2
:109df8007f0000000080ff03000000fc7f000000df
:109e080000c0ff01000000fc7f00000000c0ff014f
:109e1800000000fc7f00000000e0ff00000000fce4
:109e28007f00000000e07f00000000fc7f000000d1
:109e380000f07f00000000fc7f00000000f83f00f9
:109e4800000000fc7f00000000f8ffffffffffff9d
:109e5800ffff070000fcffffffffffffffff0f00f2
:109e680000feffffffffffffffff1f0000feffffd9
:109e7800ffffffffffff3f0000ffffffffffffffa8
:109e8800ffff1f0000ffffffffffffffffff0f00a7
:109e980080ffffffffffffffffff0f00c0ffffff77
:109ea800ffffffffffff0700c0fffffffffffffff0
:109eb800ffff030080ffffffffffffffffff000022
:109ec80000ffffffffffffffff7f00000000000013
:109ed800000000fc7f00000000000000000000fc03
:109ee8007f00000000000000000000fc7f00000070
:109ef80000000000000000fc7f00000000000000df
:109f0800000000fc7f00000000000000000000fcd2
:109f18007f00000000000000000000fc7f0000003f
:109f280000000000000000fc7f00000000000000ae
:109f3800000000fc7f00000000000000000000fca2
:109f48007f00000000000000000000fc7f0000000f
:109f580000000000000000fc7f000000000000007e
:109f6800000000fc7f00000000000000000000fc72
:109f78007f00000000000000000000fc7f000000df
:109f880000000000000000fc7f000000000000004e
:109f9800000000fc7f00000000000000000000fc42
:109fa8007f00000000000000000000fc7f000000af
:109fb80000000000000000fc7f000000000000001e
:109fc800000000fc7f00000000000000000000fc12
:109fd8007f00000000000000000000fc7f0000007f
:109fe80000000000000000fc7f00000000000000ee
:109ff800000000fe7f00000000000000000000ffdd
:10a00800ff000000000000000000c0ffff0100008a
:10a01800000000000000f8ffff070000000000003b
:10a028000080ffffff3f00000000000000fcffff72
:10a03800ffff010000000000e0ffffffffff1f001f
:10a0480000000000e0ffffffffff1f00000000000e
:10a05800e0ffffffffff1f0000000000e0ffffff21
:10a06800ffff1f00000000000000000000000000cb
:10a0780000000000000000000000000000000000d8
:10a0880000000000000000000000000000000000c8
:10a0980000000000000000000000000000000000b8
:10a0a80000000000000000000000000000000000a8
:10a0b8000000000000000000000000000000000098
:10a0c8000000000000000000000000000000000088
:10a0d8000000000000000000000000000000000078
:10a0e8000000000000000000000000000000000068
:10a0f8000000000000000000000000000000000058
:10a108000000000000000000000000000000000047
:10a118000000000000000000000000000000000037
:10a128000000000000000000000000000000000027
:10a138000000000000000000000000000000000017
:10a148000000000000000000000000000000000007
:10a1580000000000000000000000000000000000f7
:10a1680000000000000000000000000000000000e7
:10a1780000000000000000000000000000000000d7
:10a1880000000000000000000000000000000000c7
:10a1980000000000000000000000000000000000b7
:10a1a80000000000000000000000000000000000a7
:10a1b8000000000000000000000000000000000097
:10a1c8000000000000000000000000000000000087
:10a1d8000000000000000000000000000000000077
:10a1e8000000000000000000000000000000000067
:10a1f8000000000000000000000000000000000057
:10a208000000000000000000000000000000000046
:10a218000000000000000000000000000000000036
:10a228000000000000000000000000000000000026
:10a238000000000000000000000000000000000016
:10a248000000000000000000000000000000000006
:10a2580000000000000000000000000000000000f6
:10a2680000000000000000000000000000000000e6
:10a2780000000000000000000000000000000000d6
:10a2880000000000000000000000000000000000c6
:10a2980000000000000000000000000000000000b6
:10a2a80000000000000000000000000000000000a6
:10a2b8000000000000000000000000000000000096
:10a2c8000000000000000000000000000000000086
:10a2d8000000000000000000000000000000000076
:10a2e8000000000000000000000000000000000066
:10a2f8000000000000000000000000000000000056
:10a308000000000000000000000000000000000045
:10a318000000000000000000000000000000000035
:10a328000000000000000000000000000000000025
:10a338000000000000000000000000000000000015
:10a348000000000000000000000000000000000005
:10a3580000000000000000000000000000000000f5
:10a3680000000000000000000000000000000000e5
:10a3780000000000000000000000000000000000d5
:10a3880000000000000000000000000000000000c5
:10a3980000000000000000000000000000000000b5
:10a3a80000000000000000000000000000000000a5
:10a3b8000000000000000000000000000000000095
:10a3c8000000000000000000000000000000000085
:10a3d8000000000000000000000000000000000075
:10a3e8000000000000000000000000000000000065
:10a3f8000000000000000000000000000000000055
:10a408000000000000000000000000000000000044
:10a418000000000000000000000000000000000034
:10a428000000000000000000000000000000000024
:10a438000000000000000000000000000000000014
:10a448000000000000000000000000000000000004
:10a4580000000000000000000000000000000000f4
:10a4680000000000000000000000000000000000e4
:10a4780000000000000000000000000000000000d4
:10a4880000000000000000000000000000000000c4
:10a4980000000000000000000000000000000000b4
:10a4a80000000000000000000000000000000000a4
:10a4b8000000000000000000000000000000000094
:10a4c8000000000000000000000000000000000084
:10a4d8000000000000000000000000000000000074
:10a4e8000000000000000000000000000000000064
:10a4f8000000000000000000000000000000000054
:10a508000000000000000000000000000000000043
:10a518000000000000000000000000000000000033
:10a528000000000000000000000000000000000023
:10a538000000000000000000000000000000000013
:10a548000000000000000000000000000000000003
:10a5580000000000000000000000000000000000f3
:10a5680000000000000000000000000000000000e3
:10a5780000000000000000000000000000000000d3
:10a5880000000000000000000000000000000000c3
:10a5980000000000000000000000000000000000b3
:10a5a80000000000000000000000000000000000a3
:10a5b800000000000000000000180000000000007b
:10a5c80000000000803f00000000c0ffffffffff09
:10a5d800ff7f00000000c0ffffffffffff7f0000bc
:10a5e8000000c0ffffffffffff3f00000000c0ffab
:10a5f800ffffffffff1f00000000c0ffffffffff7e
:10a60800ff0f00000000e0ffffffffffff07000053
:10a618000000e0ffffffffffff0700000000e0ff72
:10a62800ffffffffff0300000000e0ffffffffff49
:10a63800ff0100000000e0ffffffffffff00000038
:10a648000000e0ffffffffff7f0000000000e0ffc9
:10a65800ffffffff3f0000000000e0ffffffffffdc
:10a668000f0000000000e03f0000000000000000b4
:10a678000000f03f00000000000000000000f03f74
:10a6880000000000000000000000f03f0000000093
:10a69800000000000000f03f000000000000000083
:10a6a8000000f03f00000000000000000000f03f44
:10a6b80000000000000000000000f03f0000000063
:10a6c800000000000000f83f00000000000000004b
:10a6d8000000f81f00000000000000000000f81f44
:10a6e80000000000000000000000f81f000000004b
:10a6f800000000000000f81f00000000000000003b
:10a708000000f81f00000000000000000000f81f13
:10a7180000000000000000000000fc1f0000000016
:10a72800000000000000fc1f000000000000000006
:10a738000000fc0f00000000000000000000fc0ffb
:10a7480000000000000000000000fc0f00000000f6
:10a75800000000000000fc0f0000000000000000e6
:10a768000000fc0f00000000000000000000fe0fc9
:10a7780000000000000000000000fe0f00000000c4
:10a78800000000000000fe070000000000000000bc
:10a798000000fe0700000000000000000000fe07a7
:10a7a80000000000000000000000fe07000000009c
:10a7b800000000000000ff0700fe0300000000008a
:10a7c8000000ff07ffffff00000000000000fff38c
:10a7d800ffffff07000000000000ffffffffff3f33
:10a7e800000000000000ffffffffffff0000000067
:10a7f8000000ffffffffffff030000000080ffffd6
:10a80800ffffffff070000000080ffffffffffffc3
:10a818001f0000000080ffffffffffff3f00000058
:10a828000080ffffffffffff7f0000000080ffffa9
:10a83800ffffffffff0000000080ffff07e0ffffb2
:10a84800ff01000000c0ff7f0000fcffff030000c5
:10a8580000c0ff0f0000f0ffff07000000c0ff036b
:10a868000000c0ffff07000000c0ff00000000ff5d
:10a87800ff0f000000803f00000000feff1f0000e7
:10a8880000000e00000000fcff1f00000000040094
:10a89800000000f8ff3f000000000000000000f08a
:10a8a800ff3f000000000000000000e0ff7f000004
:10a8b80000000000000000c0ff7f00000000000052
:10a8c800000000c0ffff0000000000000000008042
:10a8d800ffff00000000000000000080ffff0000f4
:10a8e8000000000000000000ffff01000000000061
:10a8f80000000000ffff0100000000000000000051
:10a90800feff01000000000000000000feff010043
:10a918000000000000000000feff0300000000002f
:10a9280000000000feff030000000000000000001f
:10a93800fcff03000000000000000000fcff030013
:10a948000000000000000000fcff03000000000001
:10a9580000000000fcff03000000000000000000f1
:10a96800fcff03000000000000000000fcff0300e3
:10a978000000000000000000fcff030000000000d1
:10a9880000000000fcff03000000000000000000c1
:10a99800fcff03000000000000000000f8ff0300b7
:10a9a8000000000000000000fcff030000000000a1
:10a9b80000000000fcff0300000000000000000091
:10a9c800fcff03000000000000000000fcff030083
:10a9d8000000000000000000fcff01000000000073
:10a9e80000000000fcff0100000000000000000063
:10a9f800fcff01000000000000000000fcff010057
:10aa08000000000000000000feff00000000000041
:10aa180000000000feff0000000000000000000031
:10aa2800feff00000000000000000000feff000024
:10aa38000000000000000000ff7f00000000000090
:10aa480000000000ff7f0000000000000000008000
:10aa5800ff3f00000000000000000080ff3f0000f2
:10aa680000000000000000c0ff3f000000080000d8
:10aa7800000000c0ff1f000000180000000000e0f8
:10aa8800ff1f0000007c0000000000f0ff0f000026
:10aa980000fc0000000000f0ff07000000fe0300bb
:10aaa800000000f8ff07000000fe0f00000000fc97
:10aab800ff03000000ff3f00000000ffff0100004f
:10aac80000feff00000080ffff01000000fcff0304
:10aad8000000e0ffff00000000f8ff1f0000f8ff83
:10aae8007f00000000f0ffff0000feff3f000000b5
:10aaf80000c0ffffffffffff1f0000000080fffff7
:10ab0800ffffffff0f0000000000feffffffffff39
:10ab1800070000000000fcffffffffff030000002c
:10ab28000000f0ffffffffff000000000000c0ff73
:10ab3800ffffff3f00000000000000ffffffff1fb6
:10ab480000000000000000f8ffffff030000000005
:10ab5800000000c0ffffff00000000000000000030
:10ab6800fcff0f00000000000000000000000000d3
:10ab780000000000000000000000000000000000cd
:10ab880000000000000000000000000000000000bd
:10ab980000000000000000000000000000000000ad
:10aba800000000000000000000000000000000009d
:10abb800000000000000000000000000000000008d
:10abc800000000000000000000000000000000007d
:10abd800000000000000000000000000000000006d
:10abe800000000000000000000000000000000005d
:10abf800000000000000000000000000000000004d
:10ac0800000000000000000000000000000000003c
:10ac1800000000000000000000000000000000002c
:10ac2800000000000000000000000000000000001c
:10ac3800000000000000000000000000000000000c
:10ac480000000000000000000000000000000000fc
:10ac580000000000000000000000000000000000ec
:10ac680000000000000000000000000000000000dc
:10ac780000000000000000000000000000000000cc
:10ac880000000000000000000000000000000000bc
:10ac980000000000000000000000000000000000ac
:10aca800000000000000000000000000000000009c
:10acb800000000000000000000000000000000008c
:10acc800000000000000000000000000000000007c
:10acd800000000000000000000000000000000006c
:10ace800000000000000000000000000000000005c
:10acf800000000000000000000000000000000004c
:10ad0800000000000000000000000000000000003b
:10ad1800000000000000000000000000000000002b
:10ad2800000000000000000000000000000000001b
:10ad3800000000000000000000000000000000000b
:10ad480000000000000000000000000000000000fb
:10ad580000000000000000000000000000000000eb
:10ad680000000000000000000000000000000000db
:10ad780000000000000000000000000000000000cb
:10ad880000000000000000000000000000000000bb
:10ad980000000000000000000000000000000000ab
:10ada800000000000000000000000000000000009b
:10adb800000000000000000000000000000000008b
:10adc800000000000000000000000000000000007b
:10add800000000000000000000000000000000006b
:10ade800000000000000000000000000000000005b
:10adf800000000000000000000000000000000004b
:10ae0800000000000000000000000000000000003a
:10ae1800000000000000000000000000000000002a
:10ae2800000000000000000000000000000000001a
:10ae3800000000000000000000000000000000000a
:10ae480000000000000000000000000000000000fa
:10ae580000000000000000000000000000000000ea
:10ae680000000000000000000000000000000000da
:10ae780000000000000000000000000000000000ca
:10ae880000000000000000000000000000000000ba
:10ae980000000000000000000000000000000000aa
:10aea800000000000000000000000000000000009a
:10aeb800000000000000000000000000000000008a
:10aec800000000000000000000000000000000007a
:10aed800000000000000000000000000000000006a
:10aee800000000000000000000000000000000005a
:10aef800000000000000000000000000000000004a
:10af08000000000000000000000000000000000039
:10af18000000000000000000000000000000000029
:10af28000000000000000000000000000000000019
:10af38000000000000000000000000000000000009
:10af480000000000000000000000000000000000f9
:10af580000000000000000000000000000000000e9
:10af680000000000000000000000000000000000d9
:10af780000000000000000000000000000000000c9
:10af880000000000000000000000000000000000b9
:10af980000000000000000000000000000000000a9
:10afa8000000000000000000000000000000000099
:10afb8000000000000000000000000000000000089
:10afc8000000000000000000000000000000000079
:10afd8000000000000000000000000000000000069
:10afe8000000000000000000000000000000000059
:10aff8000000000000000000000000000000000049
:10b008000000000000000000000000000000000038
:10b018000000000000000000000000000000000028
:10b028000000000000000000000000000000000018
:10b038000000000000000000000000000000000008
:10b0480000000000000000000000000000000000f8
:10b0580000000000000000000000000000000000e8
:10b0680000000000000000000000000000000000d8
:10b0780000000000000000000000000000000000c8
:10b08800003f00000000000000000000f03f00004a
:10b098000000000000000000ff3f0000000000006a
:10b0a800000000e0ff7f000000000000000000fc3e
:10b0b800ff7f000000000000000080ffff3f00004d
:10b0c800000000000000e0ffff0700000000000093
:10b0d8000000f8ffff000000000000000000feff75
:10b0e8001f000000000000000080ffff03000000b8
:10b0f8000000000000c0ffff00000000000000008a
:10b1080000f0ff3f000000000000000000fcff0fff
:10b11800000000000000000000feff030000000027
:10b128000000000000ffff01000000000000000018
:10b13800c0ff7f000000000000000000e0ff3f00ab
:10b148000000000000000000f0ff1f0000000000e9
:10b1580000000000f8ff07000000000000000000e9
:10b16800fcff03000000000000000000feff0100db
:10b178000000000000000080ffff00000000000049
:10b1880000000080ff7f000000000000000000c0f9
:10b19800ff3f000000000000000000e0ff1f00006b
:10b1a80000000000000000f0ff0f00000000000099
:10b1b800000000f8ff07000000000000000000fc8d
:10b1c800ff03000000000000000000fcff01000079
:10b1d80000000000000000feff000000000000006a
:10b1e800000000ffff00000000000000000080ffda
:10b1f8007f00000000000000000080ff3f0000000a
:10b20800000000000000c0ff1f0000000000000058
:10b218000000c0ff1f000000000000000000e0ff69
:10b228000f000000000000000000e0ff0f00000019
:10b23800000000000000f0ff070000000000000010
:10b248000000f0ff03000000000000000000f8ff0d
:10b2580003000000000000000000f8ff01000000eb
:10b26800000000000000fcff0100000000000000da
:10b278000000fcff01000000000000000000feffcd
:10b2880000000000000000000000feff00000000b9
:10b29800000000000000fe7f000000000000000029
:10b2a8000000ff7f0000fc03000000000000ff7f9b
:10b2b80000c0ff7f000000000080ff3f00f8ffff94
:10b2c800070000000080ff3f00ffffff1f00000095
:10b2d8000080ff3fc0ffffff7f0000000080ff1fce
:10b2e800f0ffffffff01000000c0ff1ff8ffffff96
:10b2f800ff03000000c0ff1ffeffffffff07000065
:10b3080000c0ff0fffffffffff1f000000c0ff8fff
:10b31800ffffffffff3f000000e0ffefffffffff21
:10b32800ff3f000000e0ffffff3fe0ffff7f00005e
:10b3380000e0ffffff0300feffff000000e0ffff4b
:10b348007f0000f8ffff010000e0ffff1f0000e0a2
:10b35800ffff010000f0ffff070000c0ffff030030
:10b3680000f0ffff03000080ffff030000f0ffff75
:10b3780001000000ffff070000f0ff7f0000000051
:10b38800feff070000f0ff3f00000000fcff0f0079
:10b3980000f0ff1f00000000f8ff0f0000f0ff0f93
:10b3a80000000000f8ff1f0000f0ff070000000089
:10b3b800f0ff1f0000f0ff0700000000f0ff1f0073
:10b3c80000f0ff0700000000e0ff1f0000f8ff0783
:10b3d80000000000e0ff3f0000f8ff070000000049
:10b3e800c0ff3f0000f8ff0700000000c0ff3f005b
:10b3f80000f8ff0700000000c0ff3f0000f8ff074b
:10b408000000000080ff3f0000f8ff070000000078
:10b4180080ff3f0000f8ff070000000080ff3f00aa
:10b4280000f8ff070000000080ff3f0000f8ff075a
:10b438000000000080ff3f0000f0ff070000000050
:10b4480080ff7f0000f0ff0f0000000000ff7f007a
:10b4580000f0ff0f0000000000ff3f0000f0ff0faa
:10b468000000000000ff3f0000f0ff0f0000000098
:10b4780000ff3f0000f0ff0f0000000000ff3f004a
:10b4880000f0ff0f0000000000ff3f0000f0ff0f7a
:10b498000000000000ff3f0000e0ff1f0000000068
:10b4a80000ff3f0000e0ff1f0000000000ff3f001a
:10b4b80000e0ff1f0000000000ff3f0000e0ff1f4a
:10b4c8000000000000ff1f0000c0ff3f0000000058
:10b4d80000ff1f0000c0ff3f0000000080ff1f00aa
:10b4e80000c0ff3f0000000080ff1f0000c0ff7f7a
:10b4f8000000000080ff0f000080ff7f00000000b8
:10b5080080ff0f000080ff7f0000000080ff0f0019
:10b518000000ffff0000000080ff07000000ffffa1
:10b5280000000000c0ff07000000ffff010000004e
:10b53800c0ff03000000feff01000000c0ff030081
:10b548000000feff03000000e0ff01000000fcff18
:10b5580003000000e0ff01000000fcff07000000fe
:10b56800f0ff00000000f8ff0f000000f0ff0000ef
:10b578000000f0ff1f000000f87f00000000f0ff4f
:10b588003f000000f87f00000000e0ff7f0000009f
:10b59800fc3f00000000c0ffff000000fe1f00008d
:10b5a8000000c0ffff010000ff1f0000000080ff37
:10b5b800ff070080ff0f0000000000ffff1f00e0f2
:10b5c800ff070000000000feffff00fcff03000073
:10b5d800000000fcffffffffff010000000000f873
:10b5e800ffffffffff000000000000f0ffffffff6c
:10b5f8007f000000000000c0ffffffff3f000000c9
:10b6080000000080ffffffff0f00000000000000a7
:10b61800feffffff0700000000000000fcffffff27
:10b628000100000000000000f0ffff7f00000000a4
:10b638000000000080ffff1f000000000000000065
:10b6480000fcff03000000000000000000000000f4
:10b6580000000000000000000000000000000000e2
:10b6680000000000000000000000000000000000d2
:10b6780000000000000000000000000000000000c2
:10b6880000000000000000000000000000000000b2
:10b6980000000000000000000000000000000000a2
:10b6a8000000000000000000000000000000000092
:10b6b8000000000000000000000000000000000082
:10b6c8000000000000000000000000000000000072
:10b6d8000000000000000000000000000000000062
:10b6e8000000000000000000000000000000000052
:10b6f8000000000000000000000000000000000042
:10b708000000000000000000000000000000000031
:10b718000000000000000000000000000000000021
:10b728000000000000000000000000000000000011
:10b738000000000000000000000000000000000001
:10b7480000000000000000000000000000000000f1
:10b7580000000000000000000000000000000000e1
:10b7680000000000000000000000000000000000d1
:10b7780000000000000000000000000000000000c1
:10b7880000000000000000000000000000000000b1
:10b7980000000000000000000000000000000000a1
:10b7a8000000000000000000000000000000000091
:10b7b8000000000000000000000000000000000081
:10b7c8000000000000000000000000000000000071
:10b7d8000000000000000000000000000000000061
:10b7e8000000000000000000000000000000000051
:10b7f8000000000000000000000000000000000041
:10b808000000000000000000000000000000000030
:10b818000000000000000000000000000000000020
:10b828000000000000000000000000000000000010
:10b838000000000000000000000000000000000000
:10b8480000000000000000000000000000000000f0
:10b8580000000000000000000000000000000000e0
:10b8680000000000000000000000000000000000d0
:10b8780000000000000000000000000000000000c0
:10b8880000000000000000000000000000000000b0
:10b8980000000000000000000000000000000000a0
:10b8a8000000000000000000000000000000000090
:10b8b8000000000000000000000000000000000080
:10b8c8000000000000000000000000000000000070
:10b8d8000000000000000000000000000000000060
:10b8e8000000000000000000000000000000000050
:10b8f8000000000000000000000000000000000040
:10b90800000000000000000000000000000000002f
:10b91800000000000000000000000000000000001f
:10b92800000000000000000000000000000000000f
:10b9380000000000000000000000000000000000ff
:10b9480000000000000000000000000000000000ef
:10b9580000000000000000000000000000000000df
:10b9680000000000000000000000000000000000cf
:10b9780000000000000000000000000000000000bf
:10b9880000000000000000000000000000000000af
:10b99800000000000000000000000000000000009f
:10b9a800000000000000000000000000000000008f
:10b9b800000000000000000000000000000000007f
:10b9c800000000000000000000000000000000006f
:10b9d800000000000000000000000000000000005f
:10b9e800000000000000000000000000000000004f
:10b9f800000000000000000000000000000000003f
:10ba0800000000000000000000000000000000002e
:10ba1800000000000000000000000000000000001e
:10ba2800000000000000000000000000000000000e
:10ba380000000000000000000000000000000000fe
:10ba480000000000000000000000000000000000ee
:10ba580000000000000000000000000000000000de
:10ba680000000000000000000000000000000000ce
:10ba780000000000000000000000000000000000be
:10ba880000000000000000000000000000000000ae
:10ba9800000000000000000000000000000000009e
:10baa800000000000000000000000000000000008e
:10bab800000000000000000000000000000000007e
:10bac800000000000000000000000000000000006e
:10bad800000000000000000000000000000000005e
:10bae800000000000000000000000000000000004e
:10baf800000000000000000000000000000000003e
:10bb0800000000000000000000000000000000002d
:10bb1800000000000000000000000000000000001d
:10bb2800000000000000000000000000000000000d
:10bb380000000000000000000000000000000000fd
:10bb480000000000000000000000000000000000ed
:10bb580000000000000000000000000000000000dd
:10bb680000000000000000000000000000000000cd
:10bb780000000000000000000000000000000000bd
:10bb880000000000000000000080ffffffffffff33
:10bb9800ffff0f0000c0ffffffffffffffff1f00b9
:10bba80000c0ffffffffffffffff3f0000c0ffffd8
:10bbb800ffffffffffff7f0000c0ffffffffffff4a
:10bbc800ffff7f0000c0ffffffffffffffff3f00f9
:10bbd80000e0ffffffffffffffff3f0000e0ffff68
:10bbe800ffffffffffff1f0000e0ffffffffffff5a
:10bbf800ffff1f0000e0ffffffffffffffff0f0039
:10bc080000e0ffffffffffffffff0f0000e0ffff67
:10bc1800ffffffffffff0f0000f0ffffffffffff29
:10bc2800ffff070000f07f000000000000ff070092
:10bc380000f01f000000000080ff030000f01f005c
:10bc48000000000080ff030000f00f00000000006b
:10bc5800c0ff010000f0070000000000c0ff010065
:10bc680000f0070000000000c0ff010000f803001a
:10bc780000000000e0ff000000f8030000000000e2
:10bc8800e0ff000000f8010000000000f07f000065
:10bc980000f8010000000000f07f000000f800003c
:10bca80000000000f83f000000f80000000000005d
:10bcb800f83f000000f0000000000000f83f00001e
:10bcc8000000000000000000fc1f00000000000051
:10bcd80000000000fc1f0000000000000000000041
:10bce800fe0f00000000000000000000fe0f000032
:10bcf8000000000000000000ff0700000000000036
:10bd080000000000ff070000000000000000000025
:10bd1800ff0700000000000000000080ff03000093
:10bd28000000000000000080ff0300000000000089
:10bd3800000000c0ff01000000000000000000c07b
:10bd4800ff01000000000000000000e0ff0000000c
:10bd580000000000000000e0ff00000000000000fc
:10bd6800000000e0ff00000000000000000000f0fc
:10bd78007f00000000000000000000f07f000000cd
:10bd880000000000000000f83f0000000000000074
:10bd9800000000f83f00000000000000000000fc68
:10bda8003f00000000000000000000fc1f00000031
:10bdb80000000000000000fc1f0000000000000060
:10bdc800000000fe0f00000000000000000000fe60
:10bdd8000f00000000000000000000ff0700000046
:10bde80000000000000000ff070000000000000045
:10bdf800000080ff0700000000000000000080ff36
:10be08000300000000000000000080ff03000000a5
:10be1800000000000000c0ff01000000000000005a
:10be28000000c0ff01000000000000000000e0ff6b
:10be380001000000000000000000e0ff000000001a
:10be4800000000000000f0ff0000000000000000fb
:10be58000000f07f00000000000000000000f87ff4
:10be680000000000000000000000f87f0000000053
:10be7800000000000000f83f000000000000000083
:10be88000000fc3f00000000000000000000fc1f54
:10be980000000000000000000000fe1f000000007d
:10bea800000000000000fe0f00000000000000007d
:10beb8000000ff0f00000000000000000000ff0f5e
:10bec80000000000000000000080ff0700000000e4
:10bed800000000000080ff070000000000000000d4
:10bee80000c0ff03000000000000000000c0ff03c6
:10bef800000000000000000000e0ff030000000058
:10bf08000000000000e0ff01000000000000000049
:10bf180000e0ff01000000000000000000f0ff004a
:10bf2800000000000000000000f0ff00000000001a
:10bf38000000000000f8ff00000000000000000002
:10bf480000f87f00000000000000000000fc7f00f7
:10bf5800000000000000000000fc7f00000000005e
:10bf68000000000000fe3f0000000000000000008c
:10bf780000fe3f00000000000000000000ff1f005e
:10bf8800000000000000000000ff1f00000000008b
:10bf98000000000080ff1f000000000000000000fb
:10bfa80080ff0f000000000000000000c0ff0f002d
:10bfb8000000000000000000c0ff070000000000b3
:10bfc80000000000e0ff0700000000000000000083
:10bfd800e0ff07000000000000000000f0ff030081
:10bfe8000000000000000000f0ff03000000000057
:10bff80000000000f8ff0100000000000000000041
:10c00800f8ff01000000000000000000fcff010034
:10c018000000000000000000fcff0000000000001d
:10c0280000000000feff000000000000000000000b
:10c03800feff00000000000000000000ff7f00007d
:10c048000000000000000000ff7f0000000000006a
:10c0580000000080ff3f000000000000000000c05a
:10c06800ff3f000000000000000000c0ff3f00008c
:10c0780000000000000000e0ff1f000000000000ba
:10c08800000000e0ff1f000000000000000000f0ba
:10c09800ff1f000000000000000000f0ff0f00007c
:10c0a80000000000000000f8ff0f00000000000082
:10c0b800000000f8ff0f000000000000000000fc76
:10c0c800ff07000000000000000000feff0700005e
:10c0d80000000000000000feff0300000000000058
:10c0e800000000ffff01000000000000000000ff4a
:10c0f8007f00000000000000000080ff1f0000001b
:10c1080000000000000080ff0700000000000000a1
:10c11800000000ff01000000000000000000003cdb
:10c128000000000000000000000000000000000007
:10c1380000000000000000000000000000000000f7
:10c1480000000000000000000000000000000000e7
:10c1580000000000000000000000000000000000d7
:10c1680000000000000000000000000000000000c7
:10c1780000000000000000000000000000000000b7
:10c1880000000000000000000000000000000000a7
:10c198000000000000000000000000000000000097
:10c1a8000000000000000000000000000000000087
:10c1b8000000000000000000000000000000000077
:10c1c8000000000000000000000000000000000067
:10c1d8000000000000000000000000000000000057
:10c1e8000000000000000000000000000000000047
:10c1f8000000000000000000000000000000000037
:10c208000000000000000000000000000000000026
:10c218000000000000000000000000000000000016
:10c228000000000000000000000000000000000006
:10c2380000000000000000000000000000000000f6
:10c2480000000000000000000000000000000000e6
:10c2580000000000000000000000000000000000d6
:10c2680000000000000000000000000000000000c6
:10c2780000000000000000000000000000000000b6
:10c2880000000000000000000000000000000000a6
:10c298000000000000000000000000000000000096
:10c2a8000000000000000000000000000000000086
:10c2b8000000000000000000000000000000000076
:10c2c8000000000000000000000000000000000066
:10c2d8000000000000000000000000000000000056
:10c2e8000000000000000000000000000000000046
:10c2f8000000000000000000000000000000000036
:10c308000000000000000000000000000000000025
:10c318000000000000000000000000000000000015
:10c328000000000000000000000000000000000005
:10c3380000000000000000000000000000000000f5
:10c3480000000000000000000000000000000000e5
:10c3580000000000000000000000000000000000d5
:10c3680000000000000000000000000000000000c5
:10c3780000000000000000000000000000000000b5
:10c3880000000000000000000000000000000000a5
:10c398000000000000000000000000000000000095
:10c3a8000000000000000000000000000000000085
:10c3b8000000000000000000000000000000000075
:10c3c8000000000000000000000000000000000065
:10c3d8000000000000000000000000000000000055
:10c3e8000000000000000000000000000000000045
:10c3f8000000000000000000000000000000000035
:10c408000000000000000000000000000000000024
:10c418000000000000000000000000000000000014
:10c428000000000000000000000000000000000004
:10c4380000000000000000000000000000000000f4
:10c4480000000000000000000000000000000000e4
:10c4580000000000000000000000000000000000d4
:10c4680000000000000000000000000000000000c4
:10c4780000000000000000000000000000000000b4
:10c4880000000000000000000000000000000000a4
:10c498000000000000000000000000000000000094
:10c4a8000000000000000000000000000000000084
:10c4b8000000000000000000000000000000000074
:10c4c8000000000000000000000000000000000064
:10c4d8000000000000000000000000000000000054
:10c4e8000000000000000000000000000000000044
:10c4f8000000000000000000000000000000000034
:10c508000000000000000000000000000000000023
:10c518000000000000000000000000000000000013
:10c528000000000000000000000000000000000003
:10c5380000000000000000000000000000000000f3
:10c5480000000000000000000000000000000000e3
:10c5580000000000000000000000000000000000d3
:10c5680000000000000000000000000000000000c3
:10c5780000000000000000000000000000000000b3
:10c5880000000000000000000000000000000000a3
:10c598000000000000000000000000000000000093
:10c5a8000000000000000000000000000000000083
:10c5b8000000000000000000000000000000000073
:10c5c8000000000000000000000000000000000063
:10c5d8000000000000000000000000000000000053
:10c5e8000000000000000000000000000000000043
:10c5f8000000000000000000000000000000000033
:10c608000000000000000000000000000000000022
:10c618000000000000000000000000000000000012
:10c628000000000000000000000000000000000002
:10c6380000000000000000000000000000000000f2
:10c64800000000000000000000fcff0100000000e6
:10c6580000000000c0ffff1f0000000000000000f5
:10c66800f8ffffff0000000000000000feffffffd2
:10c678000300000000000080ffffffff0f00000024
:10c68800000000e0ffffffff3f000000000000f097
:10c69800ffffffff7f000000000000fcffffffff1f
:10c6a800ff000000000000feffffffffff01000089
:10c6b800000000ffff00fcffff030000000080fff8
:10c6c8001f00c0ffff0700000000c0ff0f0000ffb1
:10c6d800ff0f00000000e0ff030000fcff1f000048
:10c6e8000000f0ff010000f8ff1f00000000f0ff4d
:10c6f800000000e0ff3f00000000f87f000000e0bd
:10c70800ff3f00000000fc7f000000c0ff3f00006a
:10c718000000fc3f00000080ff7f00000000fe1fbb
:10c7280000000080ff7f00000000fe1f00000000e6
:10c73800ff7f00000000fe1f00000000ffff000058
:10c748000000ff0f00000000feff00000000ff0fc8
:10c7580000000000feff00000000ff0f00000000c6
:10c76800feff00000080ff0f00000000feff000039
:10c778000080ff0700000000fcff00000080ff07aa
:10c7880000000000fcff00000080ff070000000020
:10c79800fcff00000080ff0700000000fcff000015
:10c7a8000080ff0700000000fcff00000080ff0f72
:10c7b80000000000fcff00000080ff0f00000000e8
:10c7c800fc7f00000080ff0f00000000fe7f0000db
:10c7d8000080ff0f00000000fe7f00000080ff1fa8
:10c7e80000000000fe3f00000080ff3f0000000046
:10c7f800ff3f00000080ff3f00000000ff1f000017
:10c808000080ff7f00000000ff1f00000000ffff06
:10c8180000000080ff0f00000000ffff0100008003
:10c82800ff0700000000ffff030000c0ff07000033
:10c838000000feff0f0000e0ff0300000000feff05
:10c848001f0000e0ff0100000000fcff7f0000f077
:10c85800ff0000000000fcffff0100f87f0000005f
:10c868000000f8ffff0700fc3f0000000000f0ff99
:10c87800ff1f00fe1f0000000000e0ffff7f80ff99
:10c888000f0000000000e0ffffffc3ff07000000eb
:10c898000000c0ffffffefff01000000000000ffe5
:10c8a800ffffffff00000000000000feffffff7f0a
:10c8b80000000000000000fcffffff1f0000000058
:10c8c800000000f0ffffff1f00000000000000e074
:10c8d800ffffff7f0000000000000080ffffffff58
:10c8e8000000000000000000feffffff0300000042
:10c8f80000000000f8ffffff0f000000000000002c
:10c90800fcffffff1f00000000000000ffffffff0b
:10c918007f00000000000080ffffffffff00000015
:10c92800000000e0fff3ffffff030000000000f03d
:10c93800ffc1ffffff070000000000fcff00ffff32
:10c94800ff0f0000000000fe3f00f8ffff1f00007f
:10c95800000000ff1f00e0ffff3f0000000080ff15
:10c968000f00c0ffff3f00000000c0ff070000ffee
:10c97800ff7f00000000e0ff030000fcffff000055
:10c988000000f0ff010000f8ffff00000000f8ffc2
:10c99800000000f0ffff01000000fc7f000000e045
:10c9a800ffff03000000fe7f000000c0ffff030040
:10c9b8000000ff3f00000080ffff03000000ff1f92
:10c9c80000000000ffff07000080ff1f00000000bc
:10c9d800feff070000c0ff0f00000000fcff0f0073
:10c9e80000c0ff0f00000000fcff0f0000e0ff0781
:10c9f80000000000f8ff0f0000e0ff070000000043
:10ca0800f8ff0f0000f0ff0700000000f0ff0f0024
:10ca180000f0ff0300000000f0ff1f0000f8ff0314
:10ca280000000000f0ff1f0000f8ff0300000000f6
:10ca3800e0ff1f0000f8ff0300000000e0ff1f00f8
:10ca480000f8ff0300000000e0ff1f0000fcff01ea
:10ca580000000000e0ff1f0000fcff0100000000d4
:10ca6800e0ff1f0000fcff0100000000e0ff1f00c6
:10ca780000fcff0100000000c0ff1f0000fcff01d8
:10ca880000000000c0ff1f0000fcff0100000000c4
:10ca9800c0ff0f0000fcff0100000000e0ff0f00d6
:10caa80000fcff0300000000e0ff0f0000fcff0394
:10cab80000000000e0ff0f0000fcff030000000082
:10cac800e0ff0f0000fcff0300000000e0ff07008c
:10cad80000fcff0300000000e0ff070000fcff0768
:10cae80000000000f0ff070000fcff070000000046
:10caf800f0ff030000f8ff0f00000000f0ff030044
:10cb080000f8ff0f00000000f8ff010000f8ff1f09
:10cb180000000000f8ff010000f0ff1f0000000007
:10cb2800f8ff000000f0ff3f00000000fc7f00005d
:10cb380000e0ff7f00000000fe7f000000e0ff7fb4
:10cb480000000000fe3f000000c0ffff00000000e2
:10cb5800ff1f000000c0ffff03000080ff1f000050
:10cb68000080ffff070000c0ff0f00000000ffff6c
:10cb78001f0000f0ff0700000000ffff7f0000f823
:10cb8800ff0300000000feffff0100feff010000a0
:10cb98000000fcffff3ff0ffff0000000000f8ff6f
:10cba800ffffffff3f0000000000f0ffffffffff57
:10cbb8001f0000000000c0ffffffffff0f00000084
:10cbc800000080ffffffffff03000000000000fee1
:10cbd800ffffffff00000000000000f8ffffff3f1d
:10cbe80000000000000000e0ffffff0f0000000051
:10cbf80000000000ffffff0100000000000000002f
:10cc0800f8ff1f0000000000000000000000000006
:10cc1800000000000000000000000000000000000c
:10cc280000000000000000000000000000000000fc
:10cc380000000000000000000000000000000000ec
:10cc480000000000000000000000000000000000dc
:10cc580000000000000000000000000000000000cc
:10cc680000000000000000000000000000000000bc
:10cc780000000000000000000000000000000000ac
:10cc8800000000000000000000000000000000009c
:10cc9800000000000000000000000000000000008c
:10cca800000000000000000000000000000000007c
:10ccb800000000000000000000000000000000006c
:10ccc800000000000000000000000000000000005c
:10ccd800000000000000000000000000000000004c
:10cce800000000000000000000000000000000003c
:10ccf800000000000000000000000000000000002c
:10cd0800000000000000000000000000000000001b
:10cd1800000000000000000000000000000000000b
:10cd280000000000000000000000000000000000fb
:10cd380000000000000000000000000000000000eb
:10cd480000000000000000000000000000000000db
:10cd580000000000000000000000000000000000cb
:10cd680000000000000000000000000000000000bb
:10cd780000000000000000000000000000000000ab
:10cd8800000000000000000000000000000000009b
:10cd9800000000000000000000000000000000008b
:10cda800000000000000000000000000000000007b
:10cdb800000000000000000000000000000000006b
:10cdc800000000000000000000000000000000005b
:10cdd800000000000000000000000000000000004b
:10cde800000000000000000000000000000000003b
:10cdf800000000000000000000000000000000002b
:10ce0800000000000000000000000000000000001a
:10ce1800000000000000000000000000000000000a
:10ce280000000000000000000000000000000000fa
:10ce380000000000000000000000000000000000ea
:10ce480000000000000000000000000000000000da
:10ce580000000000000000000000000000000000ca
:10ce680000000000000000000000000000000000ba
:10ce780000000000000000000000000000000000aa
:10ce8800000000000000000000000000000000009a
:10ce9800000000000000000000000000000000008a
:10cea800000000000000000000000000000000007a
:10ceb800000000000000000000000000000000006a
:10cec800000000000000000000000000000000005a
:10ced800000000000000000000000000000000004a
:10cee800000000000000000000000000000000003a
:10cef800000000000000000000000000000000002a
:10cf08000000000000000000000000000000000019
:10cf18000000000000000000000000000000000009
:10cf280000000000000000000000000000000000f9
:10cf380000000000000000000000000000000000e9
:10cf480000000000000000000000000000000000d9
:10cf580000000000000000000000000000000000c9
:10cf680000000000000000000000000000000000b9
:10cf780000000000000000000000000000000000a9
:10cf88000000000000000000000000000000000099
:10cf98000000000000000000000000000000000089
:10cfa8000000000000000000000000000000000079
:10cfb8000000000000000000000000000000000069
:10cfc8000000000000000000000000000000000059
:10cfd8000000000000000000000000000000000049
:10cfe8000000000000000000000000000000000039
:10cff8000000000000000000000000000000000029
:10d008000000000000000000000000000000000018
:10d018000000000000000000000000000000000008
:10d0280000000000000000000000000000000000f8
:10d0380000000000000000000000000000000000e8
:10d0480000000000000000000000000000000000d8
:10d0580000000000000000000000000000000000c8
:10d0680000000000000000000000000000000000b8
:10d0780000000000000000000000000000000000a8
:10d088000000000000000000000000000000000098
:10d098000000000000000000000000000000000088
:10d0a8000000000000000000000000000000000078
:10d0b8000000000000000000000000000000000068
:10d0c8000000000000000000000000000000000058
:10d0d8000000000000000000000000000000000048
:10d0e8000000000000000000000000000000000038
:10d0f8000000000000000000000000000000000028
:10d108000000000000000000000000000000000017
:10d118000000000000000000000000000000000007
:10d12800000000000000000000f0ff000000000008
:10d138000000000000ffff0f0000000000000000da
:10d14800e0ffff7f0000000000000000f8ffffff85
:10d158000100000000000000feffffff03000000c8
:10d1680000000080ffffffff0f000000000000c06c
:10d17800ffffffff1f000000000000f0ffffffffa0
:10d188007f000000000000f8ffffffffff00000025
:10d19800000000fcffffffffff010000000000fe91
:10d1a800ff03feffff030000000000ff3f00f0ff49
:10d1b800ff030000000080ff0f00c0ffff07000012
:10d1c8000000c0ff070000ffff0f00000000e0ffa5
:10d1d800010000feff1f00000000f0ff000000fc3f
:10d1e800ff1f00000000f87f000000f8ff3f00006c
:10d1f8000000f83f000000f0ff3f00000000fc3f87
:10d20800000000e0ff7f00000000fe1f000000c0db
:10d21800ffff00000000fe0f000000c0ffff00003d
:10d228000000ff0f00000080ffff00000000ff0764
:10d2380000000080ffff01000080ff0700000000e1
:10d24800ffff01000080ff0700000000ffff030050
:10d2580000c0ff0300000000feff030000c0ff0342
:10d2680000000000feff030000e0ff0300000000d4
:10d27800fcff070000e0ff0300000000fcff0700c0
:10d2880000e0ff0100000000fcff070000f0ff01c4
:10d2980000000000f8ff070000f0ff010000000098
:10d2a800f8ff0f0000f0ff0100000000f8ff0f007a
:10d2b80000f8ff0100000000f0ff0f0000f8ff0178
:10d2c80000000000f0ff0f0000f8ff010000000060
:10d2d800f0ff0f0000f8ff0100000000f0ff1f0042
:10d2e80000f8ff0100000000f0ff1f0000f8ff0138
:10d2f80000000000e0ff1f0000fcff01000000002c
:10d30800e0ff1f0000fcff0100000000e0ff1f001d
:10d3180000fcff0100000000e0ff1f0000fcff010f
:10d3280000000000e0ff1f0000fcff0100000000fb
:10d33800e0ff1f0000fcff0100000000e0ff1f00ed
:10d3480000fcff0100000000e0ff1f0000fcff03dd
:10d3580000000000e0ff1f0000f8ff0300000000cd
:10d36800c0ff1f0000f8ff0300000000c0ff1f00ff
:10d3780000f8ff0300000000c0ff1f0000f8ff07cf
:10d3880000000000c0ff1f0000f8ff0700000000b9
:10d39800c0ff1f0000f8ff0700000000c0ff1f00cb
:10d3a80000f0ff0f00000000e0ff1f0000f0ff0f7b
:10d3b80000000000f0ff1f0000f0ff1f0000000049
:10d3c800f0ff1f0000e0ff1f00000000f8ff1f0033
:10d3d80000e0ff3f00000000fcff1f0000e0ff7faf
:10d3e80000000000feff1f0000c0ffff000000005b
:10d3f800ffff1f0000c0ffff00000080ffff1f00ad
:10d408000080ffff030000e0ffff1f000080ffff18
:10d41800070000f0ffff1f000000ffff0f0000fce7
:10d42800ffff0f000000feff3f0000ffffff0f009f
:10d438000000fcffff01e0ffefff0f000000fcff12
:10d44800ffffffffe7ff0f000000f8fffffffffff0
:10d45800e3ff0f000000f0ffffffffffe1ff0f00f9
:10d468000000e0ffffffffffe0ff0700000080ff74
:10d47800ffffff3ff0ff0700000000ffffffff1f57
:10d48800f0ff0700000000fcffffff07f0ff0700a8
:10d49800000000f8ffffff01f0ff0300000000e0bc
:10d4a800ffff7f00f8ff030000000000ffff0f00f0
:10d4b800f8ff030000000000f0ff0100f8ff030080
:10d4c8000000000000000000f8ff0100000000005c
:10d4d80000000000fcff0100000000000000000048
:10d4e800fcff00000000000000000000fcff00003e
:10d4f8000000000000000000feff00000000000027
:10d5080000000000fe7f0000000000000000000096
:10d51800fe7f00000000000000000000ff3f000048
:10d528000000000000000000ff3f000000000000b5
:10d5380000000080ff1f00000000000000000080c5
:10d54800ff1f000000000000000000c0ff1f0000d7
:10d5580000000000000000c0ff0f000000000000f5
:10d56800000000e0ff07000000000000000000f0dd
:10d57800ff07000000000000000000f0ff030000ab
:10d5880000000000000000f8ff010000000000009b
:10d59800000000fcff01000000000000000000fe89
:10d5a800ff00000000000000000000fe7f000000f7
:10d5b80000000000000000ff7f00000000000000e5
:10d5c800000080ff3f000000000000000000c0ffd6
:10d5d8001f000000000000000000e0ff0f00000036
:10d5e800000000000000f0ff07000000000000003d
:10d5f8000000f8ff03000000000000000000fcff2e
:10d6080001000000000000000000feff0000000014
:10d61800000000000080ff7f000000000000000004
:10d6280000c0ff3f000000000000000000f0ff1fe6
:10d63800000000000000000000f8ff0f00000000dc
:10d648000000000000feff030000000000000000d2
:10d6580000ffff010000000000000000c0ff7f0085
:10d668000000000000000000f0ff3f000000000084
:10d6780000000000feff0f00000000000000008016
:10d68800ffff070000000000000000e0ffff0100ae
:10d6980000000000000000fcff7f00000000000008
:10d6a8000000c0ffff1f0000000000000000f8ff9e
:10d6b800ff030000000000000000feffff00000064
:10d6c800000000000000fcff1f0000000000000038
:10d6d8000000fcff03000000000000000000fc3f09
:10d6e80000000000000000000000f8030000000037
:10d6f800000000000000080000000000000000001a
:10d708000000000000000000000000000000000011
:10d718000000000000000000000000000000000001
:10d7280000000000000000000000000000000000f1
:10d7380000000000000000000000000000000000e1
:10d7480000000000000000000000000000000000d1
:10d7580000000000000000000000000000000000c1
:10d7680000000000000000000000000000000000b1
:10d7780000000000000000000000000000000000a1
:10d788000000000000000000000000000000000091
:10d798000000000000000000000000000000000081
:10d7a8000000000000000000000000000000000071
:10d7b8000000000000000000000000000000000061
:10d7c8000000000000000000000000000000000051
:10d7d8000000000000000000000000000000000041
:10d7e8000000000000000000000000000000000031
:10d7f8000000000000000000000000000000000021
:10d808000000000000000000000000000000000010
:10d818000000000000000000000000000000000000
:10d8280000000000000000000000000000000000f0
:10d8380000000000000000000000000000000000e0
:10d8480000000000000000000000000000000000d0
:10d8580000000000000000000000000000000000c0
:10d8680000000000000000000000000000000000b0
:10d8780000000000000000000000000000000000a0
:10d888000000000000000000000000000000000090
:10d898000000000000000000000000000000000080
:10d8a8000000000000000000000000000000000070
:10d8b8000000000000000000000000000000000060
:10d8c8000000000000000000000000000000000050
:10d8d8000000000000000000000000000000000040
:10d8e8000000000000000000000000000000000030
:10d8f8000000000000000000000000000000000020
:10d90800000000000000000000000000000000000f
:10d9180000000000000000000000000000000000ff
:10d9280000000000000000000000000000000000ef
:10d9380000000000000000000000000000000000df
:10d9480000000000000000000000000000000000cf
:10d9580000000000000000000000000000000000bf
:10d9680000000000000000000000000000000000af
:10d97800000000000000000000000000000000009f
:10d98800000000000000000000000000000000008f
:10d99800000000000000000000000000000000007f
:10d9a800000000000000000000000000000000006f
:10d9b800000000000000000000000000000000005f
:10d9c800000000000000000000000000000000004f
:10d9d800000000000000000000000000000000003f
:10d9e800000000000000000000000000000000002f
:10d9f800000000000000000000000000000000001f
:10da0800000000000000000000000000000000000e
:10da180000000000000000000000000000000000fe
:10da280000000000000000000000000000000000ee
:10da380000000000000000000000000000000000de
:10da480000000000000000000000000000000000ce
:10da580000000000000000000000000000000000be
:10da680000000000000000000000000000000000ae
:10da7800000000000000000000000000000000009e
:10da8800000000000000000000000000000000008e
:10da9800000000000000000000000000000000007e
:10daa800000000000000000000000000000000006e
:10dab800000000000000000000000000000000005e
:10dac800000000000000000000000000000000004e
:10dad800000000000000000000000000000000003e
:10dae800000000000000000000000000000000002e
:10daf800000000000000000000000000000000001e
:10db0800000000000000000000000000000000000d
:10db180000000000000000000000000000000000fd
:10db280000000000000000000000000000000000ed
:10db380000000000000000000000000000000000dd
:10db4800000400000000c0ff00000000f0ff01001a
:10db58000000f8ff03000000fcff07000000feffc4
:10db680007000000ffff0f000000ffff0f0000800c
:10db7800ffff0f000080ffff0f0000c0ffff0f0036
:10db880000c0ffff1f0000c0ffff0f0000c0ffff25
:10db98000f0000e0ffff0f0000e0ffff0f0000e0b4
:10dba800ffff0f0000e0ffff0f0000e0ffff07008e
:10dbb80000c0ffff070000c0ffff030000c0ffff19
:10dbc800030000c0ffff01000080ffff000000808d
:10dbd800ff7f00000000fe3f00000000fc0f000077
:10dbe800000000000000000000000000000000002d
:10dbf800000000000000000000000000000000001d
:10dc0800000000000000000000000000000000000c
:10dc180000000000000000000000000000000000fc
:10dc280000000000000000000000000000000000ec
:10dc380000000000000000000000000000000000dc
:10dc480000000000000000000000000000000000cc
:10dc580000000000000000000000000000000000bc
:10dc680000000000000000000000000000000000ac
:10dc7800000000000000000000000000000000009c
:10dc8800000000000000000000000000000000008c
:10dc9800000000000000000000000000000000007c
:10dca800000000000000000000000000000000006c
:10dcb800000000000000000000000000000000005c
:10dcc800000000000000000000000000000000004c
:10dcd800000000000000000000000000000000003c
:10dce8000000000000000000000000040000000028
:10dcf800c0ff00000000f0ff01000000f8ff030073
:10dd08000000fcff07000000feff07000000ffff07
:10dd18000f000000ffff0f000080ffff0f000080d2
:10dd2800ffff0f0000c0ffff0f0000c0ffff1f0034
:10dd380000c0ffff0f0000c0ffff0f0000e0ffff63
:10dd48000f0000e0ffff0f0000e0ffff0f0000e002
:10dd5800ffff0f0000e0ffff070000c0ffff070004
:10dd680000c0ffff030000c0ffff030000c0ffff6b
:10dd780001000080ffff00000080ff7f000000001e
:10dd8800fe3f00000000fc0f000000000000000043
:10dd9800000000000000000000000000000000007b
:10dda800000000000000000000000000000000006b
:10ddb800000000000000000000000000000000005b
:10ddc800000000000000000000000000000000004b
:10ddd800000000000000000000000000000000003b
:10dde800000000000000000000000000000000002b
:10ddf800000000000000000000000000000000001b
:10de0800000000000000000000000000000000000a
:10de180000000000000000000000000000000000fa
:10de280000000000000000000000000000000000ea
:10de380000000000000000000000000000000000da
:10de480000000000000000000000000000000000ca
:10de580000000000000000000000000000000000ba
:10de680000000000000000000000000000000000aa
:10de7800000000000000000000000000000000009a
:10de8800000000000000000000000000000000008a
:10de9800000000000000000000000000000000007a
:10dea800000000000000000000000000000000006a
:020000040000fa
:020000041d02db
:10deb800c8ffbd271c00b3af1800b2af1400b1af44
:10dec8001000b0af3400bfaf3000beaf2c00b7af0a
:10ded8002800b6af2400b5af2000b4af2086047c7c
:10dee800208e057c209e067c28fe400f2096077c0d
:10def800160040142118000021a82002ceb7400bbc
:10df080021a000002128c003c402410f0100f72608
:10df180020be177c0100d6262a107702f9ff401090
:10df28002120d0020100b52620ae157c01009426e0
:10df38002a1055020400401421b8000221b0000044
:10df4800c8b7400b21f09102010003243400bf8fb1
:10df5800211060003000be8f2c00b78f2800b68fcc
:10df68002400b58f2000b48f1c00b38f1800b28f27
:10df78001400b18f1000b08f0800e0033800bd27ef
:10df8800b8ffbd274000beaf3000b4af2400b1af2a
:10df98002000b0af4400bfaf3c00b7af3800b6af09
:10dfa8003400b5af2c00b3af2800b2af2086047c94
:10dfb800208e057c20a6067c28fe400f20f6077cd4
:10dfc800cd00401421180000f48294a72f001416e5
:10dfd800ea829ea72a10d10304004010ffff1232e4
:10dfe800211020022188c00321f04000010053269f
:10dff800ffff522621b8200221b00000010015249d
:10e0080021a00000209e137c20b8400b2096127c93
:10e018000100942620a6147c03005414000000007c
:10e028000100b53a21a000001100a0520100f72616
:10e038002110d1022128400021200002c402410ff2
:10e048001800a2afee828393080060101800a28f18
:10e0580021284000c402410f212060021800a28f2d
:10e0680021204002c402410f212840000100f72668
:10e0780020be177c0100d6262a10d703e4ff4010e3
:10e08800e6828287c0b8400b010003242f003e5669
:10e0980023a090022a10900204004010ffff3232a1
:10e0a800211000022180800221a040000100532697
:10e0b800ffff522621f0000221b8000001001624bb
:10e0c80021a80000209e137c50b8400b2096127c9b
:10e0d8000100b52620ae157c030055140000000091
:10e0e8000100d63a21a800001100c0520100de2725
:10e0f8002110f0022120400021282002c402410ff3
:10e108001800a2afee828393080060101800a28f57
:10e1180021204000c402410f212860021800a28f6c
:10e1280021284002c402410f212040000100de27bf
:10e1380020f61e7c0100f7262a109e02e4ff4010fc
:10e14800e6828287c0b8400b010003242016147ca5
:10e158000400410401001424231002002016027c4c
:10e16800ffff142423f0d10320f61e7c0400c1070e
:10e178000100132423f01e0020f61e7cffff132449
:10e188002a185e00100060102120000221282002b9
:10e19800c402410f1800a2af1800a28f21188002f4
:10e1a80021a0600221986000211840002110c003be
:10e1b80021f06000211800020100172421802002ac
:10e1c80079b8400b2188600021282002c402410f41
:10e1d8001800a2af1800a28f21b8000040f01e005e
:10e1e80040180200ffffde33201e037c2390c20389
:10e1f8001000a3af2096127c01001624bcb8400b77
:10e2080021a80000050040061000a38f21883302d2
:10e21800208e117c239043022096127ce68283870d
:10e228000100b526218014022190d20320ae157c6e
:10e238002086107c030075142096127c0100d63ac3
:10e2480021a800002900c052ffff42241300e01259
:10e25800212000022120200221280002c402410faf
:10e268001800a2afee8283931f0060101800a28fdf
:10e27800ffff2332010064242026047c21280002a9
:10e28800c402410f1400a3af1400a38f2128000279
:10e29800ffff6324b9b8400b2026037c2128200205
:10e2a800c402410f1800a2afee8283930e006010e3
:10e2b8001800a28fffff23320100652421200002ed
:10e2c800202e057cc402410f1400a3af1400a38fb5
:10e2d80021200002ffff6324202e037cc402410f8b
:10e2e800000000001800a28fffff42242016027cc5
:10e2f800c4ff4104010003244400bf8f21106000c3
:10e308004000be8f3c00b78f3800b68f3400b58f01
:10e318003000b48f2c00b38f2800b28f2400b18f47
:10e328002000b08f0800e0034800bd27e8ffbd27a4
:10e338001400bfaf21200000212800001f0306247d
:10e348000503410fdf010724fbff401021200000d7
:10e358001400bf8ff48280a7ea8280a70800e00338
:10e368001800bd27e8ffbd271400bfafe68280a7cd
:10e37800ee8280a3f48280a7cdff400fea8280a7b7
:10e38800c88280a7d603410fc08280a731fe400f04
:10e39800212000001400bf8fffff0224f68280a313
:10e3a800f78282a30800e0031800bd27a8ffbd2755
:10e3b8003400b1af6800b18705b502344000b4af8e
:10e3c800021822726c00b4875000beaf4400b5af8b
:10e3d80020f6057c20ae077c4c00b7af3800b2af02
:10e3e80020be047c2096067c4800b6affffff632bc
:10e3f8003c00b3afffffd3333000b0af7000b09331
:10e408005400bfaf1c00a3af021882720100023c87
:10e41800004042242000a3af001c11002318430031
:10e428002400a3af001c1400231843002110be02cf
:10e43800431002001000a2af21105702431002003f
:10e448001400a2af2310d4022016027c2c00a2af25
:10e45800231074022016027c2800a3af1800a2af74
:10e4680028fe400f000000009a014014d080828fdf
:10e478001200432cfaff6010039d033c8010020039
:10e488009ce46324211062000000428c08004000d4
:10e4980000000000e4e4029d24e6029df8e8029de5
:10e4a80090e6029d40e9029de4e6029d64ea029d31
:10e4b8003ce7029d9cea029d94e7029df4e9029dd7
:10e4c800e8e7029d30ea029d3ce8029d7ce9029d56
:10e4d8008ce8029db8e9029d3ce5029d1c00a38fd3
:10e4e800ea8091a7e88094a7007c627c2000a38f33
:10e4f800ee8082a7e68080a7007c627c2400a38f40
:10e50800ec8082a7e48080a7007c627c2800a38f2f
:10e51800e28082a7de8091a7007c627ce08082a7ef
:10e52800dc8080a7da8080a7d88094a7d68080a7cf
:10e53800d48080a7e4808287ec8083872a186200d1
:10e5480004006010e6808387020002243eba400b74
:10e55800d08082afd48082a7ee8082872a104300c1
:10e5680014004014da8083a7e280828709004018eb
:10e57800ea80849705004224ffff84242026047c37
:10e58800ea8084a723206400402004006ab9400b75
:10e5980021104400030042244018030021104300c6
:10e5a800e28082a7e68082970100422476b9400b78
:10e5b800e68082a7ea80828701006324201e037c0c
:10e5c8002a10430002004010e68083a7ea8083a750
:10e5d800e080828708004018e4808397e880849769
:10e5e80005004224ffff84242026047ce88084a7b9
:10e5f80081b9400b2318640003004224401803002b
:10e6080021104300e08082a7e48082970100422421
:10e61800e48082a7a5ba400b01000224de80878728
:10e62800ea8082870500471401000232d880838778
:10e63800e8808287bfff6210010002321301401098
:10e6480003000224d6808497d8808597da8086973d
:10e65800ffff423221204400232865022130460072
:10e66800233867022026047c202e057c2036067c71
:10e678000503410f203e077c1601401003000224c9
:10e688001ab9400bd08082af02000232ff0040105e
:10e6980005000224de808497da808597d8808697e3
:10e6a800d6808797ffff4232212044002328650245
:10e6b80021304600233867022026047c202e057c62
:10e6c8002036067c0503410f203e077c01014010df
:10e6d800050002241ab9400bd08082af0400023230
:10e6e800ea00401007000224de808497dc808597ca
:10e6f800d8808697d4808797ffff4332ffffa232e6
:10e708002120640021284500213066002138470077
:10e718002026047c202e057c2036067c0503410f2c
:10e72800203e077ceb004010070002241ab9400b7a
:10e73800d08082af08000232d400401009000224c1
:10e74800dc808497de808597d4808697d8808797e9
:10e75800ffff4332ffffa232212064002128450039
:10e7680021306600213847002026047c202e057cb5
:10e778002036067c0503410f203e077cd50040105b
:10e78800090002241ab9400bd08082af100002326f
:10e79800be0040100b000224da808497de80859743
:10e7a800d6808697d8808797ffffa2322320c4029d
:10e7b800212845002330c602213847002026047c42
:10e7c800202e057c2036067c0503410f203e077c61
:10e7d800c00040100b0002241ab9400bd08082af51
:10e7e80020000232a90040100d000224d88084972e
:10e7f800d6808597de808697da808797ffffa232da
:10e808002320c402212845002330c60221384700ae
:10e818002026047c202e057c2036067c0503410f2b
:10e82800203e077cab0040100d0002241ab9400bb3
:10e83800d08082af40000232940040100f000224c2
:10e84800d8808497d4808597de808697dc808797e8
:10e858002320c402232865022330c6022338670216
:10e868002026047c202e057c2036067c0503410fdb
:10e87800203e077c970040100f0002241ab9400b75
:10e88800d08082af2014107c10004104ea80829767
:10e89800d4808497d8808597dc808697de80879798
:10e8a8002320c402232865022330c60223386702c6
:10e8b8002026047c202e057c2036067c0503410f8b
:10e8c800203e077c83004010ea808297de8082a782
:10e8d800e6808297dc8082a7e8808297d88082a72a
:10e8e800e4808297d68082a7a5ba400b1100022443
:10e8f80003005716020002327400be52d08080af67
:10e908006200401004000224ffff46321000a78f67
:10e918002120d1002130d4002026047c2128c003e6
:10e928000503410f2036067c6a00401004000224cb
:10e938001ab9400bd08082af040002325300401055
:10e948000e000224ffff46321000a58f2120d100bf
:10e958002130d4002026047c2036067c0503410f94
:10e968002138a0025b0040100e0002241ab9400ba7
:10e97800d08082af10000232440040101000022400
:10e98800ffffa7321400a68f2128f1002138f400d8
:10e998002120e002202e057c0503410f203e077c44
:10e9a8004c004010100002241ab9400bd08082afee
:10e9b80008000232350040100a000224ffffa73287
:10e9c8001400a48f2128f1002138f400202e057ca2
:10e9d800213040020503410f203e077c3d004010d6
:10e9e8000a0002241ab9400bd08082af27005712c0
:10e9f800060002242014107c240041040c00022488
:10ea08001800a58f1400a68f233871022120e00278
:10ea18000503410f203e077c2e0040100c00022405
:10ea28001ab9400bd08082af0100023217004010a3
:10ea3800060002241400a48f1800a58f2338710241
:10ea4800213040020503410f203e077c2100401081
:10ea5800060002241ab9400bd08082af1a00d513e1
:10ea68004000023209004010080002242c00a48f44
:10ea78001000a78f2330d1022128c0030503410fbe
:10ea88002036067c13004010080002241ab9400bf7
:10ea9800d08082af200010320c000052d08080afae
:10eaa800fffff7321000a58f2320f4022388f1021c
:10eab8002026047c2036117c0503410f2138a00252
:10eac8000500401021180000d08080afb8ba400b74
:10ead80001000324211800005400bf8f211060009a
:10eae8005000be8f4c00b78f4800b68f4400b58fda
:10eaf8004000b48f3c00b38f3800b28f3400b18f20
:10eb08003000b08f0800e0035800bd2780ffbd2704
:10eb18007800beaf7400b7af7000b6af6c00b5af89
:10eb28006800b4af7c00bfaf6400b3af6000b2afa1
:10eb38005c00b1af5800b0af20be047c20ae057cad
:10eb480020b6067c20f6077c28fe400f9000b4878c
:10eb5800ff0040142118000005b50234021082722b
:10eb68000100033c007c427c010042242016027c08
:10eb78002000a2af0014140023186200c7008012fe
:10eb8800021c0300ffffc432ffffa5321000a4af30
:10eb98001400a5afffffc433ffffe532201e037c3e
:10eba8002110000001000e24216800001800a4af05
:10ebb8001c00a5af215080022400b5af2800b6afd5
:10ebc800a2bb400b2c00b4af0100ad25206e0d7c1c
:10ebd80003008d14000000000100ce3921680000f8
:10ebe8009a00c0111400a58f1000a48fffff5431a4
:10ebf800ffff50302330b400ffffc63021980402d5
:10ec0800203e067c209e137c2128e0002120600203
:10ec18004800a2af5000a3af3800a6af4c00aaaf7f
:10ec28004000adaf4400aeafc402410f3c00a7aff7
:10ec38001000a48f1400a58f21a884022388b00097
:10ec4800ffffb532204e157c208e117c212020013b
:10ec580021282002c402410f3000a9af1800a48f58
:10ec680021b08402ffffd6322046167c21280001fd
:10ec780021206002c402410f3400a8af1800a58ffc
:10ec88003000a98f219005022096127c21202001b6
:10ec9800c402410f212840021c00a48f3400a88f11
:10eca800238090002086107c21280001c402410f97
:10ecb800212000021c00a58f23a0b400ffff94327e
:10ecc8002046147c2120000121284002c402410f63
:10ecd8003400a8af3400a88f21282002c402410fb5
:10ece800212000013c00a78f21200002c402410f0f
:10ecf8002128e000ee8284934800a28f5000a38f61
:10ed08003800a68f4c00aa8f4000ad8f4f008010ae
:10ed18004400ae8fffffc724203e077c2128e00077
:10ed280021206002c402410f3c00a7af3800a68f23
:10ed3800212060020100c6242036067c2128c0005c
:10ed4800c402410f3800a6af0100a8262046087c5f
:10ed58002120000121282002ffffb526c402410f0f
:10ed68003400a8af204e157cffffd52621202001b6
:10ed78002128200220ae157c0100d6263000a9af3c
:10ed8800c402410f20b6167c21206002c402410f44
:10ed98002128a00221206002c402410f2128c002bc
:10eda8003400a88f2128400201009326c402410f95
:10edb800212000013000a98f21284002209e137cc9
:10edc800c402410f2120200121200002c402410f6a
:10edd8002128a002ffff942621200002c402410f2f
:10ede8002128c00220a6147c21206002c402410f01
:10edf8002128400221208002c402410f212840021c
:10ee080021206002c402410f212820022120800213
:10ee1800c402410f212820023800a68f21200002b9
:10ee2800c402410f2128c0003c00a78f2120000206
:10ee3800c402410f2128e0004400ae8f4000ad8f8e
:10ee48004c00aa8f5000a38f4800a28f070060587b
:10ee580003006324ffff4a2520560a7c23204a002a
:10ee6800050063249ebb400b4020040040200200a4
:10ee78002118640001004224201e037c2016027c15
:10ee88002000a58f2a20a2004fff8010e6828487e9
:10ee98002400b58f2800b68f2c00b48f0900d71234
:10eea8002120e0022380b4022086107c2128000261
:10eeb8002130c002e2b7400f21380002fbff4010aa
:10eec8002120e0020a00d513000000002380f4028c
:10eed8002086107c212000022128a0022130000277
:10eee800e2b7400f2138c003fbff40102120000289
:10eef8000400d756ffff94321500d51301000324f0
:10ef0800ffff9432218096022086107c2120000287
:10ef18002128a00221300002e2b7400f2138c003a7
:10ef2800fbff40102120000221f09e0220f61e7ceb
:10ef38002120e0022128c0032130c002e2b7400f9f
:10ef48002138c003fbff40102120e0020100032408
:10ef58007c00bf8f211060007800be8f7400b78fcf
:10ef68007000b68f6c00b58f6800b48f6400b38fe3
:10ef78006000b28f5c00b18f5800b08f0800e003ca
:10ef88008000bd27c0ffbd272400b3af5000b38762
:10ef980005b502343400b7af021062720100173ca5
:10efa8003800beaf2800b4af1c00b1af20a6077c64
:10efb800208e057c001c13000040f726039d1e3c94
:10efc8003000b6af2c00b5af2000b2af1800b0af1c
:10efd8003c00bfaf2086047c2096067c23b8e30261
:10efe800007c427c28f0de27ffff3532ffff963297
:10eff8001000a2af28fe400f00000000bc00401423
:10f00800bc80828f0800432cfaff60108010020039
:10f018002110c2030000428c0800400000000000dc
:10f0280048f0029d74f0029d90f1029de0f1029d6e
:10f03800e4f0029d40f1029ddcf2029d40f2029d47
:10f048007b006012070002241000a28fc88093a7db
:10f05800c68080a7ca8082a703141700cc8082af1d
:10f06800c48093a7c28080a7c08080a7c6808287fb
:10f07800ca8083872a18620003006010cc80838fbf
:10f088008ebc400b070002240b006018c08082a7ca
:10f09800c880849705006324ffff84242026047c0d
:10f0a800c88084a72320440040200400211864005d
:10f0b80034bc400bcc8083af0300632440100200b3
:10f0c80021106200cc8082afc68082970100422462
:10f0d800c68082a704000224bc8082afc4808687d1
:10f0e800c8808287e1ff4610f78282930f00423082
:10f0f8004f00401005000224c2808597c080879782
:10f10800ffffc630232006022128c5022130d20085
:10f118002138c7022026047c202e057c2036067c58
:10f128000503410f203e077c7100401005000224b2
:10f13800ffbb400bbc8082aff78282930f00423046
:10f148003b00401002000224c0808697c880859743
:10f15800c4808797232006022128c5022130d200c7
:10f168002138c7022026047c202e057c2036067c08
:10f178000503410f203e077c5d0040100200022479
:10f18800ffbb400bbc8082aff7828293f000423015
:10f198002700401003000224c0808697c48085970a
:10f1a800c8808797232006022328a5022130d20091
:10f1b8002338a7022026047c202e057c2036067cd6
:10f1c8000503410f203e077c49004010030002243c
:10f1d800ffbb400bbc8082aff7828293f0004230c5
:10f1e8000f004010c8808297c4808697c08085979a
:10f1f800c2808797232006022328a5022130d20047
:10f208002338a7022026047c202e057c2036067c85
:10f218000503410f203e077c35004010c8808297c7
:10f22800c48082a7c6808297c28082a70100022478
:10f23800ffbb400bbc8082af03005016f78282935d
:10f2480029009152bc8080afff00032406004314bc
:10f25800ffff733223201302219072022026047cc0
:10f26800afbc400b21282002f00003240b004314fc
:10f2780023109102233891024338070023201302f8
:10f28800219072022138f1002026047c21282002d6
:10f298002036127cb1bc400b203e077c4310020094
:10f2a8002320130221885100219072022026047c19
:10f2b800202e117c2036127c213880020503410f54
:10f2c800000000000b004010211800000600022476
:10f2d800bc8082af28fe400f0000000005004014eb
:10f2e80021180000bc8080afbfbc400b0100032484
:10f2f800211800003c00bf8f211060003800be8f2d
:10f308003400b78f3000b68f2c00b58f2800b48f2b
:10f318002400b38f2000b28f1c00b18f1800b08f6b
:10f328000800e0034000bd27d8ffbd272000b3af89
:10f338001c00b2af1800b1af1400b0af2400bfafcb
:10f348002180a000208e047c0100132401001224d7
:10f3580028fe400f0000000024004014b880828f6f
:10f3680005004050b68093a7f9ff5214b6808287f3
:10f37800e2bc400b00000000b88092afb6808287e4
:10f38800f3ff4050b88080af2a105100110040149c
:10f39800b6808387d6bc400bb88080afffff63245c
:10f3a800801803002110020221180302000064845f
:10f3b800feff458400004684e2b7400f0200478400
:10f3c8000a004010b680829701004224b68082a7c6
:10f3d800b68083872a107100f0ff40548010030024
:10f3e800b88080affebc400b010002242110000051
:10f3f8002400bf8f2000b38f1c00b28f1800b18f7c
:10f408001400b08f0800e0032800bd2700008284a4
:10f4180008004014f08284af0400828c02004394f8
:10f42800e48283a70400439406004290e88283a7fd
:10f43800ec8282a70800e00300000000c0ffbd279f
:10f448001c00b1af3c00bfaf3800beaf3400b7af4f
:10f458003000b6af2c00b5af2800b4af2400b3af6e
:10f468002000b2af1800b0af28fe400f208c047cfb
:10f478006b00401421180000e48284832a102402bf
:10f4880067004014ffff0334e88282832a1051008a
:10f4980063004014f082828f000043840d006054a2
:10f4a80021a800000400428c23882402020031268f
:10f4b80080881100218851000200309601002392b3
:10f4c80000003592008210002180030238bd400bf5
:10f4d8002180500021800000f68282932900405448
:10f4e800f4829787ea8297872198000021b000006c
:10f4f8005cbd400b2188000021a000002190000085
:10f508002110200257bd400b21f07702050040165c
:10f518002418560200001692010012240100102639
:10f52800241856020700605001003126212082026b
:10f538002128c003c402410f1000a2af1000a28fff
:10f548000100312640901200208e117cff005232bb
:10f5580001009426201e147c2a187500ebff601405
:10f568000000000001007326ec8283872016137cbc
:10f578002a104300e0ff4054f482918789bd400b74
:10f58800f48291a72198000021b0000083bd400bb0
:10f598002188000021a000002190000021102002f5
:10f5a8007ebd400b21f07702050040162418560254
:10f5b8000000169201001224010010262418560299
:10f5c80007006050ffff3126232854002120c00384
:10f5d800c402410f1000a2af1000a28fffff312616
:10f5e80040901200208e117cff00523201009426b8
:10f5f800201e147c2a187500ebff60140000000020
:10f6080001007326ec8283872016137c2a1043009e
:10f61800e0ff4054ea829187ea8291a7010003241f
:10f628003c00bf8f211060003800be8f3400b78fb8
:10f638003000b68f2c00b58f2800b48f2400b38f0c
:10f648002000b28f1c00b18f1800b08f0800e003b3
:10f658004000bd27e8ffbd271000b0af1400bfafc2
:10f66800a2bd400b2180800011bd400f00000000aa
:10f678000b004010b480829701004224b48082a716
:10f68800b480829721100202000044801000822872
:10f69800f5ff401001000224abbd400bb48080a7e9
:10f6a800211000001400bf8f1000b08f0800e00385
:10f6b8001800bd2710808293e8ffbd271400bfaf54
:10f6c8002026047c04004010202e057cf48284a7a8
:10f6d800ea8285a7108080a397bd400f2120c00033
:10f6e800040040102118000001000224108082a3a9
:10f6f800010003241400bf8f211060000800e003fc
:10f708001800bd270000a284190040140000000062
:10f718000400a28c020045800400478008004624ab
:10f72800d8bd400b211000002a4065000b00005591
:10f73800000083802a40e300080000550000838011
:10f7480023186500801803002118c3000000639087
:10f75800211043002016027c0000838010006828d6
:10f76800f1ff0011010084240800e00300000000fc
:10f778000800e00321100000000082840400401407
:10f78800000000000400828c0800e003060042909c
:10f798000800e003211000000000828404004014e7
:10f7a800000000000400828c0800e003040042848a
:10f7b8000800e003211000000000828404004014c7
:10f7c800000000000400828c0800e003020042846c
:10f7d8000800e00321100000a8ffbd27ff00e73064
:10f7e800010002245000beaf4c00b7af4400b5afd3
:10f7f8004000b4af3400b1af3000b0af5400bfaf79
:10f808004800b6af3c00b3af3800b2af2026047c46
:10f818000200d5940400d4940600d0940800d19432
:10f828000a00d7240700e210ffffbe30ffff873031
:10f8380021300000214000000100f62486be400b64
:10f8480001000b242198000021100000ffff8630e2
:10f858003fbe400b010003242190000021b00000ae
:10f868003abe400b203e077c050040162420420289
:10f878000000e292800012240100f72624204202b0
:10f88800212820020a2804022120a000c88285a776
:10f89800be8285970400a4142120c602c0828487f2
:10f8a8000c0083102120c6022128e0002026047cb9
:10f8b8002000a2af2c00a3af2800a6afc402410fbe
:10f8c8002400a7af2400a78f2800a68f2c00a38fa1
:10f8d8002000a28f0100d62642901200ffffd632e8
:10f8e8002b20d402e0ff80140000000001007326e2
:10f8f800ffff73322b207502d7ff805421387e0218
:10f908008abe400b5400bf8f211000002118000050
:10f91800209e1e7c7fbe400b2096127c0500401462
:10f92800242048000000e892800002240100f72605
:10f9380024204800212820020a2804022120a000af
:10f94800c88285a7be8285970400a4144048030096
:10f95800c082848725008b5001006324ffff293172
:10f968002150270120560a7c2120400121286002cd
:10f978002000a2af2c00a3af2800a6af2400a7af99
:10f988001800a8af1c00abaf1400a9afc402410f08
:10f998001000aaaf1000aa8f21284002c402410f0c
:10f9a800212040011400a98f212860022148360136
:10f9b800204e097c21202001c402410f1400a9af68
:10f9c8001400a98f21284002c402410f21202001e0
:10f9d8001c00ab8f1800a88f2400a78f2800a68fc3
:10f9e8002c00a38f2000a28f010063244210020084
:10f9f800ffff63302b207400c8ff80140000000054
:10fa08000200de270100c624ffffde33ffffc630f9
:10fa18002b10d500bcff40140100d2275400bf8f23
:10fa28005000be8f4c00b78f4800b68f4400b58f8a
:10fa38004000b48f3c00b38f3800b28f3400b18fd0
:10fa48003000b08f0800e0035800bd2798ffbd279d
:10fa58004400b1af4000b0af0400d1940200d0948c
:10fa68005000b4af6400bfaf6000beaf5c00b7af7a
:10fa78005800b6af5400b5af4c00b3af4800b2afb2
:10fa88002026047c202e057cff00e7300600d424c5
:10fa980021100000200003241000a9272140220182
:10faa8002148c2000600299502004224faff4314a7
:10fab800000009a501000224200094260600e21097
:10fac800ffffb5302110000021f00000ffff873054
:10fad80023bf400b0100062421b000002190000044
:10fae800ffff9e30e1be400b010017242198000063
:10faf800dbbe400b2016027c060060500000969288
:10fb080002191600401803001000a527ccbe400bb0
:10fb18002118a3001000a927010094260f00c33262
:10fb2800401803002118230100006394be828597c2
:10fb3800c88283a7c88283970400a31421209e004b
:10fb4800c082838707007750010073262128400070
:10fb58002026047cc402410f3c00a2af3c00a28fc7
:10fb680001007326ffff64322b189100e2ff601436
:10fb78000100633201005226ffff52322b1050025f
:10fb8800daff40542110550227bf400b6400bf8f95
:10fb980021b8e00021b00000209e157c1bbf400b5f
:10fba8002096127c06006050000082920219020022
:10fbb800401803001000a427f7be400b211883004b
:10fbc8001000a527010094260f00433040180300b9
:10fbd8002118a30000006394be828497c88283a77b
:10fbe800c882839704008314201e177cc0828387f1
:10fbf80019006610201e177c212060002128600251
:10fc08003c00a2af3800a6af3400a7afc402410f32
:10fc18003000a3af3000a38f21284002c402410f57
:10fc2800212060000100e326201e037c21206000c3
:10fc380021286002c402410f3000a3af3000a38f17
:10fc480021284002c402410f212060003400a78f00
:10fc58003800a68f3c00a28f0200f726fffff7327c
:10fc68000100d626ffffc3322b187100cdff6014a8
:10fc78000100c3320200b5260100de27ffffb532be
:10fc8800ffffde332b18d003c1ff60140100b2263a
:10fc98006400bf8f6000be8f5c00b78f5800b68fbe
:10fca8005400b58f5000b48f4c00b38f4800b28f0a
:10fcb8004400b18f4000b08f0800e0036800bd2702
:10fcc800b8fdbd273402b5af2002b0af0400d5940b
:10fcd8000200d0942c02b3af4402bfaf4002beafc3
:10fce8003c02b7af3802b6af3002b4af2802b2afa9
:10fcf8002402b1af2026047c202e057cff00e730cb
:10fd08000600d32421100000000203241000a927b4
:10fd1800214022012148c200060029950200422400
:10fd2800faff4314000009a501000224000273260b
:10fd38000500e210ffffb43021b80000ffff873054
:10fd4800b0bf400b0100062421880000ffff9e3051
:10fd580075bf400b0100172421b0600221900000fc
:10fd68006fbf400b2016027c1000a4270100d62686
:10fd7800401803002118830000006394be82849712
:10fd880004008314c88283a7c08283870800775041
:10fd98000100522621205e02212840002026047cf2
:10fda800c402410f1c02a2af1c02a28f01005226fe
:10fdb800ffff52322b185502ebff60540000c3922c
:10fdc8000100312621987502ffff31322b103002d5
:10fdd800e1ff401421103402b4bf400b4402bf8f2e
:10fde80021b0e0002110600221f000002096147c70
:10fdf800a8bf400b208e117c1000a927be828497d3
:10fe080040180300211823010000639401004224d4
:10fe180004008314c88283a7c08283871b006650ae
:10fe28000200d626201e167c2120600021284002d0
:10fe38001c02a2af1802a6af1402a7afc402410f5a
:10fe48001002a3af1002a38f21282002c402410f81
:10fe5800212060000100c326201e037c21206000b1
:10fe680021284002c402410f1002a3af1002a38f41
:10fe780021282002c402410f212060001402a78f0c
:10fe88001802a68f1c02a28f0200d6260100de27c8
:10fe9800ffffd632ffffde332b18d503d6ff6054a1
:10fea80000004390020094260100f726219875026d
:10feb800ffff9432fffff7322b10f002c8ff401407
:10fec800010091264402bf8f4002be8f3c02b78fcb
:10fed8003802b68f3402b58f3002b48f2c02b38f3c
:10fee8002802b28f2402b18f2002b08f0800e003ed
:10fef8004802bd27b0ffbd27ff00e73001000224fc
:10ff08003c00b5af3800b4af3400b3af2800b0af91
:10ff18004c00bfaf4800beaf4400b7af4000b6af1b
:10ff28003000b2af2c00b1af2026047c0200d09480
:10ff38000400d5940600d3240600e210ffffb43075
:10ff480021b80000ffff88300100072430c0400bb3
:10ff58004030150021880000ffff823001001e2478
:10ff6800f7bf400b40b8150021b060022190000097
:10ff7800f1bf400b201e037cbe8285970200d62667
:10ff88000400a414c88284a7c08284870a009e50f3
:10ff98000100522621204202212860002026047cec
:10ffa8002000a2afc402410f1000a3af1000a38f1e
:10ffb8002000a28f01005226ffff52322b2055024b
:10ffc800edff80540000c496010031262198770285
:10ffd800ffff31322b183002e3ff6014211834027e
:10ffe80034c0400b4c00bf8f21b0000121106002cb
:10fff80021f000002096147c28c0400b208e117c34
:020000041d03da
:10000800be8284970200422404008314c88283a716
:10001800c08283871d0067500200d626201e167cea
:1000280021206000212840022000a2af1c00a6afba
:100038001800a7af1400a8afc402410f1000a3af67
:100048001000a38f21282002c402410f2120600044
:100058000100c326201e037c2120600021284002c5
:10006800c402410f1000a3af1000a38f2128200263
:10007800c402410f212060001400a88f1800a78f28
:100088001c00a68f2000a28f0200d6260100de27c2
:10009800ffffd632ffffde332b18d503d8ff60549d
:1000a80000004394020094260100f7262198660276
:1000b800ffff9432fffff7322b10f002caff401403
:1000c800010091264c00bf8f4800be8f4400b78fb7
:1000d8004000b68f3c00b58f3800b48f3400b38f22
:1000e8003000b28f2c00b18f2800b08f0800e003d9
:1000f8005000bd27d8ffbd272026047c202e057c74
:10010800ff00e7301000a4af1400a5af1800a6af99
:100118001c00a7af2400bfaf28fe400f2000b0afdf
:10012800211800001000a48f1400a58f1800a68fb6
:10013800270040141c00a78f0000c2940ff0423023
:1001480021004014c88290970400c68c0400032440
:100158000100c290120043100500432c06006010f5
:10016800080003240100032419004354c88290a7ff
:1001780066c0400b000000000d004310100003246f
:1001880012004354c88290a772c0400b00000000c0
:10019800f8bd400f0000000075c0400bc88290a752
:1001a80095be400f0000000075c0400bc88290a7a4
:1001b80032bf400f0000000075c0400bc88290a7f6
:1001c800bfbf400f00000000c88290a701000324b1
:1001d8002400bf8f211060002000b08f0800e003ca
:1001e8002800bd272026047c03008104ffffa530da
:1001f800680184242026047c0e01832806006014ec
:10020800059d023cf2fe84242300a0142026047cd1
:100218008fc0400b50fd4224b40083280b0060546b
:100228005a0083284cff84241200a0102026047c46
:1002380050fd4224402004002120820000008294c6
:10024800231002000800e0032016027c100060144e
:1002580000000000a6ff84240600a0142026047cc9
:1002680050fd422440200400212082000800e003c1
:10027800000082845a0003242320640040200400e4
:1002880050fd42242110820092c0400b000042948d
:100298000800a054402004005a00032423206400ce
:1002a8004020040050fd4224211082000800e00391
:1002b8000000428450fd4224211082000800e0031f
:1002c80000004284b8ffbd275c00a2873400b5afa8
:1002d8002c00b3af20ae057c209e047c3c00b7af59
:1002e8003800b6af3000b4af2800b2af2400b1afc9
:1002f8002000b0af4400bfaf4000beaf2086067cf0
:10030800208e077c5800b7871000a2af219000000c
:10031800ffff74320ec1400bffffb6327bc0400fa7
:100328002128000021184000021050700100052407
:100338001c00a3afff004424000048280b108800cd
:10034800034202002046087c2120c0037bc0400fe6
:100358001800a8af022050701c00a38f1800a88fa7
:1003680000008928ff0085240b20a900034a040007
:1003780029001112204e097c021871700210517068
:10038800ff00642400007e280b189e0003f203007f
:10039800ff004324000044280a184400031a0300fd
:1003a800201e037c0300231120f61e7c03001e156b
:1003b80001000224f2c0400bee8280a3ee8282a3e9
:1003c800214889022140c8022118830221f0de0257
:1003d800204e097c2046087c201e037c20f61e7ccb
:1003e8002120200121280001213060002138c0038c
:1003f8001c00a3af1800a8afe2b7400f1400a9afc4
:100408001c00a38f1800a88ff5ff40101400a98fb7
:100418000ec1400b0100522621483301214015012d
:100428002026097cc402410f202e087c0100522698
:100438001000a38f21f0570220161e7c2a1062009c
:10044800b6ff40102120c0034400bf8f01000224e2
:100458004000be8f3c00b78f3800b68f3400b58f90
:100468003000b48f2c00b38f2800b28f2400b18fd6
:100478002000b08f0800e0034800bd2788ffbd2793
:100488009400a3936400b5af8c00b5973000a3af78
:10049800ffff6324ff0063305800b2af2096047c4e
:1004a8000600642c6800b6af5c00b3af5400b1af6f
:1004b8005000b0af7400bfaf7000beaf6c00b7aff4
:1004c8006000b4af9000a28f209e057c208e067c31
:1004d8002086077c8800b697a1018010c88295a75e
:1004e800039d043c8018030004058424211883001c
:1004f8000000638c08006000000000006405039d94
:10050800ac05039d1c05039df405039d3c06039d56
:100518004406039d23181302021043706400032449
:100528001b004300f401600012a0000020a6147c08
:1005380023b8140220be177c212040022128600223
:10054800213020020503410f2138e002fbff401053
:100558002120400294c1400b00f8c2322318130234
:1005680002106270640003241b004300f401600061
:1005780012a0000020a6147c21b8930220be177c8c
:10058800212040022128e002213020020503410fea
:1005980021380002fbff40102120400294c1400b8b
:1005a80000f8c23223183202021043706400032498
:1005b8001b004300f401600012a0000020a6147c78
:1005c80021b8920220be177c2120e0022128600277
:1005d800213020020503410f21380002fbff4010a3
:1005e8002120e00294c1400b00f8c23223183202e5
:1005f80002104370640003241b004300f4016000f0
:1006080012a0000020a6147c23b8340220be177c58
:1006180021204002212860022130e0020503410f19
:1006280021380002fbff40102120400294c1400bfa
:1006380000f8c23292c1400b23a0320223a0130259
:1006480043a0140000f8c232021202001800a2af40
:10065800e007c232c2100200c0b016001c00a2aff0
:10066800f800d6321800a28f2000b6af00f8b632d4
:1006780002b216002328c202002a05001a00b4009c
:10068800f40180021c00a38f2000a68f1c00a78ff6
:10069800e007b732c0a81500c2b81700f800b53295
:1006a8002320e3022318a60200320200c01007002c
:1006b8002000a78f002204002510c200c2300700c6
:1006c80025104600001a03002c00a0af2800a0af98
:1006d8002400a0af1400a0af123000003400a6af71
:1006e8001a009400f4018002122800003800a5af17
:1006f8003000a58f1a007400f40180020100032461
:10070800122000003c00a4afffffa424ff008430a7
:10071800039d053c0600862cb807a524802004000c
:100728002128a4004000a6af67c2400b4400a5af33
:100738001800a48f2800a58f1c00a68f03b20700fd
:100748002c00a78f21b0960003ba05002000a48fc3
:1007580021b8d700ffffd632fffff73203aa070000
:1007680021a89500c020de7e8028e47e4021040078
:10077800ffffb532c0f21e0025f0c403c020a47ede
:1007880025f0c4030400c2174000a68f01006324ab
:1007980056c2400b201e037c6c00c010c8829ea766
:1007a8004400a78f0000e28c080040000000000011
:1007b800d007039d3008039d0008039d6008039d32
:1007c8009008039df408039d21187300201e037ce4
:1007d80021386000212040022128600221302002b7
:1007e8000503410f4800a3aff9ff40104800a38f4d
:1007f80055c2400b2198600023180302201e037c79
:1008080021286000212040022130200221380002e6
:100818000503410f4800a3aff9ff40104800a38f1c
:1008280055c2400b2180600021187200201e037cf5
:100838002130600021204002212860022138000276
:100848000503410f4800a3aff9ff40104800a38fec
:1008580055c2400b2190600023182302201e037c00
:100868002120600021286002213020022138000266
:100878000503410f4800a3aff9ff40104800a38fbc
:1008880055c2400b21886000ffff6330231023020c
:100898002016027c1000a2af1000a48f212860024d
:1008a80021302002213800020503410f4800a3af80
:1008b800f9ff40104800a38f21187200201e037c06
:1008c80021306000212040022128600221380002e6
:1008d8000503410f4800a3aff9ff40104800a38f5c
:1008e8001000b18f55c2400b21906000ffff6330ac
:1008f800231003022016027c1000a2af1000a58f5f
:100908002120400221302002213800020503410f36
:100918004800a3aff9ff40104800a38f21187300c7
:10092800201e037c2138600021204002212860021b
:10093800213020020503410f4800a3aff9ff401002
:100948004800a38f1000b08f219860000100032495
:100958001400a48f2400a58f3400a68f01008224e0
:100968002016027c2128a6002800a78f2c00a48f1f
:100978001400a2af2400a5af3800a28f3c00a58fb9
:100988002138e200212085002800a7af2c00a4af61
:100998002110c0031400a68f2a20d40064ff8014fd
:1009a8002400a78f010002246d006210c020d67eab
:1009b8003000a78f8028f77ec0b2160040b9170014
:1009c800ffffe22425b0d702c020b57eff004230e9
:1009d80025a8d5020600442c61008010c88295a77e
:1009e800039d043c80100200040a84242110820024
:1009f8000000428c08004000000000001c0a039d13
:100a0800740a039d480a039da00a039dcc0a039d0e
:100a1800200b039d211873002086037c21204002af
:100a280021286002213020020503410f21380002ed
:100a3800fbff401021204002dbc2400b7400bf8f37
:100a480023180302209e037c2120400221286002f3
:100a5800213020020503410f21380002fbff40101e
:100a680021204002dbc2400b7400bf8f21187200a6
:100a7800208e037c212040022128600221302002a0
:100a88000503410f21380002fbff401021204002de
:100a9800dbc2400b7400bf8f231823022096037c0f
:100aa8002120400221286002213020020503410f45
:100ab80021380002fbff401021204002dbc2400b1e
:100ac8007400bf8fffff743023a8340220ae157c5a
:100ad8002120a00221286002213020020503410fb5
:100ae80021380002fbff40102120a00221a0920221
:100af80020a6147c21204002212860022130800297
:100b08000503410f21380002fbff4010212040025d
:100b1800dbc2400b7400bf8fffff743023a81402a0
:100b280020ae157c212040022128a002213020027d
:100b38000503410f21380002fbff4010212040022d
:100b480021a0930220a6147c2128600221302002d3
:100b58000503410f21388002fbff4010212040028d
:100b68007400bf8f010002247000be8f6c00b78f25
:100b78006800b68f6400b58f6000b48f5c00b38fd7
:100b88005800b28f5400b18f5000b08f0800e003b6
:100b98007800bd2768ffbd27a800a3977c00b3afe6
:100ba800209e057cb400a5937800b2af2096047c03
:100bb800ac00a4972400a3afffffa324ff00633079
:100bc8002000a4afc88284a70600642c8c00b7afad
:100bd8008800b6af8400b5af8000b4af7400b1af81
:100be8007000b0af9400bfaf9000beafb000a28f4e
:100bf800208e067c2086077c4c00a5afb800b787fe
:100c0800bc00b687c000b58701028010c400b48755
:100c1800039d043c80180300340c842421188300ad
:100c28000000638c0800600000000000a40c039d15
:100c3800fc0c039d4c0c039d540d039dac0d039db2
:100c4800b40d039d2318130202104370640003249b
:100c58001b004300f401600012f0000020f61e7c27
:100c680023181e022138600021204002212860023a
:100c7800213020026800a3af1000b7af1400b6af50
:100c88001800b5af6a03410f1c00b4aff5ff401060
:100c98006800a38f70c3400b2400a38f231813028e
:100ca80002106270640003241b004300f40160001a
:100cb80012f0000020f61e7c2118d30321286000c2
:100cc8002120400221302002213800026800a3af11
:100cd8001000b7af1400b6af1800b5af6a03410fe4
:100ce8001c00b4aff5ff40106800a38f70c3400b21
:100cf8002400a38f231832020210437064000324d7
:100d08001b004300f401600012f0000020f61e7c76
:100d18002118d203212060002128600221302002fe
:100d2800213800026800a3af1000b7af1400b6afb7
:100d38001800b5af6a03410f1c00b4aff5ff4010af
:100d48006800a38f70c3400b2400a38f23183202be
:100d580002104370640003241b004300f401600088
:100d680012f0000020f61e7c23183e02213060009d
:100d78002120400221286002213800026800a3af28
:100d88001000b7af1400b6af1800b5af6a03410f33
:100d98001c00b4aff5ff40106800a38f70c3400b70
:100da8002400a38f6ec3400b23f0320223f01302fa
:100db80043f01e002400a38f2000a48f4400a0af9e
:100dc80000f86230021202003000a2afe007623081
:100dd800c21002003400a2afc0100300f800423075
:100de8003800a2af00f88230021202002400a2af3d
:100df8002400a68f3000a78fe0078230c2100200bf
:100e08002328c700002a05001a00be00f401c00309
:100e18002800a2afc0100400f80042302000a2afa2
:100e28003400a38f2800a28f2000a68f3800a78f38
:100e3800232043003000a28f2318c7003400a78f57
:100e48000032020000220400c01007003800a78ffb
:100e58002510c200001a0300c23007002510460002
:100e68004800a0af4000a0af2c00a0af1230000097
:100e78005000a6af1a009e00f401c003122800001b
:100e88005400a5af4c00a58f1a007e00f401c003e2
:100e980001000324122000005800a4afffffa4247f
:100ea800ff008430039d053c0600862c6c0fa524aa
:100eb800802004002128a4005c00a6af76c4400b63
:100ec8006000a5af3000a58f4800a68f0322070059
:100ed8002120a4003400a78fffff84302400a4af92
:100ee8004400a58f032206002120e4003800a68fc5
:100ef800ffff84302800a4af032205002120c4008e
:100f08002400a78fffff84302800a68f2000a4affd
:100f1800c020e57c2000a78f8028c47c40210400e5
:100f2800c02a05002528a400c020e47c2520a400b0
:100f3800040082143c00a4af0100632465c4400b84
:100f4800201e037c3c00a28f5c00a48f8e008010c2
:100f5800c88282a76000a58f0000a28c080040000c
:100f680000000000840f039dfc0f039dc00f039d2c
:100f78003810039d7410039d0411039d21187300fc
:100f880021386000212040022128600221302002ff
:100f98006800a3af1000b7af1400b6af1800b5af24
:100fa8006a03410f1c00b4aff5ff40106800a38f1f
:100fb80064c4400b209e037c231803022128600090
:100fc8002120400221302002213800026800a3af0e
:100fd8001000b7af1400b6af1800b5af6a03410fe1
:100fe8001c00b4aff5ff40106800a38f64c4400b29
:100ff8002086037c211872002130600021204002e5
:1010080021286002213800026800a3af1000b7afa2
:101018001400b6af1800b5af6a03410f1c00b4af97
:10102800f5ff40106800a38f64c4400b2096037c32
:101038002318230221206000212860022130200289
:10104800213800026800a3af1000b7af1400b6af94
:101058001800b5af6a03410f1c00b4aff5ff40108c
:101068006800a38f64c4400b208e037c23402302b6
:1010780021200001212860022130200221380002ad
:101088006800a3af6400a8af1000b7af1400b6aff4
:101098001800b5af6a03410f1c00b4af6800a38ff6
:1010a800f3ff40106400a88fffff683023882802f0
:1010b800208e117c2118720021306000212040020e
:1010c80021286002213800026800a3af6400a8af9d
:1010d8001000b7af1400b6af1800b5af6a03410fe0
:1010e8001c00b4af6800a38ff3ff40106400a88f02
:1010f8002190120164c4400b2096127c2340030205
:10110800212800012120400221302002213800023c
:101118006800a3af6400a8af1000b7af1400b6af63
:101128001800b5af6a03410f1c00b4af6800a38f65
:10113800f3ff40106400a88fffff68302380080287
:101148002086107c2118730021386000212040027d
:1011580021286002213020026800a3af6400a8aff4
:101168001000b7af1400b6af1800b5af6a03410f4f
:101178001c00b4af6800a38ff3ff40106400a88f71
:1011880021981301209e137c010003242c00a68fb4
:101198004000a78f4800a48f0100c2242016027cbb
:1011a8002c00a2af5000a28f4400a68f5400a58f38
:1011b8002138e2004000a7af5800a78f3c00a28f5b
:1011c800212085002130c7004800a4af4400a6af05
:1011d8002c00a58f2a20be003aff80144000a78f5c
:1011e800010002248a0062102400a68f2800a78f1d
:1011f8002000a58fc020c47c8028e27cc022040087
:10120800401102004c00a68f25108200c020a47c4b
:1012180025104400c88282a7ffffc224ff00423085
:101228000600442c7b0080109400bf8f039d043c73
:101238008010020050128424211082000000428c89
:1012480008004000000000006812039dd812039daa
:10125800a012039d1013039d4813039db413039d0f
:1012680021807300212040022128600221302002c1
:10127800213800021000b7af1400b6af1800b5afa0
:101288006a03410f1c00b4aff7ff40102120400251
:1012980007c5400b9400bf8f23980302212040020a
:1012a8002128600221302002213800021000b7af47
:1012b8001400b6af1800b5af6a03410f1c00b4aff5
:1012c800f7ff40102120400207c5400b9400bf8f54
:1012d800218872002120400221286002213020024a
:1012e800213800021000b7af1400b6af1800b5af30
:1012f8006a03410f1c00b4aff7ff401021204002e1
:1013080007c5400b9400bf8f239023022120400281
:101318002128600221302002213800021000b7afd6
:101328001400b6af1800b5af6a03410f1c00b4af84
:10133800f7ff40102120400207c5400b9400bf8fe3
:1013480023f023022120c00321286002213020023b
:10135800213800026800a3af1000b7af1400b6af81
:101368001800b5af6a03410f1c00b4aff5ff401079
:101378006800a38f21887200212040022128600282
:1013880021302002213800021000b7af1400b6af98
:101398001800b5af6a03410f1c00b4aff7ff401047
:1013a8002120400207c5400b9400bf8f23f00302a1
:1013b800212040022128c0032130200221380002c8
:1013c8006800a3af1000b7af1400b6af1800b5aff0
:1013d8006a03410f1c00b4aff5ff40106800a38feb
:1013e8002180730021204002212860022130200240
:1013f800213800021000b7af1400b6af1800b5af1f
:101408006a03410f1c00b4aff7ff401021204002cf
:101418009400bf8f010002249000be8f8c00b78f0c
:101428008800b68f8400b58f8000b48f7c00b38f9e
:101438007800b28f7400b18f7000b08f0800e0039d
:101448009800bd2790ffbd276400b7af9000b79301
:101458005000b2af2096047cffffe426ff008430e2
:101468005800b4af20a6057c0600852c6000b6aff6
:101478005c00b5af5400b3af4c00b1af4800b0af9b
:101488006c00bfaf6800beaf8c00b68f209e067c94
:10149800208e077c8000b5878400a2978800b097cb
:1014a8008102a01001000324039d033ccc14632493
:1014b80080200400212064000000848c0800800043
:1014c80040181500e414039dec14039de414039dd7
:1014d800ec14039d1015039d1815039d3cc5400b86
:1014e80023203402232072022118830002b0767070
:1014f800640004241b00c402f401800012b0000040
:101508004ac5400b201e167c47c5400b232072029b
:10151800232034022118830043180300201e037c73
:1015280000f85e30e0074430c0100200f800423096
:101538002400a2af00f8023202f21e0002120200da
:1015480023105e00001202001a004300f40160003c
:10155800c22004002000a4af2000a58fe0070232bb
:10156800c210020023104500001202002400a58fbb
:10157800122000002800a4af1a004300f401600004
:10158800c0101000f800423023104500001202007d
:10159800122000002c00a4af1a004300f4016000e0
:1015a80005b50234122000003000a4af0218a27260
:1015b800001415003c00a3af0100033c0040632465
:1015c80023186200ffffe226ff004230802002005d
:1015d8003400a2af039d023c1c1c4224211044008d
:1015e8004000a3af3800a4af4400a2af28fe400fcc
:1015f800000000002b024014a080828f0800432cba
:10160800faff6010039d053c801002002816a524ef
:101618002110a2000000428c0800400000000000d9
:101628004816039d7c16039d181a039d801b039d75
:10163800ec16039d8c18039d901e039dec1c039dc6
:10164800a601a012070002243c00a68f4000a88f24
:10165800ac8095a7007cc27cae8082a703140800ea
:10166800b08082afaa8080a7a88095a7a68080a70f
:10167800a48080a7aa808287ae8083872a18620008
:1016880003006010b080838f39c7400b0700022425
:101698000b006018a48082a7ac808497050063249f
:1016a800ffff84242026047cac8084a723204400e8
:1016b8004020040021186400b6c5400bb08083aff9
:1016c800030063244010020021106200b08082af42
:1016d800aa80829701004224aa8082a704000224db
:1016e800a08082afa8808687ac808287e1ff461001
:1016f800fbffe326ff0063300200632c0300601049
:10170800a6808297c8c5400b2310a202231054005c
:1017180021105100211055002800a38f2c00a58fff
:10172800ffff4230022043702000a88f0218457046
:10173800032204002120c4033000a58fc020847c2c
:10174800c0220400031a0300211803018028637cc7
:101758004019030025188300022045702400a88f33
:101768000322040021200401c020847c2518640081
:101778003400a48fc88283a70600832c57016050c9
:10178800050002243800a58f039d033cb417632489
:10179800211865000000648c2b10c202a680839774
:1017a800ffffc63008008000a48085974818039d75
:1017b800f417039d2418039dcc17039df417039d6c
:1017c8004818039d01004054c88290a7a6808397bb
:1017d800ffff4232232045002138d100232886020a
:1017e8002310430006c6400b2026047c0100405409
:1017f800c88290a7a4808497ffff62322118430013
:1018080023288602211044002138d1002026037c99
:10181800202e057c1dc6400b2036027c010040545a
:10182800c88290a7a6808797ffff823223204602ae
:10183800232845002130d3001ac6400b233847001f
:1018480001004054c88290a7a4808797ffff2232e6
:1018580023204602212843002130d30021384700a5
:101868002026047c202e057c2036067c0503410fab
:10187800203e077c8b014010050002247dc5400beb
:10188800a08082affbffe326ff0063300200632cd9
:1018980003006014ac80829723105400211051007b
:1018a8002800a38f2c00a58f21105500ffff423080
:1018b800022043702000a68f3400a88f02184570bc
:1018c800032204002120c4033000a58fc020847c9b
:1018d800c0220400031a03002118c3008028637c77
:1018e8004019030025188300022045702400a68fa4
:1018f800032204002120c400c020847c2518640031
:10190800c88283a70600032df40060500200022459
:101918003800a48f039d033c4019632421186400f8
:101928000000648c2b10c202ac808397a480869739
:1019380008008000a8808597d419039d8019039d0d
:10194800b019039d5819039d8019039dd419039d4f
:1019580001004054c88290a7ac808397ffff4232b1
:10196800232045002138d100232886022310430074
:1019780069c6400b2026047c01004054c88290a709
:10198800a8808497ffff623221184300232886022b
:10199800211044002138d1002026037c202e057c0c
:1019a80080c6400b2036027c01004054c88290a7b4
:1019b800ac808797ffff8232232046022328450008
:1019c8002130d3007dc6400b233847000100405426
:1019d800c88290a7a8808797ffff2232232046025b
:1019e800212843002130d300213847002026047cd9
:1019f800202e057c2036067c0503410f203e077cff
:101a080028014010020002247dc5400ba08082af4f
:101a1800a8808797ffff83322800a48f23286700b8
:101a2800ffffa5302c00a88f2310a300211055001c
:101a3800ffff423002308270022002712000a88f1e
:101a4800033206002130c603c020c67cc03206001f
:101a580003220400212004013000a88f8028847c00
:101a6800402104002520c400023002712400a88f00
:101a78000332060021300601c020c67c25208600de
:101a88003400a68fc88284a70600c42c9300805017
:101a9800030002243800a88f039d043cc01a842444
:101aa800212088000000848cac808897a4808697c9
:101ab800080080002b10c202441b039df41a039dea
:101ac800241b039dd81a039df41a039d441b039df0
:101ad80001004054c88290a7ffff623221204800cd
:101ae80023286600c4c6400b21104700010040545b
:101af800c88290a723286600ac808397ffff4232f4
:101b080023204700231043002138d1002026047cdd
:101b1800202e057cdac6400b2036027c010040549a
:101b2800c88290a7ffff22322320460221284800be
:101b38002130d300d7c6400b21384700010040545c
:101b4800c88290a7ac808797232046022130d30013
:101b5800233867002026047c202e057c2036067c4e
:101b68000503410f203e077cce00401003000224ed
:101b78007dc5400ba08082afa4808797ffff83328a
:101b88002800a48f23286700ffffa5302c00a88f0a
:101b98002310a30021105500ffff4230023082704d
:101ba800022002712000a88f033206002130c603ec
:101bb800c020c67cc0320600032204002120040194
:101bc8003000a88f8028847c402104002520c40090
:101bd800023002712400a88f03320600213006016a
:101be800c020c67c252086003400a68fc88284a722
:101bf8000600c42c35008050ac8082974400a88f22
:101c0800a88086972b10c2020000048d080080006f
:101c1800a6808897a01c039d501c039d801c039dd3
:101c2800341c039d501c039da01c039d01004054bf
:101c3800c88290a7ffff623221204800232866004f
:101c48001bc7400b2110470001004054c88290a7d1
:101c580023286600a6808397ffff4232232047008f
:101c6800231043002138d1002026047c202e057c37
:101c780031c7400b2036027c01004054c88290a72f
:101c8800ffff223223204602212848002130d300ba
:101c98002ec7400b2138470001004054c88290a746
:101ca800a6808797232046022130d3002338670077
:101cb8002026047c202e057c2036067c0503410f57
:101cc800203e077c77004010ac808297a88082a7ce
:101cd800aa808297a68082a7010002247dc5400bb6
:101ce800a08082af03007216ffffa7326b00345248
:101cf800a08080af2b10c7021600401421180002e4
:101d08002800a28f2c00a48f2000a58f02184770ee
:101d180002108770031a03002118c3033000a48f30
:101d2800c020637cc01a0300031202002110a20025
:101d38008028427c4011020025186200021087703a
:101d48002400a58f031202002110a200c020427cab
:101d580025186200ffff2432ffff8532231085001b
:101d68002110e200ffff42302b30c2021700c0549e
:101d7800030002242800a68f2c00a88f0280c270be
:101d8800023002712000a88f038210002180d00346
:101d9800c020107ec08210000332060021300601e8
:101da8008028c67c40310600258006023000a68fb8
:101db8002400a88f0210c270031202002110020131
:101dc800c020427c25800202030002240600e212a1
:101dd80023a8d502010002240300e212060002240f
:101de8001400e21623107202231034022b20a202e0
:101df800050080106400162402a8b6721b00a20217
:101e0800f401400012b00000232047022198f3009b
:101e18001000a3af1400b0af1800b6af1c00b7afe6
:101e28002026047c212880022036137ca0c7400b82
:101e3800213820022b30a2020500c01064001624ad
:101e480002a8b6721b00a202f401400012b0000002
:101e58002328a7002138e4001000a3af1400b0af76
:101e68001800b6af1c00b7af21204002202e057c19
:101e780021306002203e077c21c1400f0000000095
:101e880006000224a08082af28fe400f0000000058
:101e98000500401421180000a08080afacc7400b9b
:101ea80001000324211800006c00bf8f211060007e
:101eb8006800be8f6400b78f6000b68f5c00b58f76
:101ec8005800b48f5400b38f5000b28f4c00b18fbc
:101ed8004800b08f0800e0037000bd27d0ffbd2781
:101ee8002800b3af2400b2af209e057c2d00122439
:101ef8001a007202f40140022000b1af1c00b0af1a
:101f08002c00bfaf2188c0002086047c121000007e
:101f18000100423010900000040040102096127c0e
:101f28002d000224239052002096127c212040028a
:101f3800010005247bc0400f1000a7af001202006b
:101f4800021050702120400221280000ffff733248
:101f5800007c427c7bc0400f000022a600120200d9
:101f6800028050701000a78fd2ff6226ffff423018
:101f78005900422c007c107e060040140000f0a49a
:101f88001eff6226ffff42305900422c0500401018
:101f9800a5ff622600002286000030a60000e2a409
:101fa800a5ff6226ffff4230b300422c0400401018
:101fb8004bff73260000229623100200000022a681
:101fc800ffff7332b300732e050060122c00bf8f21
:101fd8000000e294231002000000e2a42c00bf8f4e
:101fe8002800b38f2400b28f2000b18f1c00b08f5f
:081ff8000800e0033000bd27e2
:020000040000fa
:020000041d03da
:10200000000000000820039d000030003900ae00f1
:1020100046300000464e0600466c0c00468a120010
:1020200046a8180046c61e0046e4240046022b00bf
:1020300047203100463e370000000000000000004d
:102040000000000000000000000000000000000090
:102050000000000000000000000000000000000080
:102060000000000000000000000000000000000070
:102070000000000000000000000000000000000060
:102080000000000000000000000000000000000050
:102090000000000000000000000000000000000040
:1020a0000000000000000000000000000000000030
:1020b0000000000000000000000000000000000020
:1020c0000000000000000000000000000000000010
:1020d0000000000000000000000000000000000000
:1020e00000000000000000000000000000000000f0
:1020f00000000000000000000000000000000000e0
:1021000000000000000000000000000000000000cf
:1021100000000000000000000000000000000000bf
:1021200000000000000000000000000000000000af
:10213000000000000000000000000000000000009f
:10214000000000000000000000000000000000008f
:10215000000000000000000000000000000000007f
:10216000000000000000000000000000000000006f
:10217000000000000000000000000000000000005f
:10218000000000000000000000000000000000004f
:10219000000000000000000000000000000000003f
:1021a000000000000000000000000000000000002f
:1021b000000000000000000000000000000000001f
:1021c0000000000000000000fe030000000000000e
:1021d000e0ff1f000000000000f8ff7f000000008b
:1021e0000000feffff010000000080ffffff030072
:1021f000000000c0ffffff0f00000000e0ffffff36
:102200001f00000000f0ffffff3f00000000f8ff8c
:10221000fbff7f00000000fc1f80ff7f000000002c
:10222000fe0f00feff00000000ff0300fcff0100a6
:102230000000ff0100f8ff01000080ff0000f0ff38
:10224000030000c0ff0000e0ff070000c07f0000a7
:10225000c0ff070000e07f0000c0ff0f0000e03f6c
:10226000000080ff0f0000f03f000080ff0f000023
:10227000f01f000000ff1f0000f81f000000ff1ffc
:102280000000f81f000000fe3f0000fc0f000000ef
:10229000fe3f0000fc0f000000fc3f0000fc0f00b0
:1022a0000000fc7f0000fe0f000000fc7f0000fe2d
:1022b00007000000fc7f0000fe07000000f87f0020
:1022c00000ff07000000f8ff0000ff07000000f813
:1022d000ff0000ff07000000f0ff0000ff07000004
:1022e00000f0ff0080ff07000000f0ff0080ff0308
:1022f000000000f0ff0080ff03000000f0ff0180fd
:10230000ff03000000f0ff0180ff03000000e0ff7a
:102310000180ff03000000e0ff0180ff03000000d8
:10232000e0ff01c0ff03000000e0ff01c0ff030069
:102330000000e0ff01c0ff03000000e0ff01c0ff5c
:1023400003000000e0ff01c0ff03000000e0ff0108
:10235000c0ff03000000e0ff01c0ff03000000e039
:10236000ff01c0ff03000000e0ff01c0ff03000009
:1023700000e0ff01c0ff03000000e0ff01c0ff0319
:10238000000000e0ff01c0ff03000000e0ff01c00b
:10239000ff03000000e0ff01c0ff03000000e0ffba
:1023a00001c0ff07000000e0ff01c0ff07000000c0
:1023b000e0ff0180ff07000000e0ff0180ff070051
:1023c0000000e0ff0180ff07000000e0ff0080ff49
:1023d00007000000e0ff0080ff07000000e0ff00b2
:1023e00080ff07000000e0ff0080ff0f000000e01a
:1023f000ff0000ff0f000000e07f0000ff0f000063
:1024000000f07f0000ff0f000000f07f0000ff1fc2
:10241000000000f07f0000ff1f000000f03f000000
:10242000fe1f000000f03f0000fe1f000000f03f14
:102430000000fe3f000000f81f0000fc3f0000000d
:10244000f81f0000fc7f000000f81f0000fc7f0068
:102450000000fc0f0000f87f000000fc0f0000f8f7
:10246000ff000000fc070000f8ff000000fe07006e
:1024700000f0ff010000fe030000f0ff030000ff7a
:10248000030000e0ff030000ff010000c0ff0700a1
:1024900080ff000000c0ff0f00c0ff00000080ffb1
:1024a0001f00e07f00000080ff7f00f03f00000081
:1024b00000ffff01fe1f00000000feffffff0f00f6
:1024c000000000fcffffff0700000000f8ffffff17
:1024d0000300000000f0ffffff0100000000e0ff2c
:1024e000ffff000000000080ffff3f000000000031
:1024f00000feff0f000000000000f8ff03000000d6
:10250000000000801f00000000000000000000002c
:1025100000000000000000000000000000000000bb
:1025200000000000000000000000000000000000ab
:10253000000000000000000000000000000000009b
:10254000000000000000000000000000000000008b
:10255000000000000000000000000000000000007b
:10256000000000000000000000000000000000006b
:10257000000000000000000000000000000000005b
:10258000000000000000000000000000000000004b
:10259000000000000000000000000000000000003b
:1025a000000000000000000000000000000000002b
:1025b000000000000000000000000000000000001b
:1025c000000000000000000000000000000000000b
:1025d00000000000000000000000000000000000fb
:1025e00000000000000000000000000000000000eb
:1025f00000000000000000000000000000000000db
:1026000000000000000000000000000000000000ca
:1026100000000000000000000000000000000000ba
:1026200000000000000000000000000000000000aa
:10263000000000000000000000000000000000009a
:10264000000000000000000000000000000000008a
:10265000000000000000000000000000000000007a
:10266000000000000000000000000000000000006a
:10267000000000000000000000000000000000005a
:10268000000000000000000000000000000000004a
:10269000000000000000000000000000000000003a
:1026a000000000000000000000000000000000002a
:1026b000000000000000000000000000000000001a
:1026c000000000000000000000000000000000000a
:1026d00000000000000000000000000000000000fa
:1026e00000000000000000000000000000000000ea
:1026f00000000000000000000000000000000000da
:1027000000000000000000000000000000000000c9
:1027100000000000000000000000000000000000b9
:1027200000000000000000000000000000000000a9
:102730000000000000000000000000000000000099
:102740000000000000000000000000000000000089
:102750000000000000000000000000000000000079
:102760000000000000000000000000000000000069
:102770000000000000000000000000000000000059
:102780000000000000000000000000000000000049
:102790000000000000000000000000000000000039
:1027a0000000000000000000000000000000000029
:1027b0000000000000000000000000000000000019
:1027c0000000000000000000000000000000000009
:1027d00000000000000000000000000000000000f9
:1027e000000000000000800300000000000000e086
:1027f0000700000000000000f80f000000000000cb
:1028000000ff0f000000000000c0ff0f00000000ec
:102810000000f0ff0f000000000000feff0f0000ae
:1028200000000080ffff0f0000000000f0ffff0f1e
:102830000000000000fcffff0f0000000080ffff11
:10284000ff0f00000000f0ffffff0f00000000f886
:10285000ffffff0f00000000f8ffffff0f00000068
:1028600000f00180ff0f00000000000000ff0f00db
:10287000000000000000ff0f00000000000000fe4c
:102880000f00000000000000fe0f0000000000002c
:1028900000fe0f00000000000000fe0f000000001e
:1028a000000000fe0f00000000000000fe0f00000e
:1028b0000000000000fe0f00000000000000fe0ffe
:1028c00000000000000000fe0f00000000000000fb
:1028d000fe0f00000000000000fe0f0000000000de
:1028e0000000fe0f00000000000000fe0f000000ce
:1028f00000000000fe0f00000000000000fe0f00be
:10290000000000000000fe0f00000000000000febc
:102910000f00000000000000fe0f0000000000009b
:1029200000fe0f00000000000000fe0f000000008d
:10293000000000fe0f00000000000000fe0f00007d
:102940000000000000fe0f00000000000000fe0f6d
:1029500000000000000000fe0f000000000000006a
:10296000fe0f00000000000000fe0f00000000004d
:102970000000fe0f00000000000000fe0f0000003d
:1029800000000000fe0f00000000000000fe0f002d
:10299000000000000000fe0f00000000000000fe2c
:1029a0000f00000000000000fe0f0000000000000b
:1029b00000fe0f00000000000000fe0f00000000fd
:1029c000000000fe0f00000000000000fe0f0000ed
:1029d0000000000000fe0f00000000000000fe0fdd
:1029e00000000000000000fe0f00000000000000da
:1029f000fe0f00000000000000fe0f0000000000bd
:102a00000000fe0f00000000000000fe0f000000ac
:102a100000000000fe0f00000000000000fe0f009c
:102a2000000000000000fe0f00000000000000fe9b
:102a30000f00000000000000fe0f0000000000007a
:102a400000fe0f00000000000000fe0f000000006c
:102a5000000000fe0f00000000000000fe0f00005c
:102a60000000000000fe0f00000000000000fe0f4c
:102a700000000000000000fe0f0000000000000049
:102a8000fe0f00000000000000fe0f00000000002c
:102a90000000fe0f00000000000000fe0f0000001c
:102aa00000000000fe0f00000000000000fe0f000c
:102ab000000000000000fe0f00000000000000ff0a
:102ac0000f00000000000080ff3f00000000000039
:102ad000f0ffff000000000000feffff0700000005
:102ae00000e0ffffff7f000000c0ffffffffff1fb0
:102af0000000e0ffffffffff3f0000e0ffffffffe0
:102b0000ff3f0000e0ffffffffff3f00000000006d
:102b100000000000000000000000000000000000b5
:102b200000000000000000000000000000000000a5
:102b30000000000000000000000000000000000095
:102b40000000000000000000000000000000000085
:102b50000000000000000000000000000000000075
:102b60000000000000000000000000000000000065
:102b70000000000000000000000000000000000055
:102b80000000000000000000000000000000000045
:102b90000000000000000000000000000000000035
:102ba0000000000000000000000000000000000025
:102bb0000000000000000000000000000000000015
:102bc0000000000000000000000000000000000005
:102bd00000000000000000000000000000000000f5
:102be00000000000000000000000000000000000e5
:102bf00000000000000000000000000000000000d5
:102c000000000000000000000000000000000000c4
:102c100000000000000000000000000000000000b4
:102c200000000000000000000000000000000000a4
:102c30000000000000000000000000000000000094
:102c40000000000000000000000000000000000084
:102c50000000000000000000000000000000000074
:102c60000000000000000000000000000000000064
:102c70000000000000000000000000000000000054
:102c80000000000000000000000000000000000044
:102c90000000000000000000000000000000000034
:102ca0000000000000000000000000000000000024
:102cb0000000000000000000000000000000000014
:102cc0000000000000000000000000000000000004
:102cd00000000000000000000000000000000000f4
:102ce00000000000000000000000000000000000e4
:102cf00000000000000000000000000000000000d4
:102d000000000000000000000000000000000000c3
:102d100000000000000000000000000000000000b3
:102d200000000000000000000000000000000000a3
:102d30000000000000000000000000000000000093
:102d40000000000000000000000000000000000083
:102d50000000000000000000000000000000000073
:102d60000000000000000000000000000000000063
:102d70000000000000000000000000000000000053
:102d80000000000000000000000000000000000043
:102d90000000000000000000000000000000000033
:102da0000000000000000000000000000000000023
:102db0000000000000000000000000000000000013
:102dc0000000000000000000000000000000000003
:102dd00000000000000000000000000000000000f3
:102de00000000000000000000000000000000000e3
:102df00000000000000000000000000000000000d3
:102e000000000000f81f00000000000080ffff002d
:102e10000000000000f0ffff070000000000fcffc2
:102e2000ff1f0000000000ffffff3f00000000c088
:102e3000ffffff7f00000000e0ffffffff0000003a
:102e400000f07f00ffff01000000fc1f00fcff01fd
:102e5000000000fe0700f0ff03000000ff0300e099
:102e6000ff07000080ff0100c0ff070000c0ff0057
:102e70000080ff070000c0ff000080ff0f0000e09f
:102e80007f000000ff0f0000f07f000000ff0f0038
:102e900000f03f000000fe0f0000f83f000000fec1
:102ea0000f0000f83f000000fe1f0000fc1f0000a4
:102eb00000fe1f0000fc1f000000fe1f0000fc1fa2
:102ec000000000fe1f0000fc0f000000fe1f0000bd
:102ed000fc07000000fe0f0000f801000000fe0fdc
:102ee00000001800000000fe0f00000000000000bd
:102ef000fe0f00000000000000fe0f0000000000b8
:102f00000000fe0700000000000000ff07000000b6
:102f100000000000ff0700000000000000ff0300a9
:102f2000000000000080ff0300000000000080ffa0
:102f30000100000000000080ff0100000000000010
:102f4000c0ff00000000000000c0ff000000000003
:102f50000000e07f00000000000000f03f000000e3
:102f600000000000f03f00000000000000f81f001b
:102f7000000000000000f81f00000000000000fc3e
:102f80000f00000000000000fe070000000000002d
:102f900000fe0300000000000000ff03000000002e
:102fa000000080ff01000000000000c0ff000000e2
:102fb00000000000c07f00000000000000e07f0073
:102fc000000000000000f03f00000000000000f8da
:102fd0001f00000000000000f80f000000000000cb
:102fe00000fc0f00000000000000fe0700000000d1
:102ff000000000ff0300000000000000ff010000cf
:103000000000000080ff00000000000000c07f0002
:10301000000000000000e07f00000000000000f061
:103020003f00000000000000f01f00000000000052
:1030300000f80f00000000000000fc070000000086
:10304000000000fe0300000000000000ff0300007d
:103050000000000080ff0100000000000080ff0071
:10306000000000000000c07f00000000000000e041
:103070003f0000003c000000f01f0000003c00008a
:1030800000f81f0000003c000000fc0f0000003ea4
:10309000000000fc070000003e000000fe030000ee
:1030a000001e000000ff010000001e000080ff0065
:1030b0000000001f0000c07f000000001f0000e0b3
:1030c0007f000000801f0000f03f000000801f0014
:1030d00000f01f000000c01f0000f80f000000f00b
:1030e0001f0000fcffffffffff1f0000feffffffb0
:1030f000ffff1f0000ffffffffffff1f0000ffff9c
:10310000ffffffff1f0000ffffffffffff1f00008b
:10311000feffffffffff1f0000feffffffffff1f7f
:103120000000feffffffffff1f0000000000000087
:10313000000000000000000000000000000000008f
:10314000000000000000000000000000000000007f
:10315000000000000000000000000000000000006f
:10316000000000000000000000000000000000005f
:10317000000000000000000000000000000000004f
:10318000000000000000000000000000000000003f
:10319000000000000000000000000000000000002f
:1031a000000000000000000000000000000000001f
:1031b000000000000000000000000000000000000f
:1031c00000000000000000000000000000000000ff
:1031d00000000000000000000000000000000000ef
:1031e00000000000000000000000000000000000df
:1031f00000000000000000000000000000000000cf
:1032000000000000000000000000000000000000be
:1032100000000000000000000000000000000000ae
:10322000000000000000000000000000000000009e
:10323000000000000000000000000000000000008e
:10324000000000000000000000000000000000007e
:10325000000000000000000000000000000000006e
:10326000000000000000000000000000000000005e
:10327000000000000000000000000000000000004e
:10328000000000000000000000000000000000003e
:10329000000000000000000000000000000000002e
:1032a000000000000000000000000000000000001e
:1032b000000000000000000000000000000000000e
:1032c00000000000000000000000000000000000fe
:1032d00000000000000000000000000000000000ee
:1032e00000000000000000000000000000000000de
:1032f00000000000000000000000000000000000ce
:1033000000000000000000000000000000000000bd
:1033100000000000000000000000000000000000ad
:10332000000000000000000000000000000000009d
:10333000000000000000000000000000000000008d
:10334000000000000000000000000000000000007d
:10335000000000000000000000000000000000006d
:10336000000000000000000000000000000000005d
:10337000000000000000000000000000000000004d
:10338000000000000000000000000000000000003d
:10339000000000000000000000000000000000002d
:1033a000000000000000000000000000000000001d
:1033b000000000000000000000000000000000000d
:1033c00000000000000000000000000000000000fd
:1033d00000000000000000000000000000000000ed
:1033e00000000000000000000000000000000000dd
:1033f00000000000000000000000000000000000cd
:1034000000000000000000000000000000000000bc
:1034100000000000000000000000000000000000ac
:103420000080ff01000000000000f8ff0f00000016
:10343000000000ffff7f0000000000c0ffffff0052
:1034400000000000f0ffffff0300000000fcffff92
:10345000ff0700000000feffffff0f00000000ff5d
:103460000ff0ff1f00000080ff01c0ff1f000000e1
:10347000e0ff0000ff3f000000e07f0000fe3f0093
:103480000000f03f0000fc7f000000f81f0000fc7f
:103490007f000000fc1f0000f8ff000000fc0f0090
:1034a00000f8ff000000fe0f0000f0ff000000fe2b
:1034b0000f0000f0ff000000ff0f0000e0ff000021
:1034c00000ff0f0000e0ff010000ff0f0000e0ff21
:1034d000010000fe010000e0ff0100003c000000d0
:1034e000e0ff01000000000000e0ff00000000001d
:1034f0000000e0ff00000000000000e0ff0000000e
:1035000000000000e0ff00000000000000f07f006d
:10351000000000000000f07f00000000000000f04c
:103520003f00000000000000f83f00000000000025
:1035300000fc1f00000000000000fc0f0000000065
:10354000000000fe0700000000000000ff03000074
:103550000000000080ff01000000000000e0ff000c
:10356000000000000000f03f00000000000000fc30
:103570001f00000000000000ff0700000000000026
:10358000e0ff03000000000000fcff3f000000001f
:103590000000feffff000000000000feffff030030
:1035a00000000000feffff070000000000feffff1c
:1035b0001f000000000000f0ff3f000000000000be
:1035c00080ff7f00000000000000feff0000000000
:1035d000000000fcff00000000000000f8ff0100f8
:1035e0000000000000f0ff03000000000000e0ff0a
:1035f00003000000000000c0ff0700000000000002
:10360000c0ff0700000000000080ff0f0000000066
:10361000000080ff0f00000000000000ff0f00000e
:103620000000000000ff0f00000000000000fe1f6f
:1036300000000000000000fe1f000000000000006d
:10364000fe1f00000000000000fe1f000000000040
:103650000000fe1f00000000000000fe1f00000030
:1036600000000000fe1f00000000000000fe1f0020
:10367000000000000000fe1f00000000000000fe2f
:103680001f00000000000000fe0f0000000000000e
:1036900000fe0f00000000000000fe0f0000000010
:1036a000000000ff0f00000000000000ff07000006
:1036b0000000000000ff0700000000000080ff077e
:1036c00000000000000080ff03000000000000c0b8
:1036d000ff03000001000000c0ff030080030000a2
:1036e00000e0ff0100800f000000f0ff0000c01f9d
:1036f000000000f8ff0000c07f000000fc7f000019
:10370000c0ff010000ff3f000080ff0700c0ff1f57
:10371000000000fe3f00f8ff0f000000fcffffff6d
:10372000ff07000000f8ffffffff03000000e0ffbd
:10373000ffffff01000000c0ffffff7f000000004f
:1037400000ffffff1f0000000000f8ffff07000060
:10375000000000e0ffff00000000000000f8030090
:103760000000000000000000000000000000000059
:103770000000000000000000000000000000000049
:103780000000000000000000000000000000000039
:103790000000000000000000000000000000000029
:1037a0000000000000000000000000000000000019
:1037b0000000000000000000000000000000000009
:1037c00000000000000000000000000000000000f9
:1037d00000000000000000000000000000000000e9
:1037e00000000000000000000000000000000000d9
:1037f00000000000000000000000000000000000c9
:1038000000000000000000000000000000000000b8
:1038100000000000000000000000000000000000a8
:103820000000000000000000000000000000000098
:103830000000000000000000000000000000000088
:103840000000000000000000000000000000000078
:103850000000000000000000000000000000000068
:103860000000000000000000000000000000000058
:103870000000000000000000000000000000000048
:103880000000000000000000000000000000000038
:103890000000000000000000000000000000000028
:1038a0000000000000000000000000000000000018
:1038b0000000000000000000000000000000000008
:1038c00000000000000000000000000000000000f8
:1038d00000000000000000000000000000000000e8
:1038e00000000000000000000000000000000000d8
:1038f00000000000000000000000000000000000c8
:1039000000000000000000000000000000000000b7
:1039100000000000000000000000000000000000a7
:103920000000000000000000000000000000000097
:103930000000000000000000000000000000000087
:103940000000000000000000000000000000000077
:103950000000000000000000000000000000000067
:103960000000000000000000000000000000000057
:103970000000000000000000000000000000000047
:103980000000000000000000000000000000000037
:103990000000000000000000000000000000000027
:1039a0000000000000000000000000000000000017
:1039b0000000000000000000000000000000000007
:1039c00000000000000000000000000000000000f7
:1039d00000000000000000000000000000000000e7
:1039e00000000000000000000000000000000000d7
:1039f00000000000000000000000000000000000c7
:103a000000000000000000000000000000000000b6
:103a100000000000000000000000000000000000a6
:103a20000000000000000000000000000000000096
:103a30000000000000000000000000000000000086
:103a400000000e00000000000000801f00000000c9
:103a5000000000e03f00000000000000f83f000010
:103a60000000000000fe3f00000000000000ff3fdb
:103a700000000000000000ff3f0000000000008088
:103a8000ff3f000000000000c0ff3f0000000000fa
:103a900000c0ff3f000000000000e0ff3f0000000a
:103aa000000000f0ff3f000000000000f0ff3f00ba
:103ab0000000000000f8ff3f000000000000f8ffd9
:103ac0003f000000000000fcff3f0000000000007d
:103ad000fefb3f000000000000fef93f0000000078
:103ae0000000fff93f000000000080fff83f0000e9
:103af000000000807ff83f0000000000c07ff83f1a
:103b00000000000000c03ff83f0000000000e03f60
:103b1000f83f0000000000f01ff83f000000000028
:103b2000f00ff83f0000000000f80ff83f00000021
:103b30000000fc07f83f0000000000fc03f83f0015
:103b400000000000fe03f83f0000000000fe01f846
:103b50003f0000000000ff00f83f0000000080ff71
:103b600000f83f00000000807f00f83f00000000e8
:103b7000c03f00f83f00000000e03f00f83f0000b9
:103b80000000e01f00f83f00000000f01f00f83fb9
:103b900000000000f00f00f83f00000000f80700f0
:103ba000f83f00000000fc0700f83f00000000fca8
:103bb0000300f83f00000000fe0100f83f00000095
:103bc00000ff0100f83f00000000ff0000f83f0088
:103bd0000000807f0000f83f000000807f0000f8b8
:103be0003f000000c03f0000f83f000000e01f0061
:103bf00000f83f000000e01f0000f83f000000f068
:103c00000f0000f83f000000f8070000f83f000038
:103c100000f8070000f83f000000fc030000f83f38
:103c2000000000fc030000f83f000000fe0100005f
:103c3000f83f000000ff000000f83f000000ffff19
:103c4000ffffffff7f0080ffffffffffffff00c0c0
:103c5000ffffffffffffff00c0ffffffffffff7f32
:103c600000e0ffffffffffff7f00e0ffffffffff20
:103c7000ff3f00c0ffffffffffff0f0080ffffffc0
:103c8000ffffff07000000000000f83f00000000f9
:103c9000000000f83f00000000000000f83f0000b6
:103ca0000000000000f83f00000000000000f83fa6
:103cb00000000000000000f83f00000000000000cd
:103cc000f83f00000000000000f83f000000000086
:103cd0000000f83f00000000000000f83f00000076
:103ce00000000000f83f00000000000000f83f0066
:103cf000000000000000f83f00000000000000f895
:103d00003f00000000000000f83f0000000000003d
:103d100000f83f00000000000000f83f0000000035
:103d2000000000f83f00000000000000f83f000025
:103d30000000000000fe7f000000000000e0ffff28
:103d4000010000000000feffff0f00000000f0ff78
:103d5000ffffff00000000f0ffffffff000000007a
:103d6000f0ffffffff000000000000000000000067
:103d70000000000000000000000000000000000043
:103d80000000000000000000000000000000000033
:103d90000000000000000000000000000000000023
:103da0000000000000000000000000000000000013
:103db0000000000000000000000000000000000003
:103dc00000000000000000000000000000000000f3
:103dd00000000000000000000000000000000000e3
:103de00000000000000000000000000000000000d3
:103df00000000000000000000000000000000000c3
:103e000000000000000000000000000000000000b2
:103e100000000000000000000000000000000000a2
:103e20000000000000000000000000000000000092
:103e30000000000000000000000000000000000082
:103e40000000000000000000000000000000000072
:103e50000000000000000000000000000000000062
:103e60000000000000000000000000000000000052
:103e70000000000000000000000000000000000042
:103e80000000000000000000000000000000000032
:103e90000000000000000000000000000000000022
:103ea0000000000000000000000000000000000012
:103eb0000000000000000000000000000000000002
:103ec00000000000000000000000000000000000f2
:103ed00000000000000000000000000000000000e2
:103ee00000000000000000000000000000000000d2
:103ef00000000000000000000000000000000000c2
:103f000000000000000000000000000000000000b1
:103f100000000000000000000000000000000000a1
:103f20000000000000000000000000000000000091
:103f30000000000000000000000000000000000081
:103f40000000000000000000000000000000000071
:103f50000000000000000000000000000000000061
:103f60000000000000000000000000000000000051
:103f70000000000000000000000000000000000041
:103f80000000000000000000000000000000000031
:103f90000000000000000000000000000000000021
:103fa0000000000000000000000000000000000011
:103fb0000000000000000000000000000000000001
:103fc00000000000000000000000000000000000f1
:103fd00000000000000000000000000000000000e1
:103fe00000000000000000000000000000000000d1
:103ff00000000000000000000000000000000000c1
:1040000000000000000000000000000000000000b0
:1040100000000000000000000000000000000000a0
:104020000000000000000000000000000000000090
:104030000000000000000000000000000000000080
:104040000000000000000000000000000000000070
:104050000000000000000000000000000000000060
:104060000000000000000000008003000000feffd0
:10407000ffffff07000000ffffffffff070000003a
:10408000ffffffffff03000000ffffffffff030034
:104090000000ffffffffff01000000ffffffffff29
:1040a00000000000ffffffff7f00000000ffffff98
:1040b000ff3f00000000ffffffff1f00000000ffa8
:1040c000ffffff0f000000007f0000000000000065
:1040d000807f00000000000000807f0000000000e2
:1040e0000000807f00000000000000807f000000d2
:1040f00000000000803f00000000000000803f0042
:10410000000000000000803f00000000000000c030
:104110003f00000000000000c03f00000000000061
:1041200000c03f00000000000000c03f0000000091
:10413000000000c03f00000000000000c01f0000a1
:104140000000000000c01f00000000000000e01f91
:1041500000000000000000e01f0000000000000060
:10416000e01f00000000000000e01f000000000051
:104170000000e00f00000000000000e00f00000061
:1041800000000000f00f801f0000000000f08fff13
:10419000ff0700000000f0ffffff3f00000000f0fd
:1041a000ffffffff00000000f0ffffffff03000024
:1041b00000f0ffffffff07000000f8ffffffff0f09
:1041c000000000f8ffffffff3f000000f8ff1fffa7
:1041d000ff7f000000f8ff00e0ff7f000000f81ff5
:1041e0000000ffff000000f8070000fcff010000d6
:1041f000f8010000f8ff03000060000000f0ff037a
:10420000000000000000e0ff07000000000000c008
:10421000ff0700000000000080ff0f00000000000a
:104220000080ff0f00000000000000ff0f000000f2
:1042300000000000ff1f00000000000000ff1f0042
:10424000000000000000fe1f00000000000000fe53
:104250001f00000000000000fe1f00000000000022
:1042600000fe3f00000000000000fc3f00000000d6
:10427000000000fc3f00000000000000fc3f0000c8
:104280000000000000fc3f00000000000000fc3fb8
:1042900000000000000000fc3f00000000000000e3
:1042a000fc3f00000000000000fc1f0000000000b8
:1042b0000000fc1f00000000000000fc1f000000c8
:1042c00000000000fc1f00000000000000fe1f00b6
:1042d000000000000000fe0f00000000000000fed3
:1042e0000f00000000000000fe0f000000000000b2
:1042f00000ff0700000000000000ff0700000000b2
:10430000000080ff0700000000000080ff030000a5
:1043100003000000c0ff03000007000000e0ff01f1
:1043200000801f000000e0ff0100803f000000f05f
:10433000ff0000c0ff000000fc7f000080ff0300c2
:1043400000fe3f000000ff1f0080ff3f000000fe56
:10435000ff00e0ff1f000000f8ffffffff0f00005d
:1043600000f0ffffffff07000000c0ffffffff019d
:1043700000000000ffffffff0000000000fcffff47
:104380003f0000000000f0ffff0f00000000008071
:10439000ffff01000000000000e00f00000000002f
:1043a000000000000000000000000000000000000d
:1043b00000000000000000000000000000000000fd
:1043c00000000000000000000000000000000000ed
:1043d00000000000000000000000000000000000dd
:1043e00000000000000000000000000000000000cd
:1043f00000000000000000000000000000000000bd
:1044000000000000000000000000000000000000ac
:10441000000000000000000000000000000000009c
:10442000000000000000000000000000000000008c
:10443000000000000000000000000000000000007c
:10444000000000000000000000000000000000006c
:10445000000000000000000000000000000000005c
:10446000000000000000000000000000000000004c
:10447000000000000000000000000000000000003c
:10448000000000000000000000000000000000002c
:10449000000000000000000000000000000000001c
:1044a000000000000000000000000000000000000c
:1044b00000000000000000000000000000000000fc
:1044c00000000000000000000000000000000000ec
:1044d00000000000000000000000000000000000dc
:1044e00000000000000000000000000000000000cc
:1044f00000000000000000000000000000000000bc
:1045000000000000000000000000000000000000ab
:10451000000000000000000000000000000000009b
:10452000000000000000000000000000000000008b
:10453000000000000000000000000000000000007b
:10454000000000000000000000000000000000006b
:10455000000000000000000000000000000000005b
:10456000000000000000000000000000000000004b
:10457000000000000000000000000000000000003b
:10458000000000000000000000000000000000002b
:10459000000000000000000000000000000000001b
:1045a000000000000000000000000000000000000b
:1045b00000000000000000000000000000000000fb
:1045c00000000000000000000000000000000000eb
:1045d00000000000000000000000000000000000db
:1045e00000000000000000000000000000000000cb
:1045f00000000000000000000000000000000000bb
:1046000000000000000000000000000000000000aa
:10461000000000000000000000000000000000009a
:10462000000000000000000000000000000000008a
:10463000000000000000000000000000000000007a
:10464000000000000000000000000000000000006a
:10465000000000000000000000000000000000005a
:10466000000000000000000000000000000000004a
:104670000000000000000300000000000000f80738
:1046800000000000000080ff07000000000000f0b4
:10469000ff07000000000000feff07000000000010
:1046a00080ff7f000000000000e0ff0f000000001e
:1046b0000000f8ff03000000000000fcff00000005
:1046c00000000000ff3f00000000000080ff0f001e
:1046d0000000000000e0ff03000000000000f0ff09
:1046e00001000000000000f8ff00000000000000d2
:1046f000fc3f00000000000000fe1f000000000062
:104700000000ff0f00000000000080ff0700000015
:10471000000000c0ff03000000000000e0ff0100f7
:104720000000000000f0ff00000000000000f07f2b
:1047300000000000000000f83f0000000000000042
:10474000fc3f00000000000000fe1f000000000011
:104750000000fe0f00000000000000ff0f0000003e
:1047600000000000ff0700000000000080ff0300c1
:10477000000000000080ff03000000000000c0fff8
:1047800001000000000000c0ff0100000000000068
:10479000e0ff00000000000000e0ff00000000005b
:1047a0000000e0ff00000000000000f07f00f01fac
:1047b00000000000f07f00feff01000000f83fc095
:1047c000ffff0f000000f83ff0ffff3f000000f880
:1047d0003ff8ffff7f000000f83ffeffffff0100f2
:1047e00000fc1fffffffff030000fcdfffffffffd8
:1047f000070000fcffff03ffff0f0000fcff7f002e
:10480000f8ff0f0000fcff0f00e0ff1f0000feff9d
:10481000070080ff3f0000feff010000ff3f000097
:10482000feff000000fe7f0000fe7f000000fc7f16
:104830000000fe3f000000fc7f0000fe1f000000a3
:10484000f8ff0000fe0f000000f8ff0000fe0f0060
:104850000000f0ff0000fe0f000000f0ff0000fe6f
:104860000f000000e0ff0100fe0f000000e0ff016c
:1048700000fe0f000000e0ff0100fe1f000000e04e
:10488000ff0100fe1f000000c0ff0100fe1f00002e
:1048900000c0ff0100fe1f000000c0ff0100fe1f5e
:1048a000000000c0ff0100fe1f000000c0ff01006b
:1048b000fe1f000000c0ff0100fe1f000000c0ff3f
:1048c0000100fc3f000000c0ff0100fc3f000000b1
:1048d000c0ff0000fc3f000000c0ff0000fc3f00e4
:1048e0000000c0ff0000fc7f000000c0ff0000f8d7
:1048f0007f000000c07f0000f87f000000e07f0024
:1049000000f0ff000000e07f0000f0ff000000e08a
:104910003f0000f0ff000000e03f0000e0ff01006a
:1049200000f03f0000e0ff030000f01f0000c0ffa8
:10493000030000f01f0000c0ff070000f80f000098
:1049400080ff0f0000fc07000000ff1f0000fc07b5
:10495000000000ff3f0000fe03000000fe7f00009b
:10496000ff01000000fcff01c0ff01000000f8ff94
:104970000ff0ff00000000f0ffffff7f00000000cd
:10498000e0ffffff3f00000000c0ffffff0f00003f
:10499000000000ffffff070000000000feffff0116
:1049a0000000000000f8ffff000000000000c0ff52
:1049b0001f00000000000000fc01000000000000db
:1049c00000000000000000000000000000000000e7
:1049d00000000000000000000000000000000000d7
:1049e00000000000000000000000000000000000c7
:1049f00000000000000000000000000000000000b7
:104a000000000000000000000000000000000000a6
:104a10000000000000000000000000000000000096
:104a20000000000000000000000000000000000086
:104a30000000000000000000000000000000000076
:104a40000000000000000000000000000000000066
:104a50000000000000000000000000000000000056
:104a60000000000000000000000000000000000046
:104a70000000000000000000000000000000000036
:104a80000000000000000000000000000000000026
:104a90000000000000000000000000000000000016
:104aa0000000000000000000000000000000000006
:104ab00000000000000000000000000000000000f6
:104ac00000000000000000000000000000000000e6
:104ad00000000000000000000000000000000000d6
:104ae00000000000000000000000000000000000c6
:104af00000000000000000000000000000000000b6
:104b000000000000000000000000000000000000a5
:104b10000000000000000000000000000000000095
:104b20000000000000000000000000000000000085
:104b30000000000000000000000000000000000075
:104b40000000000000000000000000000000000065
:104b50000000000000000000000000000000000055
:104b60000000000000000000000000000000000045
:104b70000000000000000000000000000000000035
:104b80000000000000000000000000000000000025
:104b90000000000000000000000000000000000015
:104ba0000000000000000000000000000000000005
:104bb00000000000000000000000000000000000f5
:104bc00000000000000000000000000000000000e5
:104bd00000000000000000000000000000000000d5
:104be00000000000000000000000000000000000c5
:104bf00000000000000000000000000000000000b5
:104c000000000000000000000000000000000000a4
:104c10000000000000000000000000000000000094
:104c20000000000000000000000000000000000084
:104c30000000000000000000000000000000000074
:104c40000000000000000000000000000000000064
:104c50000000000000000000000000000000000054
:104c60000000000000000000000000000000000044
:104c70000000000000000000000000000000000034
:104c80000000000000000000000000000000000024
:104c90000000000000000000000000000000000014
:104ca000000000000000000000f8ffffffffff7f92
:104cb0000000f8ffffffffffff0000f8ffffffff0e
:104cc000ffff0100f8ffffffffffff0100fcfffff8
:104cd000ffffffff0100fcffffffffffff0000fce5
:104ce000ffffffffffff0000fcffffffffff7f0054
:104cf00000fcffffffffff7f0000fcffffffffff47
:104d00007f0000fe01000000c03f0000fe00000028
:104d100000e03f00007e00000000e01f00007e0079
:104d2000000000e01f00003e00000000f00f000047
:104d30003e00000000f00f00001f00000000f80f10
:104d400000001f00000000f80700000f0000000036
:104d5000fc0700000e00000000fc03000000000043
:104d60000000fc0300000000000000fe0100000045
:104d700000000000fe0100000000000000ff010034
:104d8000000000000000ff0000000000000080ffa5
:104d900000000000000000807f0000000000000014
:104da000807f00000000000000c03f000000000005
:104db0000000c03f00000000000000e03f000000d5
:104dc00000000000e01f00000000000000e01f00e5
:104dd000000000000000f00f00000000000000f0e4
:104de0000f00000000000000f80f000000000000ad
:104df00000f80700000000000000fc0700000000b1
:104e0000000000fc0300000000000000fe030000a2
:104e10000000000000fe0100000000000000fe0194
:104e200000000000000000ff010000000000000082
:104e3000ff0000000000000080ff000000000000f4
:104e400000807f00000000000000c07f0000000024
:104e5000000000c07f00000000000000e03f0000f4
:104e60000000000000e03f00000000000000e01f24
:104e700000000000000000f01f0000000000000023
:104e8000f01f00000000000000f80f00000000000c
:104e90000000f80f00000000000000fc0700000008
:104ea00000000000fc0700000000000000fe0700fa
:104eb000000000000000fe0300000000000000fff2
:104ec0000300000000000000ff01000000000000df
:104ed00080ff0100000000000080ff0100000000d2
:104ee0000000c0ff00000000000000c0ff00000044
:104ef00000000000e07f00000000000000e07f00f4
:104f0000000000000000f07f00000000000000f042
:104f10003f00000000000000f83f0000000000001b
:104f200000f83f00000000000000fc1f000000002f
:104f3000000000fc1f00000000000000fe0f000049
:104f40000000000000fe0f00000000000000ff0f46
:104f500000000000000000ff0700000000000080cb
:104f6000ff0700000000000080ff030000000000b9
:104f700000c0ff03000000000000c0ff03000000ad
:104f8000000000e0ff01000000000000e0ff010061
:104f90000000000000f0ff01000000000000f8ff2a
:104fa00000000000000000f8ff000000000000000a
:104fb000fc3f00000000000000fc1f00000000009b
:104fc0000000fc0700000000000000f800000000e6
:104fd00000000000100000000000000000000000c1
:104fe00000000000000000000000000000000000c1
:104ff00000000000000000000000000000000000b1
:1050000000000000000000000000000000000000a0
:105010000000000000000000000000000000000090
:105020000000000000000000000000000000000080
:105030000000000000000000000000000000000070
:105040000000000000000000000000000000000060
:105050000000000000000000000000000000000050
:105060000000000000000000000000000000000040
:105070000000000000000000000000000000000030
:105080000000000000000000000000000000000020
:105090000000000000000000000000000000000010
:1050a0000000000000000000000000000000000000
:1050b00000000000000000000000000000000000f0
:1050c00000000000000000000000000000000000e0
:1050d00000000000000000000000000000000000d0
:1050e00000000000000000000000000000000000c0
:1050f00000000000000000000000000000000000b0
:10510000000000000000000000000000000000009f
:10511000000000000000000000000000000000008f
:10512000000000000000000000000000000000007f
:10513000000000000000000000000000000000006f
:10514000000000000000000000000000000000005f
:10515000000000000000000000000000000000004f
:10516000000000000000000000000000000000003f
:10517000000000000000000000000000000000002f
:10518000000000000000000000000000000000001f
:10519000000000000000000000000000000000000f
:1051a00000000000000000000000000000000000ff
:1051b00000000000000000000000000000000000ef
:1051c00000000000000000000000000000000000df
:1051d00000000000000000000000000000000000cf
:1051e00000000000000000000000000000000000bf
:1051f00000000000000000000000000000000000af
:10520000000000000000000000000000000000009e
:10521000000000000000000000000000000000008e
:10522000000000000000000000000000000000007e
:10523000000000000000000000000000000000006e
:10524000000000000000000000000000000000005e
:10525000000000000000000000000000000000004e
:10526000000000000000000000000000000000003e
:10527000000000000000000000000000000000002e
:10528000000000000000000000000000000000001e
:10529000000000000000000000000000000000000e
:1052a00000000000000000000000000000000000fe
:1052b0000000000000000000ff07000000000000e8
:1052c000f0ff7f000000000000feffff0100000073
:1052d0000080ffffff0700000000c0ffffff1f006e
:1052e000000000f0ffffff3f00000000f8ffffff9d
:1052f0007f00000000fc3f80ffff00000000fe0771
:1053000000fcff01000000ff0300f0ff010000802f
:10531000ff0100e0ff03000080ff0000c0ff070066
:1053200000c07f000080ff070000e03f000080ff1a
:10533000070000e03f000000ff0f0000e03f00001a
:1053400000ff0f0000f01f000000fe0f0000f01f24
:10535000000000fe0f0000f01f000000fe0f000024
:10536000f81f000000fe0f0000f81f000000fe0ff5
:105370000000f81f000000fe0f0000f81f000000f2
:10538000fe0f0000f81f000000fe0f0000f81f00d5
:105390000000fe070000f83f000000fe070000f8d4
:1053a0003f000000fe070000f87f000000ff030040
:1053b00000f0ff000000ff010000f0ff010080ff8f
:1053c000010000f0ff030080ff000000e0ff070085
:1053d000c07f000000e0ff1f00e03f000000c0ffb2
:1053e0007f00f01f00000080ffff01f80f000000a9
:1053f00080ffff07fc0700000000ffff1ffe030007
:10540000000000feffffff0100000000fcffffffa7
:105410000000000000f0ffff3f0000000000e0ff80
:10542000ff3f000000000080ffffff0000000000c1
:1054300000feffff030000000000fcffff0700006c
:10544000000000feffff1f0000000080ffffff3f85
:1054500000000000c07ffcffff00000000f03ff0f4
:10546000ffff01000000f81fc0ffff03000000fc69
:105470000f00ffff03000000fe0700fcff07000015
:1054800000ff0300f8ff0f000080ff0100e0ff1f96
:105490000000c0ff0000c0ff1f0000e07f00008090
:1054a000ff3f0000f03f000000ff3f0000f03f0022
:1054b0000000fe3f0000f81f000000fe7f0000fc1f
:1054c0001f000000fc7f0000fc0f000000f87f00c0
:1054d00000fe0f000000f87f0000fe0f000000f843
:1054e000ff0000fe0f000000f0ff0000ff070000bb
:1054f00000f0ff0000ff07000000f0ff0000ff07c2
:10550000000000f0ff0000ff07000000f0ff008037
:10551000ff07000000f0ff0080ff07000000f07fa1
:105520000080ff07000000f07f0080ff0700000000
:10553000f07f0080ff0f000000f07f0000ff0f00f1
:105540000000f07f0000ff0f000000f03f0000ffb0
:105550000f000000f83f0000ff1f000000f81f00d0
:1055600000ff1f000000f81f0000fe3f000000fccd
:105570000f0000fe3f000000fc0f0000fc7f000059
:1055800000fe070000fcff000000ff030000f8ff22
:10559000010080ff030000f8ff0700c0ff010000ca
:1055a000f0ff1f00e0ff000000e0ff7f00f87f0039
:1055b0000000c0ffffffff3f00000080ffffffff74
:1055c0000f00000000ffffffff0700000000fcffce
:1055d000ffff0100000000f0ffff7f00000000005f
:1055e000c0ffff1f000000000000feff03000000de
:1055f000000000c01f0000000000000000000000cc
:10560000000000000000000000000000000000009a
:10561000000000000000000000000000000000008a
:10562000000000000000000000000000000000007a
:10563000000000000000000000000000000000006a
:10564000000000000000000000000000000000005a
:10565000000000000000000000000000000000004a
:10566000000000000000000000000000000000003a
:10567000000000000000000000000000000000002a
:10568000000000000000000000000000000000001a
:10569000000000000000000000000000000000000a
:1056a00000000000000000000000000000000000fa
:1056b00000000000000000000000000000000000ea
:1056c00000000000000000000000000000000000da
:1056d00000000000000000000000000000000000ca
:1056e00000000000000000000000000000000000ba
:1056f00000000000000000000000000000000000aa
:105700000000000000000000000000000000000099
:105710000000000000000000000000000000000089
:105720000000000000000000000000000000000079
:105730000000000000000000000000000000000069
:105740000000000000000000000000000000000059
:105750000000000000000000000000000000000049
:105760000000000000000000000000000000000039
:105770000000000000000000000000000000000029
:105780000000000000000000000000000000000019
:105790000000000000000000000000000000000009
:1057a00000000000000000000000000000000000f9
:1057b00000000000000000000000000000000000e9
:1057c00000000000000000000000000000000000d9
:1057d00000000000000000000000000000000000c9
:1057e00000000000000000000000000000000000b9
:1057f00000000000000000000000000000000000a9
:105800000000000000000000000000000000000098
:105810000000000000000000000000000000000088
:105820000000000000000000000000000000000078
:105830000000000000000000000000000000000068
:105840000000000000000000000000000000000058
:105850000000000000000000000000000000000048
:105860000000000000000000000000000000000038
:105870000000000000000000000000000000000028
:105880000000000000000000000000000000000018
:105890000000000000000000000000000000000008
:1058a00000000000000000000000000000000000f8
:1058b00000000000000000000000000000000000e8
:1058c00000000000000000000000000000000000d8
:1058d000000000000000fe03000000000000e0ffe8
:1058e0003f000000000000f8ffff00000000000083
:1058f000feffff030000000080ffffff0700000025
:1059000000c0ffffff1f00000000f0ffffff3f008f
:10591000000000f8ffffff7f00000000fc3f80ff59
:10592000ff00000000fe0700feff01000000ff0373
:1059300000f8ff01000080ff0100f0ff030000807d
:10594000ff0000e0ff070000c07f0000c0ff07006d
:1059500000e03f0000c0ff0f0000e01f000080ffdc
:105960000f0000f01f000000ff1f0000f01f0000ec
:1059700000ff1f0000f80f000000ff1f0000f80fdd
:10598000000000fe3f0000fc0f000000fe3f000092
:10599000fc07000000fc3f0000fe07000000fc7f49
:1059a0000000fe07000000fc7f0000fe0700000072
:1059b000f87f0000fe07000000f87f0000ff0700ee
:1059c0000000f87f0000ff07000000f8ff0000ff64
:1059d00007000000f8ff0000ff07000000f0ff00d4
:1059e00000ff07000000f0ff0000ff07000000f0cc
:1059f000ff0000ff07000000f0ff0000ff070000ad
:105a000000f0ff0000ff07000000f0ff0000ff07ac
:105a1000000000f0ff0000ff0f000000f0ff00009a
:105a2000ff0f000000f0ff0000ff0f000000f0ff7c
:105a30000000fe1f000000f0ff0000fe1f0000003d
:105a4000f0ff0000fe3f000000f8ff0000fc3f00f8
:105a50000000fcff0000fc7f000000feff0000fcd7
:105a6000ff000000ffff0000f8ff000080ffff00c4
:105a700000f8ff0300c0ffff0000f0ff0700f0ff89
:105a80007f0000e0ff1f00fcff7f0000e0ffff80c1
:105a9000fff77f0000c0fffffffff37f000080ffe4
:105aa000fffffff17f000000ffffff7ff87f000096
:105ab00000fcffff3ff83f000000f8ffff0ff83f3a
:105ac000000000e0ffff07f83f00000080ffff003c
:105ad000f83f00000000f81f00fc1f00000000005d
:105ae0000000fc1f00000000000000fc1f00000080
:105af00000000000fe0f00000000000000fe0f008c
:105b0000000000000000fe0700000000000000ff91
:105b10000700000000000000ff030000000000007c
:105b200080ff0300000000000080ff030000000071
:105b30000000c0ff01000000000000c0ff000000e6
:105b400000000000e0ff00000000000000f07f0007
:105b5000000000000000f83f00000000000000f816
:105b60003f00000000000000fc1f000000000000db
:105b700000fe0f00000000000000ff070000000012
:105b8000000080ff03000000000000c0ff010000d3
:105b900000000000e0ff00000000000000f87f00af
:105ba000000000000000fc3f00000000000000ffbb
:105bb0001f00000000000080ff0700000000000040
:105bc000e0ff03000000000000f8ff0100000000fb
:105bd0000000fe7f000000000000c0ff1f0000006a
:105be000000000f8ff07000000000000ffff0100b8
:105bf00000000000e0ff7f000000000000e0ff0f59
:105c0000000000000000c0ff01000000000000c014
:105c10001f00000000000000400000000000000025
:105c20000000000000000000000000000000000074
:105c30000000000000000000000000000000000064
:105c40000000000000000000000000000000000054
:105c50000000000000000000000000000000000044
:105c60000000000000000000000000000000000034
:105c70000000000000000000000000000000000024
:105c80000000000000000000000000000000000014
:105c90000000000000000000000000000000000004
:105ca00000000000000000000000000000000000f4
:105cb00000000000000000000000000000000000e4
:105cc00000000000000000000000000000000000d4
:105cd00000000000000000000000000000000000c4
:105ce00000000000000000000000000000000000b4
:105cf00000000000000000000000000000000000a4
:105d00000000000000000000000000000000000093
:105d10000000000000000000000000000000000083
:105d20000000000000000000000000000000000073
:105d30000000000000000000000000000000000063
:105d40000000000000000000000000000000000053
:105d50000000000000000000000000000000000043
:045d6000000000003f
:020000040000fa
:020000041d03da
:106000000000000000000000000000000000000090
:106010000000000000000000000000000000000080
:106020000000000000000000000000000000000070
:106030000000000000000000000000000000000060
:106040000000000000000000000000000000000050
:106050000000000000000000000000000000000040
:106060000000000000000000000000000000000030
:106070000000000000000000000000000000000020
:106080000000000000000000000000000000000010
:106090000000000000000000000000000000000000
:1060a00000000000000000000000000000000000f0
:1060b00000000000000000000000000000000000e0
:1060c00000000000000000000000000000000000d0
:1060d00000000000000000000000000000000000c0
:1060e00000000000000000000000000000000000b0
:1060f00000000000000000000000000000000000a0
:10610000000000000000000000000000000000008f
:10611000000000000000000000000000000000007f
:10612000000000000000000000000000000000006f
:10613000000000000000000000000000000000005f
:10614000000000000000000000000000000000004f
:10615000000000000000000000000000000000003f
:10616000000000000000000000000000000000002f
:10617000000000000000000000000000000000001f
:10618000000000000000000000000000000000000f
:1061900000000000000000000000000000000000ff
:1061a00000000000000000000000000000000000ef
:1061b00000000000000000000000000000000000df
:1061c00000000000000000000000000000000000cf
:1061d00000000000000000000000000000000000bf
:1061e00000000000000000000000000000000000af
:1061f000000000000000000000000000000000009f
:10620000000000000000000000000000000000008e
:10621000000000000000000000000000000000007e
:10622000000000000000000000000000000000006e
:10623000000000000000000000000000000000005e
:10624000000000000000000000000000000000004e
:10625000000000000000000000000000000000003e
:10626000000000000000000000000000000000002e
:10627000000000000000000000000000000000001e
:10628000000000000000000000000000000000000e
:1062900000000000000000000000000000000000fe
:1062a00000000000000000000000000000000000ee
:1062b00000000000000000000000000000000000de
:1062c00000000000000000000000000000000000ce
:1062d00000000000000000000000000000000000be
:1062e00000000000000000000000000000000000ae
:1062f000000000000000000000000000000000009e
:10630000000000000000000000000000000000008d
:10631000000000000000000000000000000000007d
:10632000000000000000000000000000000000006d
:10633000000000000000000000000000000000005d
:10634000000000000000000000000000000000004d
:10635000000000000000000000000000000000003d
:10636000000000000000000000000000000000002d
:10637000000000000000000000000000000000001d
:10638000000000000000000000000000000000000d
:1063900000000000000000000000000000000000fd
:1063a00000000000000000000000000000000000ed
:1063b00000000000000000000000000000000000dd
:1063c00000000000000000000000000000000000cd
:1063d00000000000000000000000000000000000bd
:1063e00000000000000000000000000000000000ad
:1063f000000000000000000000000000000000009d
:10640000000000000000000000000000000000008c
:10641000000000000000000000000000000000007c
:10642000000000000000000000000000000000006c
:10643000000000000000000000000000000000005c
:10644000000000000000000000000000000000004c
:10645000000000000000000000000000000000003c
:10646000000000000000000000000000000000002c
:10647000000000000000000000000000000000001c
:10648000000000000000000000000000000000000c
:1064900000000000000000000000000000000000fc
:1064a00000000000000000000000000000000000ec
:1064b00000000000000000000000000000000000dc
:1064c00000000000000000000000000000000000cc
:1064d00000000000000000000000000000000000bc
:1064e00000000000000000000000000000000000ac
:1064f000000000000000000000000000000000009c
:10650000000000000000000000000000000000008b
:10651000000000000000000000000000000000007b
:10652000000000000000000000000000000000006b
:10653000000000000000000000000000000000005b
:10654000000000000000000000000000000000004b
:10655000000000000000000000000000000000003b
:10656000000000000000000000000000000000002b
:10657000000000000000000000000000000000001b
:10658000000000000000000000000000000000000b
:1065900000000000000000000000000000000000fb
:1065a00000000000000000000000000000000000eb
:1065b00000000000000000000000000000000000db
:1065c00000000000000000000000000000000000cb
:1065d00000000000000000000000000000000000bb
:1065e00000000000000000000000000000000000ab
:1065f000000000000000000000000000000000009b
:10660000000000000000000000000000000000008a
:10661000000000000000000000000000000000007a
:10662000000000000000000000000000000000006a
:10663000000000000000000000000000000000005a
:10664000000000000000000000000000000000004a
:10665000000000000000000000000000000000003a
:10666000000000000000000000000000000000002a
:10667000000000000000000000000000000000001a
:10668000000000000000000000000000000000000a
:1066900000000000000000000000000000000000fa
:1066a00000000000000000000000000000000000ea
:1066b00000000000000000000000000000000000da
:1066c00000000000000000000000000000000000ca
:1066d00000000000000000000000000000000000ba
:1066e00000000000000000000000000000000000aa
:1066f000000000000000000000000000000000009a
:106700000000000000000000000000000000000089
:106710000000000000000000000000000000000079
:106720000000000000000000000000000000000069
:106730000000000000000000000000000000000059
:106740000000000000000000000000000000000049
:106750000000000000000000000000000000000039
:106760000000000000000000000000000000000029
:106770000000000000000000000000000000000019
:106780000000000000000000000000000000000009
:1067900000000000000000000000000000000000f9
:1067a00000000000000000000000000000000000e9
:1067b00000000000000000000000000000000000d9
:1067c00000000000000000000000000000000000c9
:1067d00000000000000000000000000000000000b9
:1067e00000000000000000000000000000000000a9
:1067f0000000000000000000000000000000000099
:106800000000000000000000000000000000000088
:106810000000000000000000000000000000000078
:106820000000000000000000000000000000000068
:106830000000000000000000000000000000000058
:106840000000000000000000000000000000000048
:106850000000000000000000000000000000000038
:106860000000000000000000000000000000000028
:106870000000000000000000000000000000000018
:106880000000000000000000000000000000000008
:1068900000000000000000000000000000000000f8
:1068a00000000000000000000000000000000000e8
:1068b00000000000000000000000000000000000d8
:1068c00000000000000000000000000000000000c8
:1068d00000000000000000000000000000000000b8
:1068e00000000000000000000000000000000000a8
:1068f0000000000000000000000000000000000098
:106900000000000000000000000000000000000087
:106910000000000000000000000000000000000077
:106920000000000000000000000000000000000067
:106930000000000000000000000000000000000057
:106940000000000000000000000000000000000047
:106950000000000000000000000000000000000037
:106960000000000000000000000000000000000027
:106970000000000000000000000000000000000017
:106980000000000000000000000000000000000007
:1069900000000000000000000000000000000000f7
:1069a00000000000000000000000000000000000e7
:1069b00000000000000000000000000000000000d7
:1069c00000000000000000000000000000000000c7
:1069d00000000000000000000000000000000000b7
:1069e00000000000000000000000000000000000a7
:1069f0000000000000000000000000000000000097
:106a00000000000000000000000000000000000086
:106a10000000000000000000000000000000000076
:106a20000000000000000000000000000000000066
:106a30000000000000000000000000000000000056
:106a40000000000000000000000000000000000046
:106a50000000000000000000000000000000000036
:106a60000000000000000000000000000000000026
:106a70000000000000000000000000000000000016
:106a80000000000000000000000000000000000006
:106a900000000000000000000000000000000000f6
:106aa00000000000000000000000000000000000e6
:106ab00000000000000000000000000000000000d6
:106ac00000000000000000000000000000000000c6
:106ad00000000000000000000000000000000000b6
:106ae00000000000000000000000000000000000a6
:106af0000000000000000000000000000000000096
:106b00000000000000000000000000000000000085
:106b10000000000000000000000000000000000075
:106b20000000000000000000000000000000000065
:106b30000000000000000000000000000000000055
:106b40000000000000000000000000000000000045
:106b50000000000000000000000000000000000035
:106b60000000000000000000000000000000000025
:106b70000000000000000000000000000000000015
:106b80000000000000000000000000000000000005
:106b900000000000000000000000000000000000f5
:106ba00000000000000000000000000000000000e5
:106bb00000000000000000000000000000000000d5
:106bc00000000000000000000000000000000000c5
:106bd00000000000000000000000000000000000b5
:106be00000000000000000000000000000000000a5
:106bf0000000000000000000000000000000000095
:106c00000000000000000000000000000000000084
:106c10000000000000000000000000000000000074
:106c20000000000000000000000000000000000064
:106c30000000000000000000000000000000000054
:106c40000000000000000000000000000000000044
:106c50000000000000000000000000000000000034
:106c60000000000000000000000000000000000024
:106c70000000000000000000000000000000000014
:106c80000000000000000000000000000000000004
:106c900000000000000000000000000000000000f4
:106ca00000000000000000000000000000000000e4
:106cb00000000000000000000000000000000000d4
:106cc00000000000000000000000000000000000c4
:106cd00000000000000000000000000000000000b4
:106ce00000000000000000000000000000000000a4
:106cf0000000000000000000000000000000000094
:106d00000000000000000000000000000000000083
:106d10000000000000000000000000000000000073
:106d20000000000000000000000000000000000063
:106d30000000000000000000000000000000000053
:106d40000000000000000000000000000000000043
:106d50000000000000000000000000000000000033
:106d60000000000000000000000000000000000023
:106d70000000000000000000000000000000000013
:106d80000000000000000000000000000000000003
:106d900000000000000000000000000000000000f3
:106da00000000000000000000000000000000000e3
:106db00000000000000000000000000000000000d3
:106dc00000000000000000000000000000000000c3
:106dd00000000000000000000000000000000000b3
:106de00000000000000000000000000000000000a3
:106df0000000000000000000000000000000000093
:106e00000000000000000000000000000000000082
:106e10000000000000000000000000000000000072
:106e20000000000000000000000000000000000062
:106e30000000000000000000000000000000000052
:106e40000000000000000000000000000000000042
:106e50000000000000000000000000000000000032
:106e60000000000000000000000000000000000022
:106e70000000000000000000000000000000000012
:106e80000000000000000000000000000000000002
:106e900000000000000000000000000000000000f2
:106ea00000000000000000000000000000000000e2
:106eb00000000000000000000000000000000000d2
:106ec00000000000000000000000000000000000c2
:106ed00000000000000000000000000000000000b2
:106ee00000000000000000000000000000000000a2
:106ef0000000000000000000000000000000000092
:106f00000000000000000000000000000000000081
:106f10000000000000000000000000000000000071
:106f20000000000000000000000000000000000061
:106f30000000000000000000000000000000000051
:106f40000000000000000000000000000000000041
:106f50000000000000000000000000000000000031
:106f60000000000000000000000000000000000021
:106f70000000000000000000000000000000000011
:106f80000000000000000000000000000000000001
:106f900000000000000000000000000000000000f1
:106fa00000000000000000000000000000000000e1
:106fb00000000000000000000000000000000000d1
:106fc00000000000000000000000000000000000c1
:106fd00000000000000000000000000000000000b1
:106fe00000000000000000000000000000000000a1
:106ff0000000000000000000000000000000000091
:107000000000000000000000000000000000000080
:107010000000000000000000000000000000000070
:107020000000000000000000000000000000000060
:107030000000000000000000000000000000000050
:107040000000000000000000000000000000000040
:107050000000000000000000000000000000000030
:107060000000000000000000000000000000000020
:107070000000000000000000000000000000000010
:107080000000000000000000000000000000000000
:1070900000000000000000000000000000000000f0
:1070a00000000000000000000000000000000000e0
:1070b00000000000000000000000000000000000d0
:1070c00000000000000000000000000000000000c0
:1070d00000000000000000000000000000000000b0
:1070e00000000000000000000000000000000000a0
:1070f0000000000000000000000000000000000090
:10710000000000000000000000000000000000007f
:10711000000000000000000000000000000000006f
:10712000000000000000000000000000000000005f
:10713000000000000000000000000000000000004f
:10714000000000000000000000000000000000003f
:10715000000000000000000000000000000000002f
:10716000000000000000000000000000000000001f
:10717000000000000000000000000000000000000f
:1071800000000000000000000000000000000000ff
:1071900000000000000000000000000000000000ef
:1071a00000000000000000000000000000000000df
:1071b00000000000000000000000000000000000cf
:1071c00000000000000000000000000000000000bf
:1071d00000000000000000000000000000000000af
:1071e000000000000000000000000000000000009f
:1071f000000000000000000000000000000000008f
:10720000000000000000000000000000000000007e
:10721000000000000000000000000000000000006e
:10722000000000000000000000000000000000005e
:10723000000000000000000000000000000000004e
:10724000000000000000000000000000000000003e
:10725000000000000000000000000000000000002e
:10726000000000000000000000000000000000001e
:10727000000000000000000000000000000000000e
:1072800000000000000000000000000000000000fe
:1072900000000000000000000000000000000000ee
:1072a00000000000000000000000000000000000de
:1072b00000000000000000000000000000000000ce
:1072c00000000000000000000000000000000000be
:1072d00000000000000000000000000000000000ae
:1072e000000000000000000000000000000000009e
:1072f000000000000000000000000000000000008e
:10730000000000000000000000000000000000007d
:10731000000000000000000000000000000000006d
:10732000000000000000000000000000000000005d
:10733000000000000000000000000000000000004d
:10734000000000000000000000000000000000003d
:10735000000000000000000000000000000000002d
:10736000000000000000000000000000000000001d
:10737000000000000000000000000000000000000d
:1073800000000000000000000000000000000000fd
:1073900000000000000000000000000000000000ed
:1073a00000000000000000000000000000000000dd
:1073b00000000000000000000000000000000000cd
:1073c00000000000000000000000000000000000bd
:1073d00000000000000000000000000000000000ad
:1073e000000000000000000000000000000000009d
:1073f000000000000000000000000000000000008d
:10740000000000000000000000000000000000007c
:10741000000000000000000000000000000000006c
:10742000000000000000000000000000000000005c
:10743000000000000000000000000000000000004c
:10744000000000000000000000000000000000003c
:10745000000000000000000000000000000000002c
:10746000000000000000000000000000000000001c
:10747000000000000000000000000000000000000c
:1074800000000000000000000000000000000000fc
:1074900000000000000000000000000000000000ec
:1074a00000000000000000000000000000000000dc
:1074b00000000000000000000000000000000000cc
:1074c00000000000000000000000000000000000bc
:1074d00000000000000000000000000000000000ac
:1074e000000000000000000000000000000000009c
:1074f000000000000000000000000000000000008c
:10750000000000000000000000000000000000007b
:10751000000000000000000000000000000000006b
:10752000000000000000000000000000000000005b
:10753000000000000000000000000000000000004b
:10754000000000000000000000000000000000003b
:10755000000000000000000000000000000000002b
:10756000000000000000000000000000000000001b
:10757000000000000000000000000000000000000b
:1075800000000000000000000000000000000000fb
:1075900000000000000000000000000000000000eb
:1075a00000000000000000000000000000000000db
:1075b00000000000000000000000000000000000cb
:1075c00000000000000000000000000000000000bb
:1075d00000000000000000000000000000000000ab
:1075e000000000000000000000000000000000009b
:1075f000000000000000000000000000000000008b
:10760000000000000000000000000000000000007a
:10761000000000000000000000000000000000006a
:10762000000000000000000000000000000000005a
:10763000000000000000000000000000000000004a
:10764000000000000000000000000000000000003a
:10765000000000000000000000000000000000002a
:10766000000000000000000000000000000000001a
:10767000000000000000000000000000000000000a
:1076800000000000000000000000000000000000fa
:1076900000000000000000000000000000000000ea
:1076a00000000000000000000000000000000000da
:1076b00000000000000000000000000000000000ca
:1076c00000000000000000000000000000000000ba
:1076d00000000000000000000000000000000000aa
:1076e000000000000000000000000000000000009a
:1076f000000000000000000000000000000000008a
:107700000000000000000000000000000000000079
:107710000000000000000000000000000000000069
:107720000000000000000000000000000000000059
:107730000000000000000000000000000000000049
:107740000000000000000000000000000000000039
:107750000000000000000000000000000000000029
:107760000000000000000000000000000000000019
:107770000000000000000000000000000000000009
:1077800000000000000000000000000000000000f9
:1077900000000000000000000000000000000000e9
:1077a00000000000000000000000000000000000d9
:1077b00000000000000000000000000000000000c9
:1077c00000000000000000000000000000000000b9
:1077d00000000000000000000000000000000000a9
:1077e0000000000000000000000000000000000099
:1077f0000000000000000000000000000000000089
:107800000000000000000000000000000000000078
:107810000000000000000000000000000000000068
:107820000000000000000000000000000000000058
:107830000000000000000000000000000000000048
:107840000000000000000000000000000000000038
:107850000000000000000000000000000000000028
:107860000000000000000000000000000000000018
:107870000000000000000000000000000000000008
:1078800000000000000000000000000000000000f8
:1078900000000000000000000000000000000000e8
:1078a00000000000000000000000000000000000d8
:1078b00000000000000000000000000000000000c8
:1078c00000000000000000000000000000000000b8
:1078d00000000000000000000000000000000000a8
:1078e0000000000000000000000000000000000098
:1078f0000000000000000000000000000000000088
:107900000000000000000000000000000000000077
:107910000000000000000000000000000000000067
:107920000000000000000000000000000000000057
:107930000000000000000000000000000000000047
:107940000000000000000000000000000000000037
:107950000000000000000000000000000000000027
:107960000000000000000000000000000000000017
:107970000000000000000000000000000000000007
:1079800000000000000000000000000000000000f7
:1079900000000000000000000000000000000000e7
:1079a00000000000000000000000000000000000d7
:1079b00000000000000000000000000000000000c7
:1079c00000000000000000000000000000000000b7
:1079d00000000000000000000000000000000000a7
:1079e0000000000000000000000000000000000097
:1079f0000000000000000000000000000000000087
:107a00000000000000000000000000000000000076
:107a10000000000000000000000000000000000066
:107a20000000000000000000000000000000000056
:107a30000000000000000000000000000000000046
:107a40000000000000000000000000000000000036
:107a50000000000000000000000000000000000026
:107a60000000000000000000000000000000000016
:107a70000000000000000000000000000000000006
:107a800000000000000000000000000000000000f6
:107a900000000000000000000000000000000000e6
:107aa00000000000000000000000000000000000d6
:107ab00000000000000000000000000000000000c6
:107ac00000000000000000000000000000000000b6
:107ad00000000000000000000000000000000000a6
:107ae0000000000000000000000000000000000096
:107af0000000000000000000000000000000000086
:107b00000000000000000000000000000000000075
:107b10000000000000000000000000000000000065
:107b20000000000000000000000000000000000055
:107b30000000000000000000000000000000000045
:107b40000000000000000000000000000000000035
:107b50000000000000000000000000000000000025
:107b60000000000000000000000000000000000015
:107b70000000000000000000000000000000000005
:107b800000000000000000000000000000000000f5
:107b900000000000000000000000000000000000e5
:107ba00000000000000000000000000000000000d5
:107bb00000000000000000000000000000000000c5
:107bc00000000000000000000000000000000000b5
:107bd00000000000000000000000000000000000a5
:107be0000000000000000000000000000000000095
:107bf0000000000000000000000000000000000085
:107c00000000000000000000000000000000000074
:107c10000000000000000000000000000000000064
:107c20000000000000000000000000000000000054
:107c30000000000000000000000000000000000044
:107c40000000000000000000000000000000000034
:107c50000000000000000000000000000000000024
:107c60000000000000000000000000000000000014
:107c70000000000000000000000000000000000004
:107c800000000000000000000000000000000000f4
:107c900000000000000000000000000000000000e4
:107ca00000000000000000000000000000000000d4
:107cb00000000000000000000000000000000000c4
:107cc00000000000000000000000000000000000b4
:107cd00000000000000000000000000000000000a4
:107ce0000000000000000000000000000000000094
:107cf0000000000000000000000000000000000084
:107d00000000000000000000000000000000000073
:107d10000000000000000000000000000000000063
:107d20000000000000000000000000000000000053
:107d30000000000000000000000000000000000043
:107d40000000000000000000000000000000000033
:107d50000000000000000000000000000000000023
:107d60000000000000000000000000000000000013
:107d70000000000000000000000000000000000003
:107d800000000000000000000000000000000000f3
:107d900000000000000000000000000000000000e3
:107da00000000000000000000000000000000000d3
:107db00000000000000000000000000000000000c3
:107dc00000000000000000000000000000000000b3
:107dd00000000000000000000000000000000000a3
:107de0000000000000000000000000000000000093
:107df0000000000000000000000000000000000083
:107e00000000000000000000000000000000000072
:107e10000000000000000000000000000000000062
:107e20000000000000000000000000000000000052
:107e30000000000000000000000000000000000042
:107e40000000000000000000000000000000000032
:107e50000000000000000000000000000000000022
:107e60000000000000000000000000000000000012
:107e70000000000000000000000000000000000002
:107e800000000000000000000000000000000000f2
:107e900000000000000000000000000000000000e2
:107ea00000000000000000000000000000000000d2
:107eb00000000000000000000000000000000000c2
:107ec00000000000000000000000000000000000b2
:107ed00000000000000000000000000000000000a2
:107ee0000000000000000000000000000000000092
:107ef0000000000000000000000000000000000082
:107f00000000000000000000000000000000000071
:107f10000000000000000000000000000000000061
:107f20000000000000000000000000000000000051
:107f30000000000000000000000000000000000041
:107f40000000000000000000000000000000000031
:107f50000000000000000000000000000000000021
:107f60000000000000000000000000000000000011
:107f70000000000000000000000000000000000001
:107f800000000000000000000000000000000000f1
:107f900000000000000000000000000000000000e1
:107fa00000000000000000000000000000000000d1
:107fb00000000000000000000000000000000000c1
:107fc00000000000000000000000000000000000b1
:107fd00000000000000000000000000000000000a1
:107fe0000000000000000000000000000000000091
:107ff0000000000000000000000000000000000081
:108000000000000000000000000000000000000070
:108010000000000000000000000000000000000060
:108020000000000000000000000000000000000050
:108030000000000000000000000000000000000040
:108040000000000000000000000000000000000030
:108050000000000000000000000000000000000020
:108060000000000000000000000000000000000010
:108070000000000000000000000000000000000000
:1080800000000000000000000000000000000000f0
:1080900000000000000000000000000000000000e0
:1080a00000000000000000000000000000000000d0
:1080b00000000000000000000000000000000000c0
:1080c00000000000000000000000000000000000b0
:1080d00000000000000000000000000000000000a0
:1080e0000000000000000000000000000000000090
:1080f0000000000000000000000000000000000080
:10810000000000000000000000000000000000006f
:10811000000000000000000000000000000000005f
:10812000000000000000000000000000000000004f
:10813000000000000000000000000000000000003f
:10814000000000000000000000000000000000002f
:10815000000000000000000000000000000000001f
:10816000000000000000000000000000000000000f
:1081700000000000000000000000000000000000ff
:1081800000000000000000000000000000000000ef
:1081900000000000000000000000000000000000df
:1081a00000000000000000000000000000000000cf
:1081b00000000000000000000000000000000000bf
:1081c00000000000000000000000000000000000af
:1081d000000000000000000000000000000000009f
:1081e000000000000000000000000000000000008f
:1081f000000000000000000000000000000000007f
:10820000000000000000000000000000000000006e
:10821000000000000000000000000000000000005e
:10822000000000000000000000000000000000004e
:10823000000000000000000000000000000000003e
:10824000000000000000000000000000000000002e
:10825000000000000000000000000000000000001e
:10826000000000000000000000000000000000000e
:1082700000000000000000000000000000000000fe
:1082800000000000000000000000000000000000ee
:1082900000000000000000000000000000000000de
:1082a00000000000000000000000000000000000ce
:1082b00000000000000000000000000000000000be
:1082c00000000000000000000000000000000000ae
:1082d000000000000000000000000000000000009e
:1082e000000000000000000000000000000000008e
:1082f000000000000000000000000000000000007e
:10830000000000000000000000000000000000006d
:10831000000000000000000000000000000000005d
:10832000000000000000000000000000000000004d
:10833000000000000000000000000000000000003d
:10834000000000000000000000000000000000002d
:10835000000000000000000000000000000000001d
:10836000000000000000000000000000000000000d
:1083700000000000000000000000000000000000fd
:1083800000000000000000000000000000000000ed
:1083900000000000000000000000000000000000dd
:1083a00000000000000000000000000000000000cd
:1083b00000000000000000000000000000000000bd
:1083c00000000000000000000000000000000000ad
:1083d000000000000000000000000000000000009d
:1083e000000000000000000000000000000000008d
:1083f000000000000000000000000000000000007d
:10840000000000000000000000000000000000006c
:10841000000000000000000000000000000000005c
:10842000000000000000000000000000000000004c
:10843000000000000000000000000000000000003c
:10844000000000000000000000000000000000002c
:10845000000000000000000000000000000000001c
:10846000000000000000000000000000000000000c
:1084700000000000000000000000000000000000fc
:1084800000000000000000000000000000000000ec
:1084900000000000000000000000000000000000dc
:1084a00000000000000000000000000000000000cc
:1084b00000000000000000000000000000000000bc
:1084c00000000000000000000000000000000000ac
:1084d000000000000000000000000000000000009c
:1084e000000000000000000000000000000000008c
:1084f000000000000000000000000000000000007c
:10850000000000000000000000000000000000006b
:10851000000000000000000000000000000000005b
:10852000000000000000000000000000000000004b
:10853000000000000000000000000000000000003b
:10854000000000000000000000000000000000002b
:10855000000000000000000000000000000000001b
:10856000000000000000000000000000000000000b
:1085700000000000000000000000000000000000fb
:1085800000000000000000000000000000000000eb
:1085900000000000000000000000000000000000db
:1085a00000000000000000000000000000000000cb
:1085b00000000000000000000000000000000000bb
:1085c00000000000000000000000000000000000ab
:1085d000000000000000000000000000000000009b
:1085e000000000000000000000000000000000008b
:1085f000000000000000000000000000000000007b
:10860000000000000000000000000000000000006a
:10861000000000000000000000000000000000005a
:10862000000000000000000000000000000000004a
:10863000000000000000000000000000000000003a
:10864000000000000000000000000000000000002a
:10865000000000000000000000000000000000001a
:10866000000000000000000000000000000000000a
:1086700000000000000000000000000000000000fa
:1086800000000000000000000000000000000000ea
:1086900000000000000000000000000000000000da
:1086a00000000000000000000000000000000000ca
:1086b00000000000000000000000000000000000ba
:1086c00000000000000000000000000000000000aa
:1086d000000000000000000000000000000000009a
:1086e000000000000000000000000000000000008a
:1086f000000000000000000000000000000000007a
:108700000000000000000000000000000000000069
:108710000000000000000000000000000000000059
:108720000000000000000000000000000000000049
:108730000000000000000000000000000000000039
:108740000000000000000000000000000000000029
:108750000000000000000000000000000000000019
:108760000000000000000000000000000000000009
:1087700000000000000000000000000000000000f9
:1087800000000000000000000000000000000000e9
:1087900000000000000000000000000000000000d9
:1087a00000000000000000000000000000000000c9
:1087b00000000000000000000000000000000000b9
:1087c00000000000000000000000000000000000a9
:1087d0000000000000000000000000000000000099
:1087e0000000000000000000000000000000000089
:1087f0000000000000000000000000000000000079
:108800000000000000000000000000000000000068
:108810000000000000000000000000000000000058
:108820000000000000000000000000000000000048
:108830000000000000000000000000000000000038
:108840000000000000000000000000000000000028
:108850000000000000000000000000000000000018
:108860000000000000000000000000000000000008
:1088700000000000000000000000000000000000f8
:1088800000000000000000000000000000000000e8
:1088900000000000000000000000000000000000d8
:1088a00000000000000000000000000000000000c8
:1088b00000000000000000000000000000000000b8
:1088c00000000000000000000000000000000000a8
:1088d0000000000000000000000000000000000098
:1088e0000000000000000000000000000000000088
:1088f0000000000000000000000000000000000078
:108900000000000000000000000000000000000067
:108910000000000000000000000000000000000057
:108920000000000000000000000000000000000047
:108930000000000000000000000000000000000037
:108940000000000000000000000000000000000027
:108950000000000000000000000000000000000017
:108960000000000000000000000000000000000007
:1089700000000000000000000000000000000000f7
:1089800000000000000000000000000000000000e7
:1089900000000000000000000000000000000000d7
:1089a00000000000000000000000000000000000c7
:1089b00000000000000000000000000000000000b7
:1089c00000000000000000000000000000000000a7
:1089d0000000000000000000000000000000000097
:1089e0000000000000000000000000000000000087
:1089f0000000000000000000000000000000000077
:108a00000000000000000000000000000000000066
:108a10000000000000000000000000000000000056
:108a20000000000000000000000000000000000046
:108a30000000000000000000000000000000000036
:108a40000000000000000000000000000000000026
:108a50000000000000000000000000000000000016
:108a60000000000000000000000000000000000006
:108a700000000000000000000000000000000000f6
:108a800000000000000000000000000000000000e6
:108a900000000000000000000000000000000000d6
:108aa00000000000000000000000000000000000c6
:108ab00000000000000000000000000000000000b6
:108ac00000000000000000000000000000000000a6
:108ad0000000000000000000000000000000000096
:108ae0000000000000000000000000000000000086
:108af0000000000000000000000000000000000076
:108b00000000000000000000000000000000000065
:108b10000000000000000000000000000000000055
:108b20000000000000000000000000000000000045
:108b30000000000000000000000000000000000035
:108b40000000000000000000000000000000000025
:108b50000000000000000000000000000000000015
:108b60000000000000000000000000000000000005
:108b700000000000000000000000000000000000f5
:108b800000000000000000000000000000000000e5
:108b900000000000000000000000000000000000d5
:108ba00000000000000000000000000000000000c5
:108bb00000000000000000000000000000000000b5
:108bc00000000000000000000000000000000000a5
:108bd0000000000000000000000000000000000095
:108be0000000000000000000000000000000000085
:108bf0000000000000000000000000000000000075
:108c00000000000000000000000000000000000064
:108c10000000000000000000000000000000000054
:108c20000000000000000000000000000000000044
:108c30000000000000000000000000000000000034
:108c40000000000000000000000000000000000024
:108c50000000000000000000000000000000000014
:108c60000000000000000000000000000000000004
:108c700000000000000000000000000000000000f4
:108c800000000000000000000000000000000000e4
:108c900000000000000000000000000000000000d4
:108ca00000000000000000000000000000000000c4
:108cb00000000000000000000000000000000000b4
:108cc00000000000000000000000000000000000a4
:108cd0000000000000000000000000000000000094
:108ce0000000000000000000000000000000000084
:108cf0000000000000000000000000000000000074
:108d00000000000000000000000000000000000063
:108d10000000000000000000000000000000000053
:108d20000000000000000000000000000000000043
:108d30000000000000000000000000000000000033
:108d40000000000000000000000000000000000023
:108d50000000000000000000000000000000000013
:108d60000000000000000000000000000000000003
:108d700000000000000000000000000000000000f3
:108d800000000000000000000000000000000000e3
:108d900000000000000000000000000000000000d3
:108da00000000000000000000000000000000000c3
:108db00000000000000000000000000000000000b3
:108dc00000000000000000000000000000000000a3
:108dd0000000000000000000000000000000000093
:108de0000000000000000000000000000000000083
:108df0000000000000000000000000000000000073
:108e00000000000000000000000000000000000062
:108e10000000000000000000000000000000000052
:108e20000000000000000000000000000000000042
:108e30000000000000000000000000000000000032
:108e40000000000000000000000000000000000022
:108e50000000000000000000000000000000000012
:108e60000000000000000000000000000000000002
:108e700000000000000000000000000000000000f2
:108e800000000000000000000000000000000000e2
:108e900000000000000000000000000000000000d2
:108ea00000000000000000000000000000000000c2
:108eb00000000000000000000000000000000000b2
:108ec00000000000000000000000000000000000a2
:108ed0000000000000000000000000000000000092
:108ee0000000000000000000000000000000000082
:108ef0000000000000000000000000000000000072
:108f00000000000000000000000000000000000061
:108f10000000000000000000000000000000000051
:108f20000000000000000000000000000000000041
:108f30000000000000000000000000000000000031
:108f40000000000000000000000000000000000021
:108f50000000000000000000000000000000000011
:108f60000000000000000000000000000000000001
:108f700000000000000000000000000000000000f1
:108f800000000000000000000000000000000000e1
:108f900000000000000000000000000000000000d1
:108fa00000000000000000000000000000000000c1
:108fb00000000000000000000000000000000000b1
:108fc00000000000000000000000000000000000a1
:108fd0000000000000000000000000000000000091
:108fe0000000000000000000000000000000000081
:108ff0000000000000000000000000000000000071
:020000040000fa
:020000041d03da
:10900000ffff0224e0ffbd27c8000724c88282a713
:10901000170204240100022450000524aa02062499
:109020001c00bfafe3bb400f1000a2af34808687a7
:10903000059d053cd0eea5242540410fbc81842729
:10904000039d043c0020842405bd400fc88280a7f6
:109050001c00bf8f1702042432000524bc81862720
:10906000afbd400b2000bd27ffff0224e0ffbd275e
:10907000c88282a77800042401000224500005243d
:1090800009010624c80007241c00bfafe3bb400f42
:109090001000a2af039d043c0020842405bd400fb6
:1090a000c88280a7328082970800432c3e0060105f
:1090b0001c00bf8f049d033c80100200d0906324ed
:1090c000211062000000428c0800400000000000f7
:1090d000f090039d1491039d2891039d3c91039d65
:1090e0005091039d6491039d7891039d8c91039d04
:1090f000029d043cb8c8842405bd400fc88280a7e7
:10910000059d063c820004245f00052467e4400bb3
:10911000d8eec624059d063c9b000424320005249d
:1091200067e4400bdceec624059d063c7d0004246c
:109130003200052467e4400be0eec624059d063ca2
:109140007d0004243200052467e4400be4eec624cd
:10915000059d063c7d0004243200052467e4400b95
:10916000e8eec624059d063c7d000424320005245b
:1091700067e4400beceec624059d063c7d0004240c
:109180003200052467e4400bf0eec624059d063c42
:109190007d00042432000524f4eec6241c00bf8f99
:1091a000afbd400b2000bd270800e0032000bd2715
:1091b000d8ffbd271800b1af828291970100022429
:1091c0001c00b2af1400b0af2400bfaf2000b3af9b
:1091d0002190a000f6012216ffff90300600022425
:1091e00059010216070002240000a294190003246a
:1091f0007d0043141b00032488bf123c6060428e34
:10920000280004240463227e606042aecd3d410ffd
:10921000000000006060428e0463027c606042ae29
:109220002a8282973700401400000000501a410f34
:1092300019000424059d053cf8eea524e224410f05
:10924000212040006882828fcf7b032432001324c8
:109250001c0043acffff0324040043a4180051acde
:10926000200040ac240053ac2c82828fffff1234cc
:109270001c000424180050ac1c0052ac200052ac5e
:10928000240053ac501a410f040040a40c00439436
:109290001a000424004063340c0043a47082828fbf
:1092a000180050ac1c0052ac200052ac240053ac4f
:1092b000501a410f040040a40c0043941b000424e6
:1092c000004063340c0043a49c82828f180050ac91
:1092d0001c0052ac200052ac240053ac501a410f79
:1092e000040040a40c0043942a8291a7228280a704
:1092f000004063340c0043a4a48280a76ce6400bba
:109300005e8280a7501a410f19000424059d053c78
:1093100000efa524e224410f212040006882828fc3
:10932000ffff033486311324180050ac32001024a0
:109330001c0043ac200043ac240050ac040040a40b
:109340002c82828f410812241c000424180051ac86
:109350001c0053ac200040ac240050ac501a410f0c
:10936000040052a40c0043941a0004240040633407
:109370000c0043a47082828f180051ac1c0053acc7
:10938000200040ac240050ac501a410f040052a4fd
:109390000c0043941b000424004063340c0043a4dd
:1093a0009c82828f180051ac1c0053ac200040ac52
:1093b000240050ac501a410f040052a40c004394f6
:1093c0002a8280a7228291a7004063340c0043a424
:1093d00080bf023ca48291a75e8291a7203240ac5c
:1093e0006de6400b2400bf8f460043141c0003248d
:1093f0002a829397ce007116f7ff432488bf113c51
:109400006060228e280004240463627e606022aec5
:10941000cd3d410f000000006060228e5e82839788
:109420000463027c606022ae9c82828f27006014fd
:1094300080bf113cff070324203223aecf7b0324df
:10944000320012241c0043ac86310324040043a4e0
:109450001b000424180053ac200040ac240052ac84
:10946000228280a7a48280a7501a410f5e8293a710
:109470000c004394ffff11341a00042400406334ad
:109480000c0043a47082828f180050ac1c0051acb9
:10949000200051ac240052ac501a410f040040a4eb
:1094a0000c0043941c000424004063340c0043a4cb
:1094b0002c82828f180050ac1c0051ac200051aca3
:1094c000240052ac7ae5400b040040a4ffff0334b3
:1094d0001c0043ac200043ac32000324240043ac06
:1094e000180050ac040040a4501a410f1b00042483
:1094f0000c0043945e8280a700406334c8e5400bb3
:109500000c0043a44c0043141a0003242a829397ae
:1095100087007116f7ff432488bf113c6060228edc
:10952000280004240463627e606022aecd3d410fba
:10953000000000006060228e228283970463027c18
:10954000606022ae2c82828f2d00601480bf113c9f
:1095500000040324203223aecf7b03241c0043ac41
:109560003200122486310324040043a41c00042486
:10957000180053ac200040ac240052ac228293a7c8
:10958000a48280a7501a410f5e8280a70c004394ea
:10959000ffff11341a000424004063340c0043a47c
:1095a0007082828f180050ac1c0051ac200051ac6e
:1095b000240052ac040040a4501a410f00000000e7
:1095c0000c0043941b000424004063340c0043a4ab
:1095d0009c82828f180050ac1c0051ac200051ac12
:1095e000240052ac040040a4501a410f00000000b7
:1095f0000c004394004063346ce6400b0c0043a421
:10960000ffff03341c0043ac200043ac32000324b2
:10961000240043ac180050ac040040a4501a410f81
:109620001c0004240c004394228280a70040633471
:10963000c8e5400b0c0043a43c0043142a829397d6
:109640003b007116f7ff432488bf113c6060228ef7
:10965000280004240463627e606022aecd3d410f89
:10966000000000006060228ea48283970463027c65
:10967000606022ae7082828f1c00601480bf113c3b
:1096800014050324203223aecf7b03241c0043acfb
:109690003200122486310324040043a41a00042457
:1096a000180053ac200040ac240052ac228280a7aa
:1096b000a48293a7501a410f5e8280a70c004394a6
:1096c000ffff11341c000424004063340c0043a449
:1096d0002c82828f180050ac1c0051ac200051ac81
:1096e000240052ac6ee5400b040040a4ffff03349d
:1096f0001c0043ac200043ac32000324240043ace4
:10970000180050ac040040a4501a410f1a00042461
:109710000c004394a48280a7004063340c0043a44f
:10972000203220ae6de6400b2400bf8ff7ff4324ac
:10973000ffff63300200632c41006010f9ff4224f8
:10974000dbe5400b88bf113c9a0002162400bf8f56
:109750000000a29409000324030043100a0003241c
:10976000950043140100022488bf113c6060228ee2
:1097700001000324280004240463627c606022ae9c
:10978000cd3d410f000000006060228e0463027c2a
:10979000606022ae060002240e00021607000224ba
:1097a00000004296090003248a0043140a0003249f
:1097b00034808297010042242016027c348082a7e4
:1097c0001a0042281a004014190002240ce6400b2b
:1097d000348082a7770002162400bf8f00004396d2
:1097e000090002247b0062140a000224348082975c
:1097f000010042242016027c348082a71a004228ed
:109800000200401419000224348082a700e4400fb3
:109810000000000074e6400b00004396ffff422466
:109820002016027c02004104348082a7348080a785
:1098300000e4400f000000006de6400b2400bf8fe5
:10984000ffff42300200422c670040500000439668
:1098500088bf103c6060028e0100032428000424ad
:109860000463627c606002aecd3d410f00000000e9
:109870006060028e0463027c606002ae000042966b
:10988000f9ff4324ffff63300200632c5600605051
:1098900000004396070003240a0043140800032431
:1098a0003280839701006324201e037c328083a7cb
:1098b000080063280a006050328082a738e6400b17
:1098c000000000004700431432808297ffff4224cb
:1098d0002016027c02004104328082a7328080a7d9
:1098e0001ae4400f000000006de6400b2400bf8f1b
:1098f0006060228e01001024280004240463027e8c
:10990000606022aecd3d410f000000006060228efd
:109910000463027c606022ae7e8182871300401463
:1099200000000000501a410f18000424059d053c5a
:1099300021204000e224410f04efa5241082828ff1
:10994000cf7b03247e8190a71c0043ac320003240c
:10995000240043acffff0324180050ac200040acaf
:10996000040043a46ce6400bf48190a7501a410f09
:1099700018000424059d053c21204000e224410fed
:109980000cefa5241082828f060003247e8180a71d
:10999000180043acffff03341c0043ac200043ac71
:1099a00032000324240043ac040040a4f48180a7c7
:1099b0002400bf8f010002242000b38f1c00b28f4f
:1099c0001800b18f1400b08f0800e0032800bd27f5
:1099d0000a000224f7ff62142400bf8f07e6400b41
:1099e000348082970000439618000224f1ff62142d
:1099f0002400bf8f3ce6400b88bf113c3582829328
:109a0000e8ffbd27390040101400bfaf7e81828778
:109a10001300401000000000501a410f18000424e9
:109a2000059d053c21204000e224410f04efa524c0
:109a30001082828fcf7b0424010003241c0044acdd
:109a400032000424240044acffff0424180043ac7b
:109a5000200040ac040044a4a8e6400b7e8183a70c
:109a6000501a410f18000424059d053c2120400098
:109a7000e224410f0cefa5241082828f06000324fc
:109a80007e8180a7180043acffff03341c0043ac69
:109a9000200043ac32000324240043ac040040a463
:109aa0000e00022400e4400f348082a70300022449
:109ab0001ae4400f328082a7ffff0224368082a77b
:109ac00003000224638280a31c8280a3148280a3eb
:109ad000ec8180a36c8280a3308280a3628280a309
:109ae000508280a3b88282af358280a31400bf8fda
:109af0000800e0031800bd27a881828f5802432880
:109b00000a10030000a0033c80280200741963249b
:109b10002118a30001004224000064ac0800e00307
:109b2000a88182af00a0043c7419842460098324b6
:109b3000211000000000858c04008424fdff8314a4
:109b400021104500580203241b004300f40160006b
:109b50000800e00312100000a481828f58024328fd
:109b60000a10030000a0033c8028020014106324a4
:109b70002118a30001004224000064ac0800e003a7
:109b8000a48182af00a0043c1410842460098324c3
:109b9000211000000000858c04008424fdff831444
:109ba00021104500580203241b004300f40160000b
:109bb0000800e00312100000ea818497d8ffbd2757
:109bc0002400bfaf2026047c832004001c00b1af1a
:109bd0001800b0afd6e6400f2000b2afe1e6400f6c
:109be000059d113c6c818497212044004078847c41
:109bf0003e40410f6c8184a750ef258e212040000c
:109c000021804000e527410f708182af010040585c
:109c1000748180a750ef248e21280002e527410f90
:109c2000059d123c070041047081918f54ef458ed1
:109c3000e527410f2120000201004058748180a7d0
:109c40007081918f54ef448e059d103ce527410fa4
:109c500021282002090043047081918f58ef058e5e
:109c6000e527410f212020020400401c7081918fc4
:109c700002000224748182a77081918f58ef048eb4
:109c8000059d103ce527410f2128200209004304cf
:109c90007081918f5cef058ee527410f2120200216
:109ca0000400401c7081918f03000224748182a7fc
:109cb0007081918f5cef048e059d103ce527410f6c
:109cc00021282002090043047081918f60ef058ee6
:109cd000e527410f212020020400401c7081918f54
:109ce00004000224748182a77081918f60ef048e3a
:109cf000059d103ce527410f21282002090043045f
:109d00007081918f64ef058ee527410f212020029d
:109d10000400401c7081918f05000224748182a789
:109d20007081918f64ef048e059d103ce527410ff3
:109d300021282002090043047081918f68ef058e6d
:109d4000e527410f212020020400401c7081918fe3
:109d500006000224748182a77081918f68ef048ebf
:109d6000059d103ce527410f2128200209004304ee
:109d70007081918f6cef058ee527410f2120200225
:109d80000400401c7081918f07000224748182a717
:109d90007081918f6cef048e059d103ce527410f7b
:109da00021282002090043047081918f70ef058ef5
:109db000e527410f212020020400401c7081918f73
:109dc00008000224748182a77081918f70ef048e45
:109dd000059d103ce527410f21282002090043047e
:109de0007081918f74ef058ee527410f21202002ad
:109df0000400401c7081918f09000224748182a7a5
:109e00007081918f74ef048e059d103ce527410f02
:109e100021282002090043047081918f78ef058e7c
:109e2000e527410f212020020400401c7081918f02
:109e30000a000224748182a77081918f78ef048eca
:109e4000059d103ce527410f21282002090043040d
:109e50007081918f7cef058ee527410f2120200234
:109e60000400401c7081918f0b000224748182a732
:109e70007081918f7cef048e059d103ce527410f8a
:109e800021282002090043047081918f80ef058e04
:109e9000e527410f212020020400401c7081918f92
:109ea0000c000224748182a77081918f80ef048e50
:109eb000059d103ce527410f21282002090043049d
:109ec0007081918f84ef058ee527410f21202002bc
:109ed0000400401c7081918f0d000224748182a7c0
:109ee0007081918f84ef048e059d103ce527410f12
:109ef00021282002090043047081918f88ef058e8c
:109f0000e527410f212020020400401c7081918f21
:109f10000e000224748182a77081918f88ef048ed5
:109f2000059d103ce527410f21282002090043042c
:109f30007081918f8cef058ee527410f2120200243
:109f40000400401c7081918f0f000224748182a74d
:109f50007081918f8cef048e059d103ce527410f99
:109f600021282002090043047081918f90ef058e13
:109f7000e527410f212020020400401c7081918fb1
:109f800010000224748182a77081918f90ef048e5b
:109f9000059d103ce527410f2128200209004304bc
:109fa0007081918f94ef058ee527410f21202002cb
:109fb0000400401c7081918f11000224748182a7db
:109fc0007081918f94ef048e059d103ce527410f21
:109fd00021282002090043047081918f98ef058e9b
:109fe000e527410f212020020400401c7081918f41
:109ff00012000224748182a77081918f98ef048ee1
:10a00000059d103ce527410f21282002090043044b
:10a010007081918f9cef058ee527410f2120200252
:10a020000400401c7081918f13000224748182a768
:10a030007081918f9cef048e059d103ce527410fa8
:10a0400021282002090043047081918fa0ef058e22
:10a05000e527410f212020020400401c7081918fd0
:10a0600014000224748182a77081918fa0ef048e66
:10a07000059d103ce527410f2128200209004304db
:10a080007081918fa4ef058ee527410f21202002da
:10a090000400401c7081918f15000224748182a7f6
:10a0a0007081918fa4ef048e059d103ce527410f30
:10a0b00021282002090043047081918fa8ef058eaa
:10a0c000e527410f212020020400401c7081918f60
:10a0d00016000224748182a77081918fa8ef048eec
:10a0e000059d103ce527410f21282002090043046b
:10a0f0007081918facef058ee527410f2120200262
:10a100000400401c7081918f17000224748182a783
:10a110007081918facef048e059d103ce527410fb7
:10a1200021282002090043047081918fb0ef058e31
:10a13000e527410f212020020400401c7081918fef
:10a1400018000224748182a77081918fb0ef048e71
:10a15000059d103ce527410f2128200209004304fa
:10a160007081918fb4ef058ee527410f21202002e9
:10a170000400401c7081918f19000224748182a711
:10a180007081918fb4ef048e059d103ce527410f3f
:10a1900021282002090043047081918fb8ef058eb9
:10a1a000e527410f212020020400401c7081918f7f
:10a1b0001a000224748182a77081918fb8ef048ef7
:10a1c000059d103ce527410f21282002090043048a
:10a1d0007081918fbcef058ee527410f2120200271
:10a1e0000400401c7081918f1b000224748182a79f
:10a1f0007081918fbcef048e059d103ce527410fc7
:10a2000021282002090043047081918fc0ef058e40
:10a21000e527410f212020020400401c7081918f0e
:10a220001c000224748182a77081918fc0ef048e7c
:10a23000059d103ce527410f212820020900430419
:10a240007081918fc4ef058ee527410f21202002f8
:10a250000400401c7081918f1d000224748182a72c
:10a260007081918fc4ef048e059d103ce527410f4e
:10a2700021282002090043047081918fc8ef058ec8
:10a28000e527410f212020020400401c7081918f9e
:10a290001e000224748182a77081918fc8ef048e02
:10a2a000059d103ce527410f2128200209004304a9
:10a2b0007081918fccef058ee527410f2120200280
:10a2c0000400401c7081918f1f000224748182a7ba
:10a2d0007081918fccef048e059d103ce527410fd6
:10a2e00021282002090043047081918fd0ef058e50
:10a2f000e527410f212020020400401c7081918f2e
:10a3000020000224748182a77081918fd0ef048e87
:10a31000059d103ce527410f212820020900430438
:10a320007081918fd4ef058ee527410f2120200207
:10a330000400401c7081918f21000224748182a747
:10a340007081918fd4ef048e059d103ce527410f5d
:10a3500021282002090043047081918fd8ef058ed7
:10a36000e527410f212020020400401c7081918fbd
:10a3700022000224748182a77081918fd8ef048e0d
:10a38000059d103ce527410f2128200209004304c8
:10a390007081918fdcef058ee527410f212020028f
:10a3a0000400401c7081918f23000224748182a7d5
:10a3b0007081918fdcef048e059d103ce527410fe5
:10a3c00021282002090043047081918fe0ef058e5f
:10a3d000e527410f212020020400401c7081918f4d
:10a3e00024000224748182a77081918fe0ef048e93
:10a3f000059d103ce527410f212820020900430458
:10a400007081918fe4ef058ee527410f2120200216
:10a410000400401c7081918f25000224748182a762
:10a420007081918fe4ef048e059d103ce527410f6c
:10a4300021282002090043047081918fe8ef058ee6
:10a44000e527410f212020020400401c7081918fdc
:10a4500026000224748182a77081918fe8ef048e18
:10a46000059d103ce527410f2128200209004304e7
:10a470007081918fecef058ee527410f212020029e
:10a480000400401c7081918f27000224748182a7f0
:10a490007081918fecef048e059d103ce527410ff4
:10a4a00021282002090043047081918ff0ef058e6e
:10a4b000e527410f212020020400401c7081918f6c
:10a4c00028000224748182a77081918ff0ef048e9e
:10a4d000059d103ce527410f212820020900430477
:10a4e0007081918ff4ef058ee527410f2120200226
:10a4f0000400401c7081918f29000224748182a77e
:10a500007081918ff4ef048e059d103ce527410f7b
:10a5100021282002090043047081918ff8ef058ef5
:10a52000e527410f212020020400401c7081918ffb
:10a530002a000224748182a77081918ff8ef048e23
:10a54000059d103ce527410f212820020900430406
:10a550007081918ffcef058ee527410f21202002ad
:10a560000400401c7081918f2b000224748182a70b
:10a570007081918ffcef048e059d103ce527410f03
:10a5800021282002090043047081918f00f0058e7c
:10a59000e527410f212020020400401c7081918f8b
:10a5a0002c000224748182a77081918f00f0048ea8
:10a5b000059d103ce527410f212820020900430496
:10a5c0007081918f04f0058ee527410f2120200234
:10a5d0000400401c7081918f2d000224748182a799
:10a5e0007081918f04f0048e059d103ce527410f8a
:10a5f00021282002090043047081918f08f0058e04
:10a60000e527410f212020020400401c7081918f1a
:10a610002e000224748182a77081918f08f0048e2d
:10a62000059d103ce527410f212820020900430425
:10a630007081918f0cf0058ee527410f21202002bb
:10a640000400401c7081918f2f000224748182a726
:10a650007081918f0cf0048e059d103ce527410f11
:10a6600021282002090043047081918f10f0058e8b
:10a67000e527410f212020020400401c7081918faa
:10a6800030000224748182a77081918f10f0048eb3
:10a69000059d103ce527410f2128200209004304b5
:10a6a0007081918f14f0058ee527410f2120200243
:10a6b0000400401c7081918f31000224748182a7b4
:10a6c0007081918f14f0048e059d103ce527410f99
:10a6d00021282002090043047081918f18f0058e13
:10a6e000e527410f212020020400401c7081918f3a
:10a6f00032000224748182a77081918f18f0048e39
:10a70000059d103ce527410f212820020900430444
:10a710007081918f1cf0058ee527410f21202002ca
:10a720000400401c7081918f33000224748182a741
:10a730007081918f1cf0048e059d103ce527410f20
:10a7400021282002090043047081918f20f0058e9a
:10a75000e527410f212020020400401c7081918fc9
:10a7600034000224748182a77081918f20f0048ebe
:10a77000059d103ce527410f2128200209004304d4
:10a780007081918f24f0058ee527410f2120200252
:10a790000400401c7081918f35000224748182a7cf
:10a7a0007081918f24f0048e059d103ce527410fa8
:10a7b00021282002090043047081918f28f0058e22
:10a7c000e527410f212020020400401c7081918f59
:10a7d00036000224748182a77081918f28f0048e44
:10a7e000059d103ce527410f212820020900430464
:10a7f0007081918f2cf0058ee527410f21202002da
:10a800000400401c7081918f37000224748182a75c
:10a810007081918f2cf0048e059d103ce527410f2f
:10a8200021282002090043047081918f30f0058ea9
:10a83000e527410f212020020400401c7081918fe8
:10a8400038000224748182a77081918f30f0048ec9
:10a85000059d103ce527410f2128200209004304f3
:10a860007081918f34f0058ee527410f2120200261
:10a870000400401c7081918f39000224748182a7ea
:10a880007081918f34f0048e059d103ce527410fb7
:10a8900021282002090043047081918f38f0058e31
:10a8a000e527410f212020020400401c7081918f78
:10a8b0003a000224748182a77081918f38f0048e4f
:10a8c000059d103ce527410f212820020900430483
:10a8d0007081918f3cf0058ee527410f21202002e9
:10a8e0000400401c7081918f3b000224748182a778
:10a8f0007081918f3cf0048e059d103ce527410f3f
:10a9000021282002090043047081918f40f0058eb8
:10a91000e527410f212020020400401c7081918f07
:10a920003c000224748182a77081918f40f0048ed4
:10a93000059d103ce527410f212820020900430412
:10a940007081918f44f0058ee527410f2120200270
:10a950000400401c7081918f3d000224748182a705
:10a960007081918f44f0048e059d103ce527410fc6
:10a9700021282002090043047081918f48f0058e40
:10a98000e527410f212020020400401c7081918f97
:10a990003e000224748182a77081918f48f0048e5a
:10a9a000059d103ce527410f2128200209004304a2
:10a9b0007081918f4cf0058ee527410f21202002f8
:10a9c0000400401c7081918f3f000224748182a793
:10a9d0007081918f4cf0048e059d103ce527410f4e
:10a9e000212820020800410450f0048e50f0058e0a
:10a9f000e527410f212020020300401c50f0048e67
:10aa000040000224748182a7e527410f7081858f61
:10aa1000040041047481829741000224748182a75a
:10aa20007481829782829097010003243300031679
:10aa30005c8182a776818397300062100500042430
:10aa4000cd3d410f768182a75e01042427010524b4
:10aa5000c201062477010724c88280a7e3bb400f08
:10aa60001000b0af5c8183870a0004241a006400e0
:10aa7000f401800012200000ffff843004008010e9
:10aa80002110000030008224788182a3010002247a
:10aa9000f6ff052402208570788185272130a200e9
:10aaa0000100c0a0ffff0224c88282a7ffff8430fc
:10aab0002118830030006324029d043cb8c884241c
:10aac00005bd400f0000c3a05c8182870a004228b8
:10aad000020040106b0104247f0104242400bf8f76
:10aae0002000b28f1c00b18f1800b08f2201052406
:10aaf00078818627afbd400b2800bd272400bf8f7b
:10ab00002000b28f1c00b18f1800b08f0800e00346
:10ab10002800bd27a081828f040043280a1003006b
:10ab200000a0033c80280200041063242118a30025
:10ab300001004224000064ac0800e003a08182af61
:10ab400000a0023c041043240400648c0410428cd6
:10ab5000211082000800648c0c00638c21104400da
:10ab6000211043000800e003821002009c81828fc4
:10ab7000580243280a10030000a0033c802802006a
:10ab8000a40663242118a30001004224000064ac41
:10ab90000800e0039c8182af00a0043ca40684244a
:10aba00060098324211000000000858c04008424a7
:10abb000fdff831421104500580203241b004300ad
:10abc000f40160000800e00312100000e8ffbd2758
:10abd0001000b0aff881908f6481858f1400bfaff3
:10abe000ea25410f21200002059d033c54f0648cae
:10abf000e527410f21284000200041041400bf8fa9
:10ac000060828497648190af2026047cc5ea400f5f
:10ac100083200400d0ea400f000000006881839781
:10ac2000211843004078637c688183a70a00632c65
:10ac300004006010688182970a000224688182a75c
:10ac400068818297f6ff4224ffff4230688182a725
:10ac50004600422c05004050aa8280a70100022431
:10ac6000aa8282a71ceb400b168282a7168280a7bd
:10ac7000688182976a8182a71400bf8f1000b08f0d
:10ac80000800e0031800bd27608184875c8182870b
:10ac9000e0ffbd271c00bfaf2a1882001800b1af2b
:10aca000030060101400b0af69eb400b608182a715
:10acb00088bf023ce060428c004042303a004010c5
:10acc0001c00bf8f8027410f000000005e81848739
:10acd0008027410f2180400021284000ea25410fb4
:10ace000212000022180400021204000059d023cdf
:10acf0008726410f58f0458c21204000ec25410f5c
:10ad00002128000021884000059d023c5cf0458c14
:10ad10008726410f2120000221284000ec25410f09
:10ad20002120200221884000059d023c60f0458cd6
:10ad30008726410f2120000221284000ec25410fe9
:10ad400021202002308084878027410f218040000d
:10ad500021284000ec25410f21200002aa27410fa5
:10ad600021204000201e027c308082a7411f6228e3
:10ad70000400401430808287401f0224308082a764
:10ad8000308082870a004228040040103080838788
:10ad90000a000224308082a73080838780bf023c73
:10ada000203043ac1c00bf8f1800b18f1400b08f4f
:10adb0000800e0032000bd27e8ffbd271000b0af6a
:10adc000f881908f5481858f1400bfafea25410f21
:10add00021200002059d033c64f0648ce527410faf
:10ade00021284000450041041400bf8fb28284979f
:10adf000548190af2026047cdbea400f83200400be
:10ae0000e6ea400f000000005881839721184300b4
:10ae10004078637cf4818297588183a742180300ad
:10ae20002026037c1b0040145a8184a75482838f00
:10ae3000330065280c00a01088bf023cdd00852887
:10ae40000900a01490018428070080100000000071
:10ae50006060438c010004248473837c606043ac95
:10ae6000a2eb400b5482828f6060448c9600632872
:10ae70008473047c606044ac5482828f0a100300a7
:10ae8000548282af5482828f01004224beeb400b79
:10ae9000548282af010005241700451491018228d5
:10aea0000600405455ff632488bf023c6060458c17
:10aeb0008473057c606045ac55ff6324ffff6330fd
:10aec000e500632c07006050aa00842888bf023c7c
:10aed0006060438c010005248473a37c606043acf4
:10aee000aa0084280400801088bf023c6060438c64
:10aef0008473037c606043ac1400bf8f1000b08f7c
:10af00000800e0031800bd27528182870400410435
:10af100001000224488282a3010002241a8282a72f
:10af20000800e003000000007e818287d8ffbd2773
:10af30002400bfaf2000b1af030040101c00b0af31
:10af4000d3eb400b0200022405000224f881908f0d
:10af50008081858f988182a7ea25410f21200002f8
:10af6000988184878027410f21884000212040005c
:10af7000e527410f21282002630041042400bf8ff0
:10af800024818497808190af2026047cbee6400f08
:10af900083200400c9e6400f0000000084818497ec
:10afa000212044004078847c3e40410f848184a766
:10afb00021204000888182af059d023c8726410ff9
:10afc00068f0458c21204000059d023c8726410ffa
:10afd0006cf0458c21204000059d023c8726410fe6
:10afe00070f0458cc827410f21204000ffff4330ff
:10aff0000400632c050060108c8182a7c2eb400f17
:10b00000528182a7040002248c8182a78c818297be
:10b01000fcff4224ffff42308c8182a7508182a72f
:10b020003300422c040040148c81829732000224a9
:10b030008c8182a78c81829782828397010004246d
:10b04000300064148e8182a7908184972d00821035
:10b050004001042432000524d20106249a0007246a
:10b060001000a3af908182a7e3bb400fc88280a7e6
:10b070008e8183870a0004241a006400f401800092
:10b0800012200000ffff8430040080102110000017
:10b0900030008224948182a301000224f6ff05245b
:10b0a00002208570948185272130a2000100c0a074
:10b0b000ffff0224c88282a7ffff8430211883008b
:10b0c00030006324039d043c0020842405bd400f10
:10b0d0000000c3a08e8182870a004228020040102f
:10b0e000450104246d0104242400bf8f2000b18f8a
:10b0f0001c00b08f0a00052494818627afbd400b49
:10b100002800bd272400bf8f2000b18f1c00b08f06
:10b110000800e0032800bd27488282930c004010fd
:10b1200080828293f6818287010003240500431008
:10b13000020003240400435080bf023c040040147a
:10b140008082829380bf023c000a428c808282937c
:10b1500009004010f68182870600405080bf023c03
:10b16000020003240400431480bf023c60ec400b47
:10b1700000000000000a428c0800e003000000000c
:10b18000000a428c0800e003000000001a82828757
:10b19000e8ffbd271400bfaf650040101000b0af3e
:10b1a0008282909701000224620002161400bf8f71
:10b1b000f881848fea25410f4c81858f059d033ce2
:10b1c00074f0648ce527410f2128400058004104a9
:10b1d0008c82829701004224ffff42308c8282a73a
:10b1e0000400422c1a0040543e82909390010524a2
:10b1f00016030624df010724950104248c8280a70e
:10b200001a8280a73e8280a3c88280a7e68280a798
:10b210000503410fee8290a3049d043c4c1084244e
:10b2200005bd400fc88280a7059d063c120204247c
:10b23000a4010524afbd400f14efc62488bf023c13
:10b240006060438c0463037c606043ac3e829093f7
:10b2500006000012f881838f0100022435000216d7
:10b260001400bf8fb4ec400bf881828f01000224e0
:10b270009001052416030624df0107249501042408
:10b280004c8183af3e8282a3c88280a7e68280a7da
:10b290000503410fee8282a3049d043c4c108424dc
:10b2a00005bd400fc88280a7059d063c12020424fc
:10b2b000a4010524afbd400f14efc62488bf023c93
:10b2c0006060438c01000424cbec400b0463837c5e
:10b2d0009001052416030624df0107244c8182af68
:10b2e00095010424e00702243e8280a3c88282a73d
:10b2f000e68280a70503410fee8290a3049d043ce3
:10b300004c10842405bd400fc88280a7059d063cd3
:10b3100012020424a4010524afbd400f14efc6247b
:10b3200088bf023c6060438c0463037e606043ac72
:10b330001400bf8f1000b08f0800e0031800bd2775
:10b3400050818297e8ffbd271400bfafe7ff42247a
:10b35000ffff42300f00422c200040101000b0af21
:10b36000958282930100102415004014048290a756
:10b37000900105248b010624df01072400f8022434
:10b380000a000424c88282a7e68280a70503410f31
:10b39000ee8290a3049d043cffff02244c10842401
:10b3a00005bd400fc88282a7059d063c39000424d4
:10b3b000a4010524afbd400f1cefc624958290a3c5
:10b3c00088bf023c6060438c010004240463837cda
:10b3d000606043ac13ed400b1400bf8faa828387db
:10b3e00001000224048280a717006014958282a3c2
:10b3f000900105248b010624df0107240a000424a0
:10b40000c88280a7e68280a70503410fee8282a34f
:10b41000049d043c4c10842405bd400fc88280a7c5
:10b42000059d063c39000424a4010524afbd400f4e
:10b430001cefc62488bf023c6060438c958280a3c9
:10b440000463037c606043ac1400bf8f1000b08fb6
:10b450000800e0031800bd2750818297d8ffbd2760
:10b460002400bfaf2800422c2000b1af27004014b9
:10b470001c00b0af01001124400104243200052457
:10b48000d20106249a000724c88280a7e3bb400f9c
:10b490001000b1af94828293010010241400401474
:10b4a0001e8291a79001052416030624df010724bc
:10b4b000e0ff022495010424c88282a7e68280a7c7
:10b4c0000503410fee8290a3049d043c4c1084249c
:10b4d00005bd400fc88280a7059d063cd10104240c
:10b4e000a4010524afbd400f2cefc624948290a385
:10b4f00088bf023c6060438c010004240463837ca9
:10b50000606043ac46ed400b948282931e8280a71c
:10b51000948280a3948282931c0040141e828287ae
:10b520001a0040141a828287190040142400bf8f29
:10b530009001052416030624df01072401000224dc
:10b5400095010424c88280a7e68280a70503410fe5
:10b55000ee8282a3049d043c4c10842405bd400f60
:10b56000c88280a7059d063cd1010424a4010524be
:10b57000afbd400f2cefc62488bf023c6060438cf7
:10b58000948280a30463037c606043ac2400bf8f7b
:10b590002000b18f1c00b08f0800e0032800bd27f9
:10b5a000aa828287e8ffbd271400bfaf7d0040104c
:10b5b0001000b0af82829097010002247a00021638
:10b5c0001400bf8ff881848fea25410f4c81858f4d
:10b5d000059d033c78f0648ce527410f212840004d
:10b5e000700041048c82829701004224ffff4230a8
:10b5f0008c8282a70b00422c220040543e82909302
:10b60000df010724900105248b0106240a0004248d
:10b610008c8280a71a8280a73e8280a3c88280a7de
:10b62000e68280a70503410fee8290a3049d043caf
:10b630004c10842405bd400fc88280a7059d063ca0
:10b64000a401052438efc624afbd400f0c0004242c
:10b65000049d043c05bd400f5cbb8424059d063c55
:10b6600066010424a8010524afbd400f4cefc62499
:10b6700088bf023c6060438c0463037c606043ac21
:10b680003e82909306000012f881838f010002240d
:10b69000450002161400bf8fc8ed400bf881828f61
:10b6a000df01072401000224900105248b010624f8
:10b6b0000a0004244c8183af3e8282a3c88280a703
:10b6c000e68280a70503410fee8282a3049d043c1d
:10b6d0004c10842405bd400fc88280a7059d063c00
:10b6e000a401052438efc624afbd400f0c0004248c
:10b6f000049d043c05bd400f5cbb8424059d063cb5
:10b7000066010424a8010524afbd400f4cefc624f8
:10b7100088bf023c6060438ce8ed400b0463037c0f
:10b72000df010724900105248b0106244c8182afa0
:10b730000a00042400f802243e8280a3c88282a763
:10b74000e68280a70503410fee8290a3049d043c8e
:10b75000ffff02244c10842405bd400fc88282a73d
:10b76000059d063ca401052438efc624afbd400f5b
:10b770000c000424049d043c05bd400f5cbb8424e4
:10b78000059d063c66010424a8010524afbd400fb9
:10b790004cefc62488bf023c6060438c0463037e88
:10b7a000606043ac1400bf8f1000b08f0800e0034e
:10b7b0001800bd27e8ffbd271400bfaf46ec400fbf
:10b7c0001000b0af63ec400f00000000d0ec400f61
:10b7d0000000000016ed400f0000000068ed400f73
:10b7e00000000000f3ea400f000000006eeb400f85
:10b7f00000000000eee6400f0000000022eb400fca
:10b80000000000007e818287ac004050b4819087a8
:10b81000348082878e818387328084872328430007
:10b820000500a5280600a010ac8184a70400842888
:10b83000040080542318430003000424328084a7aa
:10b840002318430004006328080060108e8183875a
:10b850003280838703006328040060148e8183870d
:10b8600002000324328083a78e8183872310430044
:10b87000030042280700401034808287328082878c
:10b88000020042280200401401000224328082a7f4
:10b89000348082872318430002006328060060106a
:10b8a000ac8182973280828703004018ac818297f6
:10b8b00030ee400b328080a7b88180af328082a703
:10b8c000328082970800432c2c006010049d033cba
:10b8d000ecb8632480100200211062000000448c48
:10b8e000059d033c08008000059d023c0cb9039daa
:10b8f00014b9039d1cb9039d24b9039d2cb9039d64
:10b9000044b9039d4cb9039d54b9039d4cee400bc3
:10b91000030004244cee400b050004244cee400bc5
:10b920000a0004244cee400b140004241e000424de
:10b930005e8184a7059d043cb08180af5aee400b28
:10b940007cf0848c56ee400b2800042456ee400b0d
:10b95000320004243c0004245e8184a7059d043c3d
:10b9600088f0848cb08180af80f0638c84f0428c4e
:10b97000448284af988283af088282afb882908f6e
:10b9800001000224110002529082908f08000012e0
:10b9900088bf033c020002241d000212030002249f
:10b9a00043000216ac8182978fee400b000000002e
:10b9b000e060648c8473447ce06064ac2118000017
:10b9c000908283af81ee400b588283af5882858f7f
:10b9d000ea25410f212000024482848fe527410f90
:10b9e000212840003100401c88bf023ce060438cad
:10b9f000608180a7588290af8473037ce06043ac81
:10ba000002000224b88282afacee400bac81829778
:10ba10009082908f5882858fea25410f2120000265
:10ba20009882848fe527410f212840001f00401c89
:10ba30000300022481ee400b888290afcaeb400fd6
:10ba40000000000034808487b081828f8e818387dc
:10ba5000231082002a1062000f00401088bf023cb1
:10ba60009082848fea25410f8882858f0882848f97
:10ba70009882858fea25410f2180400021204000d7
:10ba8000e527410f2128000208004058b88280af06
:10ba9000acee400bac818297e060438c608180a764
:10baa0008473037ce06043acb88290afac81829732
:10bab000b48180a7cfee400b328082a70100022420
:10bac0000e0002120200032419000352211000008c
:10bad0001b0000161400bf8f88bf033ce060648c1d
:10bae0008473047ce06064ac03000324b88283aff9
:10baf000f881838fcaee400b588283aff881848f20
:10bb0000ea25410f5882858f9882848fe527410f5f
:10bb1000212840000a00401c1400bf8fcaeb400fd0
:10bb20000000000002000224cfee400bb48182a787
:10bb3000caeb400f588282afb48190a71400bf8f28
:10bb40001000b08f0800e0031800bd270800e003d4
:0cbb5000000000000800e00300000000fe
:020000040000fa
:020000041d03da
:10bb5c000000000064bb039d000020007f00230058
:10bb6c000788010008ab01000dce01000e14020085
:10bb7c000e5a020015a002001409030008720300fb
:10bb8c000a9503000adb03000d2104000c67040076
:10bb9c0007ad04000ad00400071605000e39050095
:10bbac000e7f05000ec505000e0b06000e5106009b
:10bbbc000e9706000edd06000e2307000e69070027
:10bbcc000eaf07000ef50700073b0800075e0800e4
:10bbdc000d8108000dc708000d0d09000d5309005b
:10bbec001899090012020a00106b0a0010b10a0021
:10bbfc0012f70a000f600b000ea60b0011ec0b00e5
:10bc0c0014550c0009be0c0009040d00114a0d005e
:10bc1c000eb30d0018f90d0013620e0012cb0e00be
:10bc2c0010340f00127a0f0011e30f000e4c1000ad
:10bc3c001192100014fb1000136411001acd1100a6
:10bc4c001259120012c21200102b130009711300aa
:10bc5c000eb7130009fd13000f4314000e891400d6
:10bc6c000acf14000e1515000f5b15000da1150061
:10bc7c0010e715000e2d1600097316000eb91600ec
:10bc8c0011ff160008681700088b17000fae17007d
:10bc9c0008f4170017171800118018000fe9180086
:10bcac00102f19000f7519000cbb19000c011a008c
:10bcbc000a471a00108d1a000fd31a0015191b0011
:10bccc000f821b000fc81b000d0e1c000a541c0019
:10bcdc00079a1c000abd1c000f031d0007491d001c
:10bcec000000000000000000000000000000000048
:10bcfc000000000000000000000000000000000038
:10bd0c000000000000000030181818181818181837
:10bd1c0018181818181818080000181c1c0c00000b
:10bd2c0000000000000000000000000000001803ec
:10bd3c001c031c0318031803180318031803180317
:10bd4c0018030000000000000000000000000000cc
:10bd5c0000000000000000000000000000000000d7
:10bd6c0000000000000000000000000000000000c7
:10bd7c000000000000000000000000008019801886
:10bd8c00c008c00cf83f6004600620062006300294
:10bd9c00fe1f10031801980188018c0000000000a0
:10bdac000000000000000000000000000000000087
:10bdbc000000000000000000000000000000c000b7
:10bdcc00c000f007cc0fc40ec604c600de00fe0097
:10bddc00fc00f003c00fc00fc01cc018c018c21864
:10bdec00c608ce06fc03c000c000c0000000000066
:10bdfc000000000000000000000000000000000037
:10be0c000000000000000000000000000000000026
:10be1c00780003cc800184c10086c1008661008655
:10be2c003100863900861800cc0c0078c603003629
:10be3c000600130c80190cc0190cc0180c601804e7
:10be4c0030300630e0011800000000000000000057
:10be5c0000000000000000000000000000000000d6
:10be6c0000000000000000000000000000000000c6
:10be7c00000f00c01c004018006018006018006023
:10be8c001c00600c00e00700c00300c00100f0f1d2
:10be9c0007d8e902ccc3008cc70006cf00065e00b1
:10beac00065e00063c000cf80018ec07f08303005b
:10bebc000000000000000000000000000000000076
:10becc000000000000000000000000000000181c32
:10bedc001c18181818181818000000000000000092
:10beec000000000000000000000000000000000046
:10befc000000008001c0006000200030001000181d
:10bf0c0000180018000c000c000c000c000c000cad
:10bf1c00000c000c000c000c001c00180018001881
:10bf2c0000300030006000c0008001000000000004
:10bf3c0000000000000000000006000c001800309b
:10bf4c00003000600060006000e000c000c000c075
:10bf5c0000c000c000c000c000c000c000c0006035
:10bf6c00006000600020003000100018000c00067b
:10bf7c00000000000000000000000000000000c0f5
:10bf8c0000c000c000460c5e0ef803c000f0035e5b
:10bf9c000e460cc000c00040000000000000000075
:10bfac000000000000000000000000000000000085
:10bfbc000000000000000000000000000000000075
:10bfcc000000000000000000000000000000000065
:10bfdc0000000000000000000060006000600060d5
:10bfec0000fe076000600060006000600000000060
:10bffc000000000000000000000000000000000035
:10c00c000000000000000000000000000000000024
:10c01c000000000000000000000000081e181818a6
:10c02c00080c0600000000000000000000000000ea
:10c03c0000000000000000000000000000000000f4
:10c04c00000000000000000000000000fe010000e5
:10c05c0000000000000000000000000000000000d4
:10c06c0000000000000000000000000000000000c4
:10c07c0000000000000000000000000000000000b4
:10c08c000000000000181c1c0c0000000000000048
:10c09c000000000000000000180018000c000c004c
:10c0ac000c0006000600070003000380018001c09d
:10c0bc0001c000c000e000600060003000300038bb
:10c0cc0000180018001c000c000c000600060000f4
:10c0dc000000000000000000000000000000000054
:10c0ec0000000000000000e001100708060c0c0422
:10c0fc000c06180618061806180618061806180650
:10c10c00180c080c0c18043802e0010000000000a8
:10c11c000000000000000000000000000000000013
:10c12c00000000000000000000000000000001e022
:10c13c0001f8018001800180018001800180018073
:10c14c0001800180018001800180018001c003f821
:10c15c001f000000000000000000000000000000b4
:10c16c0000000000000000000000000000000000c3
:10c17c00000000e0033006180c0c0c040c000c0042
:10c18c000e0006000300038001c000e000700030c8
:10c19c000818080c08fc0f0000000000000000004c
:10c1ac000000000000000000000000000000000083
:10c1bc00000000000000000000f00118030c060c49
:10c1cc0006000600060003c000e0030007000e0096
:10c1dc000c000c000c000c02060603f80100000019
:10c1ec000000000000000000000000000000000043
:10c1fc000000000000000000000000000000000033
:10c20c0004000700078007c00640066006300630b1
:10c21c0006180608060c06fe1f000600060006009f
:10c22c0006c01f000000000000000000000000001d
:10c23c0000000000000000000000000000000000f2
:10c24c0000000000000008f80718000800080008ab
:10c25c00000c00fc010c070006000c000c000c008c
:10c26c000c000c02060e03f8010000000000000098
:10c27c0000000000000000000000000000000000b2
:10c28c000000000000000000000000000e8003e031
:10c29c00007000300018001800cc033c0e0c0c0c85
:10c2ac00180c180c180c18180818083004e00300a7
:10c2bc000000000000000000000000000000000072
:10c2cc000000000000000000000000000000000062
:10c2dc00000000fc1f0418040c000c0006000600f3
:10c2ec00030003800180018001c000c00060007069
:10c2fc0000300018000000000000000000000000ea
:10c30c000000000000000000000000000000000021
:10c31c0000000000000000e0031806080c0c0c0cd8
:10c32c000c1c0c7806f003c007b00f181e0c1c0c6c
:10c33c00180c180c181c083804e00300000000004e
:10c34c0000000000000000000000000000000000e1
:10c35c0000000000000000000000000000e00318d6
:10c36c00060c0c040c06180618061806180c1c1cd7
:10c37c001ef0190018000c000c000600078003e0ea
:10c38c000038000000000000000000000000000069
:10c39c000000000000000000000000000000001879
:10c3ac001c1c0c00000000000000181c1c0c0000e1
:10c3bc000000000000000000000000000000000071
:10c3cc000000181c1c0c000000000000081e1818af
:10c3dc0018080c060000000000000000000000001f
:10c3ec000000000000000000000000000000000041
:10c3fc000000000008000fe0037c000e003e00f07f
:10c40c0001800f000c000000000000000000000084
:10c41c000000000000000000000000000000000010
:10c42c000000000000000000000000000000000000
:10c43c0000000000000000000000000000fe0f00e3
:10c44c000000000000fe0f000000000000000000d3
:10c45c0000000000000000000000000000000000d0
:10c46c0000000000000000000000000000000000c0
:10c47c000000000000000000000000000000000ea2
:10c48c00003e00f001800f000ec007f0001e0006f9
:10c49c000000000000000000000000000000000090
:10c4ac000000000000000000000000000000000080
:10c4bc000000000000f0030c07040e060c060c0034
:10c4cc000c000c00060007000380018001c000c0b6
:10c4dc0000c000c00000000000c000e000e00060f0
:10c4ec000000000000000000000000000000000040
:10c4fc000000000000000000000000000000000030
:10c50c0000000000000000fc01008307c0000e20aa
:10c51c00001c10003818783108c4310c8271048367
:10c52c006106816186816186816186816186816116
:10c53c008681210e83310cc3110ca60b181c0738f5
:10c54c000000700010e00018c0030f00fe01000096
:10c55c0000000000000000000000000000000000cf
:10c56c0000000000000000000000000000000000bf
:10c57c00000000020000030080030080060080061b
:10c58c0000c00c00400c00600c006018002018006b
:10c59c00f01f001030001030001870000860000808
:10c5ac0060000ce0003ff8030000000000000000f9
:10c5bc00000000000000000000000000000000006f
:10c5cc00000000000000000000000000000000005f
:10c5dc00000000fc031a0c181818181818180c185e
:10c5ec0006f807181e181818381830183018301894
:10c5fc00301818180cfe07000000000000000000a6
:10c60c00000000000000000000000000000000001e
:10c61c00000000000000000000801f6038101008af
:10c62c00000c0004000600060006000600060006ca
:10c63c00000e000c001c0018607018c00f000000e9
:10c64c0000000000000000000000000000000000de
:10c65c0000000000000000000000000000000000ce
:10c66c0000000000000000fc07001a3c00187000dd
:10c67c0018e00018c00018c00118800118800118bb
:10c68c00800118800118800118800118c00018c0a2
:10c69c0000186000187000181800fe070000000059
:10c6ac00000000000000000000000000000000007e
:10c6bc00000000000000000000000000000000006e
:10c6cc000000000000000000fe1f181818081800d9
:10c6dc00180018001800f8071802180018001800a5
:10c6ec0018001800181018201830fe1f0000000049
:10c6fc00000000000000000000000000000000002e
:10c70c000000000000000000000000000000fe1f00
:10c71c00181818101800180018001800f80718023c
:10c72c00180018001800180018001800180018003d
:10c73c00fe000000000000000000000000000000ef
:10c74c0000000000000000000000000000000000dd
:10c75c00000000000000000000000000803f0060ae
:10c76c0070001000000800000c00000c0000060017
:10c77c000006000006000006fc0106f00006600042
:10c78c000e60000c60001c6000186000706000c03f
:10c79c001f0000000000000000000000000000006e
:10c7ac00000000000000000000000000000000007d
:10c7bc00000000000000000000000000000000006d
:10c7cc0000000000007ee00718800118800118802e
:10c7dc0001188001188001188001188001f8ff01f0
:10c7ec001880011880011880011880011880011828
:10c7fc0080011880011880017ee007000000000015
:10c80c00000000000000000000000000000000001c
:10c81c00000000000000000000000000000000000c
:10c82c000000000000007e0018001800180018001e
:10c83c00180018001800180018001800180018002c
:10c84c0018001800180018007e00000000000000fe
:10c85c0000000000000000000000000000000000cc
:10c86c00000000000000000000000000fe0030008e
:10c87c00300030003000300030003000300030002c
:10c88c00300030003000300030003000300030001c
:10c89c003000100018000800070000000000000025
:10c8ac00000000000000000000000000000000007c
:10c8bc00000000000000000000007efc00183800a2
:10c8cc00181800180c00180600180300980100d85e
:10c8dc000000f80000d800009801001803001807a9
:10c8ec0000180e00181c001838001870007ee001ab
:10c8fc00000000000000000000000000000000002c
:10c90c00000000000000000000000000000000001b
:10c91c0000000000000000000000007e001800185d
:10c92c00001800180018001800180018001800183b
:10c93c0000180018001800181018201810fe1f00fe
:10c94c0000000000000000000000000000000000db
:10c95c0000000000000000000000000000000000cb
:10c96c000000000000000000003e007c38001e7833
:10c97c00001e78001af8001bd80019d8811998816c
:10c98c001998c11818c318184318186718182618be
:10c99c00183e18183c18181c181818187e087f0018
:10c9ac00000000000000000000000000000000007b
:10c9bc00000000000000000000000000000000006b
:10c9cc00000000000000000000000000000000005b
:10c9dc0000001ef00318c00038c00078c000d8c09a
:10c9ec0000d8c00098c10018c30018c30018c600b6
:10c9fc0018ce0018cc0018d80018f80018f0001841
:10ca0c00e00018e0007ec000000000000000000004
:10ca1c00000000000000000000000000000000000a
:10ca2c0000000000000000000000000000000000fa
:10ca3c000000000000000000000000800f006038c3
:10ca4c000010600008e0000cc00004c0010680016a
:10ca5c000680010680010680010680010680010c1b
:10ca6c0080000cc0001c4000182000701000c00f8b
:10ca7c0000000000000000000000000000000000aa
:10ca8c00000000000000000000000000000000009a
:10ca9c00000000000000000000000000fc0f1a1c49
:10caac001830186018601860186018301818d807fb
:10cabc001800180018001800180018001800fe00c4
:10cacc00000000000000000000000000000000005a
:10cadc00000000000000000000000000000000004a
:10caec0000000000000000000000800f0060380013
:10cafc0010600008e0000cc00004c00006800106b5
:10cb0c0080010680010680010680010680010c80f0
:10cb1c00000cc0001c4000182000701000c00f005a
:10cb2c00001c0000780000e00300c00100000000c1
:10cb3c0000000000000000000000000000000000e9
:10cb4c0000000000000000000000000000000000d9
:10cb5c00000000fc07001a1c0018380018300018e0
:10cb6c003000183000181800180c00f80300980357
:10cb7c0000180300180700180e00180c00181c00f1
:10cb8c001838001870007ef0010000000000000052
:10cb9c000000000000000000000000000000000089
:10cbac000000000000000000000000000000000079
:10cbbc0000000000e00f180e08040c000c003c00f4
:10cbcc007c00f801f007c00f001e001c00180018b4
:10cbdc0004080c0c1c06f80100000000000000000a
:10cbec000000000000000000000000000000000039
:10cbfc000000000000000000000000000000000029
:10cc0c000000feff00834100814100810100800192
:10cc1c000080010080010080010080010080010083
:10cc2c0080010080010080010080010080010080f3
:10cc3c000100800100e0070000000000000000007f
:10cc4c0000000000000000000000000000000000d8
:10cc5c0000000000000000000000000000000000c8
:10cc6c0000000000000000000000007ee0071880bb
:10cc7c0001188001188001188001188001188001aa
:10cc8c001880011880011880011880011880011883
:10cc9c00800118800130c00030c000e06000801faf
:10ccac000000000000000000000000000000000078
:10ccbc000000000000000000000000000000000068
:10cccc000000000000000000000000000000000058
:10ccdc00000000007fe0071c800118800038c000b5
:10ccec0030c000306000706000602000e03000e078
:10ccfc003000c01000c01900801900800d00800f9a
:10cd0c000000070000070000020000000000000007
:10cd1c000000000000000000000000000000000007
:10cd2c0000000000000000000000000000000000f7
:10cd3c0000000000000000000000000000000000e7
:10cd4c0000000000007f10f8011c3060001c38202f
:10cd5c00001838200018783000186c3000386c300f
:10cd6c000030c4100030c6180030c619007082198b
:10cd7c00006083190060830b0060010f00e0010f5d
:10cd8c0000c0010f00c0000600c00006000000003b
:10cd9c000000000000000000000000000000000087
:10cdac000000000000000000000000000000000077
:10cdbc000000000000000000000000000000000067
:10cdcc000000000000000000007ef8011c6000382c
:10cddc003000703000601800e00c00c00d008007bf
:10cdec0000000300800700800f00c00c00601c00d6
:10cdfc006038003070001860001ce0007ff8030001
:10ce0c000000000000000000000000000000000016
:10ce1c000000000000000000000000000000000006
:10ce2c0000000000000000000000000000000000f6
:10ce3c0000001ff8011860003820007030006018e6
:10ce4c0000e01800c00c00800d00800700000300fb
:10ce5c0000030000030000030000030000030000b7
:10ce6c000300000300c00f000000000000000000e1
:10ce7c0000000000000000000000000000000000a6
:10ce8c000000000000000000000000000000000096
:10ce9c00000000fc3f0c38041c041c000e000700b2
:10ceac00078003c001c001e000e0007000380038ca
:10cebc00601c200e20fe3f0000000000000000005f
:10cecc00000000000000000000000000000000fc5a
:10cedc00010c000c000c000c000c000c000c000ce5
:10ceec00000c000c000c000c000c000c000c000cd6
:10cefc00000c000c000c000c000c000c000c000cc6
:10cf0c00000c000c00fc0100000000000000000000
:10cf1c000000000000060006000c000c000c0018bd
:10cf2c00001800300030003000600060006000c06d
:10cf3c0000c0008001800180010003000300060096
:10cf4c00060006000c000c000c0018001800000075
:10cf5c0000000000000000000000007e0061006086
:10cf6c0000600060006000600060006000600060b5
:10cf7c0000600060006000600060006000600060a5
:10cf8c000060006000600060006000600060006095
:10cf9c00007f000000000000000000000000000006
:10cfac00008000c001c001e001e003200330073025
:10cfbc00061006180e180c080c0c1c0c1806180081
:10cfcc000000000000000000000000000000000055
:10cfdc000000000000000000000000000000000045
:10cfec000000000000000000000000000000000035
:10cffc000000000000000000000000000000000025
:10d00c000000000000000000000000000000000014
:10d01c00000000000000000000fe1f0000000000e7
:10d02c0000000000000000000000000000000000f4
:10d03c000007000e001c001800300020000000004b
:10d04c0000000000000000000000000000000000d4
:10d05c0000000000000000000000000000000000c4
:10d06c0000000000000000000000000000000000b4
:10d07c0000000000000000000000000000000000a4
:10d08c000000000000c007300e180c0c0c000c0047
:10d09c000ef00ff80f1c0c0e0c060c060c060ff8fd
:10d0ac003c00000000000000000000000000000038
:10d0bc000000000000000000000c000f000c000c31
:10d0cc00000c000c000c000c000c000c07cc1c2cf1
:10d0dc00181c380c300c300c300c300c300c100c84
:10d0ec00100c083804e003000000000000000000f1
:10d0fc000000000000000000000000000000000024
:10d10c000000000000000000000000000000000013
:10d11c0000e007100e08040c0004000600060006d0
:10d12c0000060006000c000c081804f003000000b8
:10d13c0000000000000000000000000000000000e3
:10d14c0000000000000030003c00300030003000d7
:10d15c0030003000300030c03f303808300c300424
:10d16c0030063006300630063006300c301c3838ad
:10d17c00f4e033000000000000000000000000009c
:10d18c000000000000000000000000000000000093
:10d19c0000000000000000000000000000e0031090
:10d1ac0007080e0c0c040c060cfe0f0600060006fd
:10d1bc00000c000c081804f0030000000000000034
:10d1cc000000000000000000000000000000000053
:10d1dc00008001c001200030001800180018001851
:10d1ec00001800fe0198001800180018001800180c
:10d1fc0000180018001800180018001800fe000095
:10d20c000000000000000000000000000000000012
:10d21c000000000000000000000000000000000002
:10d22c00000000000000000000e031103f08060c78
:10d23c000c0c0c0c0c1c043802f00130001800789b
:10d24c0000f00ff01f183e0c30063006100e181ca4
:10d25c000cf00300000000000000000000000000c3
:10d26c001800001e0000180000180000180000181c
:10d27c000000180000180000180000183c0018737b
:10d28c0000d860003860003860001860001860003a
:10d29c001860001860001860001860001860001812
:10d2ac0060007ef80100000000000000000000009b
:10d2bc000000000000000000000000000000000062
:10d2cc00000000000000181818080000181e18189c
:10d2dc001818181818181818187e000000000000ec
:10d2ec0000000000000000000018181808000018ca
:10d2fc001e1818181818181818181818181818189c
:10d30c0008040201000000000000000010001e00d4
:10d31c001800180018001800180018001800183e03
:10d32c00180c1806180398015800f800d801980337
:10d33c0018031807180e181c7e7800000000000057
:10d34c0000000000000000000000000000000018b9
:10d35c001e1818181818181818181818181818183b
:10d36c0018181818187e00000000000000000000bb
:10d37c0000000000000000000000000000000000a1
:10d38c000000000000000000000000000000000091
:10d39c000000001c0f0f9a98185858183838181895
:10d3ac0018181818181818181818181818181818f1
:10d3bc00181818181818181818187e7e7e000000f7
:10d3cc000000000000000000000000000000000051
:10d3dc000000000000000000000000000000000041
:10d3ec000000000000000000000000000000000031
:10d3fc000000000000000000000000001c3e001aad
:10d40c006100d86000386000386000186000186057
:10d41c0000186000186000186000186000186000a8
:10d42c001860007ef8010000000000000000000001
:10d43c0000000000000000000000000000000000e0
:10d44c0000000000000000000000000000000000d0
:10d45c00000000000000000000e003100e081c0c8f
:10d46c0018043806300630063006300e100c181c26
:10d47c00083804e003000000000000000000000079
:10d48c000000000000000000000000000000000090
:10d49c000000000000000000000000000000001e62
:10d4ac000e98195830387018601860186018601889
:10d4bc00601820182018107808d8071800180018c1
:10d4cc00001800180018007e00000000000000008a
:10d4dc000000000000000000000000000000000040
:10d4ec000000000000c013301c08180c18041806ab
:10d4fc001806180618061806180c180c1c181af022
:10d50c0019001800180018001800180018007e00e8
:10d51c0000000000000000000000000000000000ff
:10d52c0000000000000000000000001807de075893
:10d53c0006380438001800180018001800180018d5
:10d54c0000180018007e0000000000000000000021
:10d55c0000000000000000000000000000000000bf
:10d56c0000000000000000000000000000000000af
:10d57c0000f00318030c020c003c007800f001e0f2
:10d58c000380070007040604060c03f800000000e3
:10d59c00000000000000000000000000000000007f
:10d5ac00000000000000000000000000000000105f
:10d5bc0000180018001800fe0318011800180018b5
:10d5cc00001800180018001800180018001800188f
:10d5dc0002f001000000000000000000000000004c
:10d5ec00000000000000000000000000000000002f
:10d5fc00000000000000000000000000000c300fd4
:10d60c003c0c300c300c300c300c300c300c300c22
:10d61c00300c300c3818f6f031000000000000001f
:10d62c0000000000000000000000000000000000ee
:10d63c0000000000000000000000000000000000de
:10d64c000000003f3c0c181c181808180c3804304b
:10d65c0004700660026003e003c001c0018000009a
:10d66c0000000000000000000000000000000000ae
:10d67c00000000000000000000000000000000009e
:10d68c00000000000000000000000000000000008e
:10d69c0000000000003f0c1f0c0c040c0c041c1ea2
:10d6ac0006181e06181a02183302303103303101e5
:10d6bc00b06101e0e001e0e001e0c00040400000aa
:10d6cc00000000000000000000000000000000004e
:10d6dc00000000000000000000000000000000003e
:10d6ec00000000000000000000000000000000002e
:10d6fc0000007f7e1c1c380c30066003e001c0016a
:10d70c00c00160033007100e180c0c1c3f7e00008b
:10d71c0000000000000000000000000000000000fd
:10d72c0000000000000000000000000000000000ed
:10d73c0000000000000000003f3c0c181c181808ea
:10d74c00180c38043004700660026003e003c0015a
:10d75c00c00180008000c0004000600032001f004b
:10d76c000f0000000000000000000000000000009e
:10d77c000000000000000000000000000000fc0f92
:10d78c00040e040700038003c001c000e000700019
:10d79c00300038001c080c08fe0f000000000000d0
:10d7ac00000000000000000000000000000000006d
:10d7bc0000008001c00060003000300030003000fc
:10d7cc0070006000600060006000300018003c00d9
:10d7dc0070006000600060006000300030003000bd
:10d7ec00300030006000c00080010000000000002c
:10d7fc0000000000181818181818181818181818fd
:10d80c00181818181818181818181818181818188c
:10d81c00181800000000000000000004000e0018a2
:10d82c0000300030003000300030001800180018b4
:10d83c000018003800f000600030001800180018c4
:10d84c000018003000300030003000300018000ca0
:10d85c0000060000000000000000000000000000b6
:10d86c0000000000000000000000000000000000ac
:10d87c000000000000000000007020fc11c60f0228
:10d88c000700000000000000000000000000000085
:10d89c00000000000000000000000000000000007c
:10d8ac000000000000007c7c0c0c0c0c0c0c0c0c14
:10d8bc000c0c0c0c0c0c0c0c0c0c7c7c00000000ec
:04d8cc000000000058
:020000040000fa
:020000041d03da
:10d8d00088bf023c8060438c88bf043c8410037c7a
:10d8e000806043ac0060858c010003248473657cf8
:10d8f000006085ac8060448c4408047c806044ac4b
:10d900008060448c0421647c806044ac8060448ce2
:10d91000c418047c806044ac88bf023ca060448c86
:10d920008410647ca06044aca060438cc418037c69
:10d93000a06043aca060438c4408037ca06043ac6f
:10d940000800e00300000000000082940000a2a490
:10d95000020082940800e0030200a2a488bf023cf7
:10d96000a060438cff0084308410037ca06043ac33
:10d9700040000000400000004000000040000000a7
:10d980004000000040000000400000004000000097
:10d990004000000040000000400000004000000087
:10d9a0004000000040000000400000004000000077
:10d9b0004000000040000000400000004000000067
:10d9c0004000000040000000400000004000000057
:10d9d0004000000040000000400000004000000047
:10d9e0004000000040000000400000004000000037
:10d9f0004000000040000000400000004000000027
:10da00004000000040000000400000004000000016
:10da10004000000040000000400000004000000006
:10da200040000000400000004000000040000000f6
:10da300040000000400000004000000040000000e6
:10da400040000000400000004000000040000000d6
:10da500040000000400000004000000040000000c6
:10da600040000000400000004000000040000000b6
:10da700040000000400000004000000040000000a6
:10da80004000000040000000400000004000000096
:10da90004000000040000000400000004000000086
:10daa0004000000040000000400000004000000076
:10dab0004000000040000000400000004000000066
:10dac0004000000040000000400000004000000056
:10dad0004000000040000000400000004000000046
:10dae0004000000040000000400000004000000036
:10daf0004000000040000000400000004000000026
:10db00004000000040000000400000004000000015
:10db10004000000040000000400000004000000005
:10db200040000000400000004000000040000000f5
:10db300040000000400000004000000040000000e5
:10db400040000000400000004000000040000000d5
:10db500040000000400000004000000040000000c5
:10db600040000000400000004000000040000000b5
:10db700040000000400000004000000040000000a5
:10db80004000000040000000400000004000000095
:10db90004000000040000000400000004000000085
:10dba0004000000040000000400000004000000075
:10dbb0004000000040000000400000004000000065
:10dbc0004000000040000000400000004000000055
:10dbd0004000000040000000400000004000000045
:10dbe0004000000040000000400000004000000035
:10dbf00088bf033c080005242110600001000724b1
:10dc0000a060668cc2410400c418067da06066acaa
:10dc10004000000040000000400000004000000004
:10dc200040000000400000004000000040000000f4
:10dc300040000000400000004000000040000000e4
:10dc400040000000400000004000000040000000d4
:10dc500040000000400000004000000040000000c4
:10dc600040000000400000004000000040000000b4
:10dc700040000000400000004000000040000000a4
:10dc80004000000040000000400000004000000094
:10dc90004000000040000000400000004000000084
:10dca0004000000040000000400000004000000074
:10dcb0004000000040000000400000004000000064
:10dcc0004000000040000000400000004000000054
:10dcd0004000000040000000400000004000000044
:10dce0004000000040000000400000004000000034
:10dcf0004000000040000000400000004000000024
:10dd00004000000040000000400000004000000013
:10dd10004000000040000000400000004000000003
:10dd200040000000400000004000000040000000f3
:10dd300040000000400000004000000040000000e3
:10dd400040000000400000004000000040000000d3
:10dd500040000000400000004000000040000000c3
:10dd600040000000400000004000000040000000b3
:10dd700040000000400000004000000040000000a3
:10dd80004000000040000000400000004000000093
:10dd90004000000040000000400000004000000083
:10dda0004000000040000000400000004000000073
:10ddb0004000000040000000400000004000000063
:10ddc0004000000040000000400000004000000053
:10ddd0004000000040000000400000004000000043
:10dde0004000000040000000400000004000000033
:10ddf0004000000040000000400000004000000023
:10de00004000000040000000400000004000000012
:10de10004000000040000000400000004000000002
:10de200040000000400000004000000040000000f2
:10de300040000000400000004000000040000000e2
:10de400040000000400000004000000040000000d2
:10de500040000000400000004000000040000000c2
:10de600040000000400000004000000040000000b2
:10de700040000000400000004000000040000000a2
:10de80004000000040000000400000004000000092
:10de9000a060468c4408e67ca06046ac40000000d0
:10dea0004000000040000000400000004000000072
:10deb0004000000040000000400000004000000062
:10dec0004000000040000000400000004000000052
:10ded0004000000040000000400000004000000042
:10dee0004000000040000000400000004000000032
:10def0004000000040000000400000004000000022
:10df00004000000040000000400000004000000011
:10df10004000000040000000400000004000000001
:10df200040000000400000004000000040000000f1
:10df300040000000400000004000000040000000e1
:10df400040000000400000004000000040000000d1
:10df500040000000400000004000000040000000c1
:10df600040000000400000004000000040000000b1
:10df700040000000400000004000000040000000a1
:10df80004000000040000000400000004000000091
:10df90004000000040000000400000004000000081
:10dfa0004000000040000000400000004000000071
:10dfb0004000000040000000400000004000000061
:10dfc0004000000040000000400000004000000051
:10dfd0004000000040000000400000004000000041
:10dfe0004000000040000000400000004000000031
:10dff0004000000040000000400000004000000021
:10e000004000000040000000400000004000000010
:10e010004000000040000000400000004000000000
:10e0200040000000400000004000000040000000f0
:10e0300040000000400000004000000040000000e0
:10e0400040000000400000004000000040000000d0
:10e0500040000000400000004000000040000000c0
:10e0600040000000400000004000000040000000b0
:10e0700040000000400000004000000040000000a0
:10e080004000000040000000400000004000000090
:10e090004000000040000000400000004000000080
:10e0a0004000000040000000400000004000000070
:10e0b0004000000040000000400000004000000060
:10e0c0004000000040000000400000004000000050
:10e0d0004000000040000000400000004000000040
:10e0e0004000000040000000400000004000000030
:10e0f0004000000040000000400000004000000020
:10e10000400000004000000040000000400000000f
:10e11000400000004000000040000000a060468c6d
:10e1200040200400ff0084304408067ca06046ac18
:10e1300040000000400000004000000040000000df
:10e1400040000000400000004000000040000000cf
:10e1500040000000400000004000000040000000bf
:10e1600040000000400000004000000040000000af
:10e17000400000004000000040000000400000009f
:10e18000400000004000000040000000400000008f
:10e19000400000004000000040000000400000007f
:10e1a000400000004000000040000000400000006f
:10e1b000400000004000000040000000400000005f
:10e1c000400000004000000040000000400000004f
:10e1d000400000004000000040000000400000003f
:10e1e000400000004000000040000000400000002f
:10e1f000400000004000000040000000400000001f
:10e20000400000004000000040000000400000000e
:10e2100040000000400000004000000040000000fe
:10e2200040000000400000004000000040000000ee
:10e2300040000000400000004000000040000000de
:10e2400040000000400000004000000040000000ce
:10e2500040000000400000004000000040000000be
:10e2600040000000400000004000000040000000ae
:10e27000400000004000000040000000400000009e
:10e28000400000004000000040000000400000008e
:10e29000400000004000000040000000400000007e
:10e2a000400000004000000040000000400000006e
:10e2b000400000004000000040000000400000005e
:10e2c000400000004000000040000000400000004e
:10e2d000400000004000000040000000400000003e
:10e2e000400000004000000040000000400000002e
:10e2f000400000004000000040000000400000001e
:10e30000400000004000000040000000400000000d
:10e3100040000000400000004000000040000000fd
:10e3200040000000400000004000000040000000ed
:10e3300040000000400000004000000040000000dd
:10e3400040000000400000004000000040000000cd
:10e3500040000000400000004000000040000000bd
:10e3600040000000400000004000000040000000ad
:10e37000400000004000000040000000400000009d
:10e38000400000004000000040000000400000008d
:10e39000400000004000000040000000400000007d
:10e3a000400000004000000040000000400000006d
:10e3b000ffffa524ff00a53011fea01400000000ff
:10e3c000400000004000000040000000400000004d
:10e3d000400000004000000040000000400000003d
:10e3e000400000004000000040000000400000002d
:10e3f000400000004000000040000000400000001d
:10e40000400000004000000040000000400000000c
:10e4100040000000400000004000000040000000fc
:10e4200040000000400000004000000040000000ec
:10e4300040000000400000004000000040000000dc
:10e4400040000000400000004000000040000000cc
:10e4500040000000400000004000000040000000bc
:10e4600040000000400000004000000040000000ac
:10e47000400000004000000040000000400000009c
:10e48000400000004000000040000000400000008c
:10e49000400000004000000040000000400000007c
:10e4a000400000004000000040000000400000006c
:10e4b000400000004000000040000000400000005c
:10e4c000400000004000000040000000400000004c
:10e4d000400000004000000040000000400000003c
:10e4e000400000004000000040000000400000002c
:10e4f000400000004000000040000000400000001c
:10e50000a060628c010004244408827ca06062ac9c
:10e5100040000000400000004000000040000000fb
:10e5200040000000400000004000000040000000eb
:10e5300040000000400000004000000040000000db
:10e5400040000000400000004000000040000000cb
:10e5500040000000400000004000000040000000bb
:10e5600040000000400000004000000040000000ab
:10e57000400000004000000040000000400000009b
:10e58000400000004000000040000000400000008b
:10e59000400000004000000040000000400000007b
:10e5a000400000004000000040000000400000006b
:10e5b000400000004000000040000000400000005b
:10e5c000400000004000000040000000400000004b
:10e5d000400000004000000040000000400000003b
:10e5e000400000004000000040000000400000002b
:10e5f000400000004000000040000000400000001b
:10e60000400000004000000040000000400000000a
:10e6100040000000400000004000000040000000fa
:10e6200040000000400000004000000040000000ea
:10e6300040000000400000004000000040000000da
:10e6400040000000400000004000000040000000ca
:10e6500040000000400000004000000040000000ba
:10e6600040000000400000004000000040000000aa
:10e67000400000004000000040000000400000009a
:10e68000400000004000000040000000400000008a
:10e69000400000004000000040000000400000007a
:10e6a000400000004000000040000000400000006a
:10e6b000400000004000000040000000400000005a
:10e6c000400000004000000040000000400000004a
:10e6d000400000004000000040000000400000003a
:10e6e000400000004000000040000000400000002a
:10e6f000400000004000000040000000400000001a
:10e700004000000040000000400000004000000009
:10e7100040000000400000004000000040000000f9
:10e7200040000000400000004000000040000000e9
:10e7300040000000400000004000000040000000d9
:10e7400040000000400000004000000040000000c9
:10e7500040000000400000004000000040000000b9
:10e7600040000000400000004000000040000000a9
:10e770004000000040000000400000004000000099
:10e780004000000040000000400000004000000089
:10e7900088bf023ca060448c4408047ca06044ac68
:10e7a0004000000040000000400000004000000069
:10e7b0004000000040000000400000004000000059
:10e7c0004000000040000000400000004000000049
:10e7d0004000000040000000400000004000000039
:10e7e0004000000040000000400000004000000029
:10e7f0004000000040000000400000004000000019
:10e800004000000040000000400000004000000008
:10e8100040000000400000004000000040000000f8
:10e8200040000000400000004000000040000000e8
:10e8300040000000400000004000000040000000d8
:10e8400040000000400000004000000040000000c8
:10e8500040000000400000004000000040000000b8
:10e8600040000000400000004000000040000000a8
:10e870004000000040000000400000004000000098
:10e880004000000040000000400000004000000088
:10e890004000000040000000400000004000000078
:10e8a0004000000040000000400000004000000068
:10e8b0004000000040000000400000004000000058
:10e8c0004000000040000000400000004000000048
:10e8d0004000000040000000400000004000000038
:10e8e0004000000040000000400000004000000028
:10e8f0004000000040000000400000004000000018
:10e900004000000040000000400000004000000007
:10e9100040000000400000004000000040000000f7
:10e9200040000000400000004000000040000000e7
:10e9300040000000400000004000000040000000d7
:10e9400040000000400000004000000040000000c7
:10e9500040000000400000004000000040000000b7
:10e9600040000000400000004000000040000000a7
:10e970004000000040000000400000004000000097
:10e980004000000040000000400000004000000087
:10e990004000000040000000400000004000000077
:10e9a0004000000040000000400000004000000067
:10e9b0004000000040000000400000004000000057
:10e9c0004000000040000000400000004000000047
:10e9d0004000000040000000400000004000000037
:10e9e0004000000040000000400000004000000027
:10e9f0004000000040000000400000004000000017
:10ea00004000000040000000400000004000000006
:10ea100040000000400000004000000040000000f6
:10ea200088bf023ca060448c010005244408a47cfb
:10ea3000a06044ac40000000400000004000000026
:10ea400040000000400000004000000040000000c6
:10ea500040000000400000004000000040000000b6
:10ea600040000000400000004000000040000000a6
:10ea70004000000040000000400000004000000096
:10ea80004000000040000000400000004000000086
:10ea90004000000040000000400000004000000076
:10eaa0004000000040000000400000004000000066
:10eab0004000000040000000400000004000000056
:10eac0004000000040000000400000004000000046
:10ead0004000000040000000400000004000000036
:10eae0004000000040000000400000004000000026
:10eaf0004000000040000000400000004000000016
:10eb00004000000040000000400000004000000005
:10eb100040000000400000004000000040000000f5
:10eb200040000000400000004000000040000000e5
:10eb300040000000400000004000000040000000d5
:10eb400040000000400000004000000040000000c5
:10eb500040000000400000004000000040000000b5
:10eb600040000000400000004000000040000000a5
:10eb70004000000040000000400000004000000095
:10eb80004000000040000000400000004000000085
:10eb90004000000040000000400000004000000075
:10eba0004000000040000000400000004000000065
:10ebb0004000000040000000400000004000000055
:10ebc0004000000040000000400000004000000045
:10ebd0004000000040000000400000004000000035
:10ebe0004000000040000000400000004000000025
:10ebf0004000000040000000400000004000000015
:10ec00004000000040000000400000004000000004
:10ec100040000000400000004000000040000000f4
:10ec200040000000400000004000000040000000e4
:10ec300040000000400000004000000040000000d4
:10ec400040000000400000004000000040000000c4
:10ec500040000000400000004000000040000000b4
:10ec600040000000400000004000000040000000a4
:10ec70004000000040000000400000004000000094
:10ec80004000000040000000400000004000000084
:10ec90004000000040000000400000004000000074
:10eca0004000000040000000400000004000000064
:10ecb000400000000c0004242110000088bf083c24
:10ecc00088bf053c01000724a060668c401002004c
:10ecd0004408067ca06066ac9060068d0001c67c8e
:10ece00021104600ffff42304000000040000000bd
:10ecf0004000000040000000400000004000000014
:10ed00004000000040000000400000004000000003
:10ed100040000000400000004000000040000000f3
:10ed200040000000400000004000000040000000e3
:10ed300040000000400000004000000040000000d3
:10ed400040000000400000004000000040000000c3
:10ed500040000000400000004000000040000000b3
:10ed600040000000400000004000000040000000a3
:10ed70004000000040000000400000004000000093
:10ed80004000000040000000400000004000000083
:10ed90004000000040000000400000004000000073
:10eda0004000000040000000400000004000000063
:10edb0004000000040000000400000004000000053
:10edc0004000000040000000400000004000000043
:10edd0004000000040000000400000004000000033
:10ede0004000000040000000400000004000000023
:10edf0004000000040000000400000004000000013
:10ee00004000000040000000400000004000000002
:10ee100040000000400000004000000040000000f2
:10ee200040000000400000004000000040000000e2
:10ee300040000000400000004000000040000000d2
:10ee400040000000400000004000000040000000c2
:10ee500040000000400000004000000040000000b2
:10ee600040000000400000004000000040000000a2
:10ee70004000000040000000400000004000000092
:10ee80004000000040000000400000004000000082
:10ee90004000000040000000400000004000000072
:10eea0004000000040000000400000004000000062
:10eeb0004000000040000000400000004000000052
:10eec0004000000040000000400000004000000042
:10eed0004000000040000000400000004000000032
:10eee0004000000040000000400000004000000022
:10eef0004000000040000000400000004000000012
:10ef00004000000040000000400000004000000001
:10ef100040000000400000004000000040000000f1
:10ef200040000000400000004000000040000000e1
:10ef300040000000400000004000000040000000d1
:10ef400040000000400000004000000040000000c1
:10ef500040000000400000004000000040000000b1
:10ef60004000000040000000a060a68c4408e67c41
:10ef7000a060a6ac4000000040000000400000007f
:10ef80004000000040000000400000004000000081
:10ef90004000000040000000400000004000000071
:10efa0004000000040000000400000004000000061
:10efb0004000000040000000400000004000000051
:10efc0004000000040000000400000004000000041
:10efd0004000000040000000400000004000000031
:10efe0004000000040000000400000004000000021
:10eff0004000000040000000400000004000000011
:10f000004000000040000000400000004000000000
:10f0100040000000400000004000000040000000f0
:10f0200040000000400000004000000040000000e0
:10f0300040000000400000004000000040000000d0
:10f0400040000000400000004000000040000000c0
:10f0500040000000400000004000000040000000b0
:10f0600040000000400000004000000040000000a0
:10f070004000000040000000400000004000000090
:10f080004000000040000000400000004000000080
:10f090004000000040000000400000004000000070
:10f0a0004000000040000000400000004000000060
:10f0b0004000000040000000400000004000000050
:10f0c0004000000040000000400000004000000040
:10f0d0004000000040000000400000004000000030
:10f0e0004000000040000000400000004000000020
:10f0f0004000000040000000400000004000000010
:10f1000040000000400000004000000040000000ff
:10f1100040000000400000004000000040000000ef
:10f1200040000000400000004000000040000000df
:10f1300040000000400000004000000040000000cf
:10f1400040000000400000004000000040000000bf
:10f1500040000000400000004000000040000000af
:10f16000400000004000000040000000400000009f
:10f17000400000004000000040000000400000008f
:10f18000400000004000000040000000400000007f
:10f19000400000004000000040000000400000006f
:10f1a000400000004000000040000000400000005f
:10f1b000400000004000000040000000400000004f
:10f1c000400000004000000040000000400000003f
:10f1d000400000004000000040000000400000002f
:10f1e000400000004000000040000000400000001f
:10f1f00040000000ffff8424ff008430b2fe801432
:10f20000000000004000000040000000400000003e
:10f2100040000000400000004000000040000000ee
:10f2200040000000400000004000000040000000de
:10f2300040000000400000004000000040000000ce
:10f2400040000000400000004000000040000000be
:10f2500040000000400000004000000040000000ae
:10f26000400000004000000040000000400000009e
:10f27000400000004000000040000000400000008e
:10f28000400000004000000040000000400000007e
:10f29000400000004000000040000000400000006e
:10f2a000400000004000000040000000400000005e
:10f2b000400000004000000040000000400000004e
:10f2c000400000004000000040000000400000003e
:10f2d000400000004000000040000000400000002e
:10f2e000400000004000000040000000400000001e
:10f2f000400000004000000040000000400000000e
:10f3000040000000400000004000000040000000fd
:10f3100040000000400000004000000040000000ed
:10f3200040000000400000004000000040000000dd
:10f3300040000000400000004000000040000000cd
:10f3400040000000400000004000000040000000bd
:10f3500040000000400000004000000040000000ad
:10f36000400000004000000040000000400000009d
:10f37000400000004000000040000000400000008d
:10f38000400000004000000040000000400000007d
:10f39000400000004000000040000000400000006d
:10f3a000400000004000000040000000400000005d
:10f3b000400000004000000040000000400000004d
:10f3c000400000004000000040000000400000003d
:10f3d000400000004000000040000000400000002d
:10f3e000400000004000000040000000400000001d
:10f3f000400000004000000040000000400000000d
:10f4000040000000400000004000000040000000fc
:10f4100040000000400000004000000040000000ec
:10f4200040000000400000004000000040000000dc
:10f4300040000000400000004000000040000000cc
:10f4400040000000400000004000000040000000bc
:10f4500040000000400000004000000040000000ac
:10f46000400000004000000040000000400000009c
:10f47000400000004000000040000000400000008c
:10f4800040000000a060648c4408047ca06064ac70
:10f49000400000004000000040000000400000006c
:10f4a000400000004000000040000000400000005c
:10f4b000400000004000000040000000400000004c
:10f4c000400000004000000040000000400000003c
:10f4d000400000004000000040000000400000002c
:10f4e000400000004000000040000000400000001c
:10f4f000400000004000000040000000400000000c
:10f5000040000000400000004000000040000000fb
:10f5100040000000400000004000000040000000eb
:10f5200040000000400000004000000040000000db
:10f5300040000000400000004000000040000000cb
:10f5400040000000400000004000000040000000bb
:10f5500040000000400000004000000040000000ab
:10f56000400000004000000040000000400000009b
:10f57000400000004000000040000000400000008b
:10f58000400000004000000040000000400000007b
:10f59000400000004000000040000000400000006b
:10f5a000400000004000000040000000400000005b
:10f5b000400000004000000040000000400000004b
:10f5c000400000004000000040000000400000003b
:10f5d00088bf033ca060648c010005248410a47cd7
:10f5e0000800e003a06064ac010003240300a3143e
:10f5f0005880829381fd400b251082002720040053
:10f6000024108200588082a388bf023ce060438cb3
:10f6100088bf043c80bf053c8452037ce06043ac5f
:10f62000a061838cc47b037ca06183ace060438ccd
:10f630000421037ce06043acba0003244070a3ac17
:10f64000e060468c010003240421667ce06046ac47
:10f65000a061868cc47b667ca06186ace060448c33
:10f660008452647ce06044ace060448c8452047c4e
:10f67000e06044ace060448c0421047ce06044ac75
:10f68000588084934070a4ace060448c0421647c76
:10f69000e06044ace060448c8452647ce06044ac44
:10f6a0000800e00300000000c6828393e00102240a
:10f6b00088bf093c0210627080bf083cffff4230e7
:10f6c000212845002110470088bf073ce060e38cfb
:10f6d000202e057c2016027c8452037ce060e3ac83
:10f6e000a061238dc47b037ca06123ade060e38c2b
:10f6f0000421037ce060e3ac2a000324407003ade6
:10f70000e060ea8c0100032404216a7ce060eaac3a
:10f71000a0612a8dc47b6a7ca0612aade060ea8c7e
:10f7200084526a7ce060eaace060ea8c84520a7c35
:10f73000e060eaace060ea8c04210a7ce060eaacbc
:10f740000352040040700aade060ea8c04216a7c38
:10f75000e060eaace060ea8c04210a7ce060eaac9c
:10f76000407004ade060e48c0421647ce060e4acb3
:10f77000e060e48c0421047ce060e4ac0322060039
:10f78000407004ade060e48c0421647ce060e4ac93
:10f79000e060e48c0421047ce060e4ac407006ade1
:10f7a000e060e48c0421647ce060e4ace060e48c24
:10f7b0008452647ce060e4ace060e48c8452047cbd
:10f7c000e060e4aca061248dc47b047ca06124ad26
:10f7d000e060e48c0421047ce060e4ac2b000424b1
:10f7e000407004ade060e48c0421647ce060e4ac33
:10f7f000a061248dc47b647ca06124ade060e48cb6
:10f800008452647ce060e4ace060e48c8452047c6c
:10f81000e060e4ace060e48c0421047ce060e4acf3
:10f8200003220500407004ade060e48c0421647c98
:10f83000e060e4ace060e48c0421047ce060e4acd3
:10f84000407005ade060e48c0421647ce060e4acd1
:10f85000e060e48c0421047ce060e4ac032202005c
:10f86000407004ade060e48c0421647ce060e4acb2
:10f87000e060e48c0421047ce060e4ac407002ad04
:10f88000e060e28c0421627ce060e2ace060e28c4b
:10f890008452627ce060e2ac0800e00300000000fb
:10f8a0000800e003211000000800e003c68284a3e2
:10f8b000cc8284a7c28285a7d08286a70800e003f5
:10f8c000c48287a7ff0084300800e003ce8284a7ab
:10f8d00088bf093ce060228d88bf073c80bf033ca5
:10f8e0008452027ce06022ada061e28c2026047c80
:10f8f000202e057cc47b027ca061e2ace060228dfe
:10f900002036067c0421027ce06022ad3300022414
:10f91000407062ace060288d010002240421487c24
:10f92000e06028ada061e88cc47b487ca061e8acb5
:10f93000e060278d8452477ce06027ade060278d32
:10f940008452077ce06027ade060278d0421077cae
:10f95000e06027ad033a0400407067ace060278d9b
:10f960000421477ce06027ade060278d0421077cff
:10f97000e06027ad407064ace060248d0421447cdd
:10f98000e06024ade060248d0421047ce06024adbf
:10f9900003220500407064ace060248d0421447ca7
:10f9a000e06024ade060248d0421047ce06024ad9f
:10f9b000407065ace060248d0421447ce06024ad9f
:10f9c000e060248d0421047ce06024ad0322060065
:10f9d000407064ace060248d0421447ce06024ad80
:10f9e000e060248d0421047ce06024ad407066acae
:10f9f000e060238d0421437ce06023ade060238d33
:10fa00008452437ce06023ad0800e0030000000066
:10fa100088bf023ce060438c88bf053c80bf063c49
:10fa20008452037ce06043aca061a38c2026047c5c
:10fa3000c47b037ca061a3ace060438c0421037c05
:10fa4000e06043ac370003244070c3ace060478cf7
:10fa5000010003240421677ce06047aca061a78c0f
:10fa6000c47b677ca061a7ace060458c8452657c58
:10fa7000e06045ace060458c8452057ce06045acbc
:10fa8000e060458c0421057ce06045ac032a04005d
:10fa90004070c5ace060458c0421657ce06045acfd
:10faa000e060458c0421057ce06045ac4070c4ac4e
:10fab000e060448c0421647ce06044ace060448cf1
:10fac0008452647ce06044ac0800e0030000000065
:10fad000e8ffbd27ca8284a3e0010524212000009d
:10fae0001400bfaf34fe400f21300000ca8284935f
:10faf000e00102241400bf8f022082701800bd278d
:10fb000084fe400b2026047c88bf023ce060438cce
:10fb1000100005248452037ce06043ac88bf033ca2
:10fb2000a061648cc47b047ca06164ace060448c04
:10fb30000421047ce06044ac80bf043c407085ac90
:10fb4000e060458c010004240421857ce06045ac24
:10fb5000a061658cc47b857ca06165ace060438c52
:10fb60008452837ce06043ac0800e00300000000a6
:10fb700088bf023ce060438c110005248452037c62
:10fb8000e06043ac88bf033ca061648cc47b047c10
:10fb9000a06164ace060448c0421047ce06044ac6f
:10fba00080bf043c407085ace060458c01000424bb
:10fbb0000421857ce06045aca061658cc47b857cbc
:10fbc000a06165ace060438c8452837ce06043ac10
:10fbd0000800e0030000000088bf023ce060438ca6
:10fbe000280005248452037ce06043ac88bf033cba
:10fbf000a061648cc47b047ca06164ace060448c34
:10fc00000421047ce06044ac80bf043c407085acbf
:10fc1000e060458c010004240421857ce06045ac53
:10fc2000a061658cc47b857ca06165ace060438c81
:10fc30008452837ce06043ac0800e00300000000d5
:10fc400088bf023ce060438c290005248452037c79
:10fc5000e06043ac88bf033ca061648cc47b047c3f
:10fc6000a06164ace060448c0421047ce06044ac9e
:10fc700080bf043c407085ace060458c01000424ea
:10fc80000421857ce06045aca061658cc47b857ceb
:10fc9000a06165ace060438c8452837ce06043ac3f
:10fca0000800e0030000000088bf023ce060438cd5
:10fcb000e50005248452037ce06043ac88bf033c2c
:10fcc000a061648cc47b047ca06164ace060448c63
:10fcd0000421047ce06044ac80bf043c407085acef
:10fce000e060458c010004240421857ce06045ac83
:10fcf000a061658cc47b857ca06165ace060438cb1
:10fd00008452837ce06043ac0800e0030000000004
:10fd100088bf073ce060e28c88bf053c80bf033ca5
:10fd20008452027ce060e2aca061a28cff008430cf
:10fd3000c47b027ca061a2ace060e28c0421027c66
:10fd4000e060e2acbe000224407062ace060e68c91
:10fd5000010002240421467ce060e6aca061a68c90
:10fd6000c47b467ca061a6ace060e58c8452457cf7
:10fd7000e060e5ace060e58c8452057ce060e5acd9
:10fd8000e060e58c0421057ce060e5ac0e00052414
:10fd9000407065ace060e58c0421457ce060e5ac3a
:10fda000e060e58c0421057ce060e5ac407064ac6b
:10fdb000e060e48c0421447ce060e4ace060e48c2e
:10fdc0000421047ce060e4ac407062ace060e48c50
:10fdd0000421447ce060e4ace060e48c0421047c19
:10fde000e060e4ac407060ace060e48c0421447cf2
:10fdf000e060e4ace060e48c0421047ce060e4ac0e
:10fe0000407060ace060e48c0421447ce060e4acd1
:10fe1000e060e48c0421047ce060e4ac407060ac01
:10fe2000e060e38c0421437ce060e3ace060e38cc1
:10fe30008452437ce060e3ac0800e0030000000073
:10fe40000100062488bf023c88bf033c23008614bf
:10fe500080bf073ce060468c0100a5308452067ce0
:10fe6000e06046aca061668cc47b067ca06166ac99
:10fe7000e060468c0421067ce06046ac3500062438
:10fe80004070e6ace060468c0421867ce06046acc5
:10fe9000a061668cc47b867ca06166ace060438c0c
:10fea0008452837ce06043ace060438c8452037cea
:10feb000e06043ace060438c0421037ce06043ac31
:10fec0004070e5ace060438c0421837ce06043ac8f
:10fed000e060438ccaff400b8452837ce060448c1a
:10fee0008452047ce06044aca061648cc47b047cdc
:10fef000a06164ace060448c0421047ce06044ac0c
:10ff0000340004244070e4ace060448c0421c47ce0
:10ff1000e06044aca061648cc47bc47ca06164ac30
:10ff2000e060438c8452c37ce06043ac0800e00393
:10ff30000000000081bf023c6090438cd8ffbd27c9
:10ff40001800b2af01001224c47b437e609043ac22
:10ff500088bf023c0061438c1c00b3af88bf133cd8
:10ff6000444a437e006143ac2060628e1000b0af13
:10ff700088bf103cc47b427e206062ae88bf023cda
:10ff80000060438c1400b1af80bf113cc47b037c84
:10ff9000006043ac88bf023c8061438c2400bfaf4b
:10ffa0002000b4afc47b037c806143ace060028e70
:10ffb0000f0004248452427ee06002ae88bf023cff
:10ffc000c060438c8452037cc06043ace060038e0d
:10ffd0004429437ee06003aec060438c4429037c27
:10ffe000c06043ace060038e0421437ee06003ae5a
:10fff000c060438c0421037cc06043ac80bf023ce2
:020000041d04d9
:10000000107040ac80bf023c507040ac80bf023cde
:10001000007040ac1070228e02000324044a627cff
:10002000107022ae1070228e030003248439627c8b
:10003000107022ae1070228e8428827c107022ae46
:100040001070228e0a0004240408627c107022ae14
:1000500080bf023c0070438c0442037c007043acc0
:100060000070438c444a037c007043ac1070238eb4
:100070008452437e107023ae0070438cc47b437e59
:10008000007043ac2060628ec47b027c206062ae54
:10009000af3d410f000000002060628e0a00042482
:1000a000c47b427e206062aeaf3d410f0000000085
:1000b0001070228e00804230fdff401400000000ce
:1000c000e060028e88bf133c80bf123c8452027ce9
:1000d000e06002aea061628ec47b027ca06162ae71
:1000e000e060028e0421027ce06002aee2000224a5
:1000f000407042aee060038e010002240421437c84
:10010000e06003aea061638ec47b437ca06163aefc
:10011000e060038e8452437ce06003ae1070228e58
:1001200000804230fdff401400000000e060028ebd
:10013000010003248452027ce06002aee060028e83
:100140000421027ce06002ae23000224407042ae33
:10015000e060028e0421627ce06002aee060028e0c
:100160008452627ce06002ae1070228e00804230c9
:10017000fdff401400000000e060028e0100032437
:100180008452027ce06002aee060028e0421027cb8
:10019000e06002ae02000224407042aee060028ed7
:1001a0000421627ce06002aee060028e8452627cd8
:1001b000e06002ae1070228e00804230fdff4014dd
:1001c00000000000e060028e010003248452027ce3
:1001d000e06002aee060028e0421027ce06002aecc
:1001e00054000224407042aee060028e0421627c22
:1001f000e06002aee060028e8452627ce06002ae9b
:100200001070228e00804230fdff4014000000007c
:10021000e060028e8452027ce06002aea061628ed9
:10022000c47b027ca06162aee060028e0421027c8d
:10023000e06002aee0000224407042aee060038e57
:10024000010002240421437ce06003aea061638ec0
:10025000c47b437ca06163aee060038e8452437c28
:10026000e06003ae1070228e00804230fdff40142b
:1002700000000000e060028e0a0004248452027c28
:10028000e06002aee060028e0421027ce06002ae1b
:1002900001000224407042aee060038e0421437ce2
:1002a000e06003aee060038e8452437ce06003ae06
:1002b000af3d410f000000001070228e00804230e0
:1002c000fdff401400000000e060028e8452027cba
:1002d000e06002aea061628ec47b027ca06162ae6f
:1002e000e060028e0421027ce06002aee0000224a5
:1002f000407042aee060038e010002240421437c82
:10030000e06003aea061638ec47b437ca06163aefa
:10031000e060038e8452437ce06003ae1070228e56
:1003200000804230fdff401400000000e060028ebb
:10033000010003248452027ce06002aee060028e81
:100340000421027ce06002ae03000224407042ae51
:10035000e060028e0421627ce06002aee060028e0a
:100360008452627ce06002ae1070228e00804230c7
:10037000fdff401480bf143ce060028e0100112498
:10038000050004248452027ce06002aea061628e0b
:10039000c47b027ca06162aee060028e0421027c1c
:1003a000e06002ae407051aee060028e0421227e19
:1003b000e06002aea061628ec47b227ea06162ae6c
:1003c000e060028e8452227ee06002aecd3d410f9d
:1003d000000000001070828e010005248452227eed
:1003e000107082ae1070828e8439027c107082aee2
:1003f0001070828e8428027c107082ae1070828e03
:100400000408027c107082aee060028e8452027c8e
:10041000e06002aea061628ec47b027ca06162ae2d
:10042000e060028e0421027ce06002aee60002245d
:10043000407042aee060028e0421227ee06002ae97
:10044000a061628ec47b227ea06162aee060028efb
:100450008452227ee06002aee060028e8452027c12
:10046000e06002aee060028e0421027ce06002ae39
:1004700003000224407042aee060038e0421237e1c
:10048000e06003aee060038e0421037ce06003ae15
:10049000ff000324407043aee060048e0421247efc
:1004a000e06004aee060048e0421047ce06004aef1
:1004b000407043aee060038e212000000421237ec3
:1004c000e06003aee060038e8452237ee06003ae02
:1004d000e060038e8452037ce06003aea061638e13
:1004e000c47b037ca06163aee060038e0421037cc7
:1004f000e06003aeb0000324407043aee060038ec2
:100500000421237ee06003aea061638ec47b237e62
:10051000a06163aee060038e8452237ee06003ae90
:10052000e060038e8452037ce06003aee060038ee3
:100530000421037ce06003ae24000324407043ae3a
:10054000e060038e0421237ee06003aee060038e52
:100550000421037ce06003ae407040aee060038e97
:100560000421237ee06003aee060038e0421037c5f
:10057000e06003ae407042aee060038e0421237e53
:10058000e06003aee060038e0421037ce06003ae14
:100590001f030324407043aee060038e0421237eda
:1005a000e06003aee060038e0421037ce06003aef4
:1005b000407051aee060038e0421237ee06003ae04
:1005c000e060038e0421037ce06003aedf010324be
:1005d000407043aee060038e0421237ee06003aef2
:1005e000e060038e0421037ce06003ae407040ae07
:1005f000e060038e0421237ee06003aee060038ea2
:100600008452237ee06003aee060038e8452037c5c
:10061000e06003aea061638ec47b037ca06163ae27
:10062000e060038e0421037ce06003aeb400032489
:10063000407043aee060038e0421237ee06003ae91
:10064000a061638ec47b237ea06163aee060038ef5
:100650008452237ee06003aee060038e8452037c0c
:10066000e06003aee060038e0421037ce06003ae33
:1006700004000324407043aee060038e0421237e17
:10068000e06003aee060038e0421037ce06003ae13
:100690001f040324407043aee060038e0421237ed8
:1006a000e06003aee060038e0421037ce06003aef3
:1006b000407040aee060038e0421237ee06003ae14
:1006c000e060038e0421037ce06003aed7000324c6
:1006d000407043aee060038e0421237ee06003aef1
:1006e000e060038e0421037ce06003ae7f000324fe
:1006f000407043aee060038e0421237ee06003aed1
:10070000e060038e0421037ce06003ae407040aee5
:10071000e060038e0421237ee06003aee060038e80
:100720000421037ce06003ae407040aee060038ec5
:100730000421237ee06003aee060038e0421037c8d
:10074000e06003ae407040aee060038e0421237e83
:10075000e06003aee060038e8452237ee06003ae6f
:10076000e060038e8452037ce06003aea061638e80
:10077000c47b037ca06163aee060038e0421037c34
:10078000e06003aeb6000324407043aee060038e29
:100790000421237ee06003aea061638ec47b237ed0
:1007a000a06163aee060038e8452237ee06003aefe
:1007b000e060038e8452037ce06003aee060038e51
:1007c0000421037ce06003ae02000324407043aeca
:1007d000e060038e0421237ee06003aee060038ec0
:1007e0000421037ce06003ae0c020324407043ae9e
:1007f000e060038e0421237ee06003aee060038ea0
:100800000421037ce06003ae407040aee060038ee4
:100810000421237ee06003aee060038e0421037cac
:10082000e06003ae1a000324407043aee060038e24
:100830000421237ee06003aee060038e0421037c8c
:10084000e06003ae407051aee060038e0421237e71
:10085000e06003aee060038e0421037ce06003ae41
:10086000407040aee060038e0421237ee06003ae62
:10087000e060038e0421037ce06003ae407040ae74
:10088000e060038e0421237ee06003aee060038e0f
:100890008452237ee06003aee060038e8452037cca
:1008a000e06003aea061638ec47b037ca06163ae95
:1008b000e060038e0421037ce06003ae3a00032471
:1008c000407043aee060038e0421237ee06003aeff
:1008d000a061638ec47b237ea06163aee060038e63
:1008e0008452237ee06003aee060038e8452037c7a
:1008f000e06003aee060038e0421037ce06003aea1
:1009000055000324407043aee060038e0421237e33
:10091000e06003aee060038e8452237ee06003aead
:10092000e060038e8452037ce06003aea061638ebe
:10093000c47b037ca06163aee060038e0421037c72
:10094000e06003aef0000324407043aee060038e2d
:100950000421237ee06003aea061638ec47b237e0e
:10096000a06163aee060038e8452237ee06003ae3c
:10097000e060038e8452037ce06003aee060038e8f
:100980000421037ce06003ae407042aee060028e62
:100990000421227ee06002aee060028e8452227e5c
:1009a000e06002aee060028e8452027ce06002ae43
:1009b000a061628ec47b027ca06162aee060028ea8
:1009c0000421027ce06002aeb8000224407042ae16
:1009d000e060028e0421227ee06002aea061628ea1
:1009e000c47b227ea06162aee060028e8452227ed1
:1009f000e06002aee060028e8452027ce06002aef3
:100a0000e060028e0421027ce06002ae0f0002244e
:100a1000407042aee060028e0421227ee06002aeb1
:100a2000e060028e0421027ce06002ae407051aeb4
:100a3000e060028e0421227ee06002aee060028e61
:100a40008452227ee06002ae7afd400f000000007a
:100a5000212000007afd400f010005242120000024
:100a60007afd400f01000524010004247afd400fa7
:100a700001000524212800007afd400f0100042414
:100a8000cd3d410f01000424010004247afd400ff4
:100a90000100052421200000b4fe400fc68280a37f
:100aa000e060028e2400bf8f2000b48f8452027c4d
:100ab000e06002aea061628ec47b027ca06162ae87
:100ac000e060028e0421027ce06002ae2900022474
:100ad000407042aee060028e1800b28f0421227e88
:100ae000e06002aea061628ec47b227ea06162ae35
:100af000e060028e1c00b38f8452227ee06002ae62
:100b00001400b18f1000b08f0800e0032800bd274b
:100b1000ce828287e8ffbd271400bfaf2026047c69
:100b20000e004010202e057ccc8282872a10820085
:100b300033004014d08282872a10440030004014d1
:100b4000c28282872a10a2002d004014c4828287ac
:100b50002a1045002b0040141400bf8f1f030624e9
:100b6000aafd400fdf01072488bf023ce060438cf0
:100b700088bf043c80bf053c8452037ce06043acea
:100b8000a061838cc47b037ca06183ace060438c58
:100b90000421037ce06043ac2c0003244070a3ac30
:100ba000e060468c010003240421667ce06046acd2
:100bb000a061868cc47b667ca06186ace060448cbe
:100bc0008452647ce06044ace060448c8452047cd9
:100bd000e06044ace060448c0421047ce06044ac00
:100be000c88284974070a4ace060448c0421647c8b
:100bf000e06044ace060448c8452647ce06044accf
:100c00001400bf8f0800e0031800bd270800e003b0
:100c100000000000ce828287d8ffbd272000b3af3e
:100c20001c00b2af1800b1af1400b0af2400bfafca
:100c3000209e047c2086057c2096067c19004010ae
:100c4000208e077ccc828397211060022026037cb3
:100c50002a9864020100605621106000d0828397b8
:100c6000209e027c211040022026037c2a909200c4
:100c70000100405621106000c28283972096027cba
:100c8000211000022026037c2a8004020100005665
:100c9000211060002086027cc48282872a185100bd
:100ca0000b884300212060022128000221304002ed
:100cb000aafd400f2138200288bf023ce060438c2f
:100cc00080bf053cc88287978452037ce06043acb8
:100cd00088bf033ca061648cc47b047ca06164accd
:100ce000e060448c0421047ce06044ac2c000424cb
:100cf0004070a4ace060468c010004240421867c92
:100d0000e06046aca061668cc47b867ca06166ac6a
:100d1000e060438c010006248452837ce06043ac95
:100d2000e060438c8452037ce06043ac5c03410b85
:100d30002a183002e060448c01006324201e037cea
:100d40000421047ce06044ac4070a7ace060448cbb
:100d50000421c47ce06044ac2a204302f5ff8010eb
:100d600000000000010010262086107c2a183002a6
:100d7000f9ff601021186002e060438c2400bf8fef
:100d8000010004248452837ce06043ac2000b38fd4
:100d9000010002241c00b28f1800b18f1400b08f24
:100da0000800e0032800bd27ce828287d8ffbd2738
:100db0002000b3af1c00b2af1800b1af1400b0af49
:100dc000209e047c2086057c2400bfaf2096067cf4
:100dd000208e077c3c00a587190040104400a487a2
:100de000cc828397211060022036037c2a98660209
:100df0000100605621106000d0828397209e027c03
:100e0000211040022036037c2a90d2000100405677
:100e100021106000c28283972096027c211000027c
:100e20002036037c2a800602010000562110600053
:100e30002086027cc48282872a1851000b884300d6
:100e40002a1005023c0040142a1090003b00401478
:100e50002400bf8f2120600221280002213040029f
:100e6000aafd400f2138200288bf023ce060438c7d
:100e700080bf053cc88287978452037ce06043ac06
:100e800088bf033ca061648cc47b047ca06164ac1b
:100e9000e060448c0421047ce06044ac2c00042419
:100ea0004070a4ace060468c010004240421867ce0
:100eb000e06046aca061668cc47b867ca06166acb9
:100ec000e060438c010006248452837ce06043ace4
:100ed000e060438c8452037ce06043acc803410b68
:100ee0002a183002e060448c01006324201e037c39
:100ef0000421047ce06044ac4070a7ace060448c0a
:100f00000421c47ce06044ac2a204302f5ff801039
:100f100000000000010010262086107c2a183002f4
:100f2000f9ff601021186002e060438c0100042486
:100f30008452837ce06043ac2400bf8f0100022414
:100f40002000b38f1c00b28f1800b18f1400b08f37
:100f50000800e0032800bd27e8ffbd27212000008e
:100f6000212800001f0306241400bfafaafd400f74
:100f7000df01072488bf023ce060438c80bf053c52
:100f8000c88288978452037ce06043ac88bf033cee
:100f9000a061648c2138a000c47b047ca06164ac97
:100fa000e060448c0421047ce06044ac2c00042408
:100fb0004070a4ace060468c0100042401000524cc
:100fc0000421867ce06046aca061668cc47b867c94
:100fd000a06166ace060438c8452837ce06043aceb
:100fe000e060438c8452037ce06043ac0500033c2a
:100ff00000dc6334e060468cffff632488bf043c60
:101000000421067ce06046ac4070e8ace060468cb1
:101010000421a67ce06046acf6ff601400000000ee
:10102000e060828c1400bf8f1800bd278452a27c20
:10103000e06082ac0800e003000000000100022430
:0c104000be8284a70800e003c08282a7e3
:020000040000fa
:020000041d04d9
:10104c00000000005410049d0000200075002b00cf
:10105c0008600100086001000860010008600100e0
:10106c0008600100086001000860010008600100d0
:10107c0008600100086001000860010008600100c0
:10108c0008600100086001000860010008600100b0
:10109c0008600100086001000860010008600100a0
:1010ac000860010008600100086001000860010090
:1010bc000860010008600100086001000860010080
:1010cc000860010008600100086001000860010070
:1010dc00086001001d8b01001b3702001be302009e
:1010ec001a8f0300183b040016bc04001c3d0500bd
:1010fc0019e905000895060013c006001c410700fd
:10110c0017ed07001e6e08001a1a09001dc609000b
:10111c0019720a00086001001c1e0b0019ca0b0092
:10112c0016760c001af70c001aa30d0008600100cb
:10113c001a4f0e00086001000860010008600100f1
:10114c0008600100086001000860010008600100ef
:10115c000860010015fb0e0008600100157c0f00f3
:10116c000860010015fd0f0008600100167e1000dc
:10117c000860010008ff1000086001000860010011
:10118c00082a1100205511001501120016821200b8
:10119c0008600100086001001003130014591300cb
:1011ac000dda1300153014000000000000000000e0
:1011bc000000000000000000000000000000000023
:1011cc000000000000000000000000000000000013
:1011dc0000000000f0010000f0010000f803000026
:1011ec00f8030000f8030000fc070000fc070000f7
:1011fc00fe070000be0f0000be0f0000bf1f000066
:10120c001f1f00001f1f00801f3f00800f3e00802b
:10121c000f3e00c0077c00c0077c00c0077c00e0cc
:10122c0003f800e003f800f0ffff01f0ffff01f00e
:10123c00ffff01f8ffff03f8ffff03f800e003fcda
:10124c0000e0077c00c0077c00c0073e00800f3e1a
:10125c0000800f3e00800f1f00001f0000000000e8
:10126c000000000000000000000000000000000072
:10127c00000000000000000000000000000000f86a
:10128c00ff0f00f8ff7f00f8ffff00f8ffff00f8ea
:10129c00ffff01f800f801f800f003f800e003f894
:1012ac0000e003f800e003f800e003f800e003f8c6
:1012bc0000f001f800f801f8ffff00f8ff7f00f8dc
:1012cc00ff7f00f8ffff01f8ffff01f800f803f8bb
:1012dc0000e003f800e007f800c007f800c007f8ca
:1012ec0000c007f800c007f800c007f800e007f8d6
:1012fc0000f003f8ffff03f8ffff01f8ffff00f811
:10130c00ff7f00f8ff1f000000000000000000003d
:10131c0000000000000000000000000000000000c1
:10132c00000000000000000000000000f0070000ba
:10133c00fe3f0000ff7f0080ffff00c0ffff01e0c9
:10134c000ffc03f007f803f001f007f801e007f8d1
:10135c0000c003f8004000f80000007c0000007c96
:10136c000000007c0000007c0000007c0000007c81
:10137c000000007c0000007c0000007c0000007c71
:10138c00000000fc004000f800c003f800e007f883
:10139c0001e007f001f003f003f803e00ffe01c0d9
:1013ac00ffff0180ffff0000ff7f0000fe1f000019
:1013bc00f807000000000000000000000000000022
:1013cc000000000000000000000000000000000011
:1013dc0000000000000000f8ff0300f8ff0f00f809
:1013ec00ff1f00f8ff3f00f8ff7f00f800ff00f838
:1013fc0000fc00f800f801f800f001f800f001f82a
:10140c0000f001f800e003f800e003f800e003f856
:10141c0000e003f800e003f800e003f800e003f854
:10142c0000e003f800e003f800e003f800e003f844
:10143c0000e003f800f001f800f001f800f001f80a
:10144c0000f801f800fc00f800fe00f8ff7f00f83f
:10145c00ff3f00f8ff1f00f8ff0f00f8ff0300002c
:10146c000000000000000000000000000000000070
:10147c000000000000000000000000000000000060
:10148c00000000f8ff7ff8ff7ff8ff7ff8ff7ff880
:10149c00ff7ff80000f80000f80000f80000f800ea
:1014ac0000f80000f80000f80000f80000f8ff3f1a
:1014bc00f8ff3ff8ff3ff8ff3ff8ff3ff80000f858
:1014cc000000f80000f80000f80000f80000f80038
:1014dc0000f80000f80000f80000f8fffff8ffff2c
:1014ec00f8fffff8fffff8ffff000000000000000e
:1014fc0000000000000000000000000000000000e0
:10150c0000000000f8ff3ff8ff3ff8ff3ff8ff3ff7
:10151c00f8ff3ff80000f80000f80000f80000f8b1
:10152c000000f80000f80000f80000f80000f800d7
:10153c0000f8ff0ff8ff0ff8ff0ff8ff0ff8ff0f81
:10154c00f80000f80000f80000f80000f80000f8bf
:10155c000000f80000f80000f80000f80000f800a7
:10156c0000f80000f80000f8000000000000000087
:10157c00000000000000000000000000000000005f
:10158c00000000000000f0070000fe3f0000ff7f9d
:10159c000080ffff00c0ffff01e01ffc03f007f01d
:1015ac0003f003f003f801e007f800c007f800c0ef
:1015bc0001f80000007c0000007c0000007c0000b2
:1015cc00007c0000007c00ff0f7c00ff0f7c00ff04
:1015dc000f7c00ff0f7c00ff0f7c00800ff8008059
:1015ec000ff800800ff801800ff001800ff003c09e
:1015fc000fe007e00fe01ff80fc0ffff0780ffffb1
:10160c000300ffff0100fc7f0000f00f0000000052
:10161c0000000000000000000000000000000000be
:10162c0000000000000000000000000000000000ae
:10163c0000f800f001f800f001f800f001f800f0fb
:10164c0001f800f001f800f001f800f001f800f0ea
:10165c0001f800f001f800f001f800f001f800f0da
:10166c0001f800f001f800f001f8ffff01f8ffffae
:10167c0001f8ffff01f8ffff01f8ffff01f800f090
:10168c0001f800f001f800f001f800f001f800f0aa
:10169c0001f800f001f800f001f800f001f800f09a
:1016ac0001f800f001f800f001f800f001f800f08a
:1016bc0001f800f001f800f001000000000000004b
:1016cc00000000000000000000000000000000000e
:1016dc0000000000000000000000000000f8f8f816
:1016ec00f8f8f8f8f8f8f8f8f8f8f8f8f8f8f8f86e
:1016fc00f8f8f8f8f8f8f8f8f8f8f8f8f8f8f80056
:10170c00000000000000000000c00700c00700c07f
:10171c000700c00700c00700c00700c00700c007d3
:10172c0000c00700c00700c00700c00700c00700ca
:10173c00c00700c00700c00700c00700c00700c0fa
:10174c000700c00700c00700c00700c00738c0076b
:10175c003ec0073ec0077ec0077ee003fcf003fce2
:10176c00ff03f8ff01f8ff00f07f00c01f0000002e
:10177c00000000000000000000000000000000005d
:10178c00000000000000000000f800e007f800f086
:10179c0003f800f801f800f801f800fc00f8007eee
:1017ac0000f8003f00f8801f00f8c01f00f8c00fc1
:1017bc0000f8e00700f8f00300f8f80100f8fc016d
:1017cc0000f8fc0300f8fe0300f8ff0700f8ff0721
:1017dc0000f8ef0f00f8cf1f00f8c71f00f8833f89
:1017ec0000f8013f00f8007f00f8007e00f800fed2
:1017fc0000f800fc00f800fc01f800f801f800f813
:10180c0003f800f007f800f007f800e00ff800c04c
:10181c000f000000000000000000000000000000ad
:10182c0000000000000000000000000000000000ac
:10183c000000000000f80000f80000f80000f800bc
:10184c0000f80000f80000f80000f80000f80000b4
:10185c00f80000f80000f80000f80000f80000f8ac
:10186c000000f80000f80000f80000f80000f80094
:10187c0000f80000f80000f80000f80000f8000084
:10188c00f80000f80000f80000f80000f8ff7ff8fe
:10189c00ff7ff8ff7ff8ff7ff8ff7f00000000005c
:1018ac00000000000000000000000000000000002c
:1018bc00000000000000f807c03ff807c03ff80721
:1018cc00c03ff807c03ff80fe03ff80fe03ff80fbc
:1018dc00e03ff80fe03ff81ef03ef81ef03ef81e19
:1018ec00f03ef81ef03ef83c783ef83c783ef83c72
:1018fc00783ef83c783ef8783c3ef8783c3ef878f8
:10190c003c3ef8783c3ef8f01e3ef8f01e3ef8f0f7
:10191c001e3ef8f01e3ef8e00f3ef8e00f3ef8e0f9
:10192c000f3ef8e00f3ef8c0073ef8c0073ef8c087
:10193c00073ef8c0073ef880073ef880033e0000e3
:10194c00000000000000000000000000000000008b
:10195c00000000000000000000000000000000007b
:10196c000000f801e003f801e003f803e003f803da
:10197c00e003f807e003f807e003f80fe003f80fc3
:10198c00e003f81fe003f83fe003f83fe003f87fc3
:10199c00e003f87fe003f8fee003f8fce003f8fc5a
:1019ac00e103f8f8e303f8f8e303f8f0e703f8f0e1
:1019bc00e703f8e0ef03f8e0ef03f8c0ff03f8806b
:1019cc00ff03f880ff03f800ff03f800ff03f800a3
:1019dc00fe03f800fe03f800fc03f800f803f8001f
:1019ec00f803f800f003f800f0030000000000001a
:1019fc0000000000000000000000000000000000db
:101a0c00000000000000000000000000000000f0da
:101a1c00070000fe3f0000ff7f00c0ffff00c0ff7b
:101a2c00ff01e01ffc03f007f007f003e007f801eb
:101a3c00c00ff800800ff800800ff800800f7c00ba
:101a4c00001f7c00001f7c00001f7c00001f7c001e
:101a5c00001f7c00001f7c00001f7c00001f7c000e
:101a6c00001f7c00001ffc00800ff800800ff800a6
:101a7c00800ff801c00ff003e007f007f007e01f3c
:101a8c00fc03c0ffff0180ffff0000ff7f0000fe92
:101a9c003f0000f007000000000000000000000004
:101aac00000000000000000000000000000000002a
:101abc0000000000000000000000f8ff0700f8ff25
:101acc001f00f8ff3f00f8ff7f00f8ffff00f80051
:101adc00fe00f800f801f800f801f800f001f80039
:101aec00f001f800f001f800f001f800f001f80046
:101afc00f801f800fc00f800fe00f8ffff00f8ff0a
:101b0c007f00f8ff3f00f8ff1f00f8ff0300f8000c
:101b1c000000f8000000f8000000f8000000f800d9
:101b2c000000f8000000f8000000f8000000f800c9
:101b3c000000f8000000f8000000f8000000f800b9
:101b4c000000000000000000000000000000000089
:101b5c000000000000000000000000000000000079
:101b6c00000000000000f8ff0f00f8ff3f00f8ff36
:101b7c00ff00f8ffff00f8ffff01f800f801f80084
:101b8c00f003f800e003f800e003f800e003f800cd
:101b9c00e003f800e003f800e003f800f001f800bf
:101bac00f801f8ffff01f8ffff00f8ff7f00f8ffd6
:101bbc001f00f8ff0700f8e00f00f8801f00f80086
:101bcc003f00f8007f00f8007e00f800fe00f800ef
:101bdc00fc00f800fc01f800f801f800f803f8002c
:101bec00f003f800f007f800e007f800e00f000041
:101bfc0000000000000000000000000000000000d9
:101c0c0000000000000000000000000000000000c8
:101c1c00000000fc030080ff0f00c0ff3f00e0ff4e
:101c2c007f00f0ff7f00f007fe00f801fc00f800d9
:101c3c00f801f800f801f800f001f800f001f801e3
:101c4c000000f0070000f03f0000f0ff0100e0ff93
:101c5c000f00c0ff3f0000ff7f0000fc7f0000e092
:101c6c00ff000000fe000000f8017c00f0017c0089
:101c7c00f001fc00f001f800f001f801f801f801a6
:101c8c00f801f007fe00f0ffff00e0ff7f00c0ff4f
:101c9c003f0080ff1f0000fc03000000000000005c
:101cac000000000000000000000000000000000028
:101cbc000000000000000000000000000000feff1b
:101ccc003ffeff3ffeff3ffeff3ffeff3f003e009b
:101cdc00003e00003e00003e00003e00003e0000c2
:101cec003e00003e00003e00003e00003e00003e74
:101cfc0000003e00003e00003e00003e00003e00a2
:101d0c00003e00003e00003e00003e00003e000091
:101d1c003e00003e00003e00003e00003e00003e43
:101d2c0000003e0000000000000000000000000069
:101d3c00000000000000000000000000000000f89f
:101d4c0000e003f800e003f800e003f800e003f81b
:101d5c0000e003f800e003f800e003f800e003f80b
:101d6c0000e003f800e003f800e003f800e003f8fb
:101d7c0000e003f800e003f800e003f800e003f8eb
:101d8c0000e003f800e003f800e003f800e003f8db
:101d9c0000e003f800e003f800e003f800e003f8cb
:101dac0000e003f801e003f001f001f003f801f0aa
:101dbc000ffc01e0ffff00c0ffff0080ff7f000071
:101dcc00ff1f0000fc0700000000000000000000e6
:101ddc0000000000000000000000000000000000f7
:101dec0000000000000000000000001f00e0033fa6
:101dfc0000f0033e00f0013e00f0017e00f0017c9b
:101e0c0000f8007c00f800fc00f800f800fc00f87a
:101e1c00007c00f8017c00f0017e00f0013e00f037
:101e2c00033e00e0033e00e0031f00e0071f00c07c
:101e3c00071f00c0871f00c08f0f00808f0f00800e
:101e4c008f0f0080df070000df070000df070000b6
:101e5c00ff070000fe030000fe030000fe0300006d
:101e6c00fc010000fc010000fc010000f800000077
:101e7c00f80000000000000000000000000000005e
:101e8c000000000000000000000000000000000046
:101e9c00000000000000007e00f8017c00f800fc4f
:101eac0000fc00f8017e00f0013e00f0033f00e072
:101ebc00031f00e0871f00c0870f00c0cf0f0080fa
:101ecc00ff070000ff030000ff030000fe010000fd
:101edc00fe010000fc000000fc000000fe01000000
:101eec00fe010000ff030000ff030080ff070080dd
:101efc00cf0700c0cf0f00e0871f00e0031f00f0ea
:101f0c00033f00f0013e00f8017e00f8007c00fc6d
:101f1c0000fc007e00f8013e00f0013f00f00300e1
:101f2c0000000000000000000000000000000000a5
:101f3c000000000000000000000000000000000095
:101f4c000000000000000000000000000000000085
:101f5c00000000000000000000000000000000ff76
:101f6c0000c0ff03e0ff07f0ff07f0ff0ff8c10f01
:101f7c00f8810fe0800f00800f00c00f00fc0fc035
:101f8c00ff0ff0ff0ff8ff0ff89f0ffc810f7c8005
:101f9c000f7c800f7cc00ffce00ffcff0ff8ff0fd5
:101fac00f8ff0ff03f1fc00f1f00000000000000e3
:101fbc000000000000000000000000000000000015
:101fcc000000000000000000000000000000000005
:101fdc0000000000000000000000000000000000f5
:101fec007e0080ff01e0ff03f0ff07f0ff0ff8c356
:101ffc000ff8801ff8001f7c00077c00007c00009d
:10200c007c00007c00007c00007c00007c0007fc55
:10201c00001ff8801ff8810ff8c30ff0ff0ff0ffbf
:10202c0007e0ff03c0ff01007f000000000000007c
:10203c000000000000000000000000000000000094
:10204c000000000000000000000000000000000084
:10205c000000000000000000000000000000000074
:10206c00007f0080ff01e0ff03e0ff07f0ff07f8af
:10207c00c10ff8800ff8800f7c001f7c001ffcff45
:10208c001ffcff1ffcff1ffcff1f7c00007c0000df
:10209c007c0000f80007f8811ff8c30ff0ff0ff069
:1020ac00ff07e0ff0380ff01007e0000000000003e
:1020bc000000000000000000000000000000000014
:1020cc000000000000000000000000000000000004
:1020dc0000000000000000000000000000000000f4
:1020ec0000003f3ec07f3ee0ff3ef0ff3ff0ff3f71
:1020fc00f8c33ff8813ff8003ffc003f7c003e7c7a
:10210c00003e7c003e7c003e7c003e7c003e7c0021
:10211c003efc003ff8003ff8813ff8c33ff0ff3f23
:10212c00f0ff3fe0ff3ec07f3e001f3e38003ef810
:10213c00003ef8003ff8811ff0ff1ff0ff0fe0ff9b
:10214c000fc0ff0300ff00f8f8f8f8f8f8000000e3
:10215c00f8f8f8f8f8f8f8f8f8f8f8f8f8f8f8f8f3
:10216c00f8f8f8f8f8f8f8f8f800000000000000ab
:10217c000000f8f8f8f8f8f8f8f8f8f8f8f8f8f8c3
:10218c00f8f8f8f8f8f8f8f8f8f8f8f8f8f8f8f8c3
:10219c00f8f8f8f800000000000000000000000053
:1021ac000000000000000000000000000000000023
:1021bc000000000000000000000000000000000013
:1021cc0000f8f8810ff8fcc33ff8fee77ff8fff743
:1021dc007ff8ffff7ff8c33ffcf8811ffcf8811fdd
:1021ec00f8f8800ff8f8800ff8f8800ff8f8800fe7
:1021fc00f8f8800ff8f8800ff8f8800ff8f8800fd7
:10220c00f8f8800ff8f8800ff8f8800ff8f8800fc6
:10221c00f8f8800ff8f8800ff8f8800ff8f8800fb6
:10222c00f8f8800ff800000000000000000000002b
:10223c000000000000000000000000000000000092
:10224c000000000000000000000000000000000082
:10225c000000000000000000000000000000000072
:10226c0000000000f8f001f8fc07f8fe0ff8ff0f73
:10227c00f8ff0ff8c71ff8811ff8011ff8001ff8af
:10228c00001ff8001ff8001ff8001ff8001ff800cf
:10229c001ff8001ff8001ff8001ff8001ff8001fa0
:1022ac00f8001ff8001ff8001ff8001ff8001f00af
:1022bc000000000000000000000000000000000012
:1022cc000000000000000000000000000000000002
:1022dc0000000000000000000000000000000000f2
:1022ec000000000000007f00c0ff01e0ff03f0ffd2
:1022fc0007f8ff0ff8c10ffc801f7c001f7e003f0a
:10230c003e003e3e003e3e003e3e003e3e003e3e17
:10231c00003e3e003e7e001f7c001ffc801ff8c16b
:10232c000ff8ff0ff0ff07e0ff03c0ff01007f0075
:10233c000000000000000000000000000000000091
:10234c000000000000000000000000000000000081
:10235c0000000000000000000000000000f87cf805
:10236c00fef8fef87ff87ff863f801f801f800f842
:10237c0000f800f800f800f800f800f800f800f891
:10238c0000f800f800f800f800f800f800f8000079
:10239c000000000000000000000000000000000031
:1023ac000000000000000000000000000000000021
:1023bc00000000000000000000000000807f00e032
:1023cc00ff01f0ff03f8ff07fcff07fce00f7cc0e8
:1023dc000f7c8001fc0300fc3f00f8ff01f8ff03b9
:1023ec00f0ff07c0ff0700fe0f00e00f60800f7cbe
:1023fc00800ffc800ff8c10ff8ff07f0ff07e0ff1c
:10240c0003c0ff01007f000000000000000000007e
:10241c0000000000000000000000000000000000b0
:10242c0000008000c000e000f000f800f800f800a8
:10243c00f800f800ff0fff0fff0fff0fff0ff80062
:10244c00f800f800f800f800f800f800f800f800c0
:10245c00f800f800f800f800f800f810f81ff81f62
:10246c00f01fe01fc00f0000000000000000000083
:10247c000000000000000000000000000000000050
:10248c000000000000000000000000000000000040
:10249c00000000f8001ff8001ff8001ff8001ff8dc
:1024ac00001ff8001ff8001ff8001ff8001ff800ad
:1024bc001ff8001ff8001ff8001ff8001ff8001f7e
:1024cc00f8001ff8001ff8801ff8811ff8e31ff0b9
:1024dc00ff1ff0ff1fe07f1fe03f1f800f1f00005a
:1024ec0000000000000000000000000000000000e0
:1024fc0000000000000000000000000000000000d0
:10250c001025049d00001c007e001b00109401008f
:10251c0010ca0100110002001151020005a20200b4
:10252c0006bd02000ad802000b0e03000b44030088
:10253c00107a030010b0030006e603000701040044
:10254c00071c04000a370400096d040005a30400ed
:10255c0008be040005d904000bf404000b2a050086
:10256c000b6005000b9605000bcc05000b0206005a
:10257c000b3806000b6e06000ba406000bda0600e7
:10258c000b10070005460700056107000a7c0700d1
:10259c000ab207000ae807000a1e080013540800d4
:1025ac000ea508000cdb08000c1109000e470900f1
:1025bc000b7d09000bb309000de909000f1f0a0080
:1025cc0007550a0007700a000d8b0a000bc10a00a0
:1025dc0013f70a000f480b000e7e0b000cb40b0017
:1025ec000eea0b000d200c000b560c000d8c0c0091
:1025fc000fc20c000ff80c00142e0d000e7f0d00f6
:10260c000eb50d000ceb0d0007210e000b3c0e005f
:10261c0008720e000b8d0e000bc30e0007f90e0096
:10262c000b140f000c4a0f000a800f000cb60f00a1
:10263c000bec0f00072210000c3d10000d73100066
:10264c0006a9100006c410000cdf100006151100be
:10265c00143011000d8111000cb711000ced11009c
:10266c000c23120009591200098f120008c5120020
:10267c000ce012000b161300104c13000c8213000c
:10268c000bb813000aee130008241400053f1400c5
:10269c00085a14000b7514000000000000000030f4
:1026ac000038003c003e003f803fc03fe03ff03f21
:1026bc00f83ffc3ff83ff03fe03fc03f803f003f1a
:1026cc00003e003c0038003000000000000000001c
:1026dc00000000000c001c003c007c00fc00fc0115
:1026ec00fc03fc07fc0ffc1ffc3ffc1ffc0ffc0752
:1026fc00fc03fc01fc007c003c001c000c000000f6
:10270c0000000000000000000000000000000100bc
:10271c00800300800300800300c00700c00700e0b6
:10272c000f00e00f00e00f00f01f00f01f00f01f83
:10273c0000f83f00f83f00f83f00fc7f00fc7f00f2
:10274c00fc7f00feff00feff00feff00000000000b
:10275c000000000000000000000000000000feff70
:10276c0000feff00feff00fc7f00fc7f00fc7f00f2
:10277c00f83f00f83f00f83f00f01f00f01f00f09a
:10278c001f00e00f00e00f00e00f00c00700c007c3
:10279c0000800300800300800300000100000000a3
:1027ac00000000000000000000000000000000001d
:1027bc00000000000000000000000000000000000d
:1027cc0000000000080c0c0c0c0c0c0c0c0c0c0c71
:1027dc0004000c0c0c0000000000000000000000c5
:1027ec000000cc00cc00cc00cc00cc00cc00cc0049
:1027fc00c400000000000000000000000000000009
:10280c0000000000000000000000000000000000bc
:10281c00000000000000000000000000000060024a
:10282c00200320012001fc07900190009800fe037a
:10283c0048004c0044006400000000000000000050
:10284c00000000000000000000000000000000007c
:10285c0060006000f8016c03660166006e007c008d
:10286c00f801e001e0036003620362036601fc000f
:10287c00600060000000000000000000000000008c
:10288c000000000000000000000038302418660c26
:10289c00660466066603a4019c38c0646066206604
:1028ac00106618240c1c0000000000000000000042
:1028bc00000000000000000000000000e0013003f8
:1028cc0018031803180198017800787e7c1ccc182a
:1028dc00c619861b060f060e0c1af87100000000b4
:1028ec00000000000000000000000000000c0c0cb8
:1028fc000c0c0c0c04000000000000000000000098
:10290c0000000000000000603010080c0c040606eb
:10291c00060606060606040c0c08183060000000bb
:10292c00000003060c0818181030303030303030ee
:10293c0030101818080406030000000000000030d6
:10294c000030002201ae0378007800ae0122013085
:10295c00003000000000000000000000000000003b
:10296c00000000000000000000000000000000005b
:10297c00000000000000000000000000000000004b
:10298c000000000000300030003000fe013000304c
:10299c0000300030000000000000000000000000cb
:1029ac00000000000000000000000000000000001b
:1029bc0000000000000000000e0f0c0c04020000d0
:1029cc0000000000000000000000000000000000fb
:1029dc007e0000000000000000000000000000006d
:1029ec0000000000000000000000000000000c0cc3
:1029fc000c000000000000000000000000020003ba
:102a0c000001800180018000c000c00060006000f7
:102a1c002000300030001000180018000c000c00d2
:102a2c000400060006000200000000000000000088
:102a3c0000000000000000000000f000c8018c0144
:102a4c0084030603060306030603060306030601b6
:102a5c000c018c0070000000000000000000000061
:102a6c00000000000000000000000000000000005a
:102a7c00600078006400600060006000600060002e
:102a8c0060006000600060006000fc03000000005b
:102a9c00000000000000000000000000000000002a
:102aac000000000000007800c40186018201800152
:102abc00c000c00060003000300018000c0106019e
:102acc00fe010000000000000000000000000000fb
:102adc00000000000000000000000000f800cc0125
:102aec008601800180014000f0008001000300039a
:102afc0000030003860178000000000000000000c5
:102b0c0000000000000000000000000000000000b9
:102b1c000000c000e000e000d000d800c800c400f5
:102b2c00c600c200ff03c000c000c000f0030000dc
:102b3c000000000000000000000000000000000089
:102b4c0000000000000000000001fc000400040074
:102b5c0006007e00c200800180018001800180009f
:102b6c00c3003c000000000000000000000000005a
:102b7c0000000000000000000000000000008001c8
:102b8c006000180008000c00f6008e010603060316
:102b9c00060306030c018c01f0000000000000008d
:102bac000000000000000000000000000000000019
:102bbc00000000000000fc03020102018001800003
:102bcc00c0004000600020003000300018000800f9
:102bdc0000000000000000000000000000000000e9
:102bec0000000000000000000000f800cc0186018d
:102bfc0086018e01dc00f000c8018c03060306037d
:102c0c0006038c01780000000000000000000000aa
:102c1c0000000000000000000000000000000000a8
:102c2c00f0008c01840106030603060306038c03e3
:102c3c00780300018001c00020001c00000000008f
:102c4c000000000000000000000000000000000078
:102c5c000000000c0c0c00000000000c0c0c000020
:102c6c0000000000000000000000000000000c0c40
:102c7c000c00000000000e0f0c0c04020000000001
:102c8c000000000000000000000000000000000038
:102c9c00000000000001e0013c0006001c00f000f8
:102cac008001000000000000000000000000000097
:102cbc000000000000000000000000000000000008
:102ccc000000000000000000000000000000fe01f9
:102cdc0000000000fe0100000000000000000000e9
:102cec0000000000000000000000000000000000d8
:102cfc0000000000000000000000000000000000c8
:102d0c0006003c00e0018001f0001e000200000003
:102d1c0000000000000000000000000000000000a7
:102d2c000000000000000000f800cc0186018601c4
:102d3c0080018001c0006000600030003000300075
:102d4c0010000000300030003000000000000000d7
:102d5c000000000000000000000000000000000067
:102d6c0000000000000000003f00c0700030c000f8
:102d7c001880010880010c97038418034618036619
:102d8c0018036618036618036618016e9801cc9c2c
:102d9c00008c7300180000388000e0e001801f00f8
:102dac000000000000000000000000000000000017
:102dbc0000000000004000c000a000a001a0011015
:102dcc000110031003f80308060806040c040c1f7a
:102ddc001e000000000000000000000000000000c9
:102dec000000000000000000000000fe008d030c3d
:102dfc00030c030c038c01fc018c030c070c060c5c
:102e0c00060c060c03ff010000000000000000008f
:102e1c0000000000000000000000000000000000a6
:102e2c0000c007300c08000c000400060006000669
:102e3c0000060006000c000c083804e0030000003b
:102e4c000000000000000000000000000000000076
:102e5c0000000000000000fe010d070c0e0c0c0c15
:102e6c00180c180c180c180c180c180c0c0c0e0c4c
:102e7c0007ff01000000000000000000000000003f
:102e8c0000000000000000000000000000ff030c28
:102e9c00020c020c000c000c00fc018c000c000c51
:102eac00000c000c040c06ff0300000000000000e6
:102ebc000000000000000000000000000000000006
:102ecc00000000ff030c020c020c000c000c00fcb8
:102edc00018c000c000c000c000c000c003f0000de
:102eec0000000000000000000000000000000000d6
:102efc00000000000000000000e003100608000cb9
:102f0c0000060006000600860f060606060c060cd8
:102f1c00061806f001000000000000000000000090
:102f2c000000000000000000000000000000003f56
:102f3c007e0c180c180c180c180c18fc1f0c180c08
:102f4c00180c180c180c180c183f7e000000000010
:102f5c000000000000000000000000000000003f26
:102f6c000c0c0c0c0c0c0c0c0c0c0c0c3f00000086
:102f7c00000000000000000000007e18181818184f
:102f8c00181818181818181818080403000000004e
:102f9c0000000000000000000000003f0f0c020cbd
:102fac00018c004c006c003c006c00ec00cc008ce4
:102fbc00010c030c063f1c00000000000000000088
:102fcc0000000000000000000000000000000000f5
:102fdc00003f000c000c000c000c000c000c000c52
:102fec00000c000c000c000c040c02ff0300000091
:102ffc0000000000000000000000000000000000c5
:10300c00000000000000000000000000001ec001d5
:10301c001ce0001ce0003cf0002cd0006cd0006cdc
:10302c00c800ccc800cccc008cc5008cc7000cc32d
:10303c00000cc3001ee103000000000000000000b3
:10304c000000000000000000000000000000000074
:10305c0000000000000000000f7e0c181c183c182b
:10306c002c184c18cc188c190c190c1b0c1e0c1c85
:10307c000c1c3f18000000000000000000000000c5
:10308c000000000000000000000000000000e00351
:10309c001806080c0c0c0618061806180618061844
:1030ac0006180c0c0c041802f001000000000000c3
:1030bc000000000000000000000000000000000004
:1030cc0000000000fe010d030c060c060c060c069d
:1030dc000c03fc000c000c000c000c000c003f005e
:1030ec0000000000000000000000000000000000d4
:1030fc0000000000000000000000e0031806080caf
:10310c000c0c0618061806180618061806180c0ccf
:10311c000c0c1806f001000300060038000000003b
:10312c000000000000000000000000000000000093
:10313c00fe010d030c060c060c060c03fc00cc0067
:10314c00cc008c010c030c030c063f1c000000008f
:10315c000000000000000000000000000000000063
:10316c00000000000000f8008c01060006000e00b4
:10317c003c00f800e0018003000302030201860119
:10318c007c000000000000000000000000000000b7
:10319c00000000000000000000000000ff0f6108ac
:1031ac00610860006000600060006000600060000a
:1031bc00600060006000f8010000000000000000ea
:1031cc0000000000000000000000000000000000f3
:1031dc0000003f7e0c180c180c180c180c180c184e
:1031ec000c180c180c180c18180c3806e0030000fe
:1031fc0000000000000000000000000000000000c3
:10320c0000000000000000001f3c0c180c081808ff
:10321c00180c180430063002200260036001c00153
:10322c00c001800000000000000000000000000051
:10323c000000000000000000000000000000000082
:10324c00000000001fc2070c06010c06010c070150
:10325c000c8d01088d00988900989800989800d0e2
:10326c00d000707000707000706000206000000072
:10327c000000000000000000000000000000000042
:10328c000000000000000000000000000000003ff3
:10329c001f0c0c180638033001e001c000c001a05f
:1032ac000130031806080e0c0c1f3e000000000035
:1032bc000000000000000000000000000000000002
:1032cc000000000000073e0c0c18041802300360cc
:1032dc0001e001c000c000c000c000c000c000f090
:1032ec0003000000000000000000000000000000cf
:1032fc000000000000000000000000fc07040302b6
:10330c00038001c000c0006000700030001800187d
:10331c00000c040604fe0700000000000000000082
:10332c00000000000000003e060606060606060623
:10333c000606060606060606060606063e000000fb
:10334c000000000002000600060004000c0008004b
:10335c001800180010003000300020006000400001
:10336c004000c000800080018001000100030002c9
:10337c0000000000000000003e30303030303030b3
:10338c00303030303030303030303030303e000083
:10339c0000000000000000200060007000d000d889
:1033ac0000880088018c0104030403020300000060
:1033bc000000000000000000000000000000000001
:1033cc0000000000000000000000000000000000f1
:1033dc0000000000000000000000000000000000e1
:1033ec0000000000000000000000000000000000d1
:1033fc00000000fe030000000000000000000000c0
:10340c0003060c0810000000000000000000000083
:10341c0000000000000000000000000000000000a0
:10342c00000000000000000000000000f0008c0113
:10343c0086018001f0018c0186018601c601bc0762
:10344c000000000000000000000000000000000070
:10345c00000000000c000e000c000c000c000c0016
:10346c000c00cc013c031c070c060c060c060c06cd
:10347c000c021c01f0000000000000000000000025
:10348c000000000000000000000000000000000030
:10349c000000000000000000e00118030c00060012
:1034ac000600060006000c001c03f00000000000e3
:1034bc000000000000000000000000000000000000
:1034cc000003c00300030003000300030003f00328
:1034dc008803040306030603060306030e03cc0b42
:1034ec003807000000000000000000000000000091
:1034fc0000000000000000000000000000000000c0
:10350c0000000000f00008030403fe0306000600a0
:10351c0006000c001c03f00000000000000000007e
:10352c000000000000000000006050180c0c0c0c97
:10353c007e0d0c0c0c0c0c0c0c3f00000000000061
:10354c00000000000000000000000000000000006f
:10355c000000000000f80c8c030603060306038c25
:10356c0001f80018001c00f803060e030c030c06ef
:10357c0006fc01000000000000000000000c000f21
:10358c00000c000c000c000c000c00cc032c061cd6
:10359c00060c060c060c060c060c060c06bf1f00cf
:1035ac00000000000000000000000000000000000f
:1035bc0000000c0c0000000c0f0c0c0c0c0c0c0c78
:1035cc003f0000000000000000000000000c0c0098
:1035dc0000000c0f0c0c0c0c0c0c0c0c0c0c040246
:1035ec000100000000000000000c000f000c000c9b
:1035fc00000c000c000c008c078c01cc002c003c47
:10360c00006c00cc008c010c031f0f0000000000ac
:10361c000000000000000000000000000c0f0c0c6b
:10362c000c0c0c0c0c0c0c0c0c0c0c0c3f000000bf
:10363c00000000000000000000000000000000007e
:10364c00000000000000000000000000000000006e
:10365c0000008ee3016d16031c0e030c06030c0612
:10366c00030c06030c06030c06030c0603bfdf0f4a
:10367c00000000000000000000000000000000003e
:10368c00000000000000000000000000000000002e
:10369c000000000000000000008e036d061c060cec
:1036ac00060c060c060c060c060c06bf1f000000d0
:1036bc0000000000000000000000000000000000fe
:1036cc00000000000000000000000000000000f0fe
:1036dc00008803040306060606060606060c021cf2
:1036ec0001f00000000000000000000000000000dd
:1036fc0000000000000000000000000000000000be
:10370c000000000000ce013d031c070c060c060c4b
:10371c00060c060c021c03ec000c000c000c000c3c
:10372c00003f00000000000000000000000000004e
:10373c000000000000000000000000f00288030cf4
:10374c000306030603060306030e038c037803002b
:10375c0003000300030003c00f0000000000000082
:10376c00000000000000000000000000000000004d
:10377c0000cc01af019c001c000c000c000c000cd8
:10378c00000c003f000000000000000000000000e2
:10379c00000000000000000000000000000000001d
:1037ac00000000000000007c00660006000e003cdb
:1037bc0000f000c000c200c2003e0000000000008b
:1037cc0000000000000000000000000000000008e5
:1037dc000c0c0cfe0d0c0c0c0c0c0c8c7800000062
:1037ec0000000000000000000000000000000000cd
:1037fc0000000000000000000c03ce030c030c03bf
:10380c000c030c030c030c03cc0b3807000000005a
:10381c00000000000000000000000000000000009c
:10382c0000000000000000000000000000009f07e6
:10383c0004020c010c0198019800900070006000cb
:10384c00200000000000000000000000000000004c
:10385c00000000000000000000000000000000005c
:10386c00000000001ff1044184238c238826483675
:10387c005814301c301c3008000000000000000000
:10388c00000000000000000000000000000000002c
:10389c00000000000000000000009f070c019800d1
:1038ac00f00060007000d000880104038f07000056
:1038bc0000000000000000000000000000000000fc
:1038cc0000000000000000000000000000000000ec
:1038dc009f0704020c010c019801980090007000e5
:1038ec00600060002000300010000f000700000096
:1038fc0000000000000000000000000000000000bc
:10390c00000000000000fe018201c20060002000e7
:10391c00300018000c010401fe0100000000000042
:10392c0000000000000000000000403010181818c3
:10393c0038303010081e303030301818181830401d
:10394c00000000000c0c0c0c0c0c0c0c0c0c0c0cdb
:10395c000c0c0c0c0c0c0c0c0c0c0c0c00000000cb
:10396c00020c181818180c0c0c0c7810080c0c1ce9
:10397c00181818080c0200000000000000000000dd
:10398c000000000000000000000000000000001813
:10399c00047c02f201c201000000000000000000e3
:1039ac00000000000000000000000000000000000b
:1039bc0000000000c439049d000020007f001900a5
:1039cc000588010006a1010009ba01000aec0100fa
:1039dc000a1e02000f5002000f82020005b4020002
:1039ec0007cd020007e6020009ff020009310300bf
:1039fc0005630300077c0300059503000aae030072
:103a0c000ae003000a1204000a4404000a760400c7
:103a1c000aa804000ada04000a0c05000a3e050094
:103a2c000b7005000aa2050005d4050005ed050084
:103a3c000906060009380600096a0600099c0600fa
:103a4c0012ce06000d1907000b4b07000b7d07006b
:103a5c000caf07000ae107000a1308000c45080028
:103a6c000e77080006a9080006c208000cdb080047
:103a7c000a0d0900113f09000e8a09000dbc09004e
:103a8c000bee09000d200a000c520a000a840a00f1
:103a9c000cb60a000ee80a000e1a0b00124c0b00b2
:103aac000d970b000cc90b000bfb0b00062d0c002b
:103abc000a460c0006780c000a910c000ac30c0094
:103acc0007f50c000a0e0d000b400d0009720d00dd
:103adc000ba40d000ad60d0007080e000b210e00da
:103aec000c530e0006850e00059e0e000bb70e0043
:103afc0006e90e0012020f000c4d0f000b7f0f0099
:103b0c000bb10f000be30f0008151000082e10006e
:103b1c00074710000b6010000a9210000fc4100031
:103b2c000bf610000a281100095a1100088c11001c
:103b3c0005a5110008be11000ad7110005091200d5
:103b4c000000000000000000000000000000000069
:103b5c00000000000000000000000000000c0c0c35
:103b6c000c0c0c0c0c040404040c0c0c00000000d9
:103b7c00000000000000000000006c006c006400fd
:103b8c004400440044004400000000000000000019
:103b9c000000000000000000000000000000000019
:103bac000000000000000000000000000000000009
:103bbc00200120019000fc039000c8004800fe0189
:103bcc004c00240024002400000000000000000031
:103bdc0000000000000000000000000000000000d9
:103bec0010001000fc00d600160016001e00780015
:103bfc00f000900190019201d6007c0010001000a2
:103c0c0000000000000000000000000000000000a8
:103c1c00000000003808640c660666026601a60106
:103c2c00dc1c403260333033103308120c0e0000b1
:103c3c000000000000000000000000000000000078
:103c4c000000e0009001980198019800d800300025
:103c5c00383f6c0e460c860c860506070c0df838a2
:103c6c000000000000000000000000000000000048
:103c7c000c0c04040404040000000000000000000c
:103c8c000000000000000000201018080c040606bc
:103c9c000606060606040c0c181020000000000096
:103cac000002040c1818103030303030303010183e
:103cbc00080c0402000000000000000000100010be
:103ccc00009201dc003000dc0096001000100000b7
:103cdc0000000000000000000000000000000000d8
:103cec0000000000000000000000000000000000c8
:103cfc000000000000000000000000000018001888
:103d0c00001800ff00180018001800000000000048
:103d1c000000000000000000000000000000000097
:103d2c000000000000000000000000000e0c0c045d
:103d3c000200000000000000000000000000000075
:103d4c00003e000000000000000000000000000029
:103d5c00000000000000000000000000000c0c0c33
:103d6c0000000000000000000000000000018001c5
:103d7c0080008000c0004000600020002000300067
:103d8c0010001800180008000c00040006000600c3
:103d9c000300000000000000000000000000000014
:103dac00000000007000cc00c40086018601860172
:103dbc0086018601860186018c00cc00780000000b
:103dcc0000000000000000000000000000000000e7
:103ddc0000000000000030003c00320030003000d9
:103dec003000300030003000300030003000fe0178
:103dfc0000000000000000000000000000000000b7
:103e0c000000000000000000f000cc0184018201e1
:103e1c008001c000c00060003000180018010c01c7
:103e2c00fe01000000000000000000000000000087
:103e3c00000000000000000000007800e600c60052
:103e4c00c00040003000e800c0018001800180010a
:103e5c00c2007c0000000000000000000000000018
:103e6c00000000000000000000000000c000e000a6
:103e7c00f000d000c800c800c400c200fe03c0009f
:103e8c00c000c000f00100000000000000000000b5
:103e9c000000000000000000000000000000000115
:103eac00fc000400040004007c00c20080018001be
:103ebc0080018001c2007c000000000000000000b6
:103ecc0000000000000000000000000000000000e6
:103edc00c000300018000c000400f600ce01860172
:103eec00860186018401cc007800000000000000ef
:103efc0000000000000000000000000000000000b6
:103f0c0000000000fe0182018000c0004000400063
:103f1c00200020003000100018000c0000000000f1
:103f2c000000000000000000000000000000000085
:103f3c0000000000f800cc0186018601ce0078005c
:103f4c00f8018c030603060306038c01f80000003d
:103f5c000000000000000000000000000000000055
:103f6c000000000000007800cc008601860186016c
:103f7c008601cc01b8018000c000600030000c004c
:103f8c000000000000000000000000000000000025
:103f9c0000000000000c0c0c000000000c0c0c00cd
:103fac0000000000000000000000000000000c0ced
:103fbc000c00000000000e0c0c04020000000000bd
:103fcc0000000000000000000000000000000000e5
:103fdc000000800170000e000e007800c00100008f
:103fec0000000000000000000000000000000000c5
:103ffc0000000000000000000000000000000000b5
:10400c00000000000000fe0100000000fe010000a6
:10401c000000000000000000000000000000000094
:10402c000000000000000000000000000000000084
:10403c0000000000000006003c00e001e0001c0055
:10404c000200000000000000000000000000000062
:10405c000000000000000000000000007800e400f8
:10406c00c600c600c00060006000300018001800d8
:10407c0018000800180018001800000000000000cc
:10408c000000000000000000000000000000000024
:10409c000000000000801f007038001860000cc089
:1040ac000086cb00468c01238c01338c01338c01b0
:1040bc00338c01338c0033cc00664e00c639000cb7
:1040cc0000001c4000706000c01f000000000000d9
:1040dc000000000000000000000000000040006034
:1040ec0000e0009000900090010801f80108030422
:1040fc0002040204060f0f00000000000000000084
:10410c00000000000000000000000000000000fea5
:10411c00008d018c018c01cc00fc008c010c030c7b
:10412c00030c030c038c01fe0000000000000000d7
:10413c000000000000000000000000000000000073
:10414c0000e003100608000c00060006000600063e
:10415c000006000c000c041802e001000000000036
:10416c000000000000000000000000000000000043
:10417c00000000fe008d010c030c060c060c060c56
:10418c00060c060c060c020c038c01fe0000000051
:10419c000000000000000000000000000000000013
:1041ac000000000000fe010c010c010c000c00fcd6
:1041bc00008c000c000c000c000c020c02fe030026
:1041cc0000000000000000000000000000000000e3
:1041dc0000000000000000fe030c010c010c000ca0
:1041ec0000fc004c000c000c000c000c000c003e01
:1041fc0000000000000000000000000000000000b3
:10420c00000000000000000000e00118030c000496
:10421c0000060006000600c607060306030c03187a
:10422c0003f000000000000000000000000000008f
:10423c0000000000000000000000001e1e0c0c0c12
:10424c000c0c0c0c0c0c0cfc0f0c0c0c0c0c0c0caf
:10425c000c0c0c1e1e0000000000000000000000f2
:10426c00000000000000001e0c0c0c0c0c0c0c0cc4
:10427c000c0c0c1e000000000000000000000000f0
:10428c001f0c0c0c0c0c0c0c0c0c0c0c0c0c040261
:10429c000100000000000000000000000000009e73
:1042ac00070c018c004c006c003c003c006c006c5a
:1042bc0000cc008c010c031e0e000000000000005e
:1042cc0000000000000000000000000000000000e2
:1042dc00001e000c000c000c000c000c000c000c60
:1042ec00000c000c000c020c02fe0300000000008d
:1042fc0000000000000000000000000000000000b2
:10430c000000000000000000000ef0001c70001cfb
:10431c007000146800346800246c00646400446409
:10432c0000c46200c462008461008461001ef90054
:10433c000000000000000000000000000000000071
:10434c000000000000000000000000000000061e3d
:10435c000c0c1c0c1c0c2c0c4c0ccc0c8c0c0c0dd0
:10436c000c0f0c0e0c0e1e0c0000000000000000c8
:10437c000000000000000000000000000000000031
:10438c00e00118030c06040e060c060c060c060cb9
:10439c00060c0c040c061803f000000000000000d2
:1043ac000000000000000000000000000000000001
:1043bc000000fe008d010c030c030c030c038c019c
:1043cc00fc000c000c000c000c003e000000000077
:1043dc0000000000000000000000000000000000d1
:1043ec0000000000e00118030c060406060c060c85
:1043fc00060c060c060c0c040c061803f0018001cc
:10440c000012001c00000000000000000000000072
:10441c00000000000000fe008d010c030c030c03d7
:10442c008c01fc004c00cc008c018c010c031e0e8a
:10443c000000000000000000000000000000000070
:10444c0000000000000000007800c4000600060018
:10445c001e007c00f800e001800180018201c60092
:10446c007c000000000000000000000000000000c4
:10447c0000000000000000000000fe0f6108610455
:10448c006000600060006000600060006000600020
:10449c006000f801000000000000000000000000b7
:1044ac000000000000000000000000001e1e0c0cac
:1044bc000c0c0c0c0c0c0c0c0c0c0c0c0c0c0c0c30
:1044cc001c061806f00100000000000000000000af
:1044dc0000000000000000000000000000001f1e93
:1044ec000c040c04080418021802100330013001eb
:1044fc00e001e000c00040000000000000000000ef
:10450c00000000000000000000000000000000009f
:10451c000000000000001fe10104830004c3008cb4
:10452c0043008c4600884400c84400586c0058284e
:10453c0000783800303800303000301000000000b7
:10454c00000000000000000000000000000000005f
:10455c0000000000000000000000009f0f0c02187b
:10456c00031801b000e0006000e00090011803089f
:10457c000304061f1f0000000000000000000000e4
:10458c0000000000000000000000000000070f0405
:10459c00020c0318019801b000e00060006000609c
:1045ac000060006000f80100000000000000000046
:1045bc00000000000000000000000000000000fef1
:1045cc000302018201c000c00060003000300018fe
:1045dc000008000c020602fe0300000000000000b0
:1045ec0000000000000000003e0606060606060657
:1045fc00060606060606060606063e000000000035
:10460c000000000002000600060004000c00080078
:10461c00080018001000300020002000600040004e
:10462c00c00080008000800100010000000000003c
:10463c000000001f1818181818181818181818182f
:10464c0018181818181f00000000000000000020a7
:10465c00003000700078004800c800840084018697
:10466c00010201000000000000000000000000003a
:10467c00000000000000000000000000000000002e
:10468c00000000000000000000000000000000001e
:10469c00000000000000000000000000000000000e
:1046ac00000000fe010000000000000000000000ff
:1046bc0002070408080000000000000000000000d1
:1046cc0000000000000000000000000000000000de
:1046dc0000000000000000007800c600c200c0000e
:1046ec00f000dc00c600c600e600dc0300000000a1
:1046fc0000000000000000000000000000000600a8
:10470c0007000600060006000600e6009e018e0368
:10471c00060306030603060306018e00780000005c
:10472c00000000000000000000000000000000007d
:10473c00000000000000000000000000f001080173
:10474c00040006000600060006000c000c01f00038
:10475c00000000000000000000000000000000004d
:10476c000000c00180018001800180018001f801fe
:10477c008c01840186018601860186018601cc03a9
:10478c00b80700000000000000000000000000005e
:10479c00000000000000000000000000000000000d
:1047ac00f000880104010601fe03060006000c005f
:1047bc000c01f000000000000000000000000000f0
:1047cc000000006010080c0c0c7e0d0c0c0c0c0c7a
:1047dc000c0c3e0000000000000000000000000077
:1047ec0000000000000000000000007803cc0186ef
:1047fc000186018601ce00780008001c00f8010635
:10480c0007030603060603fc00000000000000007e
:10481c00000c000e000c000c000c000c00cc012c49
:10482c00031c030c030c030c030c030c030c039e62
:10483c000700000000000000000000000000000065
:10484c0000000c0c00000c0e0c0c0c0c0c0c0c1eb8
:10485c0000000000000000000000000c0c00000c28
:10486c000e0c0c0c0c0c0c0c0c0c0c0402010000af
:10487c0000000000000c000e000c000c000c000ce2
:10488c00008c078c014c002c003c006c00cc00cc44
:10489c00008c011e0700000000000000000000005a
:1048ac00000000000c0e0c0c0c0c0c0c0c0c0c0c6a
:1048bc000c0c0c3f00000000000000000000000089
:1048cc0000000000000000000000000000000000dc
:1048dc000000000000ce71002ccb001cc7000cc3e4
:1048ec00000cc3000cc3000cc3000cc3000cc300b1
:1048fc009ee7010000000000000000000000000026
:10490c00000000000000000000000000000000009b
:10491c0000000000000000cc012e031c030c030c53
:10492c00030c030c030c030c039e07000000000097
:10493c00000000000000000000000000000000006b
:10494c00000000000000000000f0008c0184030651
:10495c00030603060306030e018c01780000000019
:10496c00000000000000000000000000000000003b
:10497c000000000000000000000000ce01bc010c93
:10498c00030c030c030c030c030c019c01ec000c3a
:10499c00000c000c000c003e0000000000000000a9
:1049ac000000000000000000000000000070018802
:1049bc00018401860186018601860186014c01b8bd
:1049cc00018001800180018001e0030000000000f3
:1049dc00000000000000ccae9c0c0c0c0c0c0c3e2f
:1049ec000000000000000000000000000000003c7f
:1049fc0026060e3c786062623e000000000000005b
:104a0c000000000000080c0c7e0d0c0c0c0c0c0ca7
:104a1c004c38000000000000000000000000000006
:104a2c00000000000000000000008c01ce018c0191
:104a3c008c018c018c018c018c01cc05b80300001d
:104a4c00000000000000000000000000000000005a
:104a5c000000000000000000000000008f030601b1
:104a6c008c018c0088005800580050003000200049
:104a7c00000000000000000000000000000000002a
:104a8c0000000000000000000000000000008f7813
:104a9c008611841144114c13480b280a380e300629
:104aac0010040000000000000000000000000000e6
:104abc0000000000000000000000000000000000ea
:104acc00df038c018800580030007000c8008c0097
:104adc008401cf0300000000000000000000000073
:104aec0000000000000000000000000000000000ba
:104afc0000008f0306018c018c00880058005800c0
:104b0c005000300020003000100018000f0007008b
:104b1c000000000000000000000000000000000089
:104b2c0000000000fe00c2006200200030001800ef
:104b3c0008000c018600fe000000000000000000d0
:104b4c0000000000000000403018181838303010f9
:104b5c000c30303038181818306000000000000c91
:104b6c000c0c0c0c0c0c0c0c0c0c0c0c0c0c0c0c79
:104b7c000c0c0c0c0000000000060c1818181c0c77
:104b8c000c0c30080c0c1c1818180c02000000003f
:104b9c000000000000000000000000000000000009
:104bac000000001c023c01f201e1000000000000ca
:104bbc0000000000000000000000000000000000e9
:104bcc00000000000000001e0202020202020202ab
:0c4bdc00020202021e00000000000000a7
:020000040000fa
:020000041d04d9
:104be800e8ffbd271400bfaf661e410f000000009c
:104bf8001400bf8f010002240800e0031800bd273d
:104c0800e8ffbd27ffff02241400bfaf1000b0afbc
:104c1800d603410fc88282a7049d043c082584243a
:104c280005bd400f059d103c88011026c88280a74d
:104c3800c8000424c8000524afbd400f213000027d
:104c4800fcff4010c80004241413410b00000000ae
:104c580000e85d4100701a4000601b40e8ffbd2776
:104c68001000bbaf44781b7c00047b371400baaf3c
:104c780000609b400800a3af9883838f0400a2af15
:104c8800a00f0224a10f632c7c8282a70c00a4af82
:104c98005e00601088bf023c9883838f0100632404
:104ca800988383af8e838397201e037c0d00601446
:104cb800000000009083838f04006324908383aff7
:104cc8009083838f448383af9083838fe02e632cfc
:104cd80004006014e8030324908383af01000324d5
:104ce8008e8383a78e838497010003242026047c67
:104cf8000d008314000000009083838f100063244c
:104d0800908383af9083838f448383af9083838f13
:104d1800e02e632c04006014e8030324908383af1f
:104d2800020003248e8383a78e83849702000324c2
:104d38002026047c0c008314000000009083838fdd
:104d480010006324908383af9083838f448383af61
:104d58009083848f60ea03342b1883000200601468
:104d6800030003248e8383a78e8384970300032480
:104d78002026047c0d008314000000009083838f9c
:104d880018fc6324908383af9083838f448383af1d
:104d98009083838fe903632c040060108813032435
:104da800908383af040003248e8383a78e83849724
:104db800040003242026047c0c0083140000000057
:104dc8009083838f9cff6324908383af9083838f2a
:104dd800448383af9083838fe903632c03006010bf
:104de80000000000908380af8e8380a79083848f1b
:104df800e060438c400084300100842c0400837cf4
:104e0800e06043ac9313410b00100324e060438c33
:104e18000400037ce06043ac908380af80bf023c19
:104e2800448380af988380af8e8380a7000a438c29
:104e3800c47b037c000a43acb80b02247c8282a7a3
:104e48000010032488bf023c341043ac0c00a48f2c
:104e58000800a38f0400a28f00606041c00000001a
:104e68001400ba8f1000bb8f00709a401800bd273d
:104e780000e8dd4100609b401800004200e85d4109
:104e880000701a4000601b40f0ffbd270800bbaf50
:104e980044781b7c00087b370c00baaf00609b404d
:104ea8000400a3af0000a2af0080033488bf023c17
:104eb800341043ac0400a38f0000a28f006060414f
:104ec800c00000000c00ba8f0800bb8f00709a4029
:104ed8001000bd2700e8dd4100609b40180000423b
:104ee8000600043ce8ffbd271400bfafea40410fad
:104ef800801a842488bf023c9010438c0400042448
:104f08001400bf8f8420837c901043ac9010438c96
:104f1800010004241800bd270408837c901043acca
:104f280088bf023c3010438c0400037c301043ac33
:104f380088bf023c6010438c0400837c601043ac43
:104f48000800e0030000000000e85d4100701a401e
:104f580000601b4098ffbd276000bbaf44781b7cf6
:104f680000107b376400baaf00609b405400bfafad
:104f78005000b9af4c00b8af4800afaf4400aeaf77
:104f88004000adaf3c00acaf3800abaf3400aaafc7
:104f98003000a9af2c00a8af2800a7af2400a6af07
:104fa8002000a5af1c00a4af1800a3af1400a2af47
:104fb8001000a1af121000005c00a2af059d023cda
:104fc800f881848f10180000c001458cec25410f32
:104fd8005800a3aff88182af059d023c9082848f70
:104fe800ec25410fc401458c0600043c801a84243a
:104ff800e040410f908282af88bf023c3010438c62
:105008000400037c301043ac5c00a28f5800a38fcf
:105018005400bf8f130040005000b98f4c00b88f68
:105028004800af8f110060004400ae8f4000ad8f84
:105038003c00ac8f3800ab8f3400aa8f3000a98faa
:105048002c00a88f2800a78f2400a68f2000a58fea
:105058001c00a48f1800a38f1400a28f1000a18f2a
:1050680000606041c00000006400ba8f6000bb8f20
:1050780000709a406800bd2700e8dd4100609b4051
:105088001800004280bf023c000c40ac80bf023ccc
:10509800100c40ac50010a2480bf023c200c4aace2
:1050a8000080093480bf023c080c49ac88bf063c2c
:1050b8000100023c88bf043c1c00052488bf033c57
:1050c80004000824030007243410c2acd41085acb3
:1050d800d81068acd41087acd81060ac88bf043c3a
:1050e80088bf033c641082ac681062ac80bf023c8d
:1050f800000c4b8cc47b0b7c000c4bac80bf023c7f
:1051080030000b24000a4bac80bf023c100a40acb4
:1051180080bf023c200a4aac80bf023c080a49ac66
:10512800001002243410c2ac88bf063cc410c5acc1
:1051380088bf053cc810a8acc410c7acc810a0ac48
:10514800641082ac681062ac80bf023c000a438cd9
:10515800c47b037c000a43ac0800e00300000000a5
:1051680080bf023c203240ac80bf023c103240acd1
:1051780080bf033c06800234003262ac80bf033c2f
:10518800203060ac80bf033c103060ac80bf033c73
:10519800003062ac6000032480bf023c000843acce
:1051a80080bf023c100840acef09032480bf023cda
:1051b800200843ac0080033480bf023c080843ac9d
:1051c8000800e0030000000088bf043c81bf033ce6
:1051d80001000224486082ac04000524649062ac9b
:1051e80002000224486082ac649062ac486085acde
:1051f800649065ac08000524486085ac649065ac93
:1052080010000524486085ac88bf063c649065acf6
:1052180081bf073c88bf053c008008347410c2accd
:105228007810a0ac0490e8ac81bf073c4090e0ac9b
:105238001f000724486087acffff043c649067acfc
:105248001f00842481bf033c509064ac008f043459
:1052580081bf033c209064ac0e04042481bf033c4e
:10526800109064ace480043481bf033c009064accb
:1052780088bf033c441062ac88bf043c001c033c5c
:10528800f41083ac0008073c88bf033cf81067acf7
:105298000003073cf41087ac0002043cf81064ac2f
:1052a8007410c2ac7810a2ac0800e0030000000043
:1052b80000e85d4100701a4000601b4090ffbd2768
:1052c8006800bbaf44781b7c00187b376c00baaf12
:1052d80000609b405c00bfaf5800b9af5400b8af46
:1052e8005000b0af4c00afaf4800aeaf4400adaf18
:1052f8004000acaf3c00abaf3800aaaf3400a9af58
:105308003000a8af2c00a7af2800a6af2400a5af97
:105318002000a4af1c00a3af1800a2af1400a1afd7
:10532800121000006400a2af88bf023c10180000f1
:1053380081bf103c6000a3af02000324441043acbb
:1053480081bf023c1090438c080002247090102604
:10535800c001637c0b100300008282af00110200c1
:10536800211002020000438c0000448cd6e6400f56
:10537800d28183a70082828f01004224001102009b
:10538800211002020000448cdbea400f00000000fc
:105398000082828f04004324020042240019030083
:1053a8000011020021100202211803020000638c80
:1053b8000000448cc5ea400fd48183a70082828f05
:1053c8000300422400110200218002020000048e22
:1053d800bee6400f000000006400a28f6000a38fab
:1053e8005c00bf8f130040005800b98f5400b88f7d
:1053f8005000b08f110060004c00af8f4800ae8f96
:105408004400ad8f4000ac8f3c00ab8f3800aa8fb2
:105418003400a98f3000a88f2c00a78f2800a68ff2
:105428002400a58f2000a48f1c00a38f1800a28f32
:105438001400a18f00606041c00000006c00ba8faa
:105448006800bb8f00709a407000bd2700e8dd41fe
:1054580000609b4018000042d0ffbd271c00b0af81
:1054680088bf103c2c00bfaf2800b3af2400b2aff8
:105478008140410f2000b1aff740410f000000000c
:105488000030038e0003637c0800601499aa043c72
:105498000010052488bf043c083085ac0030048e19
:1054a80000088430fdff801499aa043c81bf113c98
:1054b8005566842430f220ae30f224ae6655043ca2
:1054c800aa99843430f224ae81bf123c00f0458e94
:1054d800c4a4057c00f045ae00f0448e3333043c90
:1054e8003333842430f224ae0d00605000100424bd
:1054f8000030038e0003637c0b00601488bf033cfc
:1055080000100424083064ac0030038e00086330b7
:10551800fdff6014000000004c15410b0000000066
:1055280088bf033c043064acc340410f21204000d5
:10553800f740410f88bf133c02000324212040009c
:10554800004063aec340410f00000000f740410f28
:10555800000000004000042488bf033c042064ac21
:105568000040638e1000a2af30006334004063ae89
:10557800d640410f000000001000a28fc340410f29
:1055880021204000f740410f000000000030038e4a
:105598000003637c0800601499aa043c00100524e9
:1055a80088bf043c083085ac0030048e0008843085
:1055b800fdff801499aa043c5566842430f220ae7d
:1055c80030f224ae6655043caa99843430f224aef5
:1055d80000f0458ec4a4057c00f045ae00f0448e72
:1055e8003333043c3333842430f224ae0d0060504e
:1055f800001004240030038e0003637c0b00601449
:1056080088bf033c00100424083064ac0030038ecb
:1056180000086330fdff6014000000008d15410b89
:105628000000000088bf033c043064acc340410f55
:10563800212040000f1a410f88bf113c44ff400f42
:10564800ff000424e060228e0100042488bf103c7f
:10565800444a827ce06022aec060028e444a027cea
:10566800c06002aec060028e8452027cc06002ae8e
:10567800c060028e8473027cc06002ae88bf023ca8
:105688008060438c0421837c806043ac2314410fe9
:105698000000000034f6400f00000000059d043ca7
:1056a800059d053c059d063ca8b2a524ecb8c6247a
:1056b800213800006735410f20b58424008002346a
:1056c80088bf033c341062ac001c043c88bf033c18
:1056d800c41064ac0008043c88bf033cc81064ac28
:1056e8000800042488bf033c041064ac88bf033c52
:1056f800081060ac88bf033c641062ac88bf033cf0
:10570800681062ac5a14410f00000000ba13410f30
:1057180000000000701702247414410f7c8282a7d5
:105728004006032480bf023c203043acc060028e98
:105738002c00bf8f2800b38f8473027cc06002ae38
:10574800e060228e2400b28f8473027ce06022ae77
:1057580088bf023c4060438c8473037c406043ac48
:1057680088bf033c6060648c8473047c606064acb4
:10577800e060248e0400047ce06024aec060048ee7
:105788002000b18f0400047cc06004ae6060648cab
:105798001c00b08f3000bd270463047c606064acdb
:1057a8004060438c0463037c406043acf540410b8c
:1057b80000000000e0ffbd271c00bfaf1815410f17
:1057c80000000000fe19410f00000000fe19410f03
:1057d800308382affe19410f7c8382affe19410fdf
:1057e800548382affe19410f608382affe19410fc7
:1057f800688382affe19410f2c8382affe19410fd7
:10580800788382affe19410f588382affe19410f8a
:10581800388382affe19410f9c8382af7c83838fcc
:105828001c180524408382af000065a4ddae052462
:10583800020065a41ed705240e0065a47f4c04242d
:105848003880858f0a0064a420fb0424040064a423
:105858000c0064a41f000724d7bd0424140065ac01
:10586800060067a4080064a43083838f3c80868f79
:105878006083848f140065ac5483838f00f80924f7
:105888001f840a24060069a4040067a4140066acf7
:10589800e0070824ffff03240a008aa40c0088a458
:1058a800040080a4060083a4140086ac6883848f57
:1058b8000a008aa40c0088a4040080a4060083a41b
:1058c800140086ac2c83848f0a008aa4059d0a3ca8
:1058d80098ea4a250c0089a4040080a4060083a441
:1058e80014008aac3883848f00c80a240c0089a469
:1058f80000880924000089a486f90924020089a4e3
:10590800b0ce0924040089a40a008aa4060080a451
:10591800140085ac9c83848fe12409240c0088a49e
:1059280020030824000088a4d39f0824020088a428
:1059380070dd0824040088a40a0089a4060080a455
:10594800140085ace0ff04240a0044a4f0ff0424fa
:105958000c0044a4a9fc0424000044a4f6ff042479
:10596800020044a4bea90424040044a40080042422
:10597800060044a4140045ac7883828f059d083c3a
:105988008631052479ce042458a908250a0040a4a4
:105998000c0043a4040047a4060043a4000045a447
:1059a800020044a4140048ac5883828f0a0040a423
:1059b8000c0043a4040047a4060043a4000045a427
:1059c800020044a4f01d410f140046ac711a410fa7
:1059d80000000000fdff401000000000742e410f81
:1059e80000000000de33410f1000a427bc1a410f4d
:1059f8001000a427eded400f000000007516410bc4
:105a080000000000ff008430ffff8424039d023c57
:105a18000060422400230400212082000000838cbf
:105a2800ff00a53012000424401c637c0800a41069
:105a38008000627c1300a22c07004050130004244d
:105a480001006230110003240100a354211000005a
:105a58000800e00300000000fdffa4104000627c85
:105a6800c210030014000324f9ffa35421100000fe
:105a78000800e00300000000e0ffbd271800b0aff9
:105a8800ff009030ffff1026039d023c0060422477
:105a980000831000218002020000028effff053cf7
:105aa8002528a2000100a524ffffa330e803022453
:105ab800060062141c00bfafefff023cffff423438
:105ac80021200002bb16410b2428a200212000023d
:105ad800b040410f1000a5af040040141000a58f7e
:105ae800212000028e40410f0000000000104330ca
:105af8000600601001000324fc82828f0442627c4d
:105b0800fc8282afcd16410b0800022400204330ee
:105b18000600601021100000fc82828f010003241f
:105b2800c439627cfc8282af070002241c00bf8f4c
:105b38001800b08f0800e0032000bd27ffff822473
:105b480003000324010084380800e0030a106400fd
:105b5800d8ffbd272000b3af1c00b2af1800b1af0b
:105b68001400b0af2400bfaf010011242198000039
:105b78002190000004001024212020028316410fe8
:105b8800110005240800405401003126212020027c
:105b98008316410f130005240100423801007326c3
:105ba8000a90220201003126f4ff3016212020023b
:105bb8000600401621100000fc82838f0100042497
:105bc8008431837c1117410bfc8283af039d033c16
:105bd8000060632400931200219072005005052490
:105be800ffff03342120420210f0848c02340400a9
:105bf8000300c354ffff84300b17410b348180af7f
:105c08000400835404004224010003240b17410bb1
:105c1800348183aff4ff4514212042020e17410b53
:105c28000200732a50050324040043140200732a57
:105c380050050224ffff03340a1073002400bf8fad
:105c48002000b38f1c00b28f1800b18f1400b08fe2
:105c58000800e0032800bd271c17410b0300823011
:105c680021104300ff00423082200400fcff801412
:105c7800030083300800e00300000000d0ffbd27c8
:105c8800a802a22c2400b4af2000b3af2c00bfaff1
:105c98002800b5af1c00b2af1800b1af1400b0af08
:105ca80021a08000070040142198a000fc82828f68
:105cb800010003244429627cfc8282af9317410bc4
:105cc800050003240100112421a8000021900000f0
:105cd80004001024212020028316410f11000524fe
:105ce8000800405401003126212020028316410f6c
:105cf80013000524010042380100b5260a9022024b
:105d080001003126f4ff3016212020024200a012a3
:105d1800fc82828f039d033cffff452600606324bd
:105d2800002b0500212865001000a4244c0502243e
:105d3800fcff06242138a2001000f08cff03073274
:105d48000600f314004c077eaa0242244010020009
:105d5800212044007817410b0000848c0600f3547e
:105d6800fcff4224a80242244010020021204400e3
:105d78008217410b0000848cefff46142138a200e3
:105d8800020002242c00a216fc82828fffff442608
:105d9800030002240100523a0b109200ffff442432
:105da8000023040021206400100083244c050224f1
:105db800fcff0524213082001000d08cff0306323e
:105dc8000900d314004c067eaa02422440100200a7
:105dd800211843000000648c1817410f000084ae9e
:105de8008517410b802a107e1000d354fcff4224f3
:105df800a802422440100200211843000000648ccd
:105e08001817410f000084ae828610000d000212a0
:105e180021180000fc82828f010003248431627cf7
:105e2800fc8282af9317410b06000324e2ff45145e
:105e380021308200fc82828f010003240400627cee
:105e4800fc8282af2c00bf8f211060002800b58f24
:105e58002400b48f2000b38f1c00b28f1800b18fbc
:105e68001400b08f0800e0033000bd27b8ffbd273d
:105e78002c00b3af2800b2af2400b1af4400bfafcd
:105e88004000beaf3c00b7af3800b6af3400b5af86
:105e98003000b4af2000b0af2198000001001224f8
:105ea80004001124212040028316410f110005240b
:105eb8000800405401005226212040028316410f59
:105ec8001300052401004238010073260a804202ab
:105ed80001005226f4ff511621204002020002243c
:105ee8000500621203000224b0006256211000006f
:105ef8006918410bfc82828f030015241a001502d1
:105f0800f401a002039d023c006043240100132415
:105f180021b000002188000001001724ffff1e3c6b
:105f280010a8000000ab150021a875001000b426c9
:105f3800ffff63261000a427212860002117410fc6
:105f48001800a3affc82848f030040101800a38fb1
:105f58004e009750010073260200822c0600405420
:105f68001000a48f010002248431447cfc8284af99
:105f78006d18410b060002241800a3af1817410f33
:105f880021903402801202001f00c0161800a38f4f
:105f980025b0430000b41600ffffd636212040028a
:105fa8008e40410f2128c002a80223264018030072
:105fb80006004014211874001000a58f21206000ed
:105fc8008e40410f1800a3af1800a38f0010443073
:105fd80065008054fc82828f002042306a004014a1
:105fe800fc82828f0000428e6700c216fc82828f7c
:105ff8000000628c1000a38f230062100100162499
:106008006418410bfc82828f2000d756010073264a
:1060180025b07e0025b0c202212040028e40410feb
:106028002128c002aa0223264018030006004014b3
:10603800211874001000a58f212060008e40410fa8
:106048001800a3af1800a38f0010443046008054f6
:10605800fc82828f002042304b004014fc82828fe9
:106068000000428e00b41600001402004600c2165a
:10607800fc82828f0000628c1000a38f41006214a2
:106088000400312621b0000001007326a902022471
:10609800a8ff6216ffff6326500502240f00221294
:1060a800fdff053c2120a0028e40410fffffa534d3
:1060b800ff000432a016410f21884000ffff02268e
:1060c800030004240100103a0b205000a016410fd1
:1060d800ff0084305918410b00102232f9ff053cab
:1060e800ffffa5348e40410f2120a002ff0004329b
:1060f80021884000a016410f030012240100043a31
:10610800ffff02260a104402a016410fff00443088
:106118000200022408000212039d023c0800121229
:10612800010002240d00021600102232049d043cd6
:106138005418410b008084245418410b00604424f7
:10614800039d043c00708424fdff053c8e40410ff4
:10615800ffffa534218840000010223207004010bc
:1061680000203132fc82828f010003240442627cc9
:10617800fc8282af6d18410b080002240b0020122c
:1061880021100000fc82828f01000324c439627c44
:10619800fc8282af6d18410b070002240100032422
:1061a800c418627cfc8282af211000004400bf8fbb
:1061b8004000be8f3c00b78f3800b68f3400b58fd3
:1061c8003000b48f2c00b38f2800b28f2400b18f19
:1061d8002000b08f0800e0034800bd27c0ffbd279e
:1061e800a802a22c2400b3af1800b0af3c00bfaf88
:1061f8003800beaf3400b7af3000b6af2c00b5af33
:106208002800b4af2000b2af1c00b1af21808000dd
:10621800070040142198a000fc82828f010003240b
:10622800050014244429627c2a19410bfc8282afa0
:10623800218800000100142421a800000400122471
:10624800212080028316410f1100052408004054c4
:1062580001009426212080028316410f1300052493
:1062680001004238010031260aa882020100942662
:10627800f4ff92162120800206002016fc82828fed
:1062880001000324060014248431627c2a19410b7e
:10629800fc8282af1000a4272117410f2128600239
:1062a80004004010fc82828f0200422c7c004010c7
:1062b800060014241000a28f7900501021a00000bd
:1062c800d616410f0000000021904000ffff023465
:1062d8000600421601000324fc82828f0400142465
:1062e8000421627c2a19410bfc8282afffffb7268a
:1062f800039d1e3c0060c22700bb1700212000023e
:106308001817410f21b857003481838f1000f626e3
:1063180021a056021600601480120200259853002e
:10632800009c1300ffff7336212080028e40410f2e
:1063380021286002a80243264018030004004014e4
:1063480021b076002120c0028e40410f2128000292
:106358000010433041006054fc82828f002042309c
:1063680046004054fc82828ff718410b0000828e51
:10637800010004241d0064543481828fffff033c14
:106388002598630225986202212080028e40410fe1
:1063980021286002aa024326401803000400401482
:1063a80021b076002120c0028e40410f2128000232
:1063b8000010433029006054fc82828f0020423054
:1063c8002e004014fc82828f0000828e009c1300f5
:1063d8000014020029006216fc82828f0000c28e1f
:1063e80026000216fc82828f3481828f01000324ea
:1063f8002b00431421a000004c0503242900431658
:106408003c00bf8f2200221602000224f9ff053c3f
:106418002120e0028e40410fffffa5340c004014fc
:1064280000104330030004241a00a402f401800081
:106438000060de27fdff053cffffa53410200000ab
:10644800002304008e40410f2120c4030010433074
:106458000700601000204230fc82828f0100032474
:10646800080014240442627c2a19410bfc8282af82
:106478000b00401021a00000fc82828f0100032441
:1064880007001424c439627c2a19410bfc8282afac
:10649800040022163c00bf8f9d17410f000000002a
:1064a8003c00bf8f211080023800be8f3400b78fa8
:1064b8003000b68f2c00b58f2800b48f2400b38f1e
:1064c8002000b28f1c00b18f1800b08f0800e003c5
:1064d8004000bd27d0ffbd272000b3af039d133c6c
:1064e8001c00b2af006072262400b4af1800b1af30
:1064f8002c00bfaf2800b5af1400b0affc8280af4e
:1065080021884002003054260000428e0900405481
:1065180000105226b040410f2120400200104330a5
:1065280040006054fc82828f0020423044004014b6
:1065380000105226f5ff54560000428e0100122426
:1065480004001424212040028316410f140005245e
:106558000700401401005226fc82828f01000324a8
:10656800020011244408627ca719410bfc8282af07
:10657800f5ff5416212040020100152421a0000037
:10658800040012242120a0028316410f11000524c3
:10659800080040540100b5262120a0028316410faf
:1065a8001300052401004238010094260a80a20243
:1065b8000100b526f4ffb2162120a002260080169d
:1065c80003000224010012240400102421202002c8
:1065d8008e40410fffff053c00104330110060540e
:1065e800fc82828f0020423016004014fc82828f89
:1065f80021204002a016410f01005226f3ff501639
:1066080000103126fdff053c006064268e40410fd6
:10661800ffffa5340010433007006010002042300f
:10662800fc82828f01000324080011240442627c4a
:10663800a719410bfc8282af160040102188000088
:10664800fc82828f0100032407001124c439627c74
:10665800a719410bfc8282af0e0082162188000028
:106668001b001402f40180021020000001008424a1
:10667800a016410fff008430d616410f000000001d
:10668800ffff0334040043142c00bf8f9d17410ff4
:10669800000000002c00bf8f211020022800b58fb9
:1066a8002400b48f2000b38f1c00b28f1800b18f64
:1066b8001400b08f0800e0033000bd27d8ffbd27c5
:1066c8002000b3af0300d3302b98130082300600ac
:1066d8001c00b2af1800b1af1400b0af2400bfafb8
:1066e8002180a0002198d30021888000cd19410b7a
:1066f800219000000000249201002292002604004c
:106708000014020025208200030022922520820026
:1067180002002292001202007918410f25208200ff
:106728000600401404003126010052262a105302a4
:10673800f0ff401421285002211000002400bf8fd0
:106748002000b38f1c00b28f1800b18f1400b08fd7
:106758000800e0032800bd27d0ffbd272800b3affd
:106768000300d3302b981300823006002400b2af08
:106778002000b1af1c00b0af2c00bfaf2180a0003b
:106788002198d30021888000f319410b2190000043
:106798002117410f1000a4270e00401401005226b3
:1067a8001000a28f021e0200000023a2003c437cbe
:1067b800010023a2003a437c020023a2030022a284
:1067c800040031262b105302f1ff401421285002f7
:1067d800211000002c00bf8f2800b38f2400b28f37
:1067e8002000b18f1c00b08f0800e0033000bd27e7
:1067f800e8ffbd271000b0af1400bfaf59d7400f56
:10680800280004240600401021804000059d053c16
:10681800212040009802a524233c410f280006248b
:106828001400bf8f211000021000b08f0800e00391
:106838001800bd27e8ffbd271400bfafdbb8400f25
:1068480000000000fe19410f000000001400bf8f77
:10685800748082af0800e0031800bd27e0ffbd2761
:106868001800b1af1c00bfaf1400b0af261a410b1f
:106878007080918f030040100400308e09f84000aa
:1068880021202002ba40410f212020022188000245
:10689800f8ff20562000228e1c00bf8f1800b18ff1
:1068a8001400b08f708080af788080af0800e0035c
:1068b8002000bd277080838fe8ffbd271000b0af90
:1068c8001400bfaf21808000170060102110000065
:1068d800080083540400628c0400828c441a410b23
:1068e800708082af070050500400028e21184000cb
:1068f8000400428cfbff40141400bf8f4e1a410b5a
:106908001000b08f040062ac2000028e030040101b
:106918000000000009f8400021200002ba40410fa1
:1069280021200002010002241400bf8f1000b08f44
:106938000800e0031800bd27ffff8430561a410bfa
:106948007080828f04006410000000000400428cf4
:10695800fcff4054000043940800e00300000000de
:10696800e8ffbd271400bfaf501a410fffff843066
:1069780004004010212040001400bf8f2f1a410b43
:106988001800bd271400bf8f0800e0031800bd27ba
:106998007080828f040040540400438c6f1a410bae
:1069a800708084af0400438cfeff605421106000a7
:1069b800040044ac0800e003040080ac9080828f9f
:1069c800e8ffbd27150040141400bfaffa12410fad
:1069d800000000001700401021180000881a410b21
:1069e8007080828f00fc42300a0040109080828fb5
:1069f8001c00828c09f84000000000000c004010c8
:106a08009080828f0c004394ff0363300c0043a4f2
:106a18009080828f0400428c908082af9080848f17
:106a2800f0ff80540c0082948f1a410b010003245c
:106a3800211800001400bf8f211060000800e00337
:106a48001800bd272026047c202e057c2036067cd5
:106a5800203e077cb81a410b7080828f2a40640060
:106a680005000055120043842a18c300170060501f
:106a78000c004394120043842a406400050000552a
:106a8800100043842a18c300100060500c0043947f
:106a9800100043842a406500050000551400438413
:106aa8002a18e300090060500c0043941400438442
:106ab8002a406500080000550400428c2a18e300ab
:106ac800050060540400428c0c004394007c63343d
:106ad8000c0043a40400428ce0ff40540e004384a1
:106ae8000800e00300000000e0ffbd271000b0af81
:106af8001c00bfaf1800b2af1400b1af0100829004
:106b08001800401021808000d91a410b7080918fa5
:106b1800110040102120200209f84000212800021d
:106b28000d00401021904000212040002128200223
:106b38006ce4400f21300002080040500400318e00
:106b48002800228e04004010212040022128200223
:106b580009f84000213000020400318eecff205675
:106b68002400228e1c00bf8f1800b28f1400b18f32
:106b78001000b08f0800e0032000bd27b8ffbd2734
:106b88003400b3af049d133c3000b2af2c00b1af5a
:106b98002800b0af4400bfaf4000b6af3c00b5af6f
:106ba8003800b4afe86b73260600112401001024e6
:106bb80000a0123c28fe400f0000000024014014f1
:106bc8008c80828f0900432cfaff6010801002002d
:106bd800211062020000428c080040000000000002
:106be8000c6c049dd46c049d206d049dbc6d049dab
:106bf800dc6d049d786e049d946e049dcc6f049d9d
:106c08005c6f049d7c80848f18008010da829487e2
:106c1800d682828740a0140023a08202dc82828769
:106c2800e8bd400f21a082022a1054001000401431
:106c3800da828287da829487e08282877c80848ff6
:106c480040a0140023a08202e2828287f0bd400f98
:106c580021a082022a10540005004014da8282879b
:106c680008000224d71b410b8c8082afda8282870e
:106c78001300405002000224d4828397d68284876e
:106c8800e0828587c88283a7de828397dc82868735
:106c9800e282878723184300201e037c1400a2afda
:106ca800e10002241000a3afedb8400f1800a2af16
:106cb800e700401001000224351b410b8c8082af95
:106cc8008c8082af481b410b888090a7d88282971e
:106cd800de828397d6828487c88282a7da828287f7
:106ce800e0828587dc828687e282878723184300d3
:106cf800201e037c1400a2af1e0002241000a3afc4
:106d0800edb8400f1800a2afd200401021180000c3
:106d1800a51b410b8c8091afd4828297591b410be4
:106d2800c88282a7d6828497dc828697212845006c
:106d3800202e057c212044002330c2002026047c1c
:106d48002036067c0503410f2138a000c000401002
:106d58008880829701004224888082a78880829751
:106d6800de8283972b184300eeff6014e08285973c
:106d7800888090a7f11b410b03000224e0828597cd
:106d8800e2828797212044002026047c21284500a0
:106d98002338e200202e057c213080000503410fb6
:106da800203e077caa004010888082970100422478
:106db800888082a788808297de8283972b18430079
:106dc800eeff6014d6828497888090a7f11b410b50
:106dd80004000224d8828297881b410bc88282a7ac
:106de800d6828497dc8286972328a200202e057cf1
:106df800212044002330c2002026047c2036067c53
:106e08000503410f2138a000910040108880829727
:106e180001004224888082a788808297de82839737
:106e28002b184300eeff6014e2828597888090a7b4
:106e3800f11b410b05000224e0828597e2828797c7
:106e4800232082002026047c212845002338e200e4
:106e5800202e057c213080000503410f203e077c51
:106e68007b0040108880829701004224888082a796
:106e780088808297de8283972b184300eeff601488
:106e8800dc828497ef1a410b8c8091afd282829773
:106e9800c88282a7da8282871c004010d003488efd
:106ea800d6828487dc828687e0828587e28287872c
:106eb80010000011de828397231043002016027c05
:106ec8001000a2afd003422604004394ff0008310b
:106ed8001400a3af080043941800a3af0c00428c21
:106ee8002000a8af13c5400f1c00a2aff11b410b37
:106ef80008000224231043002016027ce3bb400f45
:106f08001000a2afd31b410b00000000de82829765
:106f1800d6828497e0828597dc828697e28287977b
:106f280021204400212845002330c2002338e200f4
:106f38002026047c202e057c2036067c0503410f84
:106f4800203e077c4200401008000224ef1a410b43
:106f58008c8082af7c80848f17008010d6829687c1
:106f6800dc828287e8bd400f21b0c20221a8400020
:106f7800e0829487e28282877c80848ff0bd400f14
:106f880021a08202232882022320d5024320040064
:106f9800432805007c80868f010084240100a524f5
:106fa8002026047c202e057c3fc0400f01000724ca
:106fb800280040102118000007000224ef1a410b96
:106fc8008c8082af7c80848f13008010dc82828763
:106fd800da82908721800202d6828287e8bd400f3c
:106fe800238002022a100202170040548c8080afce
:106ff800e2828287da8290877c80848f21800202f5
:10700800e0828287f0bd400f238002022a1002022c
:107018000d0040548c8080afd8828297d6828487b6
:10702800e0828587c88282a7dc828687da828287a7
:10703800e2828787c5ba400f1000a2af0500401052
:10704800211800008c8080af171c410b010003241d
:10705800211800004400bf8f211060004000b68f47
:107068003c00b58f3800b48f3400b38f3000b28f36
:107078002c00b18f2800b08f0800e0034800bd271e
:10708800c8ffbd272c00b2af049d123c3000b3af3f
:107098002800b1af2400b0af3400bfafe070522673
:1070a80005001124010010240400132428fe400fb9
:1070b80000000000e80040148480828f0800432c00
:1070c800faff601080100200211042020000428c7a
:1070d80008004000000000000071049d5c71049de0
:1070e800f871049d5072049da872049dc472049d99
:1070f8005873049df073049dda8282871300405010
:1071080001000224d2828397d6828487e082858711
:10711800c88283a7de828397dc828687e28287879c
:1071280023184300201e037c1400a2afff00022492
:107138001000a3afedb8400f1800a2afc700401071
:1071480021180000571c410b848091af848082afc6
:10715800808082a7d2828297681c410bc88282a74e
:10716800d6828497dc82869721284500202e057ccc
:10717800212044002330c2002026047c2036067ccf
:107188000503410f2138a000b3004010808082978a
:1071980001004224808082a780808297de828397c4
:1071a8002b184300eeff6014e0828597808090a73b
:1071b800fa1c410b02000224e0828597e28287973d
:1071c800212044002026047c212845002338e200a1
:1071d800202e057c213080000503410f203e077cce
:1071e8009d0040108080829701004224808082a701
:1071f80080808297de8283972b184300eeff60140d
:10720800d6828497808090a7fa1c410b0300022441
:10721800d6828497dc8286972328a200202e057cbc
:10722800212044002330c2002026047c2036067c1e
:107238000503410f2138a000870040108080829705
:1072480001004224808082a780808297de82839713
:107258002b184300eeff6014e2828597808090a788
:107268002d1c410b848093afe0828597e28287973b
:10727800232082002026047c212845002338e200b0
:10728800202e057c213080000503410f203e077c1d
:10729800710040108080829701004224808082a77c
:1072a80080808297de8283972b184300eeff60145c
:1072b800dc8284972d1c410b848091afd482829705
:1072c800e0828587c88282a7da8282870d004050d3
:1072d800e2828787f0ff0324f78283a3de82839705
:1072e800d6828487dc828687e282878723104300e0
:1072f8002016027ce3bb400f1000a2afd21c410b4a
:1073080000000000de828397d6828497dc8286970d
:107318002338e500ffffa830433807002120640028
:10732800211003012330c300213807012026047ce3
:10733800202e027c2036067c0503410f203e077c68
:1073480045004010060002242d1c410b848082afaa
:10735800d8828297e0828587e2828787c88282a75f
:10736800da8282870c004050de8282970f00032465
:10737800f78283a3de828397d6828487dc8286871e
:10738800231043002016027ce3bb400f1000a2af7d
:10739800f61c410b00000000d6828497dc82869799
:1073a8000100a3242328e5004328050021204400e8
:1073b800212865002330c2002338e2002026047cff
:1073c800202e057c2036067c0503410f203e077cd5
:1073d80021004010ffff0224f78282a30700022445
:1073e8002d1c410b848082af7c80848f1700801015
:1073f800d6829287dc828287e8bd400f21904202c4
:1074080021884000e0829087e28282877c80848f96
:10741800f0bd400f218002022328020223205102de
:1074280043200400432805007c80868f01008424c3
:107438000100a5242026047c202e057c3fc0400f97
:10744800010007240500401021180000848080af47
:10745800191d410b01000324211800003400bf8fbf
:10746800211060003000b38f2c00b28f2800b18f3c
:107478002400b08f0800e0033800bd270800e003af
:1074880000000000d0ffbd271c00b1af059d113cd6
:107498001800b0af00c92426ffff10242c00bfaf8e
:1074a8002800b4af2400b3af2000b2af05bd400f31
:1074b800c88290a7059d063c0f000524a4f5c624a4
:1074c800afbd400f2102042400c9242605bd400f8a
:1074d800c88290a7059d063c30000524b0f5c62457
:1074e800afbd400f2e020424059d143c00c924267c
:1074f80005bd400fc88290a73e020424e60005247b
:10750800afbd400fb8f5862601001324c800072434
:107518001702042450000524aa020624c88290a752
:10752800e3bb400f1000b3af059d053cc0f5a52493
:107538000e000624039d123c2540410f3c81842700
:107548000020442605bd400fc88280a732000524cc
:107558003c818627afbd400f1702042400c92426aa
:1075680005bd400fc88290a7059d063c2300052451
:10757800c8f5c624afbd400fa000042400c92426c6
:1075880005bd400fc88290a7059d063c96000424bf
:10759800e6000524afbd400fd0f5c624c800072477
:1075a800500005240901062478000424c88290a705
:1075b800e3bb400f1000b3af0020442605bd400fc9
:1075c800c88280a7059d063c32000524dcf5c62448
:1075d800afbd400f9b00042400c9242605bd400f01
:1075e800c88290a7059d063c0f000524e0f5c62437
:1075f800afbd400f2c01042400c9242605bd400f4f
:10760800c88290a798000524b8f58626afbd400f1c
:10761800ae01042400c9242605bd400fc88290a7e6
:10762800059d063ceb00042445010524afbd400f31
:10763800f0f5c624059d063cf40104244501052403
:10764800afbd400ff8f5c6244001042432000524dc
:10765800d20106249a000724c88280a7e3bb400f02
:107668001000b3af3000022400204426408182a3da
:10767800418180a305bd400fc88290a704828287fc
:1076880006004014270105246d0104240a0005247e
:10769800afbd400f4081862727010524c20106247b
:1076a800010002245e010424770107241000a2af20
:1076b800e3bb400fc88280a730000224029d043c2f
:1076c800448182a3b8c88424ffff0224458180a393
:1076d80005bd400fc88282a72c00bf8f2800b48f39
:1076e8002400b38f2000b28f1c00b18f1800b08f18
:1076f8007f0104242201052444818627afbd400b65
:107708003000bd27e8ffbd271400bfaf191a410f8d
:10771800000000000f04410fe08304346882848f66
:107728000300801000000000ba40410f0000000074
:10773800fe19410f000000009f0103240a0043a422
:1077480006f803240c0043a4ffff0324040043a409
:10775800060043a47fce0324688282af000043a4be
:10776800b71b0324020043a410840324080043a485
:107778001ed703240e0043a43f630324100043a430
:10778800059d033c00c96324140043ac0600032490
:10779800180043ac1400bf8f0a0003241c0043ac3c
:1077a80020030324200043ac5a000324240043ace4
:1077b8000800e0031800bd2701000224388182a3d5
:1077c80000a0023cf023598c08002003828280a785
:1077d8008282829701004224ffff4230828282a780
:1077e8000300422c01004050828280a7010002243d
:1077f8000800e003388182a3ffff8430828284a7d7
:107808000300842c01008050828280a7010002249a
:107818000800e003388182a3d8ffbd272400bfaf4a
:107828002000b1afd603410f1c00b0af029d103c41
:10783800e0010724212800001f0306240100022478
:1078480021200000ffff1124c88280a7e3bb400f5e
:107858001000a2afb8c8042605bd400fc88291a782
:10786800059d063c6400052400f6c624afbd400f04
:1078780064000424b8c8042605bd400fc88291a737
:10788800059d063cc800052414f6c624afbd400f6c
:1078980082000424b8c8042605bd400fc88291a7f9
:1078a800059d063cd20004242c010524afbd400fe1
:1078b80024f6c624331e410b88bf103ccd3d410f32
:1078c800e80304245061028e20004230fbff401080
:1078d80000000000cd3d410fe80304242400bf8fc1
:1078e8002000b18f1c00b08f01000424001e410b42
:1078f8002800bd27e0ffbd271800b0af009d103c51
:107908001c00bfafe8bd400fb03404261f0303249a
:1079180023106200b0340426f0bd400f248282a7f1
:10792800df010324231062004c8282a72000022476
:10793800c88282a72120000001000224212800001b
:107948001f030624e0010724e3bb400f1000a2af89
:10795800248284974c828597b03406260100072438
:10796800422805003fc0400f42200400cd3d410f92
:10797800f4010424d603410f000000001c00bf8f4f
:107988001800b08f01000424001e410b2000bd2701
:1079980049818293e8ffbd270a0040101400bfaf59
:1079a8008282839700a0023cfc23422480180300b3
:1079b800211062000000428c09f84000000000001d
:1079c800498180a338818293140040101400bf8f2e
:1079d8008282839700a0023cf0234224801803008f
:1079e800211062000000428c09f8400000000000ed
:1079f8008282839700a0023cfc2342248018030063
:107a0800211062000000428c020040100100022494
:107a1800498182a3388180a31400bf8f0800e00346
:107a28001800bd27e0ffbd2710000224c88282a7e6
:107a38001000a4af1c00bfafd603410f0000000028
:107a48001000a48fffff022407008014c88282a7b9
:107a5800059d063c21280000afbd400f30f6c62426
:107a68009a1e410b00000000059d063c21200000e5
:107a780021280000afbd400f40f6c624a11e410bcf
:107a880000000000b8ffbd272800b0af009d103ce3
:107a9800b03404264400bfaf2c00b1af4000b6afed
:107aa8003c00b5af3800b4af3400b3afe8bd400f09
:107ab8003000b2af1f03032423106200b034042641
:107ac800f0bd400f248282a7df0103242310620047
:107ad8004c8282a720000224c88282a721200000ad
:107ae80001000224212800001f030624e0010724c6
:107af800e3bb400f1000a2af248284974c82859785
:107b0800b034062601000724422805003fc0400f74
:107b180042200400cd3d410fd0070424191a410f1b
:107b2800640011240f04410fe0830434060010247c
:107b3800212000002128000020030624e00107245a
:107b48001000a0af1400a0af1800a0af1c00b1af88
:107b580013c5400f2000b0aff6ff401021200000f1
:107b68001082848f0300801000000000ba40410f8b
:107b780000000000fe19410f00000000ff07032469
:107b88000a0043a40c0043a441080324060043a4ac
:107b98002c630324108282af000043a4ffff032458
:107ba800020043a410840324080043a41ed703241e
:107bb8000e0043a4b1d50324100043a4029d033c46
:107bc800b8c86324140043ac6882848f0600032479
:107bd800180043acffff03341c0043ac200043ac47
:107be80032000324040040a403008010240043aca6
:107bf800ba40410f00000000fe19410f049d103cdf
:107c0800ff0703240a0043a40c0043a441080324eb
:107c1800060043a42c630324688282af000043a4b7
:107c2800ffff0324020043a410840324080043a494
:107c38001ed703240e0043a4b1d50324100043a487
:107c48004c100326140043ac2c82848f06000324b6
:107c5800180043acffff03341c0043ac200043acc6
:107c680032000324040040a403008010240043ac25
:107c7800ba40410f00000000fe19410f000000004b
:107c88002c6304242c8282af000044a4ffff042448
:107c9800020044a410840424080044a41ed7042429
:107ca8000e0044a4b1d50424100044a44c100426aa
:107cb800140044ac01000424180044ac86310424a8
:107cc8001c0044ac32000424240044ac7082848f2d
:107cd800ff0703240a0043a40c0043a4410803241b
:107ce800060043a4200040ac03008010040043a415
:107cf800ba40410f00000000fe19410f00000000cb
:107d08002c630424708282af000044a4ffff042483
:107d1800020044a410840424080044a41ed70424a8
:107d28000e0044a4b1d50424100044a44c10042629
:107d3800140044ac01000424180044ac8631042427
:107d48001c0044ac32000424240044ac9c82848f80
:107d5800ff0703240a0043a40c0043a4410803249a
:107d6800060043a4200040ac03008010040043a494
:107d7800ba40410f00000000fe19410f0100122413
:107d88002c6304249c8282af000044a4ffff0424d7
:107d9800020044a410840424080044a41ed7042428
:107da800ff0703240e0044a4b1d504240a0043a409
:107db8000c0043a4100044a4410803248631042481
:107dc8004c10102632001124060043a4040043a4da
:107dd800140050ac1c0044ac180052ac200040ac5d
:107de800d603410f240051ac2120000021280000b7
:107df8001f030624e00107240c001024c88280a772
:107e0800e3bb400f1000b2af3f0302240f0004246d
:107e18000f00052404010624130107241000b0af45
:107e2800c88282a7e68280a7e3bb400fee8292a3b6
:107e3800270104240f000524f9010624130107244f
:107e4800e3bb400f1000b0af1c0204240f00052450
:107e58001103062413010724e3bb400f1000b0af41
:107e6800c80004243101052458020624740107249b
:107e7800e3bb400f1000b0af2c010424140005240c
:107e8800f40106240e0107241000b0afe3bb400f35
:107e9800c88280a78200042414000524ff00062459
:107ea8000e010724e3bb400f1000b0af21020424e9
:107eb80014000524a00206240e010724e3bb400f8a
:107ec8001000b0af6882828f009d153c8c0014248e
:107ed800004210240800b526070004240a000524df
:107ee8000a0006246e0007241000b4af1400b1afd6
:107ef8001800b0af1c00b5af2000a0af1825410f87
:107f08002400a2af050040146882828f8b1e410fa7
:107f180021200000c71f410b00000000009d163cf7
:107f2800180113245c1ad626080004240a00052424
:107f3800960006246e0007241000b3af1400b1affa
:107f48001800b0af1c00b6af2000a0af1825410f35
:107f58002400a2af050040146882828f8b1e410f57
:107f680021200000db1f410b000000000900042451
:107f7800b50205240a000624190307241000b4af2b
:107f88001400b1af1800b0af1c00b5af2000a0af0f
:107f98001825410f2400a2af050040146882828f83
:107fa8008b1e410f21200000ec1f410b0000000038
:107fb8000a000424b50205249600062419030724a0
:107fc8001000b3af1400b1af1800b0af1c00b6afcb
:107fd8002000a0af1825410f2400a2af05004014cf
:107fe800140002248b1e410f21200000fd1f410bad
:107ff800000000001400a2af004002241800a2af45
:10800800059d023c54f642242000a2af1082828fc4
:108018001800042427010524b9000624f9010724bf
:108028001000b3af1c00a0af1825410f2400a2af69
:10803800050040144400bf8f8b1e410f2120000013
:108048001220410b00000000358292a34000b68f39
:108058003c00b58f3800b48f3400b38f3000b28f36
:108068002c00b18f2800b08f0800e0034800bd271e
:108078002c80828f7d000324021062702a00033c4a
:10808800abaa63341a004300f4016000101000002a
:108098002c8082af1a004400f40180001010000008
:1080a8000800e003010042240c0086940200c3305b
:1080b8002c006014211000000000a7900200032487
:1080c8002800e314000000000100a390ffff6724cc
:1080d800ff00e7300200e72c1f00e0500400623880
:1080e8000200a3840e0087842a38e3001d00e010f4
:1080f80000000000120087842a3867001900e01089
:10810800000000000400a584100087842a38e500d8
:108118001400e01000000000140087842a38a7002b
:108128001000e0100400c6300600c0102c00829435
:108138002a2845000e0004240d0002240800e0034c
:108148000a1085002a1843000e0004240d0002249a
:108158000800e0030a1083002a0004240b20020010
:10816800211080000800e003000000003000839424
:10817800340082942036067c202e057c1b00620089
:10818800f40140002328a600121800001a00a300da
:10819800f40160000600032412100000ffff4230c3
:1081a8000600442c0b1064000800e0032016027c33
:1081b8000c008394040062300b0040101000633000
:1081c800120085940e0082942310a2000300601010
:1081d800ffff42307a20410bfaff4224f8ff422485
:1081e8009420410bffff423011006050140083843b
:1081f8000e00828412008384300085942318620064
:10820800340082941b00a200f40140001210000008
:108218001a006200f4014000060003241210000056
:10822800ffff42300600442c9420410b0b106400e1
:10823800100082842310620003000324021043709c
:10824800e8ff4224c078427c0800e0034078427c82
:108258000c008394040062301b0040501400859485
:108268001000633011006050120083841000828473
:1082780014008384300085942318620034008294ab
:108288001b00a200f4014000121000001a00620056
:10829800f40140000600032412100000ffff4230e2
:1082a8000600442cbd20410b0b1064000e00828494
:1082b800231062000300032402104370e8ff4224e5
:1082c800bd20410bc078427c1000829410006330be
:1082d8002310a20003006010ffff4230bc20410bb6
:1082e800faff4224f8ff4224ffff42300800e0036f
:1082f8004078427cc0ffbd275000a387203e077c02
:108308001c00b1afffff91303c0004243800beaf21
:108318003400b7af3000b6af2c00b5af2800b4af0b
:108328002400b3af2000b2af1800b0af1400a3af61
:108338001000a7af3c00bfaf6400b08f2096057c4b
:10834800209e067c5400be975800b7975c00b697ed
:1083580059d7400f6000b59721a040001400a38fa3
:10836800240040101000a78f000051a4040040ac66
:1083780006000224080082ae059d023ce0854224e6
:108388001c0082ae059d023cb0804224240082aecf
:10839800059d023cfc8a422421208002120087a607
:1083a800140083a60e0092a6100093a60c009ea6a9
:1083b800280082ae200080ae300097a6340096a632
:1083c8006e20410f320095a6212080029620410f91
:1083d800360082a604000016380082a67480828fb8
:1083e800fd20410b180082ae180090ae661a410fae
:1083f800212080023c00bf8f211080023800be8ff0
:108408003400b78f3000b68f2c00b58f2800b48f9a
:108418002400b38f2000b28f1c00b18f1800b08fda
:108428000800e0034000bd270c008294040042309d
:1084380009004050360082943800829410008394da
:1084480003004224ffff4230211843000000a3a488
:108458001e21410b140083940e00839403004224d0
:10846800ffff4230211843000000a3a412008394a8
:10847800231062000000c2a40c0082941000423055
:1084880007004014000000000000a29402004224eb
:108498000000a2a40000c294feff42240000c2a46f
:1084a8000800e00300000000e8ffbd27ffffa5303b
:1084b8001000b0af1400bfaf218080000800a010ea
:1084c80001000224300083942110a0004218030008
:1084d8002b2865000100a05421106000ffff4230e6
:1084e800212000026e20410f340002a6360002a6a9
:1084f8009620410f212000021400bf8f380002a6e9
:108508001000b08f0800e0031800bd27d8ffbd2772
:108518002000b1af1200a627208e057c1000a527e9
:108528001c00b0af2400bfaf0c21410f2180800098
:108538000700201e212000000c0002960400423093
:108548000c004010320000a67221410b1200a297c5
:10855800300002962a18220208006014ffff313208
:10856800320002a60c00029604004230140040506b
:108578001200a2977221410b1000a29704fc247ede
:108588001b008200f40140001000a3971200a59779
:108598000c000496320011a62330a3000400843096
:1085a800121000000210c270007c427c2110620090
:1085b80003008010ffff423021186500231062007d
:1085c8002400bf8f2c0002a62000b18f1c00b08fa2
:1085d8000800e0032800bd27e8ffbd271000b0af62
:1085e8001400bfaf28fe400f218080003c014014da
:1085f800211800001081828f0a00442c3801801055
:1086080001000324059d033c801002002886632492
:10861800211062000000428c0800400000000000a9
:108628005086049d6087049d8887049de087049d8b
:108638005488049d8088049d5089049dac89049dbc
:10864800708a049da88a049d0c0002962026027c4c
:108658002301800401000324020042300300401477
:108668001800038e9e21410b0a0062940e0062944a
:1086780021200002fe808527fc8086270c21410fdf
:10868800148182a70c000296040043300400605055
:108698001400048612000486ab21410b0e000386e9
:1086a80010000386211883004078637c048183a727
:1086b80036000396ee8280a3e68280a7028183a714
:1086c80038000396008183a7004043305e00605065
:1086d800040002240e000396da8280a7d68283a7bc
:1086e80010000396e08283a712000396dc8283a71a
:1086f80014000396e28283a714818397d28283a70a
:1087080010004330030060101800028ec821410b8e
:10871800000044940200449403006010d48284a7ab
:10872800cd21410b0200429400004294320005869c
:10873800d88282a72120000203000224de8282a7b9
:108748004521410f7c8080af2c0002962e0002a6a6
:1087580001000224108182afe11a410f00000000dd
:10876800df004010211800000c0002961000423073
:108778008b0040540700022402000224108182afbb
:108788001800028e0c00039604818587000042942d
:1087980004006330fc808787c88282a705006014c4
:1087a800fe8082872130e00021204000f221410b29
:1087b8002138a0002120a00021308000212840007d
:1087c800e2b7400f00000000c5004010211800006b
:1087d80003000224108182af1800028e0c00039659
:1087e800fc808787020042940400633004818597e7
:1087f800c88282a707006014fe8082870100a52432
:10880800202e057c2130e000212040000b22410b66
:108818002138a0000100a5242026057c21308000f5
:1088280021284000e2b7400f00000000ac004010d3
:10883800211800000c0002960040423058004014f5
:108848000700022404000224108182af28fe400f92
:1088580000000000a2004014211800000c0002963d
:10886800001042308d0040100900022414818297c4
:10887800b922410bc88282a71800028e0c00039609
:10888800fe8085970000429404006330fc80849742
:10889800c88282a7140060142e0002960281839772
:1088a800213065002a3046000300c0540c8185a79a
:1088b800232843000c8185a7232883002a28a200a7
:1088c8000300a010211043003722410b088184a720
:1088d800088182a7048185870c818487088186871f
:1088e8004e22410b2138a00000818397213065007a
:1088f8002a3046000300c0540a8185a72328430074
:108908000a8185a7232883002a28a2000300a01033
:10891800211043004a22410b068184a7068182a7c1
:10892800048184870a8185870681878721308000b2
:10893800e2b7400f00000000690040102118000055
:1089480006000224108182af1800028e04818597e8
:1089580002004294c88282a70c00029604004230aa
:10896800060040140100a524202e057c0c81848774
:10897800088186876522410b2138a0002026057cc6
:10898800068187870a81858721308000e2b7400ffa
:1089980000000000520040102118000007000224c7
:1089a800108182af28fe400f000000004c004014e8
:1089b800211800000c000696028185970081839794
:1089c8000400c6302c0002960a00c0140481849763
:1089d800233045000c8186a72110a2002330830094
:1089e800211864000a8186a7088182a78722410b83
:1089f800068183a7233085000c8186a72120a40047
:108a080023304300211062000a8186a7088184a7c9
:108a1800068182a70c818297da8280a7d68282a7f4
:108a28000a818297e08282a708818297dc8282a7e6
:108a380006818297e28282a714818297d28282a7d6
:108a48001800028e02004394000042947c8080af9c
:108a5800d48283a7d88282a702000224de8282a75a
:108a680008000224108182afe11a410f00000000c3
:108a78001b004010211800002c0002962e0002a6b0
:108a88000c0002961000433014006054108180af2f
:108a9800002042301000401009000224108182afeb
:108aa8000c000296100043300c006054108180af17
:108ab800020003240100423004004010e68283a72c
:108ac8001800028eb622410b04004294148182974a
:108ad800c88282a7e68280a7108180af01000324a4
:108ae8001400bf8f211060001000b08f0800e00351
:108af8001800bd27d8ffbd272000b2af2a000224e6
:108b0800ffff92301c00b1af1800b0af2400bfaf18
:108b18002180a000310042122188c0002120a0003d
:108b28001200a6270c21410f1000a5270000239250
:108b3800020002242a0062142400bf8ff3ff522689
:108b4800ffff52320200522e260040522000b28f00
:108b58000c00049604008430030080141000a297cf
:108b6800dd22410b02002386040023862a284300c5
:108b78000600a0502c0003961200a2972a28620033
:108b8800ffff63300b1065002c0003961300621082
:108b98001000a697300003961200a59723104600f0
:108ba800021043702328a6001b004500f401a00012
:108bb8001228000003008010ffffa530232865005d
:108bc800ffffa530212000024521410f202e057c02
:108bd8000c000296001042340c0002a62400bf8f3d
:108be8002000b28f1c00b18f1800b08f0800e0037e
:108bf8002800bd272016057ce0ffbd27020042287b
:108c08001400b0af1c00bfaf1800b1af0200401095
:108c1800218080000200052432000296208e057c07
:108c28000288227230000296300005a64070a57caa
:108c38001b002202f4014000340002962b10a2000f
:108c48001288000002004010ffff3132340005a6f0
:108c58006e20410f21200002360002a69620410f07
:108c680021200002380002a621200002202e117cbb
:108c78001c00bf8f1800b18f1400b08f4521410b25
:108c88002000bd27ffff843006000224090082105f
:108c98000600822c0e004014f8ff842401000224f0
:108ca8002b2044000a008014000000003323410bed
:108cb8000c00a2940c00a294044042340800e00383
:108cc8000c00a2a4fbff4230004042340c00a2a4d6
:108cd8000800e003000000000c00839402006630e6
:108ce8003400c014211000000000a79002000624e0
:108cf8003000e614000000000200a6840e008784fd
:108d08002a38e6002300e050080064301200878407
:108d18002a30c7001f00c050080064300400a68431
:108d2800100087842a38e6001a00e05008006430f2
:108d3800140084842a30c4001600c010080064306f
:108d4800080066300800c0100100a4900400052443
:108d58001800851404006330080002240600042467
:108d68000800e0030a1083000400052411008510a0
:108d78000800022403000224030082140400633064
:108d88000c00601407000224060002240800e00317
:108d98000b10030007008014211000000100a590ab
:108da800010004240300a414040063300900022411
:108db8000a1003000800e00300000000c8ffbd27f8
:108dc8002800b3af3400bfaf3000b5af2c00b4af4c
:108dd8002400b2af2000b1af1c00b0af28fe400f96
:108de800219880005c014014211800006c80828f5b
:108df8000500442c5801801001000324059d033c04
:108e080080100200208e6324211062000000428c32
:108e18000800400000000000348e049d588f049d17
:108e28000090049d2891049d9092049d28fe400f77
:108e38000000000048014014211800000c00629650
:108e48002026027c44018004010003242c0067864c
:108e5800feff03240e006c96ffffe43002188370b7
:108e680010006b961400699612006a96648087a7b2
:108e7800ffff633023286c0023186b00211823019f
:108e880021284501668083a7000243302e00601424
:108e9800688085a7020045300b00a0141800638e77
:108ea80004004230050040500200669402006594b8
:108eb80000006694b723410b0c006394000065948e
:108ec800b723410b0a00639402006694000065947e
:108ed8000e006394ee8280a31800628e00a00d3c01
:108ee800d003a8251c004e8c21608c0021586401f9
:108ef80004000ead20004e8c235044012320240191
:108f080008000ead18004e8c2400428ce68280a723
:108f1800d003aead0c0002ad3800628ed6828ca7ad
:108f2800e0828ba77c8082af03000224dc828aa7c0
:108f3800e28284a7da8287a7d28283a7d48286a70f
:108f4800d88285a7de8282a7010002246c8082afc6
:108f58000c006296000243301b0060100001423092
:108f68003800648e23008050020002240e007286ae
:108f780012006286e8bd400f21904202218840001d
:108f880014007086100062863800648ef0bd400fb1
:108f980021800202232802022320510243200400d8
:108fa800432805003800668e010084240100a524aa
:108fb8002026047c202e057c3fc0400f010007249a
:108fc800fd23410b2118000005004010000000009f
:108fd800221c410f00000000fd23410b2118000056
:108fe800e11a410f0000000021180000da004010cb
:108ff800020002246c8082af3400628ea30040100d
:10900800040002240c0063960200643006008014f9
:109018001800628e0400633004006050040042941b
:109028000d24410b0600429408004294c88282a78e
:109038001800628e3400708e608080a71400448c03
:109048005c8090af05bd400f628080a71800628edb
:1090580021200002c3bd400f1400458c0c0063960c
:1090680010006430050080102000643012007096f3
:10907800fbff10262524410b2380020205008050a7
:10908800120070860e007096050010262b24410be6
:10909800ffff10320e006486218004022380020242
:1090a8004078107e80006430070080101800628ebf
:1090b800100071961400448ce0bd400f0300312667
:1090c8004624410bffff31324000633009006050f5
:1090d8001400638614007196300072961400448c54
:1090e800fdff3126e0bd400f238832024624410ba4
:1090f800ffff3132100071861400448c218823024e
:109108003000638623882302e0bd400f4078317e1b
:1091180003000224f48290a7ea8291a76c8082afb0
:10912800628082875c80838f0a001224211062008b
:10913800a024410b0000448011bd400f0000000036
:1091480084004010628082975c80838f01004224f3
:109158002016027c628082a72120620000008480a1
:1091680045009214010051241800628e6080909787
:10917800218871001400448c010010262086107c80
:109188005c8091af608090a705bd400f628080a78a
:109198001800628e21202002c3bd400f1400458ca8
:1091a8000c006396100064300500801020006430c5
:1091b80012007196fbff31267624410b2388220288
:1091c80005008050120071860e0071960500312648
:1091d8007c24410bffff31320e0064862188240273
:1091e800238822024078317e800064300700801096
:1091f8001800628e100074961400448ce0bd400f75
:10920800030094269824410b0218507040006330e4
:109218000900605014006386140075963000749637
:109228001400448cfdffb526e0bd400f23a0b40216
:109238009824410b02185070100074861400448c56
:1092480021a083023000638623a08302e0bd400f83
:109258004078947e0218507062808287f48291a7c9
:1092680021a074005c80838fffff9432ea8294a768
:109278002110620000004480afff8014000000004d
:1092880031fe400f00000000040002246480908733
:1092980028fe400f6c8082af2f0040142118000078
:1092a8000c00629601004330280060506c8080af4b
:1092b8000200032404004230e68283a70300401022
:1092c8001800638eb624410b060062940400629471
:1092d800c88282a72c006286120066960e006496e9
:1092e8000800401410006596140067960500842451
:1092f8000500a524fbffc624fbffe724cc24410b73
:109308001000a0af14006796ffff1032212004025e
:10931800212805022330d0002338f000fbff102657
:109328002086107c1000b0af2026047c202e057cff
:109338002036067cc5ba400f203e077c0600401048
:1093480021180000e68280a76c8080afd824410bea
:1093580001000324211800003400bf8f2110600091
:109368003000b58f2c00b48f2800b38f2400b28f43
:109378002000b18f1c00b08f0800e0033800bd2723
:10938800d0ffbd272800b6af2400b5af1c00b3af8f
:109398001800b2af1400b1af1000b0af2c00bfafcf
:1093a8002000b4af340085ac0000b4802190800068
:1093b8000100b32421b0a0000100102421a800005e
:1093c8000a001124040091521800428e10008056a1
:1093d800000074821800428e2120c002c3bd400fd5
:1093e8001400458c2a10a202050040102120c0025a
:1093f8001800428ec3bd400f1400458c21a84000c0
:109408000500911621b06002010010260000748248
:10941800f324410b010073261800428e2e0055a636
:10942800e0bd400f1400448c021002722c00bf8f64
:109438002800b68f2400b58f2000b48f1c00b38f8e
:109448001400b18f1000b08f300042a61800b28f00
:109458000800e0033000bd27c0ffbd272000b2afe1
:10946800ffff92303c0004243800beaf3400b7af91
:109478003000b6af2c00b5af2800b4af2400b3afae
:109488001c00b1af1800b0af3c00bfaf6000b08f98
:109498006400b18f209e057c20a6067c20f6077c00
:1094a8005000b7875400b68759d7400f5800b59772
:1094b800270040105c00a38f000052a4040040acb9
:1094c800380043ac059d033cc48d63241c0043aca9
:1094d800059d033ce08c6324240043ac059d033cbc
:1094e8008c8c6324080040ac0e0053a4100054a4d4
:1094f80012005ea4140057a42c0056a4340050aceb
:109508000c0055a4280043ac04002016200040acf1
:109518007480838f4a25410b180043ac180051ac66
:109528002e0040a406000012300040a42120400074
:1095380021280002e224410f1000a2af1000a28fe0
:1095480021204000661a410f1000a2af1000a28f20
:109558003c00bf8f3800be8f3400b78f3000b68f05
:109568002c00b58f2800b48f2400b38f2000b28f51
:109578001c00b18f1800b08f0800e0034000bd2721
:10958800d0ffbd27040002242800b1af2400b0afeb
:109598002c00bfaf0000c2ac2180c0001800a4afef
:1095a80028fe400f208e057c211800002d00401455
:1095b8001800a48f0c0082940100433028006050ea
:1095c800000000ae0200032404004230e68283a7b4
:1095d800030040101800838c7b25410b0600629421
:1095e800040062942c008384c88282a710008594aa
:1095f8000e00829408006014120086941400879468
:10960800050042240500a524fbffc624fbffe72430
:109618009125410b1000a0af14008794ffff313251
:1096280021102202212825022330d1002338f100fd
:10963800fbff3126208e117c1000b1af2026027c62
:10964800202e057c2036067cc5ba400f203e077cbc
:109658000400401021180000e68280a7000000ae38
:10966800010003242c00bf8f211060002800b18f57
:109678002400b08f0800e0033000bd271800828c5a
:10968800d0ffbd272400b2af219080001400448c85
:109698002c00bfaf2000b1af1000a5af208e067c14
:1096a8002800b3af05bd400f1c00b0af1000a58f58
:1096b8001800428e2120a000c3bd400f1400458c25
:1096c8000c004396100064300500801020006430c0
:1096d80012005096fbff1026be25410b2380020284
:1096e80005008050120050860e0050960500102686
:1096f800c425410bffff10320e004486218004026e
:10970800238002024078107e8000643007008010b9
:109718001800428e100052961400448ce0bd400f91
:1097280003005226df25410b0218517040006330b8
:109738000800605014004386140053961400448cab
:1097480030005296e0bd400ffdff7326de25410b29
:109758002390720210004486212083003000438643
:10976800239083001400448ce0bd400f4078527e63
:10977800021851702c00bf8ff48290a72800b38f75
:109788002000b18f1c00b08f21907200ffff523271
:10979800ea8292a72400b28f0800e0033000bd27b8
:1097a8000080013c2628a100c24d0400ff00293199
:1097b800c25d0500ff006b310080073c00420400d9
:1097c800254007010052050025504701ffff2d25c0
:1097d800fe00a12d6100201000000000ffff6d2594
:1097e800fe00a12d770020100000000023602b014f
:1097f8000d008005000000002000812903002014ce
:10980800000000001500001002000a2425300a009c
:1098180006508a0104688a011000a61100000000a1
:109828000e00001002004a3525480b0023600c008a
:109838002000812903002014000000000700001008
:1098480002000824253008000640880104688801c1
:109858000200a611000000000200083524608700fd
:10986800266885011000a0050000000021400a01bb
:109878002b680a011700a0110000000001000d313b
:109888000200a01100000000020008354240080054
:1098980001002925ff0001240e0021150000000009
:1098a8000c000010000008242b680a010400a01115
:1098b80023400a01234008000300001026608701a6
:1098c80050000011000000002030067123482601d6
:1098d8000440c8000e002019000000008000082580
:1098e80080000d2d21482d01026a08000100ad31cc
:1098f80023400d014040080042420800c06d0900a5
:1099080025400d0125100c010800e00300000000af
:10991800010006242330c9002000c12c3900201082
:10992800000000000080013c2540010120000d24ba
:109938002368a6010448a801020020110640c800b7
:10994800010008350000092480000d25e3ffa1056a
:1099580000000000e1ff0010010009240e0020159e
:10996800000000002140080105000011000000006f
:1099780020600c7123482c0198ff001004408801d6
:10998800ff0001240f006111000000000080013c6d
:109998001800a11400000000216808011b00a01590
:1099a80000000000ff000124140061150000000001
:1099b800266885001500a005000000000d000010b5
:1099c80000000000080060150000000021504a0156
:1099d8000a0040110000000020604c7123586c01ff
:1099e80082ff001004508a0121684a010700a0156f
:1099f80000000000c4ff001025100500c2ff001081
:109a080025100400c0ff001000000224beff001053
:109a1800c0ff023cc23d0400ff00e730c24d050014
:109a2800ff00293100800a3c003204002530ca00ba
:109a38000042050025400a012660850024504c019b
:109a4800ffffec24fe00812d210020100000000003
:109a5800ffff2c25fe00812d36002010000000009d
:109a68001900c800125800000200601110300000f0
:109a78000100c6340300c0040000000040300600a6
:109a8800ffffe72482ff2c252138ec00ffffec24a0
:109a9800fe00812d3a002010000000008000c6243e
:109aa8008000cc2c2138ec000262060001008c31c9
:109ab8002330cc004030060042320600c065070063
:109ac8002530cc002510ca000800e0030000000083
:109ad8000d00e014000000002130c6000500c01091
:109ae800000000002058cb702338eb00d8ff00108e
:109af80004306601ff0001241f002111000000004e
:109b080015000010000000002160c6001a00801532
:109b1800000000000400201500000000216008017a
:109b28001500801100000000ff0001240f0021151e
:109b3800000000000a002015000000002140080174
:109b4800050000110000000020580b7123482b016c
:109b5800c3ff001004406801dbff001025100a0055
:109b6800216008010400801500000000807f013c8e
:109b7800d5ff001025104101d3ff0010c0ff023ca3
:109b8800faffe01c0000000001000b2423586701c5
:109b98002000612df0ff20100000000020000c24a0
:109ba80023608b01043886010200e010063066014c
:109bb8000200c634000007248000cc24b7ff8105ca
:109bc80000000000b5ff00100100072400800b3cd6
:109bd800c2450400ff000831c2550500ff004a31a4
:109be800003a04002538eb00004a050025482b01ff
:109bf8002670850024586e01ffff0e25fe00c12d3a
:109c08003f00201000000000ffff4e25fe00c12d80
:109c180053002010000000002b08e9000300201466
:109c2800000000004238070001000825826309008f
:109c3800f40180011b00ec0012200000103000002d
:109c4800ff3f2d311900a4011228000080330600bf
:109c58002b70c5000400c0112330c500ffff842409
:109c68002130c9002b70c900f40180011b00cc0011
:109c780012380000103000001900a7011228000057
:109c8800803306002b70c5000400c0112330c500c6
:109c9800ffffe7242130c9002b70c900807304003e
:109ca8002138ee000200c010003907000100e73437
:109cb8007e000e242370ca0121400e01ffff0e25ed
:109cc800fe00c12d34002010000000008000e724b1
:109cd8008000ee2c21400e01027207000100ce31f7
:109ce8002338ee0040380700423a0700c0750800e4
:109cf8002538ee002510eb000800e0030000000006
:109d080008000015000000002138e7000500e010f9
:109d1800000000002060ec7023400c01baff001026
:109d2800043887010400481500000000217029014b
:109d38002f00c01100000000ff000124080041119d
:109d48000000000012000011000000002170e70070
:109d58002700c015000000002200001000000000cd
:109d68000800401500000000214829011d002011ad
:109d78000000000020602c7123504c01a6ff001049
:109d880004488901217029011900c015000000004c
:109d9800d9ff001025100b001200001d0000000064
:109da80001000c24236088012000812df8ff201079
:109db8000000000020000e242370cc010440c701dd
:109dc80002000011063887010200e7340000082469
:109dd8008000ee24bdffc10500000000bbff00109d
:109de80001000824807f013cc3ff00102510610199
:109df800c1ff0010c0ff023c0080013c120080102f
:109e080024308100020081040000000023200400a7
:109e18009e000524203887702328a7000420e4002a
:109e2800800084248000882c2128a8000342040094
:109e38000100083123208800402004004222040049
:109e4800c045050025208800251086000800e0038d
:109e5800000000000f008010000000009e00062493
:109e6800202885702330c5000420a40080008424a5
:109e78008000872c2130c700023a04000100e73037
:109e8800232087004020040042220400c03d060031
:109e980025208700251004000800e00300000000ca
:109ea800002a04000080013c2528a100c23d0400ce
:109eb800ff00e7309e0006242330c7000c00c018be
:109ec800000000002000c12803002014000000004a
:109ed8000500001000000224020081040628c500c5
:109ee80023280500251005000800e00300000000f5
:109ef800807f013c010021342b08810003002014dd
:109f080000000000f8ff00100080023cff7f023cc8
:109f1800f5ff0010ffff4234002a04000080013cd6
:109f28002528a100c23d0400ff00e7309e0006245a
:109f38002330c7000c00c004000000002000c12826
:109f48000300201400000000050000100000022497
:109f5800020081040628c5002328050025100500f5
:109f68000800e00300000000807f013c010021346c
:109f78002b0881000300201400000000f8ff0010e7
:109f88000080023cf6ff0010ffff0224feff0824b9
:109f980040300400403805002548c7001b00201148
:109fa8000000000000ff013c010021342b08c10023
:109fb800190020100000000000ff013c01002134be
:109fc8002b08e100140020100000000002008104aa
:109fd80042300600233006000200a1044238070080
:109fe800233807002a08c7000300201000000000db
:109ff80007000010ffff02242a08e60003002010d3
:10a0080000000000020000100100022400000224e9
:10a018000800e00300000000fdff00102510080004
:10a0280040100400421002000800e0030000000095
:10a038000080013c261081000800e00300000000b9
:10a048004030040000ff013c010021342b08c1000e
:10a0580003002014000000000a0000100100022480
:10a068004030050000ff013c010021342b08c100ed
:10a078000300201400000000020000100100022468
:0ca08800000002240800e00300000000bb
:020000040000fa
:020000041d04d9
:10a09400a0ffbd274c00b5af3c00b1af3800b0af56
:10a0a4005c00bfaf5800beaf5400b7af5000b6afae
:10a0b4004800b4af4400b3af4000b2af21a8800061
:10a0c4002188c000462a410b21800000250002247b
:10a0d400080082140100b3240200a52421b8000062
:10a0e4002d00072430000624200004244528410bb9
:10a0f4002b0003241f3d410f2128a002271002003a
:10a104002b100200452a410b218002020100a524e4
:10a11400ffffa2800e004710ffffb3242e00482843
:10a124000700001100000000f8ff44500100f7365a
:10a134000d0043540200e4325728410b0200f73665
:10a14400090046540200e4325928410b0400f73652
:10a154004428410b0800f7364528410b0100a5248b
:10a164004528410b0100a524feffe3320bb864002f
:10a174000800e432fbffe3320bb86400059d043ca5
:10a18400dcf8832421184300010063900400633049
:10a19400120060102a000424211800000a0002247e
:10a1a400022862700000648201007326059d063c4b
:10a1b400d0ff8424dcf8c6242118a40000006482a3
:10a1c400212086000100849004008430f5ff80146f
:10a1d400022862707e28410b00006482040044144b
:10a1e400211800000000238e01007326040031268c
:10a1f400000064822e000224170082142140000013
:10a2040001007326000064822a00022403008210e5
:10a214000040f7368f28410b0a0004240000288ee2
:10a22400010073269728410b04003126d0ff4224f5
:10a23400010073262140a20000006282059d063cb5
:10a24400dcf8c624212846000100a5900400a530ae
:10a25400f6ffa014022804716c00062410000524e3
:10a26400008004240000628201007326240046104a
:10a274001000a2a36d004428100080107300042471
:10a284006300042461004410640044280500801025
:10a2940064000424a30140105c00bf8fb728410b65
:10a2a4005800042470004410690004246b00441412
:10a2b4001000b2271c29410bc000e4321a004410dc
:10a2c4007400442808008010750004246f000424de
:10a2d4001100441070000424600044141000b227dc
:10a2e400c928410b2000f7365e004410780004248e
:10a2f4005a0044141000b2271b29410b8000f73682
:10a304001000e232213880000a38a2001080e230c6
:10a314009a28410b25b857001b29410b4000f736fa
:10a324001b29410b8000f7360000328e03004016d3
:10a3340004002226059d123ca8fc522621f00000b0
:10a3440021205e0200008480fdff80540100de278e
:10a3540021884000040000512ba0c3032b101e01d0
:10a364000bf002012ba0c30323187e000a1814006b
:10a374000800f6321400c01621a06000e828410b42
:10a38400000000001f3d410f2128a00227100200f9
:10a394002b10020021800202ffff9426f9ff801691
:10a3a40020000424f328410bffff142400004482fe
:10a3b4002128a0021f3d410f010052262710020050
:10a3c4002b100200218002022110c003f7ff401469
:10a3d400ffffde274f01c012212860020029410b34
:10a3e400000000001f3d410f2128a0022710020099
:10a3f4002b10020021800202ffff9426f9ff801631
:10a4040020000424462a410b2128600201002282f4
:10a414001000e6320000248e040025260a00c01035
:10a424001000a2a3090040501400a4a3ffff0624b7
:10a43400060046501400a4a31400a2a31500a4a36c
:10a444001529410b02001e241400a4a301001e249c
:10a454001400b227d628410b2188a000d628410b2e
:10a4640001001e24c000f736c000e4321500801439
:10a474002016177c080043040000328e07003126a2
:10a48400f8ff022424102202080051240000528cf8
:10a494002a29410b04005e8c0400222621884000f6
:10a4a400c3f712001200c10700000000239012003d
:10a4b4002b10120023f01e000300f7363d29410b38
:10a4c40023f0c203080043040000328e0700312643
:10a4d400f8ff022424102202080051240000528ca8
:10a4e4003d29410b04005e8c21f00000040031265c
:10a4f40003000015c000f63225405e020100082d5d
:10a50400400002243500c2124100c22a0500401056
:10a51400800002240800c052059d023c8e29410b94
:10a524001000a2831700c212c00002244100c21608
:10a534001000a283059d023cb8fc442414000624a8
:10a54400010002240400858c0000878c2b48c5037d
:10a5540036002015080084240500be54010042245e
:10a564002b2847023200a0541000a2a30100422469
:10a574002014027cf4ff46540400858c8d29410b81
:10a584001000a2a3010002241000042421280000ca
:10a59400100009242b30c5032500c0541000a2a3c9
:10a5a4000400c517025f04002b3044022000c0548d
:10a5b4001000a2a300510500010042240039040048
:10a5c40025306a012014027c2120e000f1ff4914a7
:10a5d4002128c0008d29410b1000a2a301000224f0
:10a5e4000800042421280000150009242b30c50389
:10a5f4000f00c0541000a2a30400c517425f04005a
:10a604002b3044020a00c0541000a2a3c05005001d
:10a6140001004224c038040025306a012014027c61
:10a624002120e000f1ff49142128c0001000a2a35a
:10a634001000a2832a204800030080102a2002016f
:10a644009429410b1000a8a30b404400050060109e
:10a654000040e2320300e2322b10020023186200b1
:10a664000040e232050040101000a2832a100301ca
:10a67400231868000a1802001000a2832aa04300cd
:10a68400231862000a1814000400e2321b00401070
:10a6940021a060000200e332050060100100e232f4
:10a6a4002d0004242b000324af29410b0a2062004f
:10a6b40008004010200004242128a0021f3d410f5f
:10a6c4003000a8af271002002b10020021800202e4
:10a6d4003000a88f29008012300004242128a00211
:10a6e4001f3d410f3000a8af271002002b100200bd
:10a6f40021800202b529410bffff94260f00601050
:10a704000200e3320800e2320c00401400000000b2
:10a71400200004242128a0021f3d410f3000a8afcf
:10a72400271002002b100200ffff94262180020252
:10a73400f7ff80163000a88f0200e3320500601096
:10a744000100e2322d0004242b000324d929410bfb
:10a754000a2062000a004010ffff022520000424a2
:10a764002128a0021f3d410f3000a8af271002008e
:10a774003000a88f2b10020021800202ffff022567
:10a78400059d043cb0fc8424c018020021188300f9
:10a794001800a3af030003240220437080280200a2
:10a7a4002000a5af2000e6324100c52a2400a5af51
:10a7b4002800a6af362a410b1c00a4af2b00c712f9
:10a7c400ffff08252400a28f05004010800002240a
:10a7d4000900c0121800a38f262a410b1000a4837d
:10a7e4001200c2122800a68fc00002242900c2163b
:10a7f4001000a4831800a38f212040022128c00345
:10a804000000668c0400678cc037410f3000a8af8d
:10a8140021204000212860000a000624a536410fab
:10a8240021380000232a410b30004224059d043cba
:10a83400059d053c94fca22480fc87240a3846002c
:10a844002000a68f212040022128c0032c00a7af9e
:10a854005140410f3000a8af2c00a78f0f004230a9
:10a864002138e200232a410b0000e2901c00a68f4d
:10a87400212040022128c0035140410f3000a8afdd
:10a8840007004230300042243000a88f1000a2a3f9
:10a894001000a4832128a0021f3d410f3000a8af5f
:10a8a400271002002b1002001800a78f1c00a38f92
:10a8b400218002022000a28f3000a88ff8ffe72435
:10a8c400fcff4224fdff63241800a7af2000a2afc1
:10a8d4001c00a3afb9ff0015400007240800f7329d
:10a8e4000c00e012212860020b00805a0000a480b2
:10a8f400200004241f3d410f2128a002271002003c
:10a904002b100200ffff9426f9ff8016218002021b
:10a91400212860020000a480ecfd80141000a4a390
:10a924005c00bf8f211000025800be8f5400b78f07
:10a934005000b68f4c00b58f4800b48f4400b38fdd
:10a944004000b28f3c00b18f3800b08f0800e003a4
:04a954006000bd27bb
:020000040000fa
:020000041d04d9
:10a958000000000060a9049d000020007f00100096
:10a96800038801000498010006a8010007b8010047
:10a9780007c801000ad801000af8010004180200fb
:10a9880004280200043802000648020006580200a3
:10a998000368020005780200038802000798020095
:10a9a80007a8020007b8020007c8020006d802007c
:10a9b80007e8020007f80200070803000718030069
:10a9c800072803000738030003480300035803005f
:10a9d800066803000678030006880300069803004b
:10a9e8000ca8030008c8030008d8030008e80300ff
:10a9f80008f80300070804000718040008280400e2
:10aa080009380400045804000468040008780400a5
:10aa1800078804000b98040009b8040008d804004b
:10aa280007e8040008f804000808050007180500ee
:10aa38000828050009380500095805000c780500a4
:10aa48000998050008b8050007c8050004d80500de
:10aa580007e8050004f805000708060007180600bf
:10aa680004280600063806000748060006580600af
:10aa7800076806000678060004880600079806009e
:10aa880008a8060004b8060004c8060007d806008f
:10aa980004e806000bf80600081807000728070056
:10aaa8000738070007480700065807000568070029
:10aab8000578070007880700079807000aa8070015
:10aac80007c8070007d8070006e8070004f80700ca
:10aad8000308080004180800072808000a380800b6
:10aae800000000000000000000000000000000005e
:10aaf8000000060602020202020202020000000032
:10ab080000001212121200000000000000000000f5
:10ab18000000002828287e143e0a0a0000000000d1
:10ab2800000000083c2a0a1c38282a1e08000000d9
:10ab380000000000000000008601c900690036001e
:10ab4800d8002c012601c30000000000000000000e
:10ab58000000000000003800240024001400ec016c
:10ab6800520052002200bc0000000000000000005b
:10ab780000000202020200000000000000000000c5
:10ab88000008040202020202020202020408000093
:10ab9800000204080808080808080804040200005d
:10aba800000815361c2708000000000000000000ff
:10abb80000000000000004041f040400000000005e
:10abc800000000000000000000000406040200006d
:10abd80000000000000000000f000000000000005e
:10abe8000000000000000000000002020000000059
:10abf80000202010101008080404040202010000bc
:10ac08000000001c122222222222141c0000000034
:10ac1800000000080e0808080808083e00000000a8
:10ac280000000038242220100804243e0000000000
:10ac38000000000c1210081e1010110e0000000079
:10ac48000000001018141412123e11380000000001
:10ac5800000000003c04041c2220221c000000000c
:10ac6800000000300c04021e2222221c00000000fa
:10ac7800000000003e121010080804040000000044
:10ac88000000001c26261e1c2222221c0000000098
:10ac98000000001c322222223c10100e000000008e
:10aca8000000000000020200000002020000000094
:10acb8000000000000020200000004060402000078
:10acc800000000000000300e0738000000000000ff
:10acd800000000000000003f003f000000000000ee
:10ace800000000000000031c3807000000000000fe
:10acf80000000c12121008080404040400000000ec
:10ad0800000000000000f0010c030202f1048904b5
:10ad1800890489048902f10102000c03f80000008b
:10ad280000000010181824243c4242e700000000ec
:10ad38000000001f2222223e6242423f0000000023
:10ad480000000078440202020202443800000000b9
:10ad58000000001f224242424242221f000000001f
:10ad68000000003f2202021e0202223f00000000f3
:10ad78000000003f2202021e02020207000000003b
:10ad88000000007826010101e141423c000000007a
:10ad9800000000000000c701820082008200fe005f
:10ada800820082008200c70100000000000000004d
:10adb8000000000e040404040404040e0000000053
:10adc8000000000e04040404040404040402030044
:10add80000000077120a0a060a1232e70000000093
:10ade80000000007020202020202223f00000000e7
:10adf800000000000000070706038a028a025a02c0
:10ae08005202520222022707000000000000000040
:10ae1800000000000000c30186008e008a00920036
:10ae2800a200e200c200870000000000000000004d
:10ae38000000001c224141414141221c0000000049
:10ae48000000001f222222221e020207000000002a
:10ae58000000001c224141414141221cb0c00000b9
:10ae68000000001f2222221a1e1222e70000000002
:10ae78000000001c320204182020221e00000000de
:10ae88000000007f490808080808081c00000000a6
:10ae9800000000000000c7018200820082008200da
:10aea8008200820046003c00000000000000000014
:10aeb800000000000000c7018600440044002c0088
:10aec800280028001000100000000000000000000a
:10aed800000000000000270e62026602540294027d
:10aee80094028c0108010801000000000000000025
:10aef800000000000000e7004600240018001000d1
:10af0800380064004200e700000000000000000074
:10af1800000000c7444c2830101010380000000012
:10af28000000007e221010080404427f0000000088
:10af3800000e02020202020202020202020e0000d7
:10af48000001020204040408081010102020000068
:10af580000070404040404040404040404070000af
:10af6800000808141412222200000000000000004b
:10af7800000000000000000000000000003f00008a
:10af880000000302040000000000000000000000b0
:10af98000000000000001c12111e123e00000000fc
:10afa8000003020202021e262222221c00000000c8
:10afb8000000000000003c220202221c00000000e9
:10afc8000030202020203c222222227c0000000089
:10afd8000000000000000c121e02120c000000000d
:10afe80000080e0202020f0202020207000000001f
:10aff8000000000000007e21211e063a41413e006b
:10b008000003020202027a46424242e700000000c0
:10b018000000000202000302020202070000000012
:10b028000000000202000302020202020202010002
:10b03800000302020202320a060a12770000000028
:10b0480000030202020202020202020700000000dc
:10b05800000000000000000000000000bb036602c2
:10b0680022022202220277070000000000000000ee
:10b07800000000000000724f424242e7000000005a
:10b088000000000000001c222222221c00000000f8
:10b098000000000000001a272222221e02020700d8
:10b0a8000000000000003c222222223c20207000e8
:10b0b8000000000000001b1602020207000000004a
:10b0c800000000000000060e06080a0e000000003e
:10b0d8000000000202020f020202020e000000003d
:10b0e80000000000000033222222227e000000001f
:10b0f8000000000000006722141408080000000087
:10b1080000000000000000000000000027033201da
:10b11800b600cc00cc00c800000000000000000011
:10b128000000000000007716081c227700000000cd
:10b138000000000000007722141408080804030027
:10b148000000000000003e120804223e000000003b
:10b1580000080404040404020504040404080000ac
:10b1680000020202020202020202020202020200bb
:10b17800000102020202020c0202020202010000a5
:10b18800000000000000006e390000000000000010
:10b198000000000000000000070005000500050091
:10b1a800050005000500050007000000000000007c
:020000040000fa
:020000041d04d9
:10b1b800d8ffbd272000b2af1c00b1af2400bfaf3d
:10b1c8001800b0af2188800000a0123c1824448edb
:10b1d8000e3d410f00a0103cfdff40501824448e46
:10b1e8001824048e88bf123cd03c410f1824052631
:10b1f800e060428e1824048e03000524444a027c31
:10b20800e06042aef63c410f00000000063d410ff1
:10b218001824048e1824048ef63c410f003c257e29
:10b22800063d410f1824048e1824048ef63c410f65
:10b23800003a257e063d410f1824048e1824048efa
:10b24800f63c410fff002532063d410f1824048ebd
:10b258001824048ef63c410f21280000063d410fba
:10b268001824048ee060438e010004241000a2af6d
:10b27800444a837c1824048ee06043ae193d410f94
:10b28800000000002400bf8f1000a28f2000b28fa2
:10b298001c00b18f1800b08f0800e0032800bd27fc
:10b2a800e0ffbd271800b1af218880001c00bfafa8
:10b2b8006e2c410f1400b0af21800000010024263d
:10b2c8006e2c410f0438507c1c00bf8f047a507cd0
:10b2d800ffff02321800b18f1400b08f0800e0039e
:10b2e8002000bd27e0ffbd271800b1af1c00bfaf8d
:10b2f8001400b0af00a0113c1824248e0e3d410f5d
:10b3080000a0103cfdff40501824248e1824048e01
:10b3180088bf113cd03c410f18240526e060228ede
:10b328001824048e06000524444a027ce06022aefc
:10b33800f63c410f00000000063d410f1824048e22
:10b34800e060228e010003241824048e444a627ca3
:10b35800e06022ae1c00bf8f1800b18f1400b08fc0
:10b36800193d410b2000bd27d8ffbd272000b1aff4
:10b378002400bfaf1c00b0af00a0113c1824248edd
:10b388000e3d410f00a0103cfdff40501824248eb4
:10b398001824048e88bf113cd03c410f1824052680
:10b3a800e060228e1824048e05000524444a027c9d
:10b3b800e06022aef63c410f00000000063d410f60
:10b3c8001824048e1824048ef63c410f212800000e
:10b3d800063d410f1824048ee060238e01000424ea
:10b3e8001000a2af444a837c1824048ee06023ae88
:10b3f800193d410f000000001000a28f2400bf8fec
:10b408002000b18f010042301c00b08f0800e0031b
:10b418002800bd27d8ffbd272000b3af1c00b2af5e
:10b428001800b1af2400bfaf1400b0af2188a0004e
:10b43800ff009230bb2c410f00a0133c1824648eef
:10b448000e3d410f00a0103cfdff40501824648eb3
:10b458001824048e88bf133cd03c410f18240526bd
:10b46800e060628e1824048e02000524444a027c9f
:10b47800e06062aef63c410f00000000063d410f5f
:10b488001824048e1824048ef63c410f003c257eb7
:10b49800063d410f1824048e1824048ef63c410ff3
:10b4a800003a257e063d410f1824048e1824048e88
:10b4b800f63c410fff002532063d410f1824048e4b
:10b4c8001824048ef63c410f21284002063d410f06
:10b4d8001824048ee060628e1824048e0100032470
:10b4e800444a627ce06062ae193d410f00000000f2
:10b4f800dc2c410f00000000fdff40142400bf8f2a
:10b508002000b38f1c00b28f1800b18f1400b08fc9
:10b518000800e0032800bd27e0ffbd271400b0aff6
:10b52800ffff90301800b1afff0004321c00bfaf1e
:10b53800072d410f2188a0000222100001002526b6
:10b548001c00bf8f1800b18f1400b08f072d410b5e
:10b558002000bd27d0ffbd272400b4af2000b3af23
:10b568001c00b2af1800b1af1400b0af2190a0001a
:10b5780021a0a0002c00bfaf2800b5af2188800013
:10b58800ffffd030212880006c2d410b219800004e
:10b598000100b524072d410f0100732601009426f0
:10b5a800ffff73322128a0022b107002f8ff4054cd
:10b5b80000008492782d410b219800006e2c410fd9
:10b5c800212020020900821601007326010052265c
:10b5d80001003126ffff73322b107002f7ff405431
:10b5e800000054927e2d410b01000224211000001e
:10b5f8002c00bf8f2800b58f2400b48f2000b38f94
:10b608001c00b28f1800b18f1400b08f0800e0033f
:10b618003000bd27d8ffbd272000b4af1c00b3af52
:10b628001800b2af1400b1af2400bfaf1000b0af24
:10b63800219880002188a000ffffd23000a0143c90
:10b648001824848e0e3d410f00a0103cfdff405091
:10b658001824848e1824048e18240526d03c410f03
:10b6680088bf143ce060828e1824048e03000524f1
:10b67800444a027ce06082aef63c410f00000000c4
:10b68800063d410f1824048e1824048ef63c410f01
:10b69800003c657e063d410f1824048e1824048e54
:10b6a800f63c410f003a657e063d410f1824048e92
:10b6b8001824048ef63c410fff006532063d410f09
:10b6c8001824048ebd2d410b000000002128000025
:10b6d800f63c410fffff52261824048e063d410f09
:10b6e800ffff5232000022a201003126f7ff401668
:10b6f8001824048ee060828e010003241824048e2e
:10b70800444a627ce06082ae2400bf8f2000b48f80
:10b718001c00b38f1800b28f1400b18f1000b08fc7
:10b72800193d410b2800bd27e0ffbd271800b1af28
:10b738001c00bfaf1400b0afbb2c410f00a0113ce0
:10b748001824248e0e3d410f00a0103cfdff4050f0
:10b758001824248e1824048e88bf113cd03c410f35
:10b7680018240526e060228e1824048e6000052423
:10b77800444a027ce06022aef63c410f0000000023
:10b78800063d410f1824048ee060228e1824048e92
:10b7980001000324444a627ce06022ae193d410f57
:10b7a80000000000dc2c410f00000000fdff4014e9
:10b7b8001c00bf8f1800b18f1400b08f0800e00381
:10b7c8002000bd27e0ffbd271400b1af1c00bfafac
:10b7d8001800b2af1000b0af00a0113c1824248e9e
:10b7e8000e3d410f00a0103cfdff40501824248e50
:10b7f8001824048e88bf113cd03c410f182405261c
:10b80800e060228e1824048e50000524444a027ced
:10b81800e06022aef63c410f01001224063d410fc4
:10b828001824048ee060228e1824048e010005245a
:10b83800444a427ee06022aee060228e444a027ca6
:10b84800e06022aef63c410f00000000063d410fcb
:10b858001824048e1824048ef63c410f2128000079
:10b86800063d410f1824048ee060228e1824048eb1
:10b87800444a427ee06022ae193d410f00000000bc
:10b88800dc2c410f00000000fdff40141c00bf8f9e
:10b898001800b28f1400b18f1000b08f0800e003b9
:10b8a8002000bd27e8ffbd271000b0af2180800031
:10b8b8000000848c1400bfafd03c410f2128000247
:10b8c80000a0043c2128000218248424233c410fb2
:10b8d800100006241400bf8f1000b08ff32d410b09
:10b8e8001800bd27e0ffbd271800b2af1400b1afa4
:10b8f8001c00bfaf1000b0af21888000bb2c410fe7
:10b9080000a0123c1824448e0e3d410f00a0103cac
:10b91800fdff40501824448e1824048e88bf123c22
:10b92800d03c410f18240526e060428e1824048e6e
:10b9380020000524444a027ce06042aef63c410ff8
:10b9480000000000063d410f1824048e1824048ec0
:10b95800f63c410f003c257e063d410f1824048e1d
:10b968001824048ef63c410f003a257e063d410f0f
:10b978001824048e1824048ef63c410fff0025324b
:10b98800063d410f1824048ee060428e1824048e70
:10b9980001000324444a627ce06042ae193d410f35
:10b9a80000000000dc2c410f00000000fdff4014e7
:10b9b8001c00bf8f1800b28f1400b18f1000b08f19
:10b9c8000800e0032000bd27e0ffbd271800b1af45
:10b9d8001c00bfaf1400b0af88bf113c1060228eae
:10b9e800004042303f00401488bf103c57f6400fdb
:10b9f800d4000424328183872016027c030062105d
:10ba08002e8182a7792e410b328182a70010112442
:10ba18001060028e0040423033004014ffff0224c1
:10ba280057f6400f940004243081838723102202a4
:10ba38002016027c030043102c8182a7862e410b1e
:10ba4800308182a732818387b0ff6424ffff84306e
:10ba5800510f842c24008050ffff0224b0ff44249f
:10ba6800ffff8430510f842c1f008050ffff0224f9
:10ba780020808597202e057c23286500c327050094
:10ba8800262885002320a4000b0084281000801499
:10ba98000000000022808597202e057c2328450081
:10baa800c3270500262885002320a4000b0084282e
:10bab80007008014000000001c8083a71e8082a756
:10bac800208083a7228082a7bf2e410b1c00bf8f36
:10bad800208082971c8082a722808297bd2e410bee
:10bae80000000000ffff02241c8082a71e8082a79e
:10baf8001c00bf8f1800b18f1400b08f0800e0033e
:10bb08002000bd27e080033481bf023c009043ac95
:10bb180081bf023c109040acffff033481bf023c60
:10bb2800209043ac81bf023c6090438c0421037c8d
:10bb3800609043ac81bf023c509040ac01000224ad
:10bb4800288182af0800e003000000001c80829773
:10bb58002016027c0800400400000000288084971a
:10bb68002a8083972026047c02288270201e037c6a
:10bb78002110a300831202000800e0032016027cb3
:10bb88001c8082970800e0032016027c1e808297a2
:10bb98002016027c080040040000000024808497de
:10bba800268083972026047c02288270201e037c2e
:10bbb8002110a300831202000800e0032016027c73
:10bbc8001e8082970800e0032016027c5080828f36
:10bbd800e8ffbd27200040101400bfaf5480828fbb
:10bbe800030040100000000009f84000fcff042496
:10bbf800248084975080828ffcff052409f8400038
:10bc0800ffff8430268084975080828ffaff0524b6
:10bc180009f84000ffff8430288084975080828f85
:10bc2800f8ff052409f84000ffff84302a80849734
:10bc38005080828ff6ff052409f84000ffff84300a
:10bc48005080998f1400bf8f00f10434feff052443
:10bc5800080020031800bd271400bf8f0800e00368
:10bc68001800bd270800e0034c8080af0000ea946c
:10bc78000600e9940000a8940600a294234849010c
:10bc8800804a0900231002011a002201f401400031
:10bc98000000cc940400c3940000829404008b94a8
:10bca80023188301801a030023584b001248000010
:10bcb8001a006b00f40160010200eb940400e794a1
:10bcc80021706a010200aa940400a5942338670130
:10bcd800803a0700232845010200cb940600c69449
:10bce80021606c01233066018032060080620c00fe
:10bcf800121800001a00e500f401a0000200859463
:10bd0800060084942320a400123800002168e9006a
:10bd18001a00c400f401800012200000215883009a
:10bd2800022885700250ea702328050002206270fc
:10bd380023500a0043180d00201e037c248083a78b
:10bd480043180b00201e037c023028712310a40026
:10bd580021104c00431002002016027c23404601ab
:10bd680080520e0021400a01434008002046087c0a
:10bd7800268088a7288083a72a8082a70800e00356
:10bd88000000000068ffbd277000b0af059d053cae
:10bd98006000b027f401a524100006242120000229
:10bda8009400bfaf8000b4af7c00b3af7800b2afef
:10bdb8007400b1af9000beaf8c00b7af8800b6afcb
:10bdc800233c410f8400b5af059d023cec01438c38
:10bdd800ec014224049d113c1800a3af04004394d5
:10bde80006004290082524261c00a3a71e00a2a333
:10bdf800059d023ce001438ce001422408253426dd
:10be08004800a3af0400438c080042901f0313248a
:10be18004c00a3af5000a2a3059d023cd401438c63
:10be2800d40142245400a3af0400438c080042907c
:10be38005800a3af5c00a2a3059d023ccc01438c33
:10be4800cc0142242000a3af040043940600429092
:10be58002400a3a705bd400f2600a2a300f80224d2
:10be680008252426e0bd400fc88282a7ffff523074
:10be780021200002c3bd400f212880022310620246
:10be8800432002002026047cef000524afbd400fac
:10be980021300002f7ff401021200002ef00532656
:10bea8001800b6271f031024209e137c2120c002ef
:10beb800c3bd400f21288002231002024320020044
:10bec8002026047c21286002afbd400f2130c0022b
:10bed800f7ff40102120c002180002244200a2a748
:10bee8004000a2a7c70102244600a2a74400a2a7b7
:10bef800ef00102428000224238012023e00a2a78b
:10bf08003800a2a7f70202243c00a2a73a00a2a781
:10bf18003800b3274000b4272190000021a8000072
:10bf280021b8c002da2f410b2086107cc88282a774
:10bf38000700162400006486000085861000b6af4e
:10bf480021308000e3bb400f2138a000faff4050a9
:10bf5800000064860100522602007326020094261f
:10bf680000f80224c88282a70a001624000064860a
:10bf7800000085861000b6af21308000c5ba400f9a
:10bf88002138a000faff40500000648640b012003b
:10bf980021b0f60207001e242000c4862800c586aa
:10bfa8001000beaf21308000e3bb400f2138a00055
:10bfb800faff40502000c4864800a427c3bd400fa4
:10bfc800082525261f03162423b0c2024078d67ef2
:10bfd80000f80224c88282a720b6167c2120c0025d
:10bfe80021280002afbd400f4800a627fcff4010e3
:10bff8002120c002ffff02241c808397201e037c9f
:10c0080006006254ffff02241e808397201e037cd3
:10c01800f9ff621000000000ffff0224c88282a717
:10c028002120c00221280002afbd400f4800a627ea
:10c03800fcff40102120c0025400a427c3bd400fbc
:10c04800082525261f03162423b0c2024078d67e71
:10c0580000f80224c88282a720b6167c2120c002dc
:10c0680021280002afbd400f5400a627fcff401056
:10c078002120c002cd3d410f580204241e80839721
:10c08800401012002110e202180043a41c8083977c
:10c09800100043a4ffff0224c88282a72120c00207
:10c0a80021280002afbd400f5400a627fcff401016
:10c0b8002120c0022000be272120c003c3bd400f9d
:10c0c800082525261f03162423b0c2024078d67ef1
:10c0d80000f80224c88282a720b6167c2120c0025c
:10c0e80021280002afbd400f2130c003fcff4010e3
:10c0f8002120c002ffff02241c808397201e037c9e
:10c1080005006210000000001e808397201e037c3b
:10c11800f9ff621400000000cd3d410f2c010424fa
:10c12800ffff0224c88282a72120c0022128000222
:10c13800afbd400f2000a627fcff40102120c00201
:10c148000100b52620ae157c0400022477ffa21654
:10c15800ffff0224ffff02241c808397201e037c1c
:10c16800050062102800a4271e808397201e037ce8
:10c17800f9ff6214000000003000a5273800a62748
:10c188001d2f410f4000a7279400bf8f9000be8f3e
:10c198008c00b78f8800b68f8400b58f8000b48f6d
:10c1a8007c00b38f7800b28f7400b18f7000b08fad
:10c1b8000800e0039800bd27ffff84306400822c4c
:10c1c8000a0040140a000324310002240000a2a03f
:10c1d800300002240100a2a00200a2a0250002242f
:10c1e8000300a2a00800e0030400a0a01b00830035
:10c1f800f401600012180000ffff633004006010b3
:10c2080021100000300062240000a2a001000224d6
:10c21800f6ff0624021866702130a20001004224ad
:10c22800ff004230ffff6330212064003000842487
:10c238000000c4a02118a20025000424000064a066
:10c248000800e003010060a0d0ffbd271c00b0afcc
:10c258002c00bfaf2800b3af2400b2af2000b1afad
:10c2680028fe400f21808000300140142118000072
:10c27800f880828f0700442c2c01801001000324d1
:10c28800059d033c80100200a4c2632421106200b3
:10c298000000428c0800400000000000c0c2049d5d
:10c2a800f8c2049d5cc3049d74c3049d04c5049d29
:10c2b800c0c5049d14c7049d0c0002860b004104f0
:10c2c800010002241800028e0e0004861000058664
:10c2d8001000429412000686140007860503410fd9
:10c2e800c88282a7cd31410b2b180200f88082af9b
:10c2f8000c000296004042301b004010030002244c
:10c308000e000296da8280a7d68282a710000296d3
:10c31800e08282a712000296dc8282a714000296ad
:10c32800e28282a71800028e0a004394d28283a771
:10c3380000004394020042947c8080afd48283a79b
:10c34800d88282a703000224de8282a70200022488
:10c35800f88082afe11a410f00000000f30040109e
:10c368002118000003000224f88082af0c00039615
:10c378000400633016006010300002961400058631
:10c38800100003862c000496faffa5242328a30096
:10c39800232044000220a470030063241b008200b1
:10c3a800f40140002e0004962320440012300000bf
:10c3b8000220a4701b008200f4014000121000004b
:10c3c80021104300f48082af0831410b2118c300cb
:10c3d800120004860e0003862e000596faff8424b8
:10c3e80023208300022885702c000696030063240e
:10c3f8001b00a200f40140001228000002208670f1
:10c408001b008200f40140001210000021104300bc
:10c41800f48082af2118a3002c0002962e00049607
:10c42800f08083af1800038e2b2044001700801083
:10c438000c0002960a006394c88283a70400433064
:10c448000a006010f480828f0e000496120006968f
:10c45800202e027c03008424fdffc6242026047cb1
:10c468002036067c3b31410bf0808787100005960b
:10c47800140007962026027c0300a524fdffe7246c
:10c48800202e057c3a31410bf08086870c0063949e
:10c49800c88283a7040043300a006010f080828fae
:10c4a8000e00049612000696202e027c03008424b7
:10c4b800fdffc6242026047c2036067c3b31410b38
:10c4c800f48087871000059614000796f480868705
:10c4d8000300a524fdffe7242026027c202e057cee
:10c4e800203e077c0503410f000000008f0040102c
:10c4f8002118000004000224f88082af0c00039683
:10c5080004006330140060101800028e0a0043947f
:10c51800140012861400448cc88283a71000038676
:10c528000e001196e0bd400f2190430212000696be
:10c538000300312623904202208e117c43281200ea
:10c54800fdffc62421202002202e057c2036067cf3
:10c558006a31410bf08087870c00439412001186e2
:10c568001400458cc88283a70e0003861480842794
:10c57800c3bd400f218823021000059614000796ba
:10c5880023882202f4808687432011000300a52413
:10c59800fdffe7242026047c202e057c203e077c16
:10c5a8000503410f00000000600040102118000042
:10c5b80005000224f88082af0c0003960400633063
:10c5c800170060101800028e0c00439412000696a3
:10c5d8001400448cf0808587c88283a70e001196ca
:10c5e8001400128610000386fdffc6242036067c40
:10c5f800219043021000a5af1400a6afe0bd400f84
:10c6080003003126208e117c21384202433807006e
:10c61800212020021000a58f9d31410b1400a68f08
:10c628000a004394120013861400458cc88283a71d
:10c638000e0003861000119614808427f4809287d8
:10c64800c3bd400f219863021400079603003126ea
:10c6580021986202208e117c43301300fdffe724ed
:10c6680021204002212820022036067c0503410fa4
:10c67800203e077c2d004010211800002c00049655
:10c6880064000224148085270220827030000296fc
:10c698001b008200f4014000122000007030410f9e
:10c6a800ffff84301800028e120011861480842740
:10c6b800040043941400458cc88283a70e000386a7
:10c6c800c3bd400f2188230223882202438811001a
:10c6d80010000286f48291a7140011862188220294
:10c6e8001800028ee0bd400f1400448c23882202fb
:10c6f8001800028e43881100ea8291a705bd400ff9
:10c708001400448c06000224f88082af97bd400fc5
:10c718001480842705004010211800002c00029680
:10c72800f88080af010003242e0002a62c00bf8fe2
:10c73800211060002800b38f2400b28f2000b18f31
:10c748001c00b08f0800e0033000bd27c0ffbd27e4
:10c758001c00b1afffff9130340004243800beaf95
:10c768003400b7af3000b6af2c00b5af2800b4af77
:10c778002400b3af2000b2af1800b0af3c00bfaf89
:10c788006000b08f2096057c209e067c20f6077cf2
:10c798005000b7875400b5975800b69759d7400f3f
:10c7a8005c00b4971d00401007000324080043ac48
:10c7b800640003240aa07400059d033c50c263244e
:10c7c800000051a4040040ac0e0052a4100053a471
:10c7d80012005ea4140057a42c0056a4300054a4e0
:10c7e8002e0040a40c0055a41c0043ac240040ac0f
:10c7f800280040ac04000016200040ac7480838ff1
:10c808000532410b180043ac180050ac2120400001
:10c81800661a410f1000a2af1000a28f3c00bf8f14
:10c828003800be8f3400b78f3000b68f2c00b58f1c
:10c838002800b48f2400b38f2000b28f1c00b18f62
:10c848001800b08f0800e0034000bd273000829434
:10c85800ffffa630ffff43302b186600010060542d
:10c86800212840000800e0032c0085a4ffffa53024
:10c878000100a054300085a42c0085a40800e00322
:10c888002e0080a40c00839402006330180060140a
:10c89800211000000000a690020003241400c31415
:10c8a800000000000200a3840e0086842a30c30022
:10c8b8000f00c01000000000120086842a186600cd
:10c8c8000b006010000000000400a38410008584a1
:10c8d8002a28a3000600a01000000000140082848b
:10c8e800110004242a1062000a200200211080008e
:08c8f8000800e003000000004d
:020000040000fa
:020000041d04d9
:10c900000000000008c9049d000020006e001b000c
:10c9100004440100044401000444010004440100f3
:10c9200004440100044401000444010004440100e3
:10c93000085f0100067a010004440100044401007c
:10c94000044401000444010004440100079501006f
:10c9500004440100044401000444010004440100b3
:10c9600004440100044401000444010004440100a3
:10c970000444010004440100044401000444010093
:10c980000444010004440100044401000444010083
:10c990000444010011b00100044401001001020030
:10c9a000044401000f3702000e6d020011a30200c3
:10c9b0000ff40200052a03000b45030004440100a4
:10c9c0000e7b0300044401000fb1030012e70300d3
:10c9d0000f38040004440100116e04000ebf04006f
:10c9e0000ef504000f2b050004440100044401006f
:10c9f00004440100044401000e61050004440100e8
:10ca00000444010004440100044401000444010002
:10ca100004440100044401000444010004440100f2
:10ca20000444010004440100044401000d97050082
:10ca30000444010005cd0500044401000444010044
:10ca40000444010013e805000d3906000000000051
:10ca500000000000000000000000000000000000d6
:10ca600000000000000000c06060703038383818e6
:10ca70001c1c1c1c1c1c1c1c1c18383838307060fa
:10ca800060c00306060e0c1c1c1c183838383838d9
:10ca900038383838181c1c1c0c0e060603707078c9
:10caa00038383838381c1c1c1c1c0e0e0e0e0e0f8d
:10cab0000707000000000000800300800300c0079b
:10cac00000c00700c00700e00e00e00e00e00e000e
:10cad000701c00701c00701c00383800383800f8da
:10cae0003f00fc7f00fc7f001c70000ee0000ee0a9
:10caf000000ee00007c00100000000000000000080
:10cb0000000000000000000000c00ff03ff87f7838
:10cb1000783cf01c600e000e000e000e000e000ea1
:10cb2000000e000e000e601cf03cf07878f83ff02c
:10cb30001fc00f000000000000000000000000fc0b
:10cb40007ffc7ffc7f1c001c001c001c001c001cc8
:10cb500000fc3ffc3ffc3f1c001c001c001c001c98
:10cb6000001c00fc7ffc7ffc7f0000000000000038
:10cb70000000000000fc3ffc3ffc3f1c001c001cb0
:10cb8000001c001c001c00fc1ffc1ffc1f1c001cc8
:10cb9000001c001c001c001c001c001c001c0000d1
:10cba0000000000000000000000000801f00e07f87
:10cbb00000f0ff0078f0003ce0011cc0001c000009
:10cbc0000e00000e00000e00000efc010efc010e17
:10cbd000fc010ec0011cc0011cc0013ce00178f04a
:10cbe00001f0ff00e07f00801f0000000000000057
:10cbf0000000000000000000000000001c701c701d
:10cc00001c701c701c701c701c701c701c70fc7fd5
:10cc1000fc7ffc7f1c701c701c701c701c701c70d6
:10cc20001c701c701c700000000000000000000060
:10cc300000001c1c1c1c1c1c1c1c1c1c1c1c1c1c6c
:10cc40001c1c1c1c1c1c1c00000000000000070019
:10cc5000070007000700070007000700070007009c
:10cc60000700070007000700070c070e070e079ec6
:10cc700007fc03fc01f000000000000000000000c1
:10cc80000000001c001c001c001c001c001c001ce0
:10cc9000001c001c001c001c001c001c001c001cb4
:10cca000001c001c001c00fc3ffc3ffc3f0000007f
:10ccb0000000000000000000001c703c703c707c14
:10ccc000707c70fc70fc70dc71dc71dc719c739c9e
:10ccd000731c771c771c7e1c7e1c7c1c7c1c781ca7
:10cce000781c70000000000000000000000000c080
:10ccf0000f00e03f00f07f0078f0003ce0011cc036
:10cd0000011ec0030e80030e80030e80030e8003fd
:10cd10000e80030e80030e80031ec0031cc0013c66
:10cd2000e00178f000f87f00e03f00c01f00000045
:10cd300000000000000000000000000000000000f3
:10cd4000fc0ffc1ffc3f1c781c701c701c701c70be
:10cd50001c701c38fc3ffc1ffc0f1c001c001c003e
:10cd60001c001c001c001c001c0000000000000037
:10cd7000000000000000fc1f00fc7f00fc7f001c86
:10cd8000f0001ce0001ce0001ce0001ce0001cf0b7
:10cd900000fc7f00fc3f00fc0f001c0e001c1c0070
:10cda0001c3c001c38001c78001c70001cf0001c8f
:10cdb000e0001ce001000000000000000000000096
:10cdc00000000000000000e007f80ffc1f1c3c0ef4
:10cdd000380e380e001c007c00f803f00fc01f0056
:10cde0001e00380e380e381e383c1cfc1ff80fe0b1
:10cdf00007000000000000000000000000fe3ffef1
:10ce00003ffe3fc001c001c001c001c001c001c060
:10ce100001c001c001c001c001c001c001c001c00a
:10ce200001c001c001c001000000000000000000be
:10ce30000000001c701c701c701c701c701c701c8e
:10ce4000701c701c701c701c701c701c701c701c82
:10ce5000701c703c78783cf83ff01fc00700000061
:10ce6000000000000000000000fe3ffe3ffe3f000b
:10ce70001c001e000e000780078003c001e001f0c7
:10ce800000700038003c001c000e000f00ff3fff48
:10ce90003fff3f0000000000000000000000000015
:10cea0000000000000000000000000f01cf81ffc63
:10ceb0001f1c1e1e1e0e1c0e1c0e1c0e1c0e1c1eed
:10cec0001e1c1ffc1ff81df01c001c061c0e1efe65
:10ced0000ffc07f0031c1c1c1c00001c1c1c1c1c51
:10cee0001c1c1c1c1c1c1c1c1c1c0000000000002a
:10cef0000000000000000000000000000000000032
:10cf00000000dcc301fcf703fcff073c9e071c0e7e
:10cf1000071c0e071c0e071c0e071c0e071c0e0715
:10cf20001c0e071c0e071c0e071c0e071c0e07000c
:10cf300000000000000000000000000000000000f1
:10cf4000000000000000000000000000009c07dc62
:10cf50000ffc1f3c1e1c1c1c1c1c1c1c1c1c1c1c19
:10cf60001c1c1c1c1c1c1c1c1c1c1c00000000008d
:08cf70000000000000000000b9
:020000040000fa
:020000041d04d9
:10cf7800e0ffbd271000a4af1c00bfafd52e410fa6
:10cf88001800b0afe52e410f218040001000a48f9b
:10cf980002000324000083a0ffff032404000312ff
:10cfa800010080a027280200ef33410b0a806500aa
:10cfb800ffff02240e8085870c00b014ffff0324b6
:10cfc8000c80838709006214ffff03240a000352c0
:10cfd8000c8083870e00431003000324010083a004
:10cfe800020090a41834410b040082a40600a31484
:10cff800ffff03240c808387ffff06240d006610c3
:10d0080000000000ffff03240500031204000324ae
:10d01800ffff03240b00431401000324040003242e
:10d02800010083a00c808397020085a41634410b6d
:10d03800040083a405000352020090a402004310d8
:10d0480002000324010083a0020090a4040082a42b
:10d058000e8090a70c8082a71c00bf8f1800b08f8d
:10d068000800e0032000bd27c0ffbd271c00b1afaa
:10d07800049d113c082524263c00bfaf2800b4af0e
:10d088002400b3af2000b2af1800b0af3800beaf75
:10d098003400b7af3000b6af05bd400f2c00b5afb8
:10d0a800e0bd400f08252426f8ff102402805070a8
:10d0b80021984000ffff0224d603410fc88282a7af
:10d0c80000f80224c88282a7059d113c049d023cf9
:10d0d800a4fb3126082554241f031224df0110263f
:10d0e800438010002086107c21202002c3bd400f01
:10d0f8002128800223104202432002002026047cbb
:10d1080021280002afbd400f21302002f7ff401058
:10d1180021202002ffff7132ffff1032059d123cd3
:10d128002118800221a01102c88280a798fb5226ec
:10d1380020a6147c1f03132421286000212040020c
:10d14800c3bd400f1000a3af2310620243200200aa
:10d158002026047c21288002afbd400f21304002e8
:10d16800f5ff40101000a38f40a8110021a8150258
:10d17800059d123c20ae157c80fb52261f0313240c
:10d188002128600021204002c3bd400f1000a3af3a
:10d1980023106202432002002026047c2128a002da
:10d1a800afbd400f21304002f5ff40101000a38fa3
:10d1b8000300162402103672059d123c68fb5226a5
:10d1c8001f03132421b0500020b6167c21286000cc
:10d1d80021204002c3bd400f1000a3af23106202fc
:10d1e800432002002026047c2128c002afbd400f46
:10d1f80021304002f5ff40101000a38f80b81100c5
:10d2080021b81702059d123c20be177c5cfb5226f4
:10d218001f0313242128600021204002c3bd400fb2
:10d228001000a3af23106202432002002026047cd2
:10d238002128e002afbd400f21304002f5ff401029
:10d248001000a38f00f8022406001e24c88282a7bb
:10d258002110c00302202272059d123c40fb522679
:10d268001f03132421f0900020f61e7c2128600063
:10d2780021204002c3bd400f1000a3af231062025b
:10d28800432002002026047c2128c003afbd400fa4
:10d2980021304002f5ff40101000a38f0700122430
:10d2a80002103272219860001f031124218050005f
:10d2b8002096107c059d103c34fb1026212000028e
:10d2c800c3bd400f21286002231022024320020020
:10d2d8002026047c21284002afbd400f21300002e7
:10d2e800f7ff401021200002ffff1024e22e410f1b
:10d2f80000000000f22e410f21884000030050502a
:10d30800ffff1124f9ff3016ffff1124e22e410f11
:10d31800ffff1024f22e410f21984000fbff51100f
:10d3280000000000f9ff711200000000cd3d410f20
:10d338002c010424d603410fc88290a7632f410f04
:10d348001f031124d603410fc88290a7059d103ce6
:10d35800049d043cc88280a71cfb10260825932442
:10d3680021200002c3bd400f2128600223102202a1
:10d37800432002002026047c21288002afbd400ff4
:10d3880021300002f7ff401021200002059d103ccb
:10d3980004fb10261f03112421200002c3bd400fe7
:10d3a8002128600223102202432002002026047c48
:10d3b8002128a002afbd400f21300002f7ff401026
:10d3c80021200002059d103cecfa10261f031124b1
:10d3d80021200002c3bd400f212860022310220231
:10d3e800432002002026047c2128c002afbd400f44
:10d3f80021300002f7ff401021200002059d103c5b
:10d40800e0fa10261f03112421200002c3bd400f9b
:10d418002128600223102202432002002026047cd7
:10d428002128e002afbd400f21300002f7ff401075
:10d438002120000200f80224059d103cc88282a722
:10d4480040fb10261f03112421200002c3bd400ffa
:10d458002128600223102202432002002026047c97
:10d468002128c003afbd400f21300002f7ff401054
:10d4780021200002059d103c34fb10261f031124b7
:10d4880021200002c3bd400f212860022310220280
:10d49800432002002026047c21284002afbd400f13
:10d4a80021300002f7ff401021200002ffff102466
:10d4b800e22e410f00000000f22e410f21884000ab
:10d4c800fbff501000000000f9ff301200000000c0
:10d4d800cd3d410f2c0104243c00bf8f3800be8f86
:10d4e8003400b78f3000b68f2c00b58f2800b48f6a
:10d4f8002400b38f2000b28f1c00b18f1800b08faa
:10d508004000bd27d603410bc88280a7e0ffbd2796
:10d518001800b2af1400b1af1000b0af1c00bfaf1d
:10d5280021900000ffff10240a001124cd3d410f77
:10d5380064000424d52e410f00000000050050149b
:10d5480001005226e52e410f000000000c0050108b
:10d558001c00bf8fffff5232f4ff5116000000007d
:10d568001c34410f000000001c00bf8f1800b28f50
:10d578001400b18f1000b08ff52e410b2000bd278d
:10d588001800b28f1400b18f1000b08f0800e003ac
:10d598002000bd27e0ffbd271800b0af2180800024
:10d5a8002120e0001c00bfafc32e410f1000a6af22
:10d5b800cd3d410f020004241000a68f1c00bf8f30
:10d5c800508090af548086af1800b08f4c8080afe9
:10d5d8000800e0032000bd270c008394020063309c
:10d5e80018006014211000000000a6900200032417
:10d5f8001400c314000000000200a3840e008684f7
:10d608002a30c3000f00c0100000000012008684fa
:10d618002a1866000b006010000000000400a384b4
:10d62800100085842a28a3000600a010000000002e
:10d63800140082840f0004242a1062000a200200c9
:10d64800211080000800e00300000000d0ffbd2783
:10d658001c00b1af059d113c2800b4af2400b3af46
:10d668002000b2af1800b0af2c00bfaf21a08000df
:10d67800b4d631260a00122403001024040013240f
:10d6880028fe400f000000009f0040142081828f78
:10d698000500432cfaff60108010020021102202be
:10d6a8000000428c0800400000000000c8d6049d1d
:10d6b80070d7049db0d7049df4d7049da8d8049dc5
:10d6c80031fe400f212000000c008296201e027cb3
:10d6d8000b006104004043301800828e0e008486df
:10d6e80010008586100042941200868614008786f2
:10d6f8000503410fc88282a74536410b2b10020053
:10d708001800605001000224ee8280a31000473008
:10d71800e68280a71800838e0e0084861000858616
:10d728000900e0101200868602004230030040140f
:10d7380014008786d235410b0c0062940e00629467
:10d74800d735410bc88282a71000629414008786df
:10d75800c88282a7c5ba400f1000a0af6a00401067
:10d7680001000224208182af1800828e0100042467
:10d778001000429431fe400fc88282a70e008496a2
:10d78800120086961000858614008786020084247d
:10d79800feffc6242026047c2cfe400f2036067c83
:10d7a80002000224208182af28fe400f0000000002
:10d7b80056004014211000000c00839602006330cc
:10d7c800030060141800828ef735410b040043945f
:10d7d800080043941400448c05bd400fc88283a7f9
:10d7e8003000828e208190af188182af1e8182879f
:10d7f8002b004054208193af1800828e1881848fab
:10d80800c3bd400f1400458c0c008396080064309b
:10d818000f00801004006530120084860e00838695
:10d82800211883002310620043100200f48282a7ab
:10d838002c0084961c81829710008396022882709f
:10d84800f6ff63242110a3002936410bea8282a740
:10d858002c0084960a00a0101c81839702188370fc
:10d86800120086860e0085862128c5002310a20096
:10d8780043100200f48282a72836410b8f006324ec
:10d88800022883700e00829602004224f48282a746
:10d89800100082962118a200ea8283a7208193af04
:10d8a8003336410b1e81828711bd400f00000000f6
:10d8b800150040101e818297010042242016027c28
:10d8c8001e8182a71881838f211062000000448086
:10d8d8000500805021200000f3ff92141e818287ea
:10d8e8004d36410b1e8180a7188180af1c8180a70f
:10d8f80031fe400f1e8180a7231d410f208180af7c
:10d908004536410b01000224211000002c00bf8f76
:10d918002800b48f2400b38f2000b28f1c00b18f71
:10d928001800b08f0800e0033000bd270100422432
:10d9380021106200188182af1c818297208190afec
:10d9480001004224a235410b1c8182a7c8ffbd27d4
:10d958001800b2afffff9230340004243000beaf8d
:10d968002c00b7af2800b6af2400b5af2000b4af85
:10d978001c00b3af1400b1af1000b0af3400bfaf9c
:10d988005000b08f5400b18f209e057c20a6067ce5
:10d9980020f6077c4800b78759d7400f4c00b69748
:10d9a8002000401021a84000000052a4040040ac10
:10d9b800080002240800a2ae059d023c54d6422469
:10d9c8001c00a2ae059d023ce0d542240e00b3a681
:10d9d8001000b4a61200bea61400b7a63000b0ae60
:10d9e8000c00b6a62400a2ae2800a0ae04002016a3
:10d9f8002000a0ae7480828f8336410b1800a2ae3f
:10da08001800b1ae050000122c00a0a61800a28ec6
:10da1800e0bd400f1400448c2c00a2a6661a410fea
:10da28002120a0023400bf8f2110a0023000be8f39
:10da38002c00b78f2800b68f2400b58f2000b48f34
:10da48001c00b38f1800b28f1400b18f1000b08f74
:10da58000800e0033800bd271800828ce8ffbd27c6
:10da68001400bfaf1000b0af21808000300085ac3b
:10da7800e0bd400f1400448c1400bf8f2c0002a698
:10da88001000b08f0800e0031800bd272140c00037
:10da9800214880003c00e0142118a0002b10a600ab
:10daa8004a0040102010c27008004050023408009c
:10dab800232002000620890004184500044046007f
:10dac8002518830004484900023408001b0066003a
:10dad800f401c000ffff0c310224090012580000b5
:10dae8001050000000540a002550440102586c717f
:10daf8002b684b011b006600f401c0000900a0510f
:10db080023504b01215048012b184801050060544f
:10db180023504b012b204b01211848010b50640066
:10db280023504b011b004601f401c000ffff2931bf
:10db38001220000010180000001c0300254869008e
:10db480002208c702b1824011b004601f401c00030
:10db58000900605023482401214828012b18280176
:10db680005006054234824012b1824012140280172
:10db78000b4803012348240106104900211800001e
:10db88000800e003000000002b10a7004800401424
:10db98002040e8704a00001520000a242b10e500f8
:10dba80005004014231086002b408600f4ff001562
:10dbb80021108000231086002318a7002b20820044
:10dbc800231864000800e003000000000600c014e9
:10dbd80020100271010002241b004600f401c0005d
:10dbe80012400000201002717d00405420000924da
:10dbf8002328a800021c0800ffff07311b00a30010
:10dc0800f4016000025409001220000010300000e6
:10dc1800003406002530ca00022087702b50c4004b
:10dc28001b00a300f4016000090040512330c40028
:10dc38002130c8002b28c8000500a0542330c40098
:10dc48002b50c4002128c8000b30aa002330c40080
:10dc58001b00c300f4016000ffff293112280000f7
:10dc68001020000000240400254889000238a7700d
:10dc78002b2027011b00c300f4016000090080501d
:10dc880023482701214828012b1828010500605442
:10dc9800234827012b182701214028010b4803019d
:10dca8002348270106104900e236410b21180000dd
:10dcb800211080002118a0000800e00300000000e7
:10dcc800235048010610460104380701253847004b
:10dcd80006584501024c07001b006901f4012001a8
:10dce800ffffe33006684401042805012528a50143
:10dcf800026c0500043006011260000010100000dc
:10dd08000014020025104d001b006901f4012001d8
:10dd1800025883712b684b000a00a01104200401eb
:10dd2800211047002b6847000600a015ffff8c252f
:10dd38002b684b000400a05123104b00ffff8c25db
:10dd48002110470023104b001b004900f40120015b
:10dd5800ffffa53012580000106800001b004900a2
:10dd6800f401200100140d002528450002486371c4
:10dd78002b10a9000600405000640c002128a700c1
:10dd88002b10a7004d004010ffff6b2500640c000e
:10dd980025586c01190066012328a90010c8000045
:10dda8002b68b900217020033e00a015124800001e
:10ddb8004b00b9102318b90012100000231082007c
:10ddc8002b2082002318640004504301061002012e
:10ddd80025104a00061803010800e00300000000af
:10dde800234822010440480006302501021c08008f
:10ddf8001b00c300f4016000ffff0731065824012f
:10de08000428450025586501022c0b0004484400ed
:10de1800125000001060000000240c002520a4000f
:10de2800025047712b288a001b00c300f4016000d0
:10de38000600a05023208a00212088002b28880073
:10de48002400a0102b308a0023208a001b008300a6
:10de5800f4016000ffff6b31123000001028000051
:10de6800002c05002528ab000230c7702b50a600f7
:10de78001b008300f401600060ff40512328a600c6
:10de88002128a8002b20a8005cff80542328a60086
:10de98002b50a6002120a8000b288a000137410b2f
:10dea8002328a600231026012318c7012b48220186
:10deb800231869007137410b2318a3002b10a90000
:10dec800b3ff405000640c00ffff6b256537410b22
:10ded8002128a700212888009437410b0b20a60091
:10dee8002b188900f0ff605423102601121000003f
:10def8007137410b211800002110c000214080001b
:10df08003e00e0142118a0002b30a6004700c010e6
:10df1800000000002020447008008010022c02003d
:10df2800232804000628a80004188300041082008f
:10df38002518a30004408800022c02001b0065007d
:10df4800f401a000ffff4930025408001238000015
:10df5800105800001b006500f401a000001c0b0015
:10df680025186a000220e9702b3064000b00c050ad
:10df780023186400211862002b3062000600c014c8
:10df8800ffffe7242b3064000400c050231864000e
:10df9800ffffe72421186200231864001b006500b6
:10dfa800f401a000ffff083112200000105000000b
:10dfb8001b006500f401a000001c0a002540680051
:10dfc800024889702b1809010600601021400201df
:10dfd8002b10020103004014ffff84242b48090181
:10dfe80023208900003c0700252087002118000015
:10dff800211080000800e003000000002b10a7009b
:10e0080043004014211800002018e37044006014f5
:10e0180020000b242b28e500c500a054211800007f
:10e028002b208600fe37410b0100842c060040148b
:10e0380020304670010003241b006200f4014000f8
:10e0480012100000203046707900c05420000824c7
:10e058002328a200023c0200ffff4a3001000324eb
:10e068001b00a700f401e000025c08001248000051
:10e07800106000001b00a700f401e000002c0c0059
:10e088002528ab0002202a712b30a4000900c050bb
:10e098002328a4002128a2002b30a2000400c014c9
:10e0a800ffff29252b30a400a300c054ffff29251a
:10e0b8002328a4001b00a700f401e000ffff08319b
:10e0c80012200000105800001b00a700f401e00017
:10e0d800002c0b002540a80002508a702b280a014a
:10e0e8000600a010214002012b1002010300401479
:10e0f800ffff84242b500a0123208a00004c0900ca
:10e1080025208900211080000800e003000000009d
:10e1180021200000211080000800e003000000001a
:10e128002358630106106601043867002538470044
:10e1380006486501021407001b002201f401400093
:10e14800ffffec30065864010428650025286501a6
:10e15800025c050012500000104000000044080056
:10e1680025400b011b002201f401400002484c71bc
:10e178002b5809010a00601104306600214007018c
:10e188002b58070106006015ffff4a252b58090187
:10e198000400605123400901ffff4a25214007017f
:10e1a800234009011b000201f4014000ffffa530d4
:10e1b80010580000124800001b000201f401400042
:10e1c80000140b002528450002102c712b40a200da
:10e1d8000b00005100540a002128a7002b40a7007b
:10e1e80006000015ffff29252b40a200040000515e
:10e1f80000540a00ffff29252128a70000540a001f
:10e2080025482a01190026012328a20010580000d9
:10e218002b10ab0043004014125000003e00ab50de
:10e228000418640021202001fe37410b211800004a
:10e238000410c2002340060106480501023c020002
:10e248001b002701f401e000064004010428c50072
:10e2580025280501ffff4a300440c400025c050080
:10e26800123000001060000000240c00252064011a
:10e278001b002701f401e0000218ca702b48830034
:10e288000b00205123208300212082002b4882008c
:10e2980006002015ffffc6242b48830004002051e8
:10e2a80023208300ffffc62421208200232083002f
:10e2b8001b008700f401e000ffffa53010480000b4
:10e2c800121800001b008700f401e0000024090078
:10e2d8002528850002206a702b48a4000b002051d5
:10e2e800003406002128a2002b48a20006002015b1
:10e2f800ffff63242b48a4000400205100340600cb
:10e30800ffff63242128a200003406002328a4006c
:10e318001a38410b251866002b186a0034ff601064
:10e3280021202001ffff2425fe37410b2118000082
:10e33800fe37410b010004242e38410b2128a2008e
:10e348000c00839402006330180060142110000050
:10e358000000a690020003241400c314000000006b
:10e368000200a3840e0086842a30c3000f00c01068
:10e3780000000000120086842a1866000b00601056
:10e38800000000000400a384100085842a28a3004c
:10e398000600a01000000000140082840a00042473
:10e3a8002a1062000a200200211080000800e00301
:10e3b80000000000d8ffbd271c00b1af1800b0afa7
:10e3c8002400bfaf2000b2af28fe400f218080009c
:10e3d800a6004014218800009c80828f0700432cef
:10e3e800a200601001001124059d033c801002006a
:10e3f8000ce46324211062000000428c08004000f5
:10e408000000000028e4049d00e5049d4ce5049dff
:10e4180090e5049dcce5049d00e6049d2ce6049d52
:10e428000c0002860e0004860900410412000686cc
:10e438001800028e1000058614000786100042940a
:10e448000503410fc88282a79d39410b2b88020022
:10e45800219086003000048e2c001182e8bd400f08
:10e4680001005226021851703000048e14000286f2
:10e478002388430243881100100012869a8091a7ce
:10e488002c001182f0bd400f2190420202185170f9
:10e4980001005226120002863000048e23884302af
:10e4a80043881100988091a70e0011862c001282d3
:10e4b800e8bd400f21882202021852703000048ef5
:10e4c800140002862c0012822188710043881100f2
:10e4d800968091a710001186f0bd400f2188220276
:10e4e80002185270010002249c8082af21887100ba
:10e4f80043881100948091a73000028e0d0040508f
:10e508001800028e28fe400f218800005800401491
:10e518002400bf8f9a808487988085873000068e74
:10e528003fc0400f2c000792510040102400bf8fbd
:10e538001800028e10004294c88282a702000224aa
:10e548009c8082af0e000496100005961200069675
:10e5580098808797010084240100a524ffffc62422
:10e56800ffffe7242026047c202e057c2036067c2d
:10e578000503410f203e077c3c0040102188000025
:10e58800030002249c8082af0e00049612000696b7
:10e59800140007969480858701008424ffffc62411
:10e5a800ffffe7242026047c2036067c0503410f64
:10e5b800203e077c2d004010218800000400022422
:10e5c8009c8082af0e0004969a80869798808587f3
:10e5d8009480878701008424ffffc6242026047cba
:10e5e8000503410f2036067c2000401021880000da
:10e5f800050002249c8082af1200069696808487cc
:10e608009880858794808787ffffc6240503410f7c
:10e618002036067c150040102188000006000224e0
:10e628009c8082af0c000296040042300e004050dd
:10e638009c8080af1800028e0e00048610000586ac
:10e64800040042941200068614000786e68280a71a
:10e65800c88282a7c5ba400f1000a0af03004010bf
:10e66800218800009c8080af010011242400bf8f06
:10e67800211020022000b28f1c00b18f1800b08f2b
:10e688000800e0032800bd27c0ffbd272000b1af68
:10e69800ffff9130340004243800b7af3400b6af20
:10e6a8003000b5af2c00b4af2800b3af2400b2af30
:10e6b8001c00b0af3c00bfaf6000b08f2096057c57
:10e6c800209e067c20be077c5000b6875400b59774
:10e6d80059d7400f5800b4831d0040100900032487
:10e6e800080043ac5c00a38f000051a4040040acb8
:10e6f800300043ac059d033cbce363241c0043ace1
:10e70800059d033c48e363240e0052a4100053a463
:10e71800120057a4140056a40c0055a42c0054a0b1
:10e72800240043ac280040ac04000016200040ac94
:10e738007480838fd239410b180043ac180050ac59
:10e7480021204000661a410f1000a2af1000a28fce
:10e758003c00bf8f3800b78f3400b68f3000b58fbc
:10e768002c00b48f2800b38f2400b28f2000b18f03
:0ce778001c00b08f0800e0034000bd272b
:020000040000fa
:020000041d04d9
:10e78400082400a010000000000000007c0000a08d
:10e794000c000000000000003c0000a00400000089
:10e7a40001000000ffffffff182400a0100000007c
:10e7b40000000000880000a001000000000000002c
:10e7c4008c0000a01400000000000000a00000a0c5
:10e7d4002400000000000000d00300a0100000008e
:10e7e40000000000c40000a00c00000000000000b5
:10e7f400d00000a05000000000000000400000a075
:10e80400010000000100000001000000440000a01d
:10e814000800000001000000303025000000000066
:10e82400200100a00c000000000000002c0100a04a
:10e834001c00000000000000480100a00c000000c3
:10e84400000000004c0000a01000000001000000c7
:10e85400ffffffffffffffff8200b399d100d1ca82
:10e86400540100a01000000000000000640100a09a
:10e874000400000000000000f02300a018000000c5
:10e88400010000000c77049d8c7a049d8474049d1f
:10e89400fc78049d8c74049d2078049d680100a07c
:10e8a40014000000000000005c0000a00400000050
:10e8b40001000000a1860100a40600a0301c000095
:10e8c400000000007c0100a07400000000000000b3
:10e8d400600000a0080000000100000040060100e4
:10e8e4000e000100680000a00c0000000100000000
:10e8f4000825049d58a9049d0c000000f00100a007
:10e904001800000000000000e00300a0ae020000b8
:10e9140000000000b42300a020000000000000005c
:10e92400d42300a01c00000000000000080200a086
:10e934000800000000000000100200a00400000015
:10e9440000000000d42200a0a0000000010000008c
:10e95400742300a000000000742300a0090000003c
:10e9640020000000942300a000000000942300a0d5
:10e97400060201000000000000000000000000008a
:10e984000000000006020200000000000000000079
:10e994000000000000000000000000000000000073
:10e9a4000000000000000000000000000000000063
:10e9b4000000000000000000000000000000000053
:10e9c4000000000000000000000000000000000043
:10e9d4000000000000000000000000000000000033
:10e9e4000000000000000000000000000000000023
:10e9f400742300a04000000000000000740000a088
:10ea04000400000001000000d42200a0140200a0b1
:10ea14000100000000000000780000a004000000d5
:10ea24000100000002000000000000a02800000017
:10ea3400010000001000000000000000017a5200f4
:10ea4400017c1f010b0d1d001000000018000000c8
:10ea540000df049d4804000000000000280000a01e
:10ea64001400000001000000100000002c00000051
:10ea740094da049d6c040000000000000000000013
:10ea84002222222222222222222222222222222262
:04ea940022222222f6
:020000040000fa
:020000041d03da
:105d6400c0ffbd271c00b1af00a0113cc023228e90
:105d74002400b3af3c00bfaf3800beaf3400b7afb0
:105d84003000b6af2c00b5af2800b4af2000b2afde
:105d94001800b0af0f00401400a0133c00a0023c58
:105da400c823422400a0033cd02362acc02322ae0b
:105db400c023222604004390080042acbc2362aef8
:105dc40001006334040043a00c00439001006334d9
:105dd4000c0043a00f009024c2801000c08010006b
:105de40087000426c221040077ff17342bb817025a
:105df400c02104000400152600a0053cbfff1e2698
:105e04000a201702bc23628e40a815002138000026
:105e14003024a52400a0033c3f00de2f8bd7400b89
:105e240021b8800021104002040044900100843015
:105e3400050080500000468c9ed7400b0000528c19
:105e4400000044ac0000468c0400c490010084307f
:105e5400fbff80500000c48c212050002b40c40064
:105e6400040000550000528c350003062b188600f0
:105e74000000528c2b205200ebff80542110400272
:105e84002b20450204008014c02324262b20440226
:105e9400e5ff805421104002d023648c3800441460
:105ea40000a0163cc0232226350042160100e72438
:105eb4000200e22cdcff40142110400221a0e00289
:105ec4000ba0be02212080021400a3afeed7400f26
:105ed4001000a5afffff04241400a38f2800441072
:105ee4001000a58fd023c48e08008724000082ac44
:105ef4000300471004008690c2d7400b0100c6344b
:105f0400fe00c630f8ff9426040086a021a05400a9
:105f1400c0232426000054ac000084ae0400849204
:105f2400d023d4ae2138000001008434040084a2bc
:105f340004004490fe0084308ad7400b040044a03f
:105f440009006010bc2364ae0000858c00a0033cf3
:105f5400000086acb42365ac0400858cb4236324b0
:105f6400040080a0040065ac04004390000044ac2d
:105f740001006334040043a0e2d7400b080042242c
:105f8400211000003c00bf8f3800be8f3400b78f53
:105f94003000b68f2c00b58f2800b48f2400b38f47
:105fa4002000b28f1c00b18f1800b08f0800e003ee
:045fb4004000bd27c5
:020000040000fa
:020000041d04d9
:10ea980000000000a0ea049d00002e0039001500c7
:10eaa8000b3800000b6200000b8c00000bb6000056
:10eab8000be000000b0a01000b3401000b5e0100a3
:10eac8000b8801000bb201000bdc01000b060200f1
:10ead800000000000000000000000000000000002e
:10eae80000000000000000000000000030003000be
:10eaf80030000000000000000000000000000000de
:10eb08000000000380018001c000c00060006000b8
:10eb1800700030003000180018000c000c000600cf
:10eb2800000000000000000000000000f800fc01e8
:10eb38008c01060306036603660306030603060341
:10eb48008c01fc01f800000000000000000000003b
:10eb580000000000000070007c006c006000600095
:10eb6800600060006000600060006000fc03fc035f
:10eb7800000000000000000000000000000000008d
:10eb8800fc00fe0182030003000380038001e00013
:10eb9800700038000c00fe03fe03000000000000b7
:10eba80000000000000000000000fc00fe018203dd
:10ebb80000038003f801f8018003000300038203c7
:10ebc800fe01fc0000000000000000000000000042
:10ebd80000000000c000e000e000d000d800c8003d
:10ebe800cc00c600fe03fe03c000c000c000000049
:10ebf8000000000000000000000000000000fc0110
:10ec0800fc010c000c00fc00fc0184030003000361
:10ec180000038203fe01fc00000000000000000069
:10ec28000000000000000000f000fc011c010e00c4
:10ec38000600f600fe018e03060306038c03fc01a2
:10ec4800f8000000000000000000000000000000c4
:10ec58000000fe03fe0380018001c001c000c00067
:10ec680060006000700030003000180000000000f4
:10ec7800000000000000000000000000f800fc0197
:10ec8800060306030603fc01fc018e0306030603c4
:10ec98008e03fc01f80000000000000000000000e6
:10eca800000000000000f800fc018e0106030603c6
:10ecb8008e03fc03780300038003c401fc00780082
:08ecc800000000000000000044
:020000040000fa
:020000041d04d9
:10ecd000d8ffbd271c00b1af2400bfaf2000b2afea
:10ece0001800b0af0700a0142188800071008010c8
:10ecf00021900000ba40410f00000000ae3b410be4
:10ed00002400bf8f08008054fcff82902400bf8f36
:10ed10002000b28f1c00b18f1800b08f2120a000fe
:10ed200059d7400b2800bd27010042300400401095
:10ed3000f8ff908cba40410f1000a5af1000a58fce
:10ed400059d7400f2120a0005a0040102190000008
:10ed50005800511021902002f8ff468c23801102a8
:10ed6000c38010002330c200c33006002b280602e7
:10ed70000a80c500c0801000828010000800072aa9
:10ed800021182002212040000400e0142128000066
:10ed9000ffff0526c328050007001032ffff1026dd
:10eda0000700072e1000e0500000678c059d073c0f
:10edb000c8ede724808010002180f0000000078e5d
:10edc0000800e0000000000054ee049d44ee049da5
:10edd00034ee049d24ee049d14ee049d04ee049d87
:10ede000f4ed049d0000678c04006324000087acf0
:10edf000040084240000678c04006324000087acb6
:10ee0000040084240000678c04006324000087aca5
:10ee1000040084240000678c04006324000087ac95
:10ee2000040084240000678c04006324000087ac85
:10ee3000040084240000678c04006324000087ac75
:10ee4000040084240000678c04006324000087ac65
:10ee5000040084240000678c0500a010000087ac2b
:10ee60000400842404006324793b410bffffa524a4
:10ee70002b1851000f00601021904000c030060098
:10ee8000213046002b1026020a00401000a0023c50
:10ee90002388d100b423438cc3881100c08811009b
:10eea00021885102000023aeb42342240400428c86
:10eeb000040022ae2400bf8f211040022000b28f38
:10eec0001c00b18f1800b08f0800e0032800bd2798
:020000040000fa
:020000041d04d9
:10eed00020253032642000004d696e0035000000ae
:10eee0003130000032300000333000003430000098
:10eef00035300000363000004c4544204f4e0000b5
:10ef00004c4544005041524152000000494e494393
:10ef1000494f0000564143494f000000534f4252b1
:10ef2000452d50524553494f4e0000004f42535417
:10ef300052554343494f4e0042414a4120505245a9
:10ef400053494f4e20434f32000000003200000072
:10ef500000003042000034420000384200003c42d1
:10ef600000004042000044420000484200004c4281
:10ef70000000504200005842000060420000684219
:10ef800000006c420000784200008242000088428b
:10ef900000008c420000944200009e420000a44207
:10efa0000000ac420000b4420000c0420000c84271
:10efb0000000d4420000e2420000ea420000f642b3
:10efc000000000430000044300000c430000134312
:10efd0000000184300002043000028430000304395
:10efe0000000354300003e430000454300004d4310
:10eff0000000544300005c430000664300006e4381
:10f0000000007443000080430000834300008743f6
:10f0100000808e43008092430080974300009b4312
:10f0200000809d430080a2430000a6430000aa4345
:10f030000000af430000b4430000b9430000be43ea
:10f040000000c3430000c8430000cd430000d2438a
:10f050000000d743000020425f29cb3b1e16ea3d4b
:10f06000a01a1f3f00002041a69bc43d6666e63ff4
:10f070000000803e000080410000f0410000803f21
:0cf08000cdcc4c3e9a99993e6666663fe6
:020000040000fa
:020000041d04d9
:10f08c00211080005600c0100c00ca2c4d004015f9
:10f09c002618a400030063302338040029006010f4
:10f0ac000300e7300600e0102330c7000000a398ef
:10f0bc000300a3882128a700000083b82120870023
:10f0cc000f00c3302338c3001100e0102130600062
:10f0dc002138e5000000a3980300a3880400a89839
:10f0ec000700a8880800a9980b00a9880c00aa980a
:10f0fc000f00aa88000083ac040088ac080089ac1f
:10f10c001000a52410008424f2ffa714fcff8aac85
:10f11c000300c3302338c3002a00e0102130600004
:10f12c002138e5000000a3980300a3880400a5245f
:10f13c0004008424fbffa714fcff83ac2100001007
:10f14c00000000000500e0102330c7000000a39869
:10f15c002128a700000083b8212087000f00c330ae
:10f16c002338c3000d00e010213060002138e50089
:10f17c000000a38c0400a88c0800a98c0c00aa8c9d
:10f18c00000083ac040088ac080089ac1000a524f6
:10f19c0010008424f6ffa714fcff8aac0300c330d4
:10f1ac002338c3000700e010213060002138e5004f
:10f1bc000000a38c0400a52404008424fcffa714e5
:10f1cc00fcff83ac0600c0102138c5000000a390e2
:10f1dc000100a52401008424fcffa714ffff83a0d9
:08f1ec000800e0030000000030
:020000040000fa
:020000041d04d9
:10f1f400d8ffbd272000b4af00a0143cd423828ed6
:10f204002400bfaf1c00b3af1800b2af1400b1affd
:10f21400420040141000b0af00a0123c0802438e1c
:10f224000300601400a0133c00a0033c30246324ba
:10f234000c02628e06004014828703000000043c26
:10f2440000a0023cb80b8424302442242110440042
:10f2540000e0647c0200103a0a189000828f0200d9
:10f26400218060000200313a00e0437c0a10710002
:10f274009b40410f218840000000438c0400428cd5
:10f284002b20030204008014211062002b200202b0
:10f29400080080542b18300200a0043c90068424fb
:10f2a40000e0847c2b2064001c008014218060001a
:10f2b4002b183002050060142b1802022b182202ae
:10f2c4000500605400a0023c2b18020213006010d9
:10f2d4002188400000a0023c90064224421702000c
:10f2e400050003240300431404000324c03c410b21
:10f2f40000a0023c060043140080023c2580020268
:10f3040025882202080250aec63c410b0c0271aea5
:10f31400080251ae0802428ed42382ae2400bf8f6d
:10f324002000b48f1c00b38f1800b28f1400b18f6b
:0cf334001000b08f0800e0032800bd2787
:020000040000fa
:020000041d04d9
:10f34000010002242200821480bf023c105e40ac07
:10f3500080bf023c005e40ac80bf023c005e438c3c
:10f360004429837c005e43ac005e468c0f00a38082
:10f370008452667c005e46ac005e468c0d00a79011
:10f380008431e67c005e46ac005e468c0c00a790a3
:10f390000442e67c005e46ac005e468c0e00a79000
:10f3a000444ae67c005e46ac4000667c005e438cce
:10f3b000c45ac37c005e43ac0400a58c80bf033cf0
:10f3c000305e65ac005e438cc47b837c005e43ace6
:10f3d0000800e00300000000010002240c00821479
:10f3e000ff00a53080bf023c105e448c08008430d2
:10f3f000fdff801080bf033c80bf023c205e45ac17
:10f40000105e628c01004230fdff401000000000e1
:10f410000800e0030000000001000324040083143e
:10f420002110000080bf023c205e428cff00423071
:10f430000800e0030000000001000324070083141b
:10f44000ffff022400a0033c0824658c0300a014e5
:10f4500021100000082464ac010002240800e0032d
:10f4600000000000010002240200821400a0023cff
:0cf47000082440ac0800e003000000008d
:020000040000fa
:020000041d04d9
:10f47c000c00a294e0ffbd271800b1af020043308e
:10f48c001400b0af1c00bfaf2180a0003c00601086
:10f49c00ffff1124000245300300a0140400038e6a
:10f4ac00380060141c00bf8f000242340c0002a60e
:10f4bc0003006014ff0091300800038e000003aebf
:10f4cc000a000324080023560400028e80004230f8
:10f4dc00050040540400028e0d0004241f3d410f12
:10f4ec00212800020400028e1000038e0e0043102f
:10f4fc0001004224040002ae0000028e010003242d
:10f50c00000051a001004224000002ae00a0023c09
:10f51c00140243a00a0002241a0022161c00bf8ffa
:10f52c00523d410b0c0002962024117cf33d410fff
:10f53c0021280002633d410b21884000000142302c
:10f54c00100040101c00bf8f0e0004960800058ea2
:10f55c000240410f0400068e0400038e0600435047
:10f56c000800028e0c000296ffff1124300042347a
:10f57c000c0002a60800028e040000ae000002aed1
:10f58c001c00bf8f211020021800b18f1400b08f07
:08f59c000800e0032000bd2778
:020000040000fa
:020000041d04d9
:10f5a40053454c454343494f4e0000005052455388
:10f5b400494f4e006d6d4867000000002025303231
:10f5c40064200000464c554a4f0000004c2f6d69e2
:10f5d4006e285029000000003500000050524553a9
:10f5e400494f4e202041435455414c00464c554a06
:10f5f4004f3a00004c2f6d696e000000455155498b
:10f60400504f20424c4f51554541444f000000009b
:10f61400434f4e544143544152204120535500001e
:10f62400464142524943414e5445000052756e745e
:10f63400696d65204572726f722e00004572726f9b
:10f644007220696e657370657261646f00000000fa
:10f65400494e4943494f00002e000000496e69633a
:10f664006961722065717569706f00004c454420b2
:10f67400310000004c454420320000002e00000000
:10f684002e0000002e0000002e0000002e000000be
:10f694004c454420320000004c4544203100000019
:10f6a4004d656400323700005374617274000000c9
:08f6b40053746f7000000000a8
:020000040000fa
:020000041d04d9
:10f6bc00f0ffbd270c00beaf21f0a0031000c4afbb
:10f6cc001000c28f4011020080180200211043006c
:10f6dc0080180200211043000000c2af0000c28f4e
:10f6ec00e8ff42240000c2af0000c28f090040189e
:10f6fc0000000000c53d410b000000000000c28f5f
:10f70c00f8ff42240000c2af0000c28ffbff401c78
:10f71c000000000021e8c0030c00be8f1000bd27c4
:10f72c000800e00300000000e0ffbd271c00bfaf95
:10f73c001800beaf21f0a003211080002000c2a74a
:10f74c00e53d410b00000000040002241000c2a3a0
:10f75c00dc3d410b0000000019000424af3d410fbb
:10f76c00000000001000c293ff0042302b18020072
:10f77c00ff006330ffff4224ff0042301000c2a3a1
:10f78c00f5ff6014000000002000c2972b1002004f
:10f79c00ff0042302000c397ffff63242000c3a763
:10f7ac00e9ff40140000000021e8c0031c00bf8fdb
:10f7bc001800be8f2000bd270800e00300000000e9
:020000040000fa
:020000041d04d9
:10f7cc00e8ffbd271800a4a30c00a2941000b0af52
:10f7dc001400bfaf40004330030060102180a00034
:10f7ec00333e410b2014047c02004330060060546d
:10f7fc001000a38c300042340c00a2a40400a0ac76
:10f80c00333e410bffff0224070060540800a38c19
:10f81c000e00a494010006240240410f1800a527f5
:10f82c00323e410b040000ae0b0060540e000496f7
:10f83c0000a0033c942363240800a3ac0000a3acf9
:10f84c0008004234200003241000a3ac0400a3ac35
:10f85c000c00a2a40e0004960800058e0240410f75
:10f86c000400068effff03240800028e040003ae82
:10f87c001800a393000043a01800a38301004224a6
:10f88c00000002ae0a0002240d0062141800a283cc
:10f89c000c00029600014230090040101800a283af
:10f8ac000e0004960800058e0240410f0400068edf
:10f8bc000800028e040000ae000002ae1800a28305
:10f8cc001400bf8f1000b08f0800e0031800bd2794
:020000040000fa
:020000041d04d9
:10f8dc000020202020202020202028282828282014
:10f8ec00202020202020202020202020202020200c
:10f8fc00208010101010101010101010101010107c
:10f90c001004040404040404040404101010101063
:10f91c00101041414141414101010101010101012d
:10f92c00010101010101010101010101101010107f
:10f93c0010104242424242420202020202020202ff
:10f94c000202020202020202020202021010101053
:10f95c00200000000000000000000000000000007b
:10f96c00000000000000000000000000000000008b
:10f97c00000000000000000000000000000000007b
:10f98c00000000000000000000000000000000006b
:10f99c00000000000000000000000000000000005b
:10f9ac00000000000000000000000000000000004b
:10f9bc00000000000000000000000000000000003b
:10f9cc00000000000000000000000000000000002b
:04f9dc000000000027
:020000040000fa
:020000041d04d9
:10f9e000e8ffbd271000b0af1400bfaff740410fd4
:10f9f0002180800088bf033c0030658c0003a57c1b
:10fa00000800a014004004360010062488bf043cff
:10fa1000083086ac0030648c00088430fdff801410
:10fa20000040043681bf103c00f404ae004804409e
:10fa3000004806402330c400f000c62cfcffc01470
:10fa400081bf063c99aa043c5566842410f4c4acda
:10fa50006655043caa99843410f4c4ac0080063482
:10fa600081bf043c08f486ac00f4048e008084302e
:10fa7000fdff80140040062481bf043c04f486ace2
:10fa80000d00a010001004240030648c0003847c5e
:10fa90000b0080140010052488bf043c083085ac9e
:10faa0000030648c00088430fdff801400000000ea
:10fab000b03e410b0000000088bf033c043064ac42
:10fac000c340410f2120400000f4028e1400bf8f7c
:10fad0001000b08f003042300800e0031800bd274e
:020000040000fa
:020000041d04d9
:10fae00070726f6365647572652e000052455045f3
:10faf0004154207468652063616c69627261746945
:10fb00006f6e000061667465722073797374656d41
:10fb100020726573657420746f000000486f6c6418
:10fb20002073637265656e20666f72203120736585
:10fb300063000000636f6e74696e7561722e000061
:10fb4000546f71756520656c20546f756368207300
:10fb5000637265656e2070617261000064656c207f
:10fb600063697263756c6f0050726573696f6e655f
:10fb700020656e20656c2063656e74726f000000f6
:10fb800063616c6962726163696f6e2064656c2089
:10fb9000746f7563680000005265616c697a617208
:10fba000206c6100494d504f5254414e5445000065
:020000040000fa
:020000041d04d9
:10fbb000a8ffbd270400a1af0800a2af0c00a3afaf
:10fbc0001000a4af1400a5af1800a6af1c00a7af8b
:10fbd0002000a8af2400a9af2800aaaf2c00abaf2b
:10fbe0003000acaf3400adaf3800aeaf3c00afafcb
:10fbf0004000b8af4400b9af4800bfaf12400000aa
:10fc00004c00a8af104000005000a8af00680440ae
:10fc100000600540e440410f000000005000a88f44
:10fc2000110000014c00a88f130000010400a18ff7
:10fc30000800a28f0c00a38f1000a48f1400a58fc2
:10fc40001800a68f1c00a78f2000a88f2400a98f62
:10fc50002800aa8f2c00ab8f3000ac8f3400ad8f02
:10fc60003800ae8f3c00af8f4000b88f4400b98f92
:10fc70004800bf8f5800bd27c00000001800004298
:020000040000fa
:020000041d04d9
:10fc800030313233343536373839414243444546d2
:10fc90000000000030313233343536373839616294
:10fca0006364656600000000286e756c6c290000b6
:10fcb00001000000000000000a0000000000000039
:10fcc0006400000000000000e803000000000000e5
:10fcd0001027000000000000a086010000000000c6
:10fce00040420f00000000008096980000000000d5
:10fcf00000e1f5050000000000ca9a3b000000008a
:10fd000000e40b540200000000e8764817000000f1
:10fd10000010a5d4e800000000a0724e18090000f1
:10fd200000407a10f35a00000080c6a47e8d0300c4
:10fd30000000c16ff286230000008a5d78456301f0
:10fd4000000064a7b3b6e00d0000e8890423c78a69
:10fd50000001000100010001ff00ff00ff00fe00a4
:10fd6000fe00fd00fc00fb00fa00f900f800f700bf
:10fd7000f600f500f300f200f100ef00ed00ec00fa
:10fd8000ea00e800e600e400e200e000de00db005c
:10fd9000d900d700d400d200cf00cc00ca00c700e1
:10fda000c400c100be00bb00b800b500b200af0087
:10fdb000ab00a800a500a1009e009a009600930049
:10fdc0008f008b008800840080007c007800740025
:10fdd00070006c006800640060005c005800530014
:10fde0004f004b00470042003e003a003500310012
:10fdf0002c00280024001f001b00160012000d001c
:06fe0000090004000000ef
:020000040000fa
:020000041d04d9
:10fe080000a0023c7800428c0c0040142024047ca2
:10fe18000000023c00004224030040100000023ca5
:10fe28000000000800000000000042240600401006
:10fe380080bf023c0000000800000000010003240d
:10fe48000900431080bf023c80bf033c80bf053cd3
:10fe580080bf063c20684224186863240868a524eb
:10fe6800a43f410b1068c62480bf023c80bf033cfe
:10fe780080bf053c80bf063c206042241860632494
:10fe88000860a5241060c624008007340000a7acd1
:10fe980000040524000065ac0000c38c0001633039
:10fea800fdff601000000000000044ac0800e00303
:04feb8000000000046
:020000040000fa
:020000041d04d9
:10febc00211080002600c0101000ca2c1f00401515
:10fecc00ff00a530005205002528aa0000540500ab
:10fedc002528aa00030083300500601004000724c5
:10feec002338e3002330c700000085b821208700a9
:10fefc000f00c3302338c3000800e010213060002d
:10ff0c002138e400000085ac040085ac080085ac09
:10ff1c0010008424fbff8714fcff85ac0300c33066
:10ff2c002338c3000500e010213060002138e400c4
:10ff3c0004008424feff8714fcff85ac0400c01071
:10ff4c002138c40001008424feff8714ffff85a024
:08ff5c000800e00300000000b2
:020000040000fa
:020000041d04d9
:10ff6400d8ffbd271c00b0af00a0103cd423028ee4
:10ff74002000b1af2400bfaf060040142188000266
:10ff84007d3c410f1000a4afd423028e0b0040101f
:10ff94001000a48fd423228e0a0080182118440054
:10ffa4002b2062000500801400a0043c0c02848c09
:10ffb4002b2083000e008050d42323aefa3f410b44
:10ffc4000c0003242b2043000500801400a0043cf3
:10ffd4000802848c2b20640005008050d42323aeb7
:10ffe4001600032400a0023c100243acffff0224cd
:10fff4002400bf8f2000b18f1c00b08f0800e003e5
:020000041d05d8
:040004002800bd27ec
:020000040000fa
:020000041d05d8
:10000800e0ffbd271400b1af1000b0af1c00bfafb8
:100018001800b2af2180a0002188c0001500a010f0
:10002800211000001300c0100300842c1100801060
:10003800211020020000023c00004224050040106c
:100048002120a0000000000c2128c0001f40410b07
:10005800211020022190c00000000482ffff5226d8
:10006800823f410f01001026fcff40560000048229
:10007800211020021c00bf8f1800b28f1400b18f0e
:0c0088001000b08f0800e0032000bd272e
:020000040000fa
:020000041d05d8
:10009400d0ffbd27ff7f02242800b0af3800a6aff1
:1000a400218080003800a6272400a2af1400a4af4a
:1000b4001c00a4afc20002241400a4272c00bfaf6c
:1000c4003c00a7af1000a6af1800a0af2528410f31
:1000d4002000a2a71400a28f000040a01400a28f49
:1000e4002c00bf8f231050002800b08f0800e003bd
:0400f4003000bd27f4
:020000040000fa
:020000041d05d8
:1000f800e8ffbd271400bfaf060080042110800070
:100108008027410f000000001400bf8f0800e003a3
:100118001800bd2701004230422004008027410f0b
:100128002520820021204000ec25410f2128400095
:0c0138001400bf8f0800e0031800bd2772
:020000040000fa
:020000041d03da
:105fb800e0ffbd271800b0af1c00bfafd93f410fad
:105fc8001000a4af1000a68f0600c0182180400062
:105fd800ffff02240300021221200002af3f410ffd
:105fe800212800001c00bf8f211000021800b08f6c
:085ff8000800e0032000bd27b2
:020000040000fa
:020000041d05d8
:100144000a00c01021108000200003242318660038
:100154000800605823100300041865000610c4004a
:100164000630c500251062002128c0000800e00305
:100174002118a00021300000061045005c40410b0e
:040184002128c0006e
:020000040000fa
:020000041d05d8
:1001880041504c49434143494f4e20444554454e04
:10019800494441202d204552524f5220494e455343
:1001a80050455241444f000001000000010000008a
:1001b80000000000000101000000003f0ad7233cb6
:1001c80000f10000536f6c74617200004d616e7431
:1001d800656e65720000000050726573696f6e6528
:1001e80000000000636972636c6f0000656e206533
:0c01f8006c206d6564696f2064656c000c
:020000040000fa
:020000041d05d8
:10020400e8ffbd271400bfaf006803408000023c34
:1002140025106200006882400010032488bf023c5d
:10022400f540410f081043ac1400bf8f0800e003f1
:040234001800bd27ca
:020000040000fa
:020000041d05d8
:1002380000e0847c81bf023ce8ffbd2720f444ac89
:1002480081bf023c014004241400bfaf30f445ac28
:10025800783e410f000000001400bf8f0800e00343
:040268001800bd2796
:020000040000fa
:020000041d05d8
:10026c0000a0033cd823622401000424080044ac01
:10027c0000a0043c30248424d82364ac0000033c4c
:0c028c00b80b63240800e003040043ac3e
:020000040000fa
:020000041d05d8
:10029800b02a3ed7e900ffffbbf7ddae3e269fb68a
:1002a8007ed700000825049d00000000ddae000098
:0802b8003e26000032000000a8
:020000040000fa
:020000041d05d8
:1002c00000e0847c81bf023ce8ffbd2720f444ac01
:1002d0001400bfaf783e410f044004241400bf8fc8
:0802e0000800e0031800bd272f
:020000040000fa
:020000041d05d8
:1002e80006008010f8ff842400a0023cbc2344ac24
:1002f80004008290fe004230040082a00800e0035f
:0403080000000000f1
:020000040000fa
:020000041d05d8
:10030c000100843003008010000000000800e003ae
:0c031c00206060410800e00300606041c8
:020000040000fa
:020000041d05d8
:1003280000601a40bfff1b3cffff7b3724d05b03f4
:0803380000609a401800004229
:020000040000fa
:020000041d05d8
:10034000f8ff0224008003402410620002004234bf
:080350000800e0030080824078
:020000040000fa
:020000041d05d8
:10035800f8ff0224008003402410620003004234a6
:080368000800e0030080824060
:020000040000fa
:020000041d05d8
:10037000ef15410f00000000ffff0010000000001b
:020000040000fa
:020000041d05d8
:1003800000580240212044000800e0030058844047
:020000040000fa
:020000041d05d8
:0c0390003f000070e540410b0000000041
:020000040000fa
:020000041d05d8
:0c039c003f000070e840410b0000000032
:020000040000fa
:020000041d05d8
:0c03a800004880400800e003005884403a
:020000040000fa
:020000041d05d8
:0803b4000800e0030000000056
:020000040000fa
:020000041d05d8
:0803bc000800e00380000224a8
:020000040000fa
:020000041d05d8
:0803c4000800e0030000000046
:020000040000fa
:020000041d05d8
:0803cc000800e003000000003e
:020000040000fa
:020000041d05d8
:0803d4000800e0032060624113
:020000040000fa
:020000041d05d8
:0803dc000800e003006062412b
:00000001FF
