#include <Graphics/Graphics.h>
#include "HardwareProfile.h"

/*****************************************************************************
 * SECTION:  Graphics Library Firmware Check
 *****************************************************************************/
#if(GRAPHICS_LIBRARY_VERSION != 0x0306)
#warning "It is suggested to use Graphics Library version 3.06 with this version of GRC."
#endif


/*****************************************************************************
 * Converted Resources
 * -------------------
 *
 * Bitmaps
 * -------
 * Flecha_11 - 59x57 pixels, 16-bits per pixel
 * Flecha_22 - 59x57 pixels, 16-bits per pixel
 * Obstruc1 - 106x51 pixels, 16-bits per pixel
 * Obstruc2 - 106x51 pixels, 16-bits per pixel
 * Sobpre_1 - 101x100 pixels, 16-bits per pixel
 * Tilde__1 - 50x40 pixels, 16-bits per pixel
 * Tilde__2 - 50x40 pixels, 16-bits per pixel
 * Trocare1 - 101x100 pixels, 16-bits per pixel
 * Trocare2 - 101x100 pixels, 16-bits per pixel
 * calefa_4 - 37x100 pixels, 16-bits per pixel
 * calefa_5 - 37x100 pixels, 16-bits per pixel
 * calefa_6 - 37x100 pixels, 16-bits per pixel
 * calefa_7 - 37x100 pixels, 16-bits per pixel
 * calefa_8 - 37x100 pixels, 16-bits per pixel
 * cilind_5 - 104x120 pixels, 16-bits per pixel
 *****************************************************************************/

/*****************************************************************************
 * SECTION:  BITMAPS
 *****************************************************************************/

/*********************************
 * Bitmap Structure
 * Label: Flecha_11
 * Description:  59x57 pixels, 16-bits per pixel
 ***********************************/

extern FLASH_BYTE __Flecha_11[];

const IMAGE_FLASH Flecha_11 =
{
    (FLASH | IMAGE_MBITMAP | COMP_NONE),
    (FLASH_BYTE *)__Flecha_11
};

FLASH_BYTE __Flecha_11[] =
{
/****************************************
 * Bitmap header
 ****************************************/
    0x00,           // Compresssion
    0x10,           // Color Depth
    0x39, 0x00,     // Height
    0x3B, 0x00,     // Width
/********************************
 * Bitmap Image Body
 *********************************/
    0xE0, 0x83, 0xE0, 0x83, 0xE0, 0x83, 0xE0, 0x83, 0xE0, 0x83, 0xE0, 0x83, 0xE0, 0x83, 0xE0, 0x83, 
    0xE0, 0x83, 0xE0, 0x83, 0xE0, 0x83, 0xE0, 0x83, 0xE0, 0x83, 0xE0, 0x83, 0xE0, 0x83, 0xE0, 0x83, 
    0xE0, 0x83, 0xE0, 0x83, 0xE0, 0x83, 0xE0, 0x83, 0xE0, 0x83, 0xE0, 0x83, 0xE0, 0x83, 0xE0, 0x83, 
    0xE0, 0x83, 0xE0, 0x83, 0xE0, 0x83, 0xE0, 0x83, 0xE0, 0x83, 0xE0, 0x83, 0xE0, 0x83, 0xE0, 0x83, 
    0xE0, 0x83, 0xE0, 0x83, 0xE0, 0x83, 0xE0, 0x83, 0xE0, 0x83, 0xE0, 0x83, 0xE0, 0x83, 0xE0, 0x83, 
    0xE0, 0x83, 0xE0, 0x83, 0xE0, 0x83, 0xE0, 0x83, 0xE0, 0x83, 0xE0, 0x83, 0xE0, 0x83, 0xE0, 0x83, 
    0xE0, 0x83, 0xE0, 0x83, 0xE0, 0x83, 0xE0, 0x83, 0xE0, 0x83, 0xE0, 0x83, 0xE0, 0x83, 0xE0, 0x83, 
    0xE0, 0x83, 0xE0, 0x83, 0xE0, 0x83, 0xE0, 0x83, 0xE0, 0x83, 0xE0, 0x83, 0xE0, 0x83, 0xE0, 0x83, 
    0xE0, 0x83, 0xE0, 0x83, 0xE0, 0x83, 0xE0, 0x83, 0xE0, 0x83, 0xE0, 0x83, 0xE0, 0x83, 0xE0, 0x83, 
    0xE0, 0x83, 0xE0, 0x83, 0xE0, 0x83, 0xE0, 0x83, 0xE0, 0x83, 0xE0, 0x83, 0xE0, 0x83, 0xE0, 0x83, 
    0xE0, 0x83, 0xE0, 0x83, 0xE0, 0x83, 0xE0, 0x83, 0xE0, 0x83, 0xE0, 0x83, 0xE0, 0x83, 0xE0, 0x83, 
    0xFF, 0xFF, 0xE0, 0x83, 0xE0, 0x83, 0xE0, 0x83, 0xE0, 0x83, 0xE0, 0x83, 0xE0, 0x83, 0xE0, 0x83, 
    0xE0, 0x83, 0xE0, 0x83, 0xE0, 0x83, 0xE0, 0x83, 0xE0, 0x83, 0xE0, 0x83, 0xE0, 0x83, 0xE0, 0x83, 
    0xE0, 0x83, 0xE0, 0x83, 0xE0, 0x83, 0xE0, 0x83, 0xE0, 0x83, 0xE0, 0x83, 0xE0, 0x83, 0xE0, 0x83, 
    0xE0, 0x83, 0xE0, 0x83, 0xE0, 0x83, 0xE0, 0x83, 0xE0, 0x83, 0xE0, 0x83, 0xE0, 0x83, 0xE0, 0x83, 
    0xE0, 0x83, 0xE0, 0x83, 0xE0, 0x83, 0xE0, 0x83, 0xE0, 0x83, 0xE0, 0x83, 0xE0, 0x83, 0xE0, 0x83, 
    0xE0, 0x83, 0xE0, 0x83, 0xE0, 0x83, 0xE0, 0x83, 0xE0, 0x83, 0xE0, 0x83, 0xE0, 0x83, 0xE0, 0x83, 
    0xE0, 0x83, 0xE0, 0x83, 0xE0, 0x83, 0xE0, 0x83, 0xE0, 0x83, 0xE0, 0x83, 0xE0, 0x83, 0xE0, 0x83, 
    0xE0, 0x83, 0xE0, 0x83, 0xFF, 0xFF, 0xDF, 0xFF, 0xFF, 0xFF, 0xE0, 0x83, 0xE0, 0x83, 0xE0, 0x83, 
    0xE0, 0x83, 0xE0, 0x83, 0xE0, 0x83, 0xE0, 0x83, 0xE0, 0x83, 0xE0, 0x83, 0xE0, 0x83, 0xE0, 0x83, 
    0xE0, 0x83, 0xE0, 0x83, 0xE0, 0x83, 0xE0, 0x83, 0xE0, 0x83, 0xE0, 0x83, 0xE0, 0x83, 0xE0, 0x83, 
    0xE0, 0x83, 0xE0, 0x83, 0xE0, 0x83, 0xE0, 0x83, 0xE0, 0x83, 0xE0, 0x83, 0xE0, 0x83, 0xE0, 0x83, 
    0xE0, 0x83, 0xE0, 0x83, 0xE0, 0x83, 0xE0, 0x83, 0xE0, 0x83, 0xE0, 0x83, 0xE0, 0x83, 0xE0, 0x83, 
    0xE0, 0x83, 0xE0, 0x83, 0xE0, 0x83, 0xE0, 0x83, 0xE0, 0x83, 0xE0, 0x83, 0xE0, 0x83, 0xE0, 0x83, 
    0xE0, 0x83, 0xE0, 0x83, 0xE0, 0x83, 0xE0, 0x83, 0xE0, 0x83, 0xE0, 0x83, 0xE0, 0x83, 0xE0, 0x83, 
    0xE0, 0x83, 0xE0, 0x83, 0xE0, 0x83, 0xE0, 0x83, 0xFF, 0xFF, 0xFF, 0xFF, 0xFF, 0xFF, 0xFF, 0xFF, 
    0xFF, 0xFF, 0xE0, 0x83, 0xE0, 0x83, 0xE0, 0x83, 0xE0, 0x83, 0xE0, 0x83, 0xE0, 0x83, 0xE0, 0x83, 
    0xE0, 0x83, 0xE0, 0x83, 0xE0, 0x83, 0xE0, 0x83, 0xE0, 0x83, 0xE0, 0x83, 0xE0, 0x83, 0xE0, 0x83, 
    0xE0, 0x83, 0xE0, 0x83, 0xE0, 0x83, 0xE0, 0x83, 0xE0, 0x83, 0xE0, 0x83, 0xE0, 0x83, 0xE0, 0x83, 
    0xE0, 0x83, 0xE0, 0x83, 0xE0, 0x83, 0xE0, 0x83, 0xE0, 0x83, 0xE0, 0x83, 0xE0, 0x83, 0xE0, 0x83, 
    0xE0, 0x83, 0xE0, 0x83, 0xE0, 0x83, 0xE0, 0x83, 0xE0, 0x83, 0xE0, 0x83, 0xE0, 0x83, 0xE0, 0x83, 
    0xE0, 0x83, 0xE0, 0x83, 0xE0, 0x83, 0xE0, 0x83, 0xE0, 0x83, 0xE0, 0x83, 0xE0, 0x83, 0xE0, 0x83, 
    0xE0, 0x83, 0xE0, 0x83, 0xE0, 0x83, 0xE0, 0x83, 0xE0, 0x83, 0xE0, 0x83, 0xFF, 0xFF, 0xFF, 0xFF, 
    0xFF, 0xFF, 0xFF, 0xFF, 0xFF, 0xFF, 0xFF, 0xFF, 0xFF, 0xFF, 0xE0, 0x83, 0xE0, 0x83, 0xE0, 0x83, 
    0xE0, 0x83, 0xE0, 0x83, 0xE0, 0x83, 0xE0, 0x83, 0xE0, 0x83, 0xE0, 0x83, 0xE0, 0x83, 0xE0, 0x83, 
    0xE0, 0x83, 0xE0, 0x83, 0xE0, 0x83, 0xE0, 0x83, 0xE0, 0x83, 0xE0, 0x83, 0xE0, 0x83, 0xE0, 0x83, 
    0xE0, 0x83, 0xE0, 0x83, 0xE0, 0x83, 0xE0, 0x83, 0xE0, 0x83, 0xE0, 0x83, 0xE0, 0x83, 0xE0, 0x83, 
    0xE0, 0x83, 0xE0, 0x83, 0xE0, 0x83, 0xE0, 0x83, 0xE0, 0x83, 0xE0, 0x83, 0xE0, 0x83, 0xE0, 0x83, 
    0xE0, 0x83, 0xE0, 0x83, 0xE0, 0x83, 0xE0, 0x83, 0xE0, 0x83, 0xE0, 0x83, 0xE0, 0x83, 0xE0, 0x83, 
    0xE0, 0x83, 0xE0, 0x83, 0xE0, 0x83, 0xE0, 0x83, 0xE0, 0x83, 0xE0, 0x83, 0xE0, 0x83, 0xE0, 0x83, 
    0xFF, 0xFF, 0xFF, 0xFF, 0xFF, 0xFF, 0xFF, 0xFF, 0xFF, 0xFF, 0xFF, 0xFF, 0xFF, 0xFF, 0xFF, 0xFF, 
    0xFF, 0xFF, 0xE0, 0x83, 0xE0, 0x83, 0xE0, 0x83, 0xE0, 0x83, 0xE0, 0x83, 0xE0, 0x83, 0xE0, 0x83, 
    0xE0, 0x83, 0xE0, 0x83, 0xE0, 0x83, 0xE0, 0x83, 0xE0, 0x83, 0xE0, 0x83, 0xE0, 0x83, 0xE0, 0x83, 
    0xE0, 0x83, 0xE0, 0x83, 0xE0, 0x83, 0xE0, 0x83, 0xE0, 0x83, 0xE0, 0x83, 0xE0, 0x83, 0xE0, 0x83, 
    0xE0, 0x83, 0xE0, 0x83, 0xE0, 0x83, 0xE0, 0x83, 0xE0, 0x83, 0xE0, 0x83, 0xE0, 0x83, 0xE0, 0x83, 
    0xE0, 0x83, 0xE0, 0x83, 0xE0, 0x83, 0xE0, 0x83, 0xE0, 0x83, 0xE0, 0x83, 0xE0, 0x83, 0xE0, 0x83, 
    0xE0, 0x83, 0xE0, 0x83, 0xE0, 0x83, 0xE0, 0x83, 0xE0, 0x83, 0xE0, 0x83, 0xE0, 0x83, 0xE0, 0x83, 
    0xE0, 0x83, 0xE0, 0x83, 0xFF, 0xFF, 0xFF, 0xFF, 0xFF, 0xFF, 0xFF, 0xFF, 0xFF, 0xFF, 0xFF, 0xFF, 
    0xFF, 0xFF, 0xFF, 0xFF, 0xFF, 0xFF, 0xFF, 0xFF, 0xFF, 0xFF, 0xE0, 0x83, 0xE0, 0x83, 0xE0, 0x83, 
    0xE0, 0x83, 0xE0, 0x83, 0xE0, 0x83, 0xE0, 0x83, 0xE0, 0x83, 0xE0, 0x83, 0xE0, 0x83, 0xE0, 0x83, 
    0xE0, 0x83, 0xE0, 0x83, 0xE0, 0x83, 0xE0, 0x83, 0xE0, 0x83, 0xE0, 0x83, 0xE0, 0x83, 0xE0, 0x83, 
    0xE0, 0x83, 0xE0, 0x83, 0xE0, 0x83, 0xE0, 0x83, 0xE0, 0x83, 0xE0, 0x83, 0xE0, 0x83, 0xE0, 0x83, 
    0xE0, 0x83, 0xE0, 0x83, 0xE0, 0x83, 0xE0, 0x83, 0xE0, 0x83, 0xE0, 0x83, 0xE0, 0x83, 0xE0, 0x83, 
    0xE0, 0x83, 0xE0, 0x83, 0xE0, 0x83, 0xE0, 0x83, 0xE0, 0x83, 0xE0, 0x83, 0xE0, 0x83, 0xE0, 0x83, 
    0xE0, 0x83, 0xE0, 0x83, 0xE0, 0x83, 0xE0, 0x83, 0xFF, 0xFF, 0xFF, 0xFF, 0xFF, 0xFF, 0xFF, 0xFF, 
    0xFF, 0xFF, 0xFF, 0xFF, 0xFF, 0xFF, 0xFF, 0xFF, 0xFF, 0xFF, 0xFF, 0xFF, 0xFF, 0xFF, 0xDF, 0xFF, 
    0xFF, 0xFF, 0xE0, 0x83, 0xE0, 0x83, 0xE0, 0x83, 0xE0, 0x83, 0xE0, 0x83, 0xE0, 0x83, 0xE0, 0x83, 
    0xE0, 0x83, 0xE0, 0x83, 0xE0, 0x83, 0xE0, 0x83, 0xE0, 0x83, 0xE0, 0x83, 0xE0, 0x83, 0xE0, 0x83, 
    0xE0, 0x83, 0xE0, 0x83, 0xE0, 0x83, 0xE0, 0x83, 0xE0, 0x83, 0xE0, 0x83, 0xE0, 0x83, 0xE0, 0x83, 
    0xE0, 0x83, 0xE0, 0x83, 0xE0, 0x83, 0xE0, 0x83, 0xE0, 0x83, 0xE0, 0x83, 0xE0, 0x83, 0xE0, 0x83, 
    0xE0, 0x83, 0xE0, 0x83, 0xE0, 0x83, 0xE0, 0x83, 0xE0, 0x83, 0xE0, 0x83, 0xE0, 0x83, 0xE0, 0x83, 
    0xE0, 0x83, 0xE0, 0x83, 0xE0, 0x83, 0xE0, 0x83, 0xE0, 0x83, 0xE0, 0x83, 0xFF, 0xFF, 0xFF, 0xFF, 
    0xFF, 0xFF, 0xFF, 0xFF, 0xFF, 0xFF, 0xFF, 0xFF, 0xFF, 0xFF, 0xFF, 0xFF, 0xFF, 0xFF, 0xFF, 0xFF, 
    0xFF, 0xFF, 0xFF, 0xFF, 0xFF, 0xFF, 0xFF, 0xFF, 0xFF, 0xFF, 0xE0, 0x83, 0xE0, 0x83, 0xE0, 0x83, 
    0xE0, 0x83, 0xE0, 0x83, 0xE0, 0x83, 0xE0, 0x83, 0xE0, 0x83, 0xE0, 0x83, 0xE0, 0x83, 0xE0, 0x83, 
    0xE0, 0x83, 0xE0, 0x83, 0xE0, 0x83, 0xE0, 0x83, 0xE0, 0x83, 0xE0, 0x83, 0xE0, 0x83, 0xE0, 0x83, 
    0xE0, 0x83, 0xE0, 0x83, 0xE0, 0x83, 0xE0, 0x83, 0xE0, 0x83, 0xE0, 0x83, 0xE0, 0x83, 0xE0, 0x83, 
    0xE0, 0x83, 0xE0, 0x83, 0xE0, 0x83, 0xE0, 0x83, 0xE0, 0x83, 0xE0, 0x83, 0xE0, 0x83, 0xE0, 0x83, 
    0xE0, 0x83, 0xE0, 0x83, 0xE0, 0x83, 0xE0, 0x83, 0xE0, 0x83, 0xE0, 0x83, 0xE0, 0x83, 0xE0, 0x83, 
    0xFF, 0xFF, 0xFF, 0xFF, 0xFF, 0xFF, 0xFF, 0xFF, 0xFF, 0xFF, 0xFF, 0xFF, 0xFF, 0xFF, 0xFF, 0xFF, 
    0xFF, 0xFF, 0xFF, 0xFF, 0xFF, 0xFF, 0xFF, 0xFF, 0xFF, 0xFF, 0xFF, 0xFF, 0xFF, 0xFF, 0xFF, 0xFF, 
    0xFF, 0xFF, 0xE0, 0x83, 0xE0, 0x83, 0xE0, 0x83, 0xE0, 0x83, 0xE0, 0x83, 0xE0, 0x83, 0xE0, 0x83, 
    0xE0, 0x83, 0xE0, 0x83, 0xE0, 0x83, 0xE0, 0x83, 0xE0, 0x83, 0xE0, 0x83, 0xE0, 0x83, 0xE0, 0x83, 
    0xE0, 0x83, 0xE0, 0x83, 0xE0, 0x83, 0xE0, 0x83, 0xE0, 0x83, 0xE0, 0x83, 0xE0, 0x83, 0xE0, 0x83, 
    0xE0, 0x83, 0xE0, 0x83, 0xE0, 0x83, 0xE0, 0x83, 0xE0, 0x83, 0xE0, 0x83, 0xE0, 0x83, 0xE0, 0x83, 
    0xE0, 0x83, 0xE0, 0x83, 0xE0, 0x83, 0xE0, 0x83, 0xE0, 0x83, 0xE0, 0x83, 0xE0, 0x83, 0xE0, 0x83, 
    0xE0, 0x83, 0xE0, 0x83, 0xFF, 0xFF, 0xFF, 0xFF, 0xFF, 0xFF, 0xFF, 0xFF, 0xFF, 0xFF, 0xFF, 0xFF, 
    0xFF, 0xFF, 0xFF, 0xFF, 0xFF, 0xFF, 0xFF, 0xFF, 0xFF, 0xFF, 0xFF, 0xFF, 0xFF, 0xFF, 0xFF, 0xFF, 
    0xFF, 0xFF, 0xFF, 0xFF, 0xFF, 0xFF, 0xFF, 0xFF, 0xFF, 0xFF, 0xE0, 0x83, 0xE0, 0x83, 0xE0, 0x83, 
    0xE0, 0x83, 0xE0, 0x83, 0xE0, 0x83, 0xE0, 0x83, 0xE0, 0x83, 0xE0, 0x83, 0xE0, 0x83, 0xE0, 0x83, 
    0xE0, 0x83, 0xE0, 0x83, 0xE0, 0x83, 0xE0, 0x83, 0xE0, 0x83, 0xE0, 0x83, 0xE0, 0x83, 0xE0, 0x83, 
    0xE0, 0x83, 0xE0, 0x83, 0xE0, 0x83, 0xE0, 0x83, 0xE0, 0x83, 0xE0, 0x83, 0xE0, 0x83, 0xE0, 0x83, 
    0xE0, 0x83, 0xE0, 0x83, 0xE0, 0x83, 0xE0, 0x83, 0xE0, 0x83, 0xE0, 0x83, 0xE0, 0x83, 0xE0, 0x83, 
    0xE0, 0x83, 0xE0, 0x83, 0xE0, 0x83, 0xE0, 0x83, 0xFF, 0xFF, 0xFF, 0xFF, 0xFF, 0xFF, 0xFF, 0xFF, 
    0xFF, 0xFF, 0xFF, 0xFF, 0xFF, 0xFF, 0xFF, 0xFF, 0xFF, 0xFF, 0xFF, 0xFF, 0xFF, 0xFF, 0xFF, 0xFF, 
    0xFF, 0xFF, 0xFF, 0xFF, 0xFF, 0xFF, 0xFF, 0xFF, 0xFF, 0xFF, 0xFF, 0xFF, 0xFF, 0xFF, 0xFF, 0xFF, 
    0xFF, 0xFF, 0xE0, 0x83, 0xE0, 0x83, 0xE0, 0x83, 0xE0, 0x83, 0xE0, 0x83, 0xE0, 0x83, 0xE0, 0x83, 
    0xE0, 0x83, 0xE0, 0x83, 0xE0, 0x83, 0xE0, 0x83, 0xE0, 0x83, 0xE0, 0x83, 0xE0, 0x83, 0xE0, 0x83, 
    0xE0, 0x83, 0xE0, 0x83, 0xE0, 0x83, 0xE0, 0x83, 0xE0, 0x83, 0xE0, 0x83, 0xE0, 0x83, 0xE0, 0x83, 
    0xE0, 0x83, 0xE0, 0x83, 0xE0, 0x83, 0xE0, 0x83, 0xE0, 0x83, 0xE0, 0x83, 0xE0, 0x83, 0xE0, 0x83, 
    0xE0, 0x83, 0xE0, 0x83, 0xE0, 0x83, 0xE0, 0x83, 0xE0, 0x83, 0xE0, 0x83, 0xFF, 0xFF, 0xFF, 0xFF, 
    0xFF, 0xFF, 0xFF, 0xFF, 0xFF, 0xFF, 0xFF, 0xFF, 0xFF, 0xFF, 0xFF, 0xFF, 0xFF, 0xFF, 0xFF, 0xFF, 
    0xFF, 0xFF, 0xFF, 0xFF, 0xFF, 0xFF, 0xFF, 0xFF, 0xFF, 0xFF, 0xFF, 0xFF, 0xFF, 0xFF, 0xFF, 0xFF, 
    0xFF, 0xFF, 0xFF, 0xFF, 0xFF, 0xFF, 0xFF, 0xFF, 0xFF, 0xFF, 0xE0, 0x83, 0xE0, 0x83, 0xE0, 0x83, 
    0xE0, 0x83, 0xE0, 0x83, 0xE0, 0x83, 0xE0, 0x83, 0xE0, 0x83, 0xE0, 0x83, 0xE0, 0x83, 0xE0, 0x83, 
    0xE0, 0x83, 0xE0, 0x83, 0xE0, 0x83, 0xE0, 0x83, 0xE0, 0x83, 0xE0, 0x83, 0xE0, 0x83, 0xE0, 0x83, 
    0xE0, 0x83, 0xE0, 0x83, 0xE0, 0x83, 0xE0, 0x83, 0xE0, 0x83, 0xE0, 0x83, 0xE0, 0x83, 0xE0, 0x83, 
    0xE0, 0x83, 0xE0, 0x83, 0xE0, 0x83, 0xE0, 0x83, 0xE0, 0x83, 0xE0, 0x83, 0xE0, 0x83, 0xE0, 0x83, 
    0xFF, 0xFF, 0xFF, 0xFF, 0xFF, 0xFF, 0xFF, 0xFF, 0xFF, 0xFF, 0xFF, 0xFF, 0xFF, 0xFF, 0xFF, 0xFF, 
    0xFF, 0xFF, 0xFF, 0xFF, 0xFF, 0xFF, 0xFF, 0xFF, 0xFF, 0xFF, 0xFF, 0xFF, 0xFF, 0xFF, 0xFF, 0xFF, 
    0xFF, 0xFF, 0xFF, 0xFF, 0xFF, 0xFF, 0xFF, 0xFF, 0xFF, 0xFF, 0xFF, 0xFF, 0xFF, 0xFF, 0xFF, 0xFF, 
    0xFF, 0xFF, 0xE0, 0x83, 0xE0, 0x83, 0xE0, 0x83, 0xE0, 0x83, 0xE0, 0x83, 0xE0, 0x83, 0xE0, 0x83, 
    0xE0, 0x83, 0xE0, 0x83, 0xE0, 0x83, 0xE0, 0x83, 0xE0, 0x83, 0xE0, 0x83, 0xE0, 0x83, 0xE0, 0x83, 
    0xE0, 0x83, 0xE0, 0x83, 0xE0, 0x83, 0xE0, 0x83, 0xE0, 0x83, 0xE0, 0x83, 0xE0, 0x83, 0xE0, 0x83, 
    0xE0, 0x83, 0xE0, 0x83, 0xE0, 0x83, 0xE0, 0x83, 0xE0, 0x83, 0xE0, 0x83, 0xE0, 0x83, 0xE0, 0x83, 
    0xE0, 0x83, 0xE0, 0x83, 0xFF, 0xFF, 0xDF, 0xFF, 0xFF, 0xFF, 0xFF, 0xFF, 0xFF, 0xFF, 0xFF, 0xFF, 
    0xFF, 0xFF, 0xFF, 0xFF, 0xFF, 0xFF, 0xFF, 0xFF, 0xFF, 0xFF, 0xFF, 0xFF, 0xFF, 0xFF, 0xFF, 0xFF, 
    0xFF, 0xFF, 0xFF, 0xFF, 0xFF, 0xFF, 0xFF, 0xFF, 0xFF, 0xFF, 0xFF, 0xFF, 0xFF, 0xFF, 0xFF, 0xFF, 
    0xFF, 0xFF, 0xFF, 0xFF, 0xFF, 0xFF, 0xFF, 0xFF, 0xFF, 0xFF, 0xE0, 0x83, 0xE0, 0x83, 0xE0, 0x83, 
    0xE0, 0x83, 0xE0, 0x83, 0xE0, 0x83, 0xE0, 0x83, 0xE0, 0x83, 0xE0, 0x83, 0xE0, 0x83, 0xE0, 0x83, 
    0xE0, 0x83, 0xE0, 0x83, 0xE0, 0x83, 0xE0, 0x83, 0xE0, 0x83, 0xE0, 0x83, 0xE0, 0x83, 0xE0, 0x83, 
    0xE0, 0x83, 0xE0, 0x83, 0xE0, 0x83, 0xE0, 0x83, 0xE0, 0x83, 0xE0, 0x83, 0xE0, 0x83, 0xE0, 0x83, 
    0xE0, 0x83, 0xE0, 0x83, 0xE0, 0x83, 0xE0, 0x83, 0xFF, 0xFF, 0xFF, 0xFF, 0xFF, 0xFF, 0xFF, 0xFF, 
    0xFF, 0xFF, 0xFF, 0xFF, 0xFF, 0xFF, 0xFF, 0xFF, 0xFF, 0xFF, 0xFF, 0xFF, 0xFF, 0xFF, 0xFF, 0xFF, 
    0xFF, 0xFF, 0xFF, 0xFF, 0xFF, 0xFF, 0xFF, 0xFF, 0xFF, 0xFF, 0xFF, 0xFF, 0xFF, 0xFF, 0xFF, 0xFF, 
    0xFF, 0xFF, 0xFF, 0xFF, 0xFF, 0xFF, 0xFF, 0xFF, 0xFF, 0xFF, 0xFF, 0xFF, 0xFF, 0xFF, 0xFF, 0xFF, 
    0xFF, 0xFF, 0xE0, 0x83, 0xE0, 0x83, 0xE0, 0x83, 0xE0, 0x83, 0xE0, 0x83, 0xE0, 0x83, 0xE0, 0x83, 
    0xE0, 0x83, 0xE0, 0x83, 0xE0, 0x83, 0xE0, 0x83, 0xE0, 0x83, 0xE0, 0x83, 0xE0, 0x83, 0xE0, 0x83, 
    0xE0, 0x83, 0xE0, 0x83, 0xE0, 0x83, 0xE0, 0x83, 0xE0, 0x83, 0xE0, 0x83, 0xE0, 0x83, 0xE0, 0x83, 
    0xE0, 0x83, 0xE0, 0x83, 0xE0, 0x83, 0xE0, 0x83, 0xE0, 0x83, 0xE0, 0x83, 0xFF, 0xFF, 0xFF, 0xFF, 
    0xFF, 0xFF, 0xFF, 0xFF, 0xFF, 0xFF, 0xFF, 0xFF, 0xFF, 0xFF, 0xFF, 0xFF, 0xFF, 0xFF, 0xFF, 0xFF, 
    0xFF, 0xFF, 0xFF, 0xFF, 0xFF, 0xFF, 0xFF, 0xFF, 0xFF, 0xFF, 0xFF, 0xFF, 0xFF, 0xFF, 0xFF, 0xFF, 
    0xFF, 0xFF, 0xFF, 0xFF, 0xFF, 0xFF, 0xFF, 0xFF, 0xFF, 0xFF, 0xFF, 0xFF, 0xFF, 0xFF, 0xFF, 0xFF, 
    0xFF, 0xFF, 0xFF, 0xFF, 0xFF, 0xFF, 0xFF, 0xFF, 0xFF, 0xFF, 0xE0, 0x83, 0xE0, 0x83, 0xE0, 0x83, 
    0xE0, 0x83, 0xE0, 0x83, 0xE0, 0x83, 0xE0, 0x83, 0xE0, 0x83, 0xE0, 0x83, 0xE0, 0x83, 0xE0, 0x83, 
    0xE0, 0x83, 0xE0, 0x83, 0xE0, 0x83, 0xE0, 0x83, 0xE0, 0x83, 0xE0, 0x83, 0xE0, 0x83, 0xE0, 0x83, 
    0xE0, 0x83, 0xE0, 0x83, 0xE0, 0x83, 0xE0, 0x83, 0xE0, 0x83, 0xE0, 0x83, 0xE0, 0x83, 0xE0, 0x83, 
    0xFF, 0xFF, 0xFF, 0xFF, 0xFF, 0xFF, 0xFF, 0xFF, 0xFF, 0xFF, 0xFF, 0xFF, 0xFF, 0xFF, 0xFF, 0xFF, 
    0xFF, 0xFF, 0xFF, 0xFF, 0xFF, 0xFF, 0xFF, 0xFF, 0xFF, 0xFF, 0xFF, 0xFF, 0xFF, 0xFF, 0xFF, 0xFF, 
    0xFF, 0xFF, 0xFF, 0xFF, 0xFF, 0xFF, 0xFF, 0xFF, 0xFF, 0xFF, 0xFF, 0xFF, 0xFF, 0xFF, 0xFF, 0xFF, 
    0xFF, 0xFF, 0xFF, 0xFF, 0xFF, 0xFF, 0xFF, 0xFF, 0xFF, 0xFF, 0xFF, 0xFF, 0xFF, 0xFF, 0xFF, 0xFF, 
    0xFF, 0xFF, 0xE0, 0x83, 0xE0, 0x83, 0xE0, 0x83, 0xE0, 0x83, 0xE0, 0x83, 0xE0, 0x83, 0xE0, 0x83, 
    0xE0, 0x83, 0xE0, 0x83, 0xE0, 0x83, 0xE0, 0x83, 0xE0, 0x83, 0xE0, 0x83, 0xE0, 0x83, 0xE0, 0x83, 
    0xE0, 0x83, 0xE0, 0x83, 0xE0, 0x83, 0xE0, 0x83, 0xE0, 0x83, 0xE0, 0x83, 0xE0, 0x83, 0xE0, 0x83, 
    0xE0, 0x83, 0xE0, 0x83, 0xFF, 0xFF, 0xFF, 0xFF, 0xFF, 0xFF, 0xFF, 0xFF, 0xFF, 0xFF, 0xFF, 0xFF, 
    0xFF, 0xFF, 0xFF, 0xFF, 0xFF, 0xFF, 0xFF, 0xFF, 0xFF, 0xFF, 0xFF, 0xFF, 0xFF, 0xFF, 0xFF, 0xFF, 
    0xFF, 0xFF, 0xFF, 0xFF, 0xFF, 0xFF, 0xFF, 0xFF, 0xFF, 0xFF, 0xFF, 0xFF, 0xFF, 0xFF, 0xFF, 0xFF, 
    0xFF, 0xFF, 0xFF, 0xFF, 0xFF, 0xFF, 0xFF, 0xFF, 0xFF, 0xFF, 0xFF, 0xFF, 0xFF, 0xFF, 0xFF, 0xFF, 
    0xFF, 0xFF, 0xFF, 0xFF, 0xFF, 0xFF, 0xFF, 0xFF, 0xFF, 0xFF, 0xE0, 0x83, 0xE0, 0x83, 0xE0, 0x83, 
    0xE0, 0x83, 0xE0, 0x83, 0xE0, 0x83, 0xE0, 0x83, 0xE0, 0x83, 0xE0, 0x83, 0xE0, 0x83, 0xE0, 0x83, 
    0xE0, 0x83, 0xE0, 0x83, 0xE0, 0x83, 0xE0, 0x83, 0xE0, 0x83, 0xE0, 0x83, 0xE0, 0x83, 0xE0, 0x83, 
    0xE0, 0x83, 0xE0, 0x83, 0xE0, 0x83, 0xE0, 0x83, 0xFF, 0xFF, 0xFF, 0xFF, 0xFF, 0xFF, 0xFF, 0xFF, 
    0xFF, 0xFF, 0xFF, 0xFF, 0xFF, 0xFF, 0xFF, 0xFF, 0xFF, 0xFF, 0xFF, 0xFF, 0xFF, 0xFF, 0xFF, 0xFF, 
    0xFF, 0xFF, 0xFF, 0xFF, 0xFF, 0xFF, 0xFF, 0xFF, 0xFF, 0xFF, 0xFF, 0xFF, 0xFF, 0xFF, 0xFF, 0xFF, 
    0xFF, 0xFF, 0xFF, 0xFF, 0xFF, 0xFF, 0xFF, 0xFF, 0xFF, 0xFF, 0xFF, 0xFF, 0xFF, 0xFF, 0xFF, 0xFF, 
    0xFF, 0xFF, 0xFF, 0xFF, 0xFF, 0xFF, 0xFF, 0xFF, 0xFF, 0xFF, 0xFF, 0xFF, 0xFF, 0xFF, 0xFF, 0xFF, 
    0xFF, 0xFF, 0xE0, 0x83, 0xE0, 0x83, 0xE0, 0x83, 0xE0, 0x83, 0xE0, 0x83, 0xE0, 0x83, 0xE0, 0x83, 
    0xE0, 0x83, 0xE0, 0x83, 0xE0, 0x83, 0xE0, 0x83, 0xE0, 0x83, 0xE0, 0x83, 0xE0, 0x83, 0xE0, 0x83, 
    0xE0, 0x83, 0xE0, 0x83, 0xE0, 0x83, 0xE0, 0x83, 0xE0, 0x83, 0xE0, 0x83, 0xFF, 0xFF, 0xFF, 0xFF, 
    0xFF, 0xFF, 0xFF, 0xFF, 0xFF, 0xFF, 0xFF, 0xFF, 0xFF, 0xFF, 0xFF, 0xFF, 0xFF, 0xFF, 0xFF, 0xFF, 
    0xFF, 0xFF, 0xFF, 0xFF, 0xFF, 0xFF, 0xFF, 0xFF, 0xFF, 0xFF, 0xFF, 0xFF, 0xFF, 0xFF, 0xFF, 0xFF, 
    0xFF, 0xFF, 0xFF, 0xFF, 0xFF, 0xFF, 0xFF, 0xFF, 0xFF, 0xFF, 0xFF, 0xFF, 0xFF, 0xFF, 0xFF, 0xFF, 
    0xFF, 0xFF, 0xFF, 0xFF, 0xFF, 0xFF, 0xFF, 0xFF, 0xFF, 0xFF, 0xFF, 0xFF, 0xFF, 0xFF, 0xFF, 0xFF, 
    0xFF, 0xFF, 0xFF, 0xFF, 0xFF, 0xFF, 0xFF, 0xFF, 0xFF, 0xFF, 0xE0, 0x83, 0xE0, 0x83, 0xE0, 0x83, 
    0xE0, 0x83, 0xE0, 0x83, 0xE0, 0x83, 0xE0, 0x83, 0xE0, 0x83, 0xE0, 0x83, 0xE0, 0x83, 0xE0, 0x83, 
    0xE0, 0x83, 0xE0, 0x83, 0xE0, 0x83, 0xE0, 0x83, 0xE0, 0x83, 0xE0, 0x83, 0xE0, 0x83, 0xE0, 0x83, 
    0xFF, 0xFF, 0xFF, 0xFF, 0xFF, 0xFF, 0xFF, 0xFF, 0xFF, 0xFF, 0xFF, 0xFF, 0xFF, 0xFF, 0xFF, 0xFF, 
    0xFF, 0xFF, 0xFF, 0xFF, 0xFF, 0xFF, 0xFF, 0xFF, 0xFF, 0xFF, 0xFF, 0xFF, 0xFF, 0xFF, 0xFF, 0xFF, 
    0xFF, 0xFF, 0xFF, 0xFF, 0xFF, 0xFF, 0xFF, 0xFF, 0xFF, 0xFF, 0xFF, 0xFF, 0xFF, 0xFF, 0xFF, 0xFF, 
    0xFF, 0xFF, 0xFF, 0xFF, 0xFF, 0xFF, 0xFF, 0xFF, 0xFF, 0xFF, 0xFF, 0xFF, 0xFF, 0xFF, 0xFF, 0xFF, 
    0xFF, 0xFF, 0xFF, 0xFF, 0xFF, 0xFF, 0xFF, 0xFF, 0xFF, 0xFF, 0xFF, 0xFF, 0xFF, 0xFF, 0xFF, 0xFF, 
    0xFF, 0xFF, 0xE0, 0x83, 0xE0, 0x83, 0xE0, 0x83, 0xE0, 0x83, 0xE0, 0x83, 0xE0, 0x83, 0xE0, 0x83, 
    0xE0, 0x83, 0xE0, 0x83, 0xE0, 0x83, 0xE0, 0x83, 0xE0, 0x83, 0xE0, 0x83, 0xE0, 0x83, 0xE0, 0x83, 
    0xE0, 0x83, 0xE0, 0x83, 0xFF, 0xFF, 0xFF, 0xFF, 0xFF, 0xFF, 0xFF, 0xFF, 0xFF, 0xFF, 0xFF, 0xFF, 
    0xFF, 0xFF, 0xFF, 0xFF, 0xFF, 0xFF, 0xFF, 0xFF, 0xFF, 0xFF, 0xFF, 0xFF, 0xFF, 0xFF, 0xFF, 0xFF, 
    0xFF, 0xFF, 0xFF, 0xFF, 0xFF, 0xFF, 0xFF, 0xFF, 0xFF, 0xFF, 0xFF, 0xFF, 0xFF, 0xFF, 0xFF, 0xFF, 
    0xFF, 0xFF, 0xFF, 0xFF, 0xFF, 0xFF, 0xFF, 0xFF, 0xFF, 0xFF, 0xFF, 0xFF, 0xFF, 0xFF, 0xFF, 0xFF, 
    0xFF, 0xFF, 0xFF, 0xFF, 0xFF, 0xFF, 0xFF, 0xFF, 0xFF, 0xFF, 0xFF, 0xFF, 0xFF, 0xFF, 0xFF, 0xFF, 
    0xFF, 0xFF, 0xFF, 0xFF, 0xFF, 0xFF, 0xFF, 0xFF, 0xFF, 0xFF, 0xE0, 0x83, 0xE0, 0x83, 0xE0, 0x83, 
    0xE0, 0x83, 0xE0, 0x83, 0xE0, 0x83, 0xE0, 0x83, 0xE0, 0x83, 0xE0, 0x83, 0xE0, 0x83, 0xE0, 0x83, 
    0xE0, 0x83, 0xE0, 0x83, 0xE0, 0x83, 0xE0, 0x83, 0xFF, 0xFF, 0xFF, 0xFF, 0xFF, 0xFF, 0xFF, 0xFF, 
    0xFF, 0xFF, 0xFF, 0xFF, 0xFF, 0xFF, 0xFF, 0xFF, 0xFF, 0xFF, 0xFF, 0xFF, 0xFF, 0xFF, 0xFF, 0xFF, 
    0xFF, 0xFF, 0xFF, 0xFF, 0xFF, 0xFF, 0xFF, 0xFF, 0xFF, 0xFF, 0xFF, 0xFF, 0xFF, 0xFF, 0xFF, 0xFF, 
    0xFF, 0xFF, 0xFF, 0xFF, 0xFF, 0xFF, 0xFF, 0xFF, 0xFF, 0xFF, 0xFF, 0xFF, 0xFF, 0xFF, 0xFF, 0xFF, 
    0xFF, 0xFF, 0xFF, 0xFF, 0xFF, 0xFF, 0xFF, 0xFF, 0xFF, 0xFF, 0xFF, 0xFF, 0xFF, 0xFF, 0xFF, 0xFF, 
    0xFF, 0xFF, 0xFF, 0xFF, 0xFF, 0xFF, 0xFF, 0xFF, 0xFF, 0xFF, 0xFF, 0xFF, 0xFF, 0xFF, 0xFF, 0xFF, 
    0xFF, 0xFF, 0xE0, 0x83, 0xE0, 0x83, 0xE0, 0x83, 0xE0, 0x83, 0xE0, 0x83, 0xE0, 0x83, 0xE0, 0x83, 
    0xE0, 0x83, 0xE0, 0x83, 0xE0, 0x83, 0xE0, 0x83, 0xE0, 0x83, 0xE0, 0x83, 0xFF, 0xFF, 0xFF, 0xFF, 
    0xFF, 0xFF, 0xFF, 0xFF, 0xFF, 0xFF, 0xFF, 0xFF, 0xFF, 0xFF, 0xFF, 0xFF, 0xFF, 0xFF, 0xFF, 0xFF, 
    0xFF, 0xFF, 0xFF, 0xFF, 0xFF, 0xFF, 0xFF, 0xFF, 0xFF, 0xFF, 0xFF, 0xFF, 0xFF, 0xFF, 0xFF, 0xFF, 
    0xFF, 0xFF, 0xFF, 0xFF, 0xFF, 0xFF, 0xFF, 0xFF, 0xFF, 0xFF, 0xFF, 0xFF, 0xFF, 0xFF, 0xFF, 0xFF, 
    0xFF, 0xFF, 0xFF, 0xFF, 0xFF, 0xFF, 0xFF, 0xFF, 0xFF, 0xFF, 0xFF, 0xFF, 0xFF, 0xFF, 0xFF, 0xFF, 
    0xFF, 0xFF, 0xFF, 0xFF, 0xFF, 0xFF, 0xFF, 0xFF, 0xFF, 0xFF, 0xFF, 0xFF, 0xFF, 0xFF, 0xFF, 0xFF, 
    0xFF, 0xFF, 0xFF, 0xFF, 0xFF, 0xFF, 0xFF, 0xFF, 0xFF, 0xFF, 0xE0, 0x83, 0xE0, 0x83, 0xE0, 0x83, 
    0xE0, 0x83, 0xE0, 0x83, 0xE0, 0x83, 0xE0, 0x83, 0xE0, 0x83, 0xE0, 0x83, 0xE0, 0x83, 0xE0, 0x83, 
    0xFF, 0xFF, 0xFF, 0xFF, 0xFF, 0xFF, 0xFF, 0xFF, 0xFF, 0xFF, 0xFF, 0xFF, 0xFF, 0xFF, 0xFF, 0xFF, 
    0xFF, 0xFF, 0xFF, 0xFF, 0xFF, 0xFF, 0xFF, 0xFF, 0xFF, 0xFF, 0xFF, 0xFF, 0xFF, 0xFF, 0xFF, 0xFF, 
    0xFF, 0xFF, 0xFF, 0xFF, 0xFF, 0xFF, 0xFF, 0xFF, 0xFF, 0xFF, 0xFF, 0xFF, 0xFF, 0xFF, 0xFF, 0xFF, 
    0xFF, 0xFF, 0xFF, 0xFF, 0xFF, 0xFF, 0xFF, 0xFF, 0xFF, 0xFF, 0xFF, 0xFF, 0xFF, 0xFF, 0xFF, 0xFF, 
    0xFF, 0xFF, 0xFF, 0xFF, 0xFF, 0xFF, 0xFF, 0xFF, 0xFF, 0xFF, 0xFF, 0xFF, 0xFF, 0xFF, 0xFF, 0xFF, 
    0xFF, 0xFF, 0xFF, 0xFF, 0xFF, 0xFF, 0xFF, 0xFF, 0xFF, 0xFF, 0xFF, 0xFF, 0xFF, 0xFF, 0xFF, 0xFF, 
    0xFF, 0xFF, 0xE0, 0x83, 0xE0, 0x83, 0xE0, 0x83, 0xE0, 0x83, 0xE0, 0x83, 0xE0, 0x83, 0xE0, 0x83, 
    0xE0, 0x83, 0xE0, 0x83, 0xFF, 0xFF, 0xFF, 0xFF, 0xFF, 0xFF, 0xFF, 0xFF, 0xFF, 0xFF, 0xFF, 0xFF, 
    0xFF, 0xFF, 0xFF, 0xFF, 0xFF, 0xFF, 0xFF, 0xFF, 0xFF, 0xFF, 0xFF, 0xFF, 0xFF, 0xFF, 0xFF, 0xFF, 
    0xFF, 0xFF, 0xFF, 0xFF, 0xFF, 0xFF, 0xFF, 0xFF, 0xFF, 0xFF, 0xFF, 0xFF, 0xFF, 0xFF, 0xFF, 0xFF, 
    0xFF, 0xFF, 0xFF, 0xFF, 0xFF, 0xFF, 0xFF, 0xFF, 0xFF, 0xFF, 0xFF, 0xFF, 0xFF, 0xFF, 0xFF, 0xFF, 
    0xFF, 0xFF, 0xFF, 0xFF, 0xFF, 0xFF, 0xFF, 0xFF, 0xFF, 0xFF, 0xFF, 0xFF, 0xFF, 0xFF, 0xFF, 0xFF, 
    0xFF, 0xFF, 0xFF, 0xFF, 0xFF, 0xFF, 0xFF, 0xFF, 0xFF, 0xFF, 0xFF, 0xFF, 0xFF, 0xFF, 0xFF, 0xFF, 
    0xFF, 0xFF, 0xFF, 0xFF, 0xFF, 0xFF, 0xFF, 0xFF, 0xFF, 0xFF, 0xE0, 0x83, 0xE0, 0x83, 0xE0, 0x83, 
    0xE0, 0x83, 0xE0, 0x83, 0xE0, 0x83, 0xE0, 0x83, 0xFF, 0xFF, 0xFF, 0xFF, 0xFF, 0xFF, 0xFF, 0xFF, 
    0xFF, 0xFF, 0xFF, 0xFF, 0xFF, 0xFF, 0xFF, 0xFF, 0xFF, 0xFF, 0xFF, 0xFF, 0xFF, 0xFF, 0xFF, 0xFF, 
    0xFF, 0xFF, 0xFF, 0xFF, 0xFF, 0xFF, 0xFF, 0xFF, 0xFF, 0xFF, 0xFF, 0xFF, 0xFF, 0xFF, 0xFF, 0xFF, 
    0xFF, 0xFF, 0xFF, 0xFF, 0xFF, 0xFF, 0xFF, 0xFF, 0xFF, 0xFF, 0xFF, 0xFF, 0xFF, 0xFF, 0xFF, 0xFF, 
    0xFF, 0xFF, 0xFF, 0xFF, 0xFF, 0xFF, 0xFF, 0xFF, 0xFF, 0xFF, 0xFF, 0xFF, 0xFF, 0xFF, 0xFF, 0xFF, 
    0xFF, 0xFF, 0xFF, 0xFF, 0xFF, 0xFF, 0xFF, 0xFF, 0xFF, 0xFF, 0xFF, 0xFF, 0xFF, 0xFF, 0xFF, 0xFF, 
    0xFF, 0xFF, 0xFF, 0xFF, 0xFF, 0xFF, 0xFF, 0xFF, 0xFF, 0xFF, 0xFF, 0xFF, 0xFF, 0xFF, 0xFF, 0xFF, 
    0xFF, 0xFF, 0xE0, 0x83, 0xE0, 0x83, 0xE0, 0x83, 0xE0, 0x83, 0xE0, 0x83, 0xFF, 0xFF, 0xFF, 0xFF, 
    0xFF, 0xFF, 0xFF, 0xFF, 0xFF, 0xFF, 0xFF, 0xFF, 0xFF, 0xFF, 0xFF, 0xFF, 0xFF, 0xFF, 0xFF, 0xFF, 
    0xFF, 0xFF, 0xFF, 0xFF, 0xFF, 0xFF, 0xFF, 0xFF, 0xFF, 0xFF, 0xFF, 0xFF, 0xFF, 0xFF, 0xFF, 0xFF, 
    0xFF, 0xFF, 0xFF, 0xFF, 0xFF, 0xFF, 0xFF, 0xFF, 0xFF, 0xFF, 0xFF, 0xFF, 0xFF, 0xFF, 0xFF, 0xFF, 
    0xFF, 0xFF, 0xFF, 0xFF, 0xFF, 0xFF, 0xFF, 0xFF, 0xFF, 0xFF, 0xFF, 0xFF, 0xFF, 0xFF, 0xFF, 0xFF, 
    0xFF, 0xFF, 0xFF, 0xFF, 0xFF, 0xFF, 0xFF, 0xFF, 0xFF, 0xFF, 0xFF, 0xFF, 0xFF, 0xFF, 0xFF, 0xFF, 
    0xFF, 0xFF, 0xFF, 0xFF, 0xFF, 0xFF, 0xFF, 0xFF, 0xFF, 0xFF, 0xFF, 0xFF, 0xFF, 0xFF, 0xFF, 0xFF, 
    0xFF, 0xFF, 0xFF, 0xFF, 0xFF, 0xFF, 0xFF, 0xFF, 0xFF, 0xFF, 0xE0, 0x83, 0xE0, 0x83, 0xE0, 0x83, 
    0xE0, 0x83, 0xE0, 0x83, 0xE0, 0x83, 0xE0, 0x83, 0xE0, 0x83, 0xE0, 0x83, 0xE0, 0x83, 0xE0, 0x83, 
    0xE0, 0x83, 0xE0, 0x83, 0xE0, 0x83, 0xE0, 0x83, 0xE0, 0x83, 0xE0, 0x83, 0xE0, 0x83, 0xFF, 0xFF, 
    0xFF, 0xFF, 0xFF, 0xFF, 0xFF, 0xFF, 0xFF, 0xFF, 0xFF, 0xFF, 0xFF, 0xFF, 0xFF, 0xFF, 0xFF, 0xFF, 
    0xFF, 0xFF, 0xFF, 0xFF, 0xFF, 0xFF, 0xFF, 0xFF, 0xFF, 0xFF, 0xFF, 0xFF, 0xFF, 0xFF, 0xFF, 0xFF, 
    0xFF, 0xFF, 0xFF, 0xFF, 0xFF, 0xFF, 0xFF, 0xFF, 0xFF, 0xFF, 0xFF, 0xFF, 0xFF, 0xFF, 0xFF, 0xFF, 
    0xFF, 0xFF, 0xFF, 0xFF, 0xE0, 0x83, 0xE0, 0x83, 0xE0, 0x83, 0xE0, 0x83, 0xE0, 0x83, 0xE0, 0x83, 
    0xE0, 0x83, 0xE0, 0x83, 0xE0, 0x83, 0xE0, 0x83, 0xE0, 0x83, 0xE0, 0x83, 0xE0, 0x83, 0xE0, 0x83, 
    0xE0, 0x83, 0xE0, 0x83, 0xE0, 0x83, 0xE0, 0x83, 0xE0, 0x83, 0xE0, 0x83, 0xE0, 0x83, 0xE0, 0x83, 
    0xE0, 0x83, 0xE0, 0x83, 0xE0, 0x83, 0xE0, 0x83, 0xE0, 0x83, 0xE0, 0x83, 0xE0, 0x83, 0xE0, 0x83, 
    0xE0, 0x83, 0xE0, 0x83, 0xFF, 0xFF, 0xFF, 0xFF, 0xFF, 0xFF, 0xFF, 0xFF, 0xFF, 0xFF, 0xFF, 0xFF, 
    0xFF, 0xFF, 0xFF, 0xFF, 0xFF, 0xFF, 0xFF, 0xFF, 0xFF, 0xFF, 0xFF, 0xFF, 0xFF, 0xFF, 0xFF, 0xFF, 
    0xFF, 0xFF, 0xFF, 0xFF, 0xFF, 0xFF, 0xFF, 0xFF, 0xFF, 0xFF, 0xFF, 0xFF, 0xFF, 0xFF, 0xFF, 0xFF, 
    0xFF, 0xFF, 0xFF, 0xFF, 0xFF, 0xFF, 0xFF, 0xFF, 0xFF, 0xFF, 0xE0, 0x83, 0xE0, 0x83, 0xE0, 0x83, 
    0xE0, 0x83, 0xE0, 0x83, 0xE0, 0x83, 0xE0, 0x83, 0xE0, 0x83, 0xE0, 0x83, 0xE0, 0x83, 0xE0, 0x83, 
    0xE0, 0x83, 0xE0, 0x83, 0xE0, 0x83, 0xE0, 0x83, 0xE0, 0x83, 0xE0, 0x83, 0xE0, 0x83, 0xE0, 0x83, 
    0xE0, 0x83, 0xE0, 0x83, 0xE0, 0x83, 0xE0, 0x83, 0xE0, 0x83, 0xE0, 0x83, 0xE0, 0x83, 0xE0, 0x83, 
    0xE0, 0x83, 0xE0, 0x83, 0xE0, 0x83, 0xE0, 0x83, 0xE0, 0x83, 0xFF, 0xFF, 0xFF, 0xFF, 0xFF, 0xFF, 
    0xFF, 0xFF, 0xFF, 0xFF, 0xFF, 0xFF, 0xFF, 0xFF, 0xFF, 0xFF, 0xFF, 0xFF, 0xFF, 0xFF, 0xFF, 0xFF, 
    0xFF, 0xFF, 0xFF, 0xFF, 0xFF, 0xFF, 0xFF, 0xFF, 0xFF, 0xFF, 0xFF, 0xFF, 0xFF, 0xFF, 0xFF, 0xFF, 
    0xFF, 0xFF, 0xFF, 0xFF, 0xFF, 0xFF, 0xFF, 0xFF, 0xFF, 0xFF, 0xFF, 0xFF, 0xFF, 0xFF, 0xFF, 0xFF, 
    0xE0, 0x83, 0xE0, 0x83, 0xE0, 0x83, 0xE0, 0x83, 0xE0, 0x83, 0xE0, 0x83, 0xE0, 0x83, 0xE0, 0x83, 
    0xE0, 0x83, 0xE0, 0x83, 0xE0, 0x83, 0xE0, 0x83, 0xE0, 0x83, 0xE0, 0x83, 0xE0, 0x83, 0xE0, 0x83, 
    0xE0, 0x83, 0xE0, 0x83, 0xE0, 0x83, 0xE0, 0x83, 0xE0, 0x83, 0xE0, 0x83, 0xE0, 0x83, 0xE0, 0x83, 
    0xE0, 0x83, 0xE0, 0x83, 0xE0, 0x83, 0xE0, 0x83, 0xE0, 0x83, 0xE0, 0x83, 0xE0, 0x83, 0xE0, 0x83, 
    0xFF, 0xFF, 0xFF, 0xFF, 0xFF, 0xFF, 0xFF, 0xFF, 0xFF, 0xFF, 0xFF, 0xFF, 0xFF, 0xFF, 0xFF, 0xFF, 
    0xFF, 0xFF, 0xFF, 0xFF, 0xFF, 0xFF, 0xFF, 0xFF, 0xFF, 0xFF, 0xFF, 0xFF, 0xFF, 0xFF, 0xFF, 0xFF, 
    0xFF, 0xFF, 0xFF, 0xFF, 0xFF, 0xFF, 0xFF, 0xFF, 0xFF, 0xFF, 0xFF, 0xFF, 0xFF, 0xFF, 0xFF, 0xFF, 
    0xFF, 0xFF, 0xFF, 0xFF, 0xFF, 0xFF, 0xE0, 0x83, 0xE0, 0x83, 0xE0, 0x83, 0xE0, 0x83, 0xE0, 0x83, 
    0xE0, 0x83, 0xE0, 0x83, 0xE0, 0x83, 0xE0, 0x83, 0xE0, 0x83, 0xE0, 0x83, 0xE0, 0x83, 0xE0, 0x83, 
    0xE0, 0x83, 0xE0, 0x83, 0xE0, 0x83, 0xE0, 0x83, 0xE0, 0x83, 0xE0, 0x83, 0xE0, 0x83, 0xE0, 0x83, 
    0xE0, 0x83, 0xE0, 0x83, 0xE0, 0x83, 0xE0, 0x83, 0xE0, 0x83, 0xE0, 0x83, 0xE0, 0x83, 0xE0, 0x83, 
    0xE0, 0x83, 0xE0, 0x83, 0xE0, 0x83, 0xFF, 0xFF, 0xFF, 0xFF, 0xFF, 0xFF, 0xFF, 0xFF, 0xFF, 0xFF, 
    0xFF, 0xFF, 0xFF, 0xFF, 0xFF, 0xFF, 0xFF, 0xFF, 0xFF, 0xFF, 0xFF, 0xFF, 0xFF, 0xFF, 0xFF, 0xFF, 
    0xFF, 0xFF, 0xFF, 0xFF, 0xFF, 0xFF, 0xFF, 0xFF, 0xFF, 0xFF, 0xFF, 0xFF, 0xFF, 0xFF, 0xFF, 0xFF, 
    0xFF, 0xFF, 0xFF, 0xFF, 0xFF, 0xFF, 0xFF, 0xFF, 0xFF, 0xFF, 0xFF, 0xFF, 0xE0, 0x83, 0xE0, 0x83, 
    0xE0, 0x83, 0xE0, 0x83, 0xE0, 0x83, 0xE0, 0x83, 0xE0, 0x83, 0xE0, 0x83, 0xE0, 0x83, 0xE0, 0x83, 
    0xE0, 0x83, 0xE0, 0x83, 0xE0, 0x83, 0xE0, 0x83, 0xE0, 0x83, 0xE0, 0x83, 0xE0, 0x83, 0xE0, 0x83, 
    0xE0, 0x83, 0xE0, 0x83, 0xE0, 0x83, 0xE0, 0x83, 0xE0, 0x83, 0xE0, 0x83, 0xE0, 0x83, 0xE0, 0x83, 
    0xE0, 0x83, 0xE0, 0x83, 0xE0, 0x83, 0xE0, 0x83, 0xE0, 0x83, 0xE0, 0x83, 0xFF, 0xFF, 0xFF, 0xFF, 
    0xFF, 0xFF, 0xFF, 0xFF, 0xFF, 0xFF, 0xFF, 0xFF, 0xFF, 0xFF, 0xFF, 0xFF, 0xFF, 0xFF, 0xFF, 0xFF, 
    0xFF, 0xFF, 0xFF, 0xFF, 0xFF, 0xFF, 0xFF, 0xFF, 0xFF, 0xFF, 0xFF, 0xFF, 0xFF, 0xFF, 0xFF, 0xFF, 
    0xFF, 0xFF, 0xFF, 0xFF, 0xFF, 0xFF, 0xFF, 0xFF, 0xFF, 0xFF, 0xFF, 0xFF, 0xFF, 0xFF, 0xFF, 0xFF, 
    0xFF, 0xFF, 0xE0, 0x83, 0xE0, 0x83, 0xE0, 0x83, 0xE0, 0x83, 0xE0, 0x83, 0xE0, 0x83, 0xE0, 0x83, 
    0xE0, 0x83, 0xE0, 0x83, 0xE0, 0x83, 0xE0, 0x83, 0xE0, 0x83, 0xE0, 0x83, 0xE0, 0x83, 0xE0, 0x83, 
    0xE0, 0x83, 0xE0, 0x83, 0xE0, 0x83, 0xE0, 0x83, 0xE0, 0x83, 0xE0, 0x83, 0xE0, 0x83, 0xE0, 0x83, 
    0xE0, 0x83, 0xE0, 0x83, 0xE0, 0x83, 0xE0, 0x83, 0xE0, 0x83, 0xE0, 0x83, 0xE0, 0x83, 0xE0, 0x83, 
    0xE0, 0x83, 0xFF, 0xFF, 0xFF, 0xFF, 0xFF, 0xFF, 0xFF, 0xFF, 0xFF, 0xFF, 0xFF, 0xFF, 0xFF, 0xFF, 
    0xFF, 0xFF, 0xFF, 0xFF, 0xFF, 0xFF, 0xFF, 0xFF, 0xFF, 0xFF, 0xFF, 0xFF, 0xFF, 0xFF, 0xFF, 0xFF, 
    0xFF, 0xFF, 0xFF, 0xFF, 0xFF, 0xFF, 0xFF, 0xFF, 0xFF, 0xFF, 0xFF, 0xFF, 0xFF, 0xFF, 0xFF, 0xFF, 
    0xFF, 0xFF, 0xFF, 0xFF, 0xFF, 0xFF, 0xFF, 0xFF, 0xE0, 0x83, 0xE0, 0x83, 0xE0, 0x83, 0xE0, 0x83, 
    0xE0, 0x83, 0xE0, 0x83, 0xE0, 0x83, 0xE0, 0x83, 0xE0, 0x83, 0xE0, 0x83, 0xE0, 0x83, 0xE0, 0x83, 
    0xE0, 0x83, 0xE0, 0x83, 0xE0, 0x83, 0xE0, 0x83, 0xE0, 0x83, 0xE0, 0x83, 0xE0, 0x83, 0xE0, 0x83, 
    0xE0, 0x83, 0xE0, 0x83, 0xE0, 0x83, 0xE0, 0x83, 0xE0, 0x83, 0xE0, 0x83, 0xE0, 0x83, 0xE0, 0x83, 
    0xE0, 0x83, 0xE0, 0x83, 0xE0, 0x83, 0xE0, 0x83, 0xFF, 0xFF, 0xFF, 0xFF, 0xFF, 0xFF, 0xFF, 0xFF, 
    0xFF, 0xFF, 0xFF, 0xFF, 0xFF, 0xFF, 0xFF, 0xFF, 0xFF, 0xFF, 0xFF, 0xFF, 0xFF, 0xFF, 0xFF, 0xFF, 
    0xFF, 0xFF, 0xFF, 0xFF, 0xFF, 0xFF, 0xFF, 0xFF, 0xFF, 0xFF, 0xFF, 0xFF, 0xFF, 0xFF, 0xFF, 0xFF, 
    0xFF, 0xFF, 0xFF, 0xFF, 0xFF, 0xFF, 0xFF, 0xFF, 0xFF, 0xFF, 0xFF, 0xFF, 0xFF, 0xFF, 0xE0, 0x83, 
    0xE0, 0x83, 0xE0, 0x83, 0xE0, 0x83, 0xE0, 0x83, 0xE0, 0x83, 0xE0, 0x83, 0xE0, 0x83, 0xE0, 0x83, 
    0xE0, 0x83, 0xE0, 0x83, 0xE0, 0x83, 0xE0, 0x83, 0xE0, 0x83, 0xE0, 0x83, 0xE0, 0x83, 0xE0, 0x83, 
    0xE0, 0x83, 0xE0, 0x83, 0xE0, 0x83, 0xE0, 0x83, 0xE0, 0x83, 0xE0, 0x83, 0xE0, 0x83, 0xE0, 0x83, 
    0xE0, 0x83, 0xE0, 0x83, 0xE0, 0x83, 0xE0, 0x83, 0xE0, 0x83, 0xE0, 0x83, 0xE0, 0x83, 0xFF, 0xFF, 
    0xFF, 0xFF, 0xFF, 0xFF, 0xFF, 0xFF, 0xFF, 0xFF, 0xFF, 0xFF, 0xFF, 0xFF, 0xFF, 0xFF, 0xFF, 0xFF, 
    0xFF, 0xFF, 0xFF, 0xFF, 0xFF, 0xFF, 0xFF, 0xFF, 0xFF, 0xFF, 0xFF, 0xFF, 0xFF, 0xFF, 0xFF, 0xFF, 
    0xFF, 0xFF, 0xFF, 0xFF, 0xFF, 0xFF, 0xFF, 0xFF, 0xFF, 0xFF, 0xFF, 0xFF, 0xFF, 0xFF, 0xFF, 0xFF, 
    0xFF, 0xFF, 0xFF, 0xFF, 0xE0, 0x83, 0xE0, 0x83, 0xE0, 0x83, 0xE0, 0x83, 0xE0, 0x83, 0xE0, 0x83, 
    0xE0, 0x83, 0xE0, 0x83, 0xE0, 0x83, 0xE0, 0x83, 0xE0, 0x83, 0xE0, 0x83, 0xE0, 0x83, 0xE0, 0x83, 
    0xE0, 0x83, 0xE0, 0x83, 0xE0, 0x83, 0xE0, 0x83, 0xE0, 0x83, 0xE0, 0x83, 0xE0, 0x83, 0xE0, 0x83, 
    0xE0, 0x83, 0xE0, 0x83, 0xE0, 0x83, 0xE0, 0x83, 0xE0, 0x83, 0xE0, 0x83, 0xE0, 0x83, 0xE0, 0x83, 
    0xE0, 0x83, 0xE0, 0x83, 0xFF, 0xFF, 0xFF, 0xFF, 0xFF, 0xFF, 0xFF, 0xFF, 0xFF, 0xFF, 0xFF, 0xFF, 
    0xFF, 0xFF, 0xFF, 0xFF, 0xFF, 0xFF, 0xFF, 0xFF, 0xFF, 0xFF, 0xFF, 0xFF, 0xFF, 0xFF, 0xFF, 0xFF, 
    0xFF, 0xFF, 0xFF, 0xFF, 0xFF, 0xFF, 0xFF, 0xFF, 0xFF, 0xFF, 0xFF, 0xFF, 0xFF, 0xFF, 0xFF, 0xFF, 
    0xFF, 0xFF, 0xFF, 0xFF, 0xFF, 0xFF, 0xFF, 0xFF, 0xFF, 0xFF, 0xE0, 0x83, 0xE0, 0x83, 0xE0, 0x83, 
    0xE0, 0x83, 0xE0, 0x83, 0xE0, 0x83, 0xE0, 0x83, 0xE0, 0x83, 0xE0, 0x83, 0xE0, 0x83, 0xE0, 0x83, 
    0xE0, 0x83, 0xE0, 0x83, 0xE0, 0x83, 0xE0, 0x83, 0xE0, 0x83, 0xE0, 0x83, 0xE0, 0x83, 0xE0, 0x83, 
    0xE0, 0x83, 0xE0, 0x83, 0xE0, 0x83, 0xE0, 0x83, 0xE0, 0x83, 0xE0, 0x83, 0xE0, 0x83, 0xE0, 0x83, 
    0xE0, 0x83, 0xE0, 0x83, 0xE0, 0x83, 0xE0, 0x83, 0xE0, 0x83, 0xFF, 0xFF, 0xFF, 0xFF, 0xFF, 0xFF, 
    0xFF, 0xFF, 0xFF, 0xFF, 0xFF, 0xFF, 0xFF, 0xFF, 0xFF, 0xFF, 0xFF, 0xFF, 0xFF, 0xFF, 0xFF, 0xFF, 
    0xFF, 0xFF, 0xFF, 0xFF, 0xFF, 0xFF, 0xFF, 0xFF, 0xFF, 0xFF, 0xFF, 0xFF, 0xFF, 0xFF, 0xFF, 0xFF, 
    0xFF, 0xFF, 0xFF, 0xFF, 0xFF, 0xFF, 0xFF, 0xFF, 0xFF, 0xFF, 0xFF, 0xFF, 0xFF, 0xFF, 0xFF, 0xFF, 
    0xE0, 0x83, 0xE0, 0x83, 0xE0, 0x83, 0xE0, 0x83, 0xE0, 0x83, 0xE0, 0x83, 0xE0, 0x83, 0xE0, 0x83, 
    0xE0, 0x83, 0xE0, 0x83, 0xE0, 0x83, 0xE0, 0x83, 0xE0, 0x83, 0xE0, 0x83, 0xE0, 0x83, 0xE0, 0x83, 
    0xE0, 0x83, 0xE0, 0x83, 0xE0, 0x83, 0xE0, 0x83, 0xE0, 0x83, 0xE0, 0x83, 0xE0, 0x83, 0xE0, 0x83, 
    0xE0, 0x83, 0xE0, 0x83, 0xE0, 0x83, 0xE0, 0x83, 0xE0, 0x83, 0xE0, 0x83, 0xE0, 0x83, 0xE0, 0x83, 
    0xFF, 0xFF, 0xFF, 0xFF, 0xFF, 0xFF, 0xFF, 0xFF, 0xFF, 0xFF, 0xFF, 0xFF, 0xFF, 0xFF, 0xFF, 0xFF, 
    0xFF, 0xFF, 0xFF, 0xFF, 0xFF, 0xFF, 0xFF, 0xFF, 0xFF, 0xFF, 0xFF, 0xFF, 0xFF, 0xFF, 0xFF, 0xFF, 
    0xFF, 0xFF, 0xFF, 0xFF, 0xFF, 0xFF, 0xFF, 0xFF, 0xFF, 0xFF, 0xFF, 0xFF, 0xFF, 0xFF, 0xFF, 0xFF, 
    0xFF, 0xFF, 0xFF, 0xFF, 0xFF, 0xFF, 0xE0, 0x83, 0xE0, 0x83, 0xE0, 0x83, 0xE0, 0x83, 0xE0, 0x83, 
    0xE0, 0x83, 0xE0, 0x83, 0xE0, 0x83, 0xE0, 0x83, 0xE0, 0x83, 0xE0, 0x83, 0xE0, 0x83, 0xE0, 0x83, 
    0xE0, 0x83, 0xE0, 0x83, 0xE0, 0x83, 0xE0, 0x83, 0xE0, 0x83, 0xE0, 0x83, 0xE0, 0x83, 0xE0, 0x83, 
    0xE0, 0x83, 0xE0, 0x83, 0xE0, 0x83, 0xE0, 0x83, 0xE0, 0x83, 0xE0, 0x83, 0xE0, 0x83, 0xE0, 0x83, 
    0xE0, 0x83, 0xE0, 0x83, 0xE0, 0x83, 0xFF, 0xFF, 0xFF, 0xFF, 0xFF, 0xFF, 0xFF, 0xFF, 0xFF, 0xFF, 
    0xFF, 0xFF, 0xFF, 0xFF, 0xFF, 0xFF, 0xFF, 0xFF, 0xFF, 0xFF, 0xFF, 0xFF, 0xFF, 0xFF, 0xFF, 0xFF, 
    0xFF, 0xFF, 0xFF, 0xFF, 0xFF, 0xFF, 0xFF, 0xFF, 0xFF, 0xFF, 0xFF, 0xFF, 0xFF, 0xFF, 0xFF, 0xFF, 
    0xFF, 0xFF, 0xFF, 0xFF, 0xFF, 0xFF, 0xFF, 0xFF, 0xFF, 0xFF, 0xFF, 0xFF, 0xE0, 0x83, 0xE0, 0x83, 
    0xE0, 0x83, 0xE0, 0x83, 0xE0, 0x83, 0xE0, 0x83, 0xE0, 0x83, 0xE0, 0x83, 0xE0, 0x83, 0xE0, 0x83, 
    0xE0, 0x83, 0xE0, 0x83, 0xE0, 0x83, 0xE0, 0x83, 0xE0, 0x83, 0xE0, 0x83, 0xE0, 0x83, 0xE0, 0x83, 
    0xE0, 0x83, 0xE0, 0x83, 0xE0, 0x83, 0xE0, 0x83, 0xE0, 0x83, 0xE0, 0x83, 0xE0, 0x83, 0xE0, 0x83, 
    0xE0, 0x83, 0xE0, 0x83, 0xE0, 0x83, 0xE0, 0x83, 0xE0, 0x83, 0xE0, 0x83, 0xFF, 0xFF, 0xFF, 0xFF, 
    0xFF, 0xFF, 0xFF, 0xFF, 0xFF, 0xFF, 0xFF, 0xFF, 0xFF, 0xFF, 0xFF, 0xFF, 0xFF, 0xFF, 0xFF, 0xFF, 
    0xFF, 0xFF, 0xFF, 0xFF, 0xFF, 0xFF, 0xFF, 0xFF, 0xFF, 0xFF, 0xFF, 0xFF, 0xFF, 0xFF, 0xFF, 0xFF, 
    0xFF, 0xFF, 0xFF, 0xFF, 0xFF, 0xFF, 0xFF, 0xFF, 0xFF, 0xFF, 0xFF, 0xFF, 0xFF, 0xFF, 0xFF, 0xFF, 
    0xFF, 0xFF, 0xE0, 0x83, 0xE0, 0x83, 0xE0, 0x83, 0xE0, 0x83, 0xE0, 0x83, 0xE0, 0x83, 0xE0, 0x83, 
    0xE0, 0x83, 0xE0, 0x83, 0xE0, 0x83, 0xE0, 0x83, 0xE0, 0x83, 0xE0, 0x83, 0xE0, 0x83, 0xE0, 0x83, 
    0xE0, 0x83, 0xE0, 0x83, 0xE0, 0x83, 0xE0, 0x83, 0xE0, 0x83, 0xE0, 0x83, 0xE0, 0x83, 0xE0, 0x83, 
    0xE0, 0x83, 0xE0, 0x83, 0xE0, 0x83, 0xE0, 0x83, 0xE0, 0x83, 0xE0, 0x83, 0xE0, 0x83, 0xE0, 0x83, 
    0xE0, 0x83, 0xFF, 0xFF, 0xFF, 0xFF, 0xFF, 0xFF, 0xFF, 0xFF, 0xFF, 0xFF, 0xFF, 0xFF, 0xFF, 0xFF, 
    0xFF, 0xFF, 0xFF, 0xFF, 0xFF, 0xFF, 0xFF, 0xFF, 0xFF, 0xFF, 0xFF, 0xFF, 0xFF, 0xFF, 0xFF, 0xFF, 
    0xFF, 0xFF, 0xFF, 0xFF, 0xFF, 0xFF, 0xFF, 0xFF, 0xFF, 0xFF, 0xFF, 0xFF, 0xFF, 0xFF, 0xFF, 0xFF, 
    0xFF, 0xFF, 0xFF, 0xFF, 0xFF, 0xFF, 0xFF, 0xFF, 0xE0, 0x83, 0xE0, 0x83, 0xE0, 0x83, 0xE0, 0x83, 
    0xE0, 0x83, 0xE0, 0x83, 0xE0, 0x83, 0xE0, 0x83, 0xE0, 0x83, 0xE0, 0x83, 0xE0, 0x83, 0xE0, 0x83, 
    0xE0, 0x83, 0xE0, 0x83, 0xE0, 0x83, 0xE0, 0x83, 0xE0, 0x83, 0xE0, 0x83, 0xE0, 0x83, 0xE0, 0x83, 
    0xE0, 0x83, 0xE0, 0x83, 0xE0, 0x83, 0xE0, 0x83, 0xE0, 0x83, 0xE0, 0x83, 0xE0, 0x83, 0xE0, 0x83, 
    0xE0, 0x83, 0xE0, 0x83, 0xE0, 0x83, 0xE0, 0x83, 0xFF, 0xFF, 0xFF, 0xFF, 0xFF, 0xFF, 0xFF, 0xFF, 
    0xFF, 0xFF, 0xFF, 0xFF, 0xFF, 0xFF, 0xFF, 0xFF, 0xFF, 0xFF, 0xFF, 0xFF, 0xFF, 0xFF, 0xFF, 0xFF, 
    0xFF, 0xFF, 0xFF, 0xFF, 0xFF, 0xFF, 0xFF, 0xFF, 0xFF, 0xFF, 0xFF, 0xFF, 0xFF, 0xFF, 0xFF, 0xFF, 
    0xFF, 0xFF, 0xFF, 0xFF, 0xFF, 0xFF, 0xFF, 0xFF, 0xFF, 0xFF, 0xFF, 0xFF, 0xFF, 0xFF, 0xE0, 0x83, 
    0xE0, 0x83, 0xE0, 0x83, 0xE0, 0x83, 0xE0, 0x83, 0xE0, 0x83, 0xE0, 0x83, 0xE0, 0x83, 0xE0, 0x83, 
    0xE0, 0x83, 0xE0, 0x83, 0xE0, 0x83, 0xE0, 0x83, 0xE0, 0x83, 0xE0, 0x83, 0xE0, 0x83, 0xE0, 0x83, 
    0xE0, 0x83, 0xE0, 0x83, 0xE0, 0x83, 0xE0, 0x83, 0xE0, 0x83, 0xE0, 0x83, 0xE0, 0x83, 0xE0, 0x83, 
    0xE0, 0x83, 0xE0, 0x83, 0xE0, 0x83, 0xE0, 0x83, 0xE0, 0x83, 0xE0, 0x83, 0xE0, 0x83, 0xFF, 0xFF, 
    0xFF, 0xFF, 0xFF, 0xFF, 0xFF, 0xFF, 0xFF, 0xFF, 0xFF, 0xFF, 0xFF, 0xFF, 0xFF, 0xFF, 0xFF, 0xFF, 
    0xFF, 0xFF, 0xFF, 0xFF, 0xFF, 0xFF, 0xFF, 0xFF, 0xFF, 0xFF, 0xFF, 0xFF, 0xFF, 0xFF, 0xFF, 0xFF, 
    0xFF, 0xFF, 0xFF, 0xFF, 0xFF, 0xFF, 0xFF, 0xFF, 0xFF, 0xFF, 0xFF, 0xFF, 0xFF, 0xFF, 0xFF, 0xFF, 
    0xFF, 0xFF, 0xFF, 0xFF, 0xE0, 0x83, 0xE0, 0x83, 0xE0, 0x83, 0xE0, 0x83, 0xE0, 0x83, 0xE0, 0x83, 
    0xE0, 0x83, 0xE0, 0x83, 0xE0, 0x83, 0xE0, 0x83, 0xE0, 0x83, 0xE0, 0x83, 0xE0, 0x83, 0xE0, 0x83, 
    0xE0, 0x83, 0xE0, 0x83, 0xE0, 0x83, 0xE0, 0x83, 0xE0, 0x83, 0xE0, 0x83, 0xE0, 0x83, 0xE0, 0x83, 
    0xE0, 0x83, 0xE0, 0x83, 0xE0, 0x83, 0xE0, 0x83, 0xE0, 0x83, 0xE0, 0x83, 0xE0, 0x83, 0xE0, 0x83, 
    0xE0, 0x83, 0xE0, 0x83, 0xFF, 0xFF, 0xFF, 0xFF, 0xFF, 0xFF, 0xFF, 0xFF, 0xFF, 0xFF, 0xFF, 0xFF, 
    0xFF, 0xFF, 0xFF, 0xFF, 0xFF, 0xFF, 0xFF, 0xFF, 0xFF, 0xFF, 0xFF, 0xFF, 0xFF, 0xFF, 0xFF, 0xFF, 
    0xFF, 0xFF, 0xFF, 0xFF, 0xFF, 0xFF, 0xFF, 0xFF, 0xFF, 0xFF, 0xFF, 0xFF, 0xFF, 0xFF, 0xFF, 0xFF, 
    0xFF, 0xFF, 0xFF, 0xFF, 0xFF, 0xFF, 0xFF, 0xFF, 0xFF, 0xFF, 0xE0, 0x83, 0xE0, 0x83, 0xE0, 0x83, 
    0xE0, 0x83, 0xE0, 0x83, 0xE0, 0x83, 0xE0, 0x83, 0xE0, 0x83, 0xE0, 0x83, 0xE0, 0x83, 0xE0, 0x83, 
    0xE0, 0x83, 0xE0, 0x83, 0xE0, 0x83, 0xE0, 0x83, 0xE0, 0x83, 0xE0, 0x83, 0xE0, 0x83, 0xE0, 0x83, 
    0xE0, 0x83, 0xE0, 0x83, 0xE0, 0x83, 0xE0, 0x83, 0xE0, 0x83, 0xE0, 0x83, 0xE0, 0x83, 0xE0, 0x83, 
    0xE0, 0x83, 0xE0, 0x83, 0xE0, 0x83, 0xE0, 0x83, 0xE0, 0x83, 0xFF, 0xFF, 0xFF, 0xFF, 0xFF, 0xFF, 
    0xFF, 0xFF, 0xFF, 0xFF, 0xFF, 0xFF, 0xFF, 0xFF, 0xFF, 0xFF, 0xFF, 0xFF, 0xFF, 0xFF, 0xFF, 0xFF, 
    0xFF, 0xFF, 0xFF, 0xFF, 0xFF, 0xFF, 0xFF, 0xFF, 0xFF, 0xFF, 0xFF, 0xFF, 0xFF, 0xFF, 0xFF, 0xFF, 
    0xFF, 0xFF, 0xFF, 0xFF, 0xFF, 0xFF, 0xFF, 0xFF, 0xFF, 0xFF, 0xFF, 0xFF, 0xFF, 0xFF, 0xFF, 0xFF, 
    0xE0, 0x83, 0xE0, 0x83, 0xE0, 0x83, 0xE0, 0x83, 0xE0, 0x83, 0xE0, 0x83, 0xE0, 0x83, 0xE0, 0x83, 
    0xE0, 0x83, 0xE0, 0x83, 0xE0, 0x83, 0xE0, 0x83, 0xE0, 0x83, 0xE0, 0x83, 0xE0, 0x83, 0xE0, 0x83, 
    0xE0, 0x83, 0xE0, 0x83, 0xE0, 0x83, 0xE0, 0x83, 0xE0, 0x83, 0xE0, 0x83, 0xE0, 0x83, 0xE0, 0x83, 
    0xE0, 0x83, 0xE0, 0x83, 0xE0, 0x83, 0xE0, 0x83, 0xE0, 0x83, 0xE0, 0x83, 0xE0, 0x83, 0xE0, 0x83, 
    0xFF, 0xFF, 0xFF, 0xFF, 0xFF, 0xFF, 0xFF, 0xFF, 0xFF, 0xFF, 0xFF, 0xFF, 0xFF, 0xFF, 0xFF, 0xFF, 
    0xFF, 0xFF, 0xFF, 0xFF, 0xFF, 0xFF, 0xFF, 0xFF, 0xFF, 0xFF, 0xFF, 0xFF, 0xFF, 0xFF, 0xFF, 0xFF, 
    0xFF, 0xFF, 0xFF, 0xFF, 0xFF, 0xFF, 0xFF, 0xFF, 0xFF, 0xFF, 0xFF, 0xFF, 0xFF, 0xFF, 0xFF, 0xFF, 
    0xFF, 0xFF, 0xFF, 0xFF, 0xFF, 0xFF, 0xE0, 0x83, 0xE0, 0x83, 0xE0, 0x83, 0xE0, 0x83, 0xE0, 0x83, 
    0xE0, 0x83, 0xE0, 0x83, 0xE0, 0x83, 0xE0, 0x83, 0xE0, 0x83, 0xE0, 0x83, 0xE0, 0x83, 0xE0, 0x83, 
    0xE0, 0x83, 0xE0, 0x83, 0xE0, 0x83, 0xE0, 0x83, 0xE0, 0x83, 0xE0, 0x83, 0xE0, 0x83, 0xE0, 0x83, 
    0xE0, 0x83, 0xE0, 0x83, 0xE0, 0x83, 0xE0, 0x83, 0xE0, 0x83, 0xE0, 0x83, 0xE0, 0x83, 0xE0, 0x83, 
    0xE0, 0x83, 0xE0, 0x83, 0xE0, 0x83, 0xFF, 0xFF, 0xFF, 0xFF, 0xFF, 0xFF, 0xFF, 0xFF, 0xFF, 0xFF, 
    0xFF, 0xFF, 0xFF, 0xFF, 0xFF, 0xFF, 0xFF, 0xFF, 0xFF, 0xFF, 0xFF, 0xFF, 0xFF, 0xFF, 0xFF, 0xFF, 
    0xFF, 0xFF, 0xFF, 0xFF, 0xFF, 0xFF, 0xFF, 0xFF, 0xFF, 0xFF, 0xFF, 0xFF, 0xFF, 0xFF, 0xFF, 0xFF, 
    0xFF, 0xFF, 0xFF, 0xFF, 0xFF, 0xFF, 0xFF, 0xFF, 0xFF, 0xFF, 0xFF, 0xFF, 0xE0, 0x83, 0xE0, 0x83, 
    0xE0, 0x83, 0xE0, 0x83, 0xE0, 0x83, 0xE0, 0x83, 0xE0, 0x83, 0xE0, 0x83, 0xE0, 0x83, 0xE0, 0x83, 
    0xE0, 0x83, 0xE0, 0x83, 0xE0, 0x83, 0xE0, 0x83, 0xE0, 0x83, 0xE0, 0x83, 0xE0, 0x83, 0xE0, 0x83, 
    0xE0, 0x83, 0xE0, 0x83, 0xE0, 0x83, 0xE0, 0x83, 0xE0, 0x83, 0xE0, 0x83, 0xE0, 0x83, 0xE0, 0x83, 
    0xE0, 0x83, 0xE0, 0x83, 0xE0, 0x83, 0xE0, 0x83, 0xE0, 0x83, 0xE0, 0x83, 0xFF, 0xFF, 0xFF, 0xFF, 
    0xFF, 0xFF, 0xFF, 0xFF, 0xFF, 0xFF, 0xFF, 0xFF, 0xFF, 0xFF, 0xFF, 0xFF, 0xFF, 0xFF, 0xFF, 0xFF, 
    0xFF, 0xFF, 0xFF, 0xFF, 0xFF, 0xFF, 0xFF, 0xFF, 0xFF, 0xFF, 0xFF, 0xFF, 0xFF, 0xFF, 0xFF, 0xFF, 
    0xFF, 0xFF, 0xFF, 0xFF, 0xFF, 0xFF, 0xFF, 0xFF, 0xFF, 0xFF, 0xFF, 0xFF, 0xFF, 0xFF, 0xFF, 0xFF, 
    0xFF, 0xFF, 0xE0, 0x83, 0xE0, 0x83, 0xE0, 0x83, 0xE0, 0x83, 0xE0, 0x83, 0xE0, 0x83, 0xE0, 0x83, 
    0xE0, 0x83, 0xE0, 0x83, 0xE0, 0x83, 0xE0, 0x83, 0xE0, 0x83, 0xE0, 0x83, 0xE0, 0x83, 0xE0, 0x83, 
    0xE0, 0x83, 0xE0, 0x83, 0xE0, 0x83, 0xE0, 0x83, 0xE0, 0x83, 0xE0, 0x83, 0xE0, 0x83, 0xE0, 0x83, 
    0xE0, 0x83, 0xE0, 0x83, 0xE0, 0x83, 0xE0, 0x83, 0xE0, 0x83, 0xE0, 0x83, 0xE0, 0x83, 0xE0, 0x83, 
    0xE0, 0x83, 0xFF, 0xFF, 0xFF, 0xFF, 0xFF, 0xFF, 0xFF, 0xFF, 0xFF, 0xFF, 0xFF, 0xFF, 0xFF, 0xFF, 
    0xFF, 0xFF, 0xFF, 0xFF, 0xFF, 0xFF, 0xFF, 0xFF, 0xFF, 0xFF, 0xFF, 0xFF, 0xFF, 0xFF, 0xFF, 0xFF, 
    0xFF, 0xFF, 0xFF, 0xFF, 0xFF, 0xFF, 0xFF, 0xFF, 0xFF, 0xFF, 0xFF, 0xFF, 0xFF, 0xFF, 0xFF, 0xFF, 
    0xFF, 0xFF, 0xFF, 0xFF, 0xFF, 0xFF, 0xFF, 0xFF, 0xE0, 0x83, 0xE0, 0x83, 0xE0, 0x83, 0xE0, 0x83, 
    0xE0, 0x83, 0xE0, 0x83, 0xE0, 0x83, 0xE0, 0x83, 0xE0, 0x83, 0xE0, 0x83, 0xE0, 0x83, 0xE0, 0x83, 
    0xE0, 0x83, 0xE0, 0x83, 0xE0, 0x83, 0xE0, 0x83, 0xE0, 0x83, 0xE0, 0x83, 0xE0, 0x83, 0xE0, 0x83, 
    0xE0, 0x83, 0xE0, 0x83, 0xE0, 0x83, 0xE0, 0x83, 0xE0, 0x83, 0xE0, 0x83, 0xE0, 0x83, 0xE0, 0x83, 
    0xE0, 0x83, 0xE0, 0x83, 0xE0, 0x83, 0xE0, 0x83, 0xFF, 0xFF, 0xFF, 0xFF, 0xFF, 0xFF, 0xFF, 0xFF, 
    0xFF, 0xFF, 0xFF, 0xFF, 0xFF, 0xFF, 0xFF, 0xFF, 0xFF, 0xFF, 0xFF, 0xFF, 0xFF, 0xFF, 0xFF, 0xFF, 
    0xFF, 0xFF, 0xFF, 0xFF, 0xFF, 0xFF, 0xFF, 0xFF, 0xFF, 0xFF, 0xFF, 0xFF, 0xFF, 0xFF, 0xFF, 0xFF, 
    0xFF, 0xFF, 0xFF, 0xFF, 0xFF, 0xFF, 0xFF, 0xFF, 0xFF, 0xFF, 0xFF, 0xFF, 0xFF, 0xFF, 0xE0, 0x83, 
    0xE0, 0x83, 0xE0, 0x83, 0xE0, 0x83, 0xE0, 0x83, 0xE0, 0x83, 0xE0, 0x83, 0xE0, 0x83, 0xE0, 0x83, 
    0xE0, 0x83, 0xE0, 0x83, 0xE0, 0x83, 0xE0, 0x83, 0xE0, 0x83, 0xE0, 0x83, 0xE0, 0x83, 0xE0, 0x83, 
    0xE0, 0x83, 0xE0, 0x83, 0xE0, 0x83, 0xE0, 0x83, 0xE0, 0x83, 0xE0, 0x83, 0xE0, 0x83, 0xE0, 0x83, 
    0xE0, 0x83, 0xE0, 0x83, 0xE0, 0x83, 0xE0, 0x83, 0xE0, 0x83, 0xE0, 0x83, 0xE0, 0x83, 0xFF, 0xFF, 
    0xFF, 0xFF, 0xFF, 0xFF, 0xFF, 0xFF, 0xFF, 0xFF, 0xFF, 0xFF, 0xFF, 0xFF, 0xFF, 0xFF, 0xFF, 0xFF, 
    0xFF, 0xFF, 0xFF, 0xFF, 0xFF, 0xFF, 0xFF, 0xFF, 0xFF, 0xFF, 0xFF, 0xFF, 0xFF, 0xFF, 0xFF, 0xFF, 
    0xFF, 0xFF, 0xFF, 0xFF, 0xFF, 0xFF, 0xFF, 0xFF, 0xFF, 0xFF, 0xFF, 0xFF, 0xFF, 0xFF, 0xFF, 0xFF, 
    0xFF, 0xFF, 0xFF, 0xFF, 0xE0, 0x83, 0xE0, 0x83, 0xE0, 0x83, 0xE0, 0x83, 0xE0, 0x83, 0xE0, 0x83, 
    0xE0, 0x83, 0xE0, 0x83, 0xE0, 0x83, 0xE0, 0x83, 0xE0, 0x83, 0xE0, 0x83, 0xE0, 0x83, 0xE0, 0x83, 
    0xE0, 0x83, 0xE0, 0x83, 0xE0, 0x83, 0xE0, 0x83, 0xE0, 0x83, 0xE0, 0x83, 0xE0, 0x83, 0xE0, 0x83, 
    0xE0, 0x83, 0xE0, 0x83, 0xE0, 0x83, 0xE0, 0x83, 0xE0, 0x83, 0xE0, 0x83, 0xE0, 0x83, 0xE0, 0x83, 
    0xE0, 0x83, 0xE0, 0x83, 0xFF, 0xFF, 0xFF, 0xFF, 0xFF, 0xFF, 0xFF, 0xFF, 0xFF, 0xFF, 0xFF, 0xFF, 
    0xFF, 0xFF, 0xFF, 0xFF, 0xFF, 0xFF, 0xFF, 0xFF, 0xFF, 0xFF, 0xFF, 0xFF, 0xFF, 0xFF, 0xFF, 0xFF, 
    0xFF, 0xFF, 0xFF, 0xFF, 0xFF, 0xFF, 0xFF, 0xFF, 0xFF, 0xFF, 0xFF, 0xFF, 0xFF, 0xFF, 0xFF, 0xFF, 
    0xFF, 0xFF, 0xFF, 0xFF, 0xFF, 0xFF, 0xFF, 0xFF, 0xFF, 0xFF, 0xE0, 0x83, 0xE0, 0x83, 0xE0, 0x83, 
    0xE0, 0x83, 0xE0, 0x83, 0xE0, 0x83, 0xE0, 0x83, 0xE0, 0x83, 0xE0, 0x83, 0xE0, 0x83, 0xE0, 0x83, 
    0xE0, 0x83, 0xE0, 0x83, 0xE0, 0x83, 0xE0, 0x83, 0xE0, 0x83, 0xE0, 0x83, 0xE0, 0x83, 0xE0, 0x83, 
    0xE0, 0x83, 0xE0, 0x83, 0xE0, 0x83, 0xE0, 0x83, 0xE0, 0x83, 0xE0, 0x83, 0xE0, 0x83, 0xE0, 0x83, 
    0xE0, 0x83, 0xE0, 0x83, 0xE0, 0x83, 0xE0, 0x83, 0xE0, 0x83, 0xFF, 0xFF, 0xFF, 0xFF, 0xDF, 0xFF, 
    0xDF, 0xF7, 0xDF, 0xFF, 0xDF, 0xFF, 0xDF, 0xFF, 0xBF, 0xF7, 0xDF, 0xF7, 0xBF, 0xF7, 0xDF, 0xFF, 
    0xFF, 0xFF, 0xFF, 0xFF, 0xFF, 0xFF, 0xDF, 0xFF, 0xFF, 0xFF, 0xDF, 0xFF, 0xFF, 0xFF, 0xBF, 0xF7, 
    0xFF, 0xFF, 0xDF, 0xFF, 0xFF, 0xFF, 0xBF, 0xF7, 0xDF, 0xFF, 0xBF, 0xF7, 0xFF, 0xFF, 0xFF, 0xFF, 
    0xE0, 0x83, 0xE0, 0x83, 0xE0, 0x83, 0xE0, 0x83, 0xE0, 0x83, 0xE0, 0x83, 0xE0, 0x83, 0xE0, 0x83, 
    0xE0, 0x83, 0xE0, 0x83, 0xE0, 0x83, 0xE0, 0x83, 0xE0, 0x83, 0xE0, 0x83, 0xE0, 0x83, 0xE0, 0x83, 
    0xE0, 0x83, 0xE0, 0x83, 0xE0, 0x83, 0xE0, 0x83, 0xE0, 0x83, 0xE0, 0x83, 0xE0, 0x83, 0xE0, 0x83, 
    0xE0, 0x83, 0xE0, 0x83, 0xE0, 0x83, 0xE0, 0x83, 0xE0, 0x83, 0xE0, 0x83, 0xE0, 0x83, 0xE0, 0x83, 
    0xE0, 0x83, 0xE0, 0x83, 0xE0, 0x83, 0xE0, 0x83, 0xE0, 0x83, 0xE0, 0x83, 0xE0, 0x83, 0xE0, 0x83, 
    0xE0, 0x83, 0xE0, 0x83, 0xE0, 0x83, 0xE0, 0x83, 0xE0, 0x83, 0xE0, 0x83, 0xE0, 0x83, 0xE0, 0x83, 
    0xE0, 0x83, 0xE0, 0x83, 0xE0, 0x83, 0xE0, 0x83, 0xE0, 0x83, 0xE0, 0x83, 0xE0, 0x83, 0xE0, 0x83, 
    0xE0, 0x83, 0xE0, 0x83, 0xE0, 0x83, 0xE0, 0x83, 0xE0, 0x83, 0xE0, 0x83, 0xE0, 0x83, 0xE0, 0x83, 
    0xE0, 0x83, 0xE0, 0x83, 0xE0, 0x83, 0xE0, 0x83, 0xE0, 0x83, 0xE0, 0x83, 0xE0, 0x83, 0xE0, 0x83, 
    0xE0, 0x83, 0xE0, 0x83, 0xE0, 0x83, 
};
/*********************************
 * Bitmap Structure
 * Label: Flecha_22
 * Description:  59x57 pixels, 16-bits per pixel
 ***********************************/

extern FLASH_BYTE __Flecha_22[];

const IMAGE_FLASH Flecha_22 =
{
    (FLASH | IMAGE_MBITMAP | COMP_NONE),
    (FLASH_BYTE *)__Flecha_22
};

FLASH_BYTE __Flecha_22[] =
{
/****************************************
 * Bitmap header
 ****************************************/
    0x00,           // Compresssion
    0x10,           // Color Depth
    0x39, 0x00,     // Height
    0x3B, 0x00,     // Width
/********************************
 * Bitmap Image Body
 *********************************/
    0xE0, 0x83, 0xE0, 0x83, 0xE0, 0x83, 0xE0, 0x83, 0xE0, 0x83, 0xE0, 0x83, 0xE0, 0x83, 0xE0, 0x83, 
    0xE0, 0x83, 0xE0, 0x83, 0xE0, 0x83, 0xE0, 0x83, 0xE0, 0x83, 0xE0, 0x83, 0xE0, 0x83, 0xE0, 0x83, 
    0xE0, 0x83, 0xE0, 0x83, 0xE0, 0x83, 0xE0, 0x83, 0xE0, 0x83, 0xE0, 0x83, 0xE0, 0x83, 0xE0, 0x83, 
    0xE0, 0x83, 0xE0, 0x83, 0xE0, 0x83, 0xE0, 0x83, 0xE0, 0x83, 0xE0, 0x83, 0xE0, 0x83, 0xE0, 0x83, 
    0xE0, 0x83, 0xE0, 0x83, 0xE0, 0x83, 0xE0, 0x83, 0xE0, 0x83, 0xE0, 0x83, 0xE0, 0x83, 0xE0, 0x83, 
    0xE0, 0x83, 0xE0, 0x83, 0xE0, 0x83, 0xE0, 0x83, 0xE0, 0x83, 0xE0, 0x83, 0xE0, 0x83, 0xE0, 0x83, 
    0xE0, 0x83, 0xE0, 0x83, 0xE0, 0x83, 0xE0, 0x83, 0xE0, 0x83, 0xE0, 0x83, 0xE0, 0x83, 0xE0, 0x83, 
    0xE0, 0x83, 0xE0, 0x83, 0xE0, 0x83, 0xE0, 0x83, 0xE0, 0x83, 0xE0, 0x83, 0xE0, 0x83, 0xE0, 0x83, 
    0xE0, 0x83, 0xE0, 0x83, 0xE0, 0x83, 0xE0, 0x83, 0xE0, 0x83, 0xE0, 0x83, 0xE0, 0x83, 0xE0, 0x83, 
    0xE0, 0x83, 0xE0, 0x83, 0xE0, 0x83, 0xFF, 0xFF, 0xFF, 0xFF, 0xBF, 0xF7, 0xDF, 0xFF, 0xBF, 0xF7, 
    0xFF, 0xFF, 0xDF, 0xFF, 0xFF, 0xFF, 0xBF, 0xF7, 0xFF, 0xFF, 0xDF, 0xFF, 0xFF, 0xFF, 0xDF, 0xFF, 
    0xFF, 0xFF, 0xFF, 0xFF, 0xFF, 0xFF, 0xDF, 0xFF, 0xBF, 0xF7, 0xDF, 0xF7, 0xBF, 0xF7, 0xDF, 0xFF, 
    0xDF, 0xFF, 0xDF, 0xFF, 0xDF, 0xF7, 0xDF, 0xFF, 0xFF, 0xFF, 0xFF, 0xFF, 0xE0, 0x83, 0xE0, 0x83, 
    0xE0, 0x83, 0xE0, 0x83, 0xE0, 0x83, 0xE0, 0x83, 0xE0, 0x83, 0xE0, 0x83, 0xE0, 0x83, 0xE0, 0x83, 
    0xE0, 0x83, 0xE0, 0x83, 0xE0, 0x83, 0xE0, 0x83, 0xE0, 0x83, 0xE0, 0x83, 0xE0, 0x83, 0xE0, 0x83, 
    0xE0, 0x83, 0xE0, 0x83, 0xE0, 0x83, 0xE0, 0x83, 0xE0, 0x83, 0xE0, 0x83, 0xE0, 0x83, 0xE0, 0x83, 
    0xE0, 0x83, 0xE0, 0x83, 0xE0, 0x83, 0xE0, 0x83, 0xE0, 0x83, 0xE0, 0x83, 0xFF, 0xFF, 0xFF, 0xFF, 
    0xFF, 0xFF, 0xFF, 0xFF, 0xFF, 0xFF, 0xFF, 0xFF, 0xFF, 0xFF, 0xFF, 0xFF, 0xFF, 0xFF, 0xFF, 0xFF, 
    0xFF, 0xFF, 0xFF, 0xFF, 0xFF, 0xFF, 0xFF, 0xFF, 0xFF, 0xFF, 0xFF, 0xFF, 0xFF, 0xFF, 0xFF, 0xFF, 
    0xFF, 0xFF, 0xFF, 0xFF, 0xFF, 0xFF, 0xFF, 0xFF, 0xFF, 0xFF, 0xFF, 0xFF, 0xFF, 0xFF, 0xFF, 0xFF, 
    0xFF, 0xFF, 0xE0, 0x83, 0xE0, 0x83, 0xE0, 0x83, 0xE0, 0x83, 0xE0, 0x83, 0xE0, 0x83, 0xE0, 0x83, 
    0xE0, 0x83, 0xE0, 0x83, 0xE0, 0x83, 0xE0, 0x83, 0xE0, 0x83, 0xE0, 0x83, 0xE0, 0x83, 0xE0, 0x83, 
    0xE0, 0x83, 0xE0, 0x83, 0xE0, 0x83, 0xE0, 0x83, 0xE0, 0x83, 0xE0, 0x83, 0xE0, 0x83, 0xE0, 0x83, 
    0xE0, 0x83, 0xE0, 0x83, 0xE0, 0x83, 0xE0, 0x83, 0xE0, 0x83, 0xE0, 0x83, 0xE0, 0x83, 0xE0, 0x83, 
    0xE0, 0x83, 0xFF, 0xFF, 0xFF, 0xFF, 0xFF, 0xFF, 0xFF, 0xFF, 0xFF, 0xFF, 0xFF, 0xFF, 0xFF, 0xFF, 
    0xFF, 0xFF, 0xFF, 0xFF, 0xFF, 0xFF, 0xFF, 0xFF, 0xFF, 0xFF, 0xFF, 0xFF, 0xFF, 0xFF, 0xFF, 0xFF, 
    0xFF, 0xFF, 0xFF, 0xFF, 0xFF, 0xFF, 0xFF, 0xFF, 0xFF, 0xFF, 0xFF, 0xFF, 0xFF, 0xFF, 0xFF, 0xFF, 
    0xFF, 0xFF, 0xFF, 0xFF, 0xFF, 0xFF, 0xFF, 0xFF, 0xE0, 0x83, 0xE0, 0x83, 0xE0, 0x83, 0xE0, 0x83, 
    0xE0, 0x83, 0xE0, 0x83, 0xE0, 0x83, 0xE0, 0x83, 0xE0, 0x83, 0xE0, 0x83, 0xE0, 0x83, 0xE0, 0x83, 
    0xE0, 0x83, 0xE0, 0x83, 0xE0, 0x83, 0xE0, 0x83, 0xE0, 0x83, 0xE0, 0x83, 0xE0, 0x83, 0xE0, 0x83, 
    0xE0, 0x83, 0xE0, 0x83, 0xE0, 0x83, 0xE0, 0x83, 0xE0, 0x83, 0xE0, 0x83, 0xE0, 0x83, 0xE0, 0x83, 
    0xE0, 0x83, 0xE0, 0x83, 0xE0, 0x83, 0xE0, 0x83, 0xFF, 0xFF, 0xFF, 0xFF, 0xFF, 0xFF, 0xFF, 0xFF, 
    0xFF, 0xFF, 0xFF, 0xFF, 0xFF, 0xFF, 0xFF, 0xFF, 0xFF, 0xFF, 0xFF, 0xFF, 0xFF, 0xFF, 0xFF, 0xFF, 
    0xFF, 0xFF, 0xFF, 0xFF, 0xFF, 0xFF, 0xFF, 0xFF, 0xFF, 0xFF, 0xFF, 0xFF, 0xFF, 0xFF, 0xFF, 0xFF, 
    0xFF, 0xFF, 0xFF, 0xFF, 0xFF, 0xFF, 0xFF, 0xFF, 0xFF, 0xFF, 0xFF, 0xFF, 0xFF, 0xFF, 0xE0, 0x83, 
    0xE0, 0x83, 0xE0, 0x83, 0xE0, 0x83, 0xE0, 0x83, 0xE0, 0x83, 0xE0, 0x83, 0xE0, 0x83, 0xE0, 0x83, 
    0xE0, 0x83, 0xE0, 0x83, 0xE0, 0x83, 0xE0, 0x83, 0xE0, 0x83, 0xE0, 0x83, 0xE0, 0x83, 0xE0, 0x83, 
    0xE0, 0x83, 0xE0, 0x83, 0xE0, 0x83, 0xE0, 0x83, 0xE0, 0x83, 0xE0, 0x83, 0xE0, 0x83, 0xE0, 0x83, 
    0xE0, 0x83, 0xE0, 0x83, 0xE0, 0x83, 0xE0, 0x83, 0xE0, 0x83, 0xE0, 0x83, 0xE0, 0x83, 0xFF, 0xFF, 
    0xFF, 0xFF, 0xFF, 0xFF, 0xFF, 0xFF, 0xFF, 0xFF, 0xFF, 0xFF, 0xFF, 0xFF, 0xFF, 0xFF, 0xFF, 0xFF, 
    0xFF, 0xFF, 0xFF, 0xFF, 0xFF, 0xFF, 0xFF, 0xFF, 0xFF, 0xFF, 0xFF, 0xFF, 0xFF, 0xFF, 0xFF, 0xFF, 
    0xFF, 0xFF, 0xFF, 0xFF, 0xFF, 0xFF, 0xFF, 0xFF, 0xFF, 0xFF, 0xFF, 0xFF, 0xFF, 0xFF, 0xFF, 0xFF, 
    0xFF, 0xFF, 0xFF, 0xFF, 0xE0, 0x83, 0xE0, 0x83, 0xE0, 0x83, 0xE0, 0x83, 0xE0, 0x83, 0xE0, 0x83, 
    0xE0, 0x83, 0xE0, 0x83, 0xE0, 0x83, 0xE0, 0x83, 0xE0, 0x83, 0xE0, 0x83, 0xE0, 0x83, 0xE0, 0x83, 
    0xE0, 0x83, 0xE0, 0x83, 0xE0, 0x83, 0xE0, 0x83, 0xE0, 0x83, 0xE0, 0x83, 0xE0, 0x83, 0xE0, 0x83, 
    0xE0, 0x83, 0xE0, 0x83, 0xE0, 0x83, 0xE0, 0x83, 0xE0, 0x83, 0xE0, 0x83, 0xE0, 0x83, 0xE0, 0x83, 
    0xE0, 0x83, 0xE0, 0x83, 0xFF, 0xFF, 0xFF, 0xFF, 0xFF, 0xFF, 0xFF, 0xFF, 0xFF, 0xFF, 0xFF, 0xFF, 
    0xFF, 0xFF, 0xFF, 0xFF, 0xFF, 0xFF, 0xFF, 0xFF, 0xFF, 0xFF, 0xFF, 0xFF, 0xFF, 0xFF, 0xFF, 0xFF, 
    0xFF, 0xFF, 0xFF, 0xFF, 0xFF, 0xFF, 0xFF, 0xFF, 0xFF, 0xFF, 0xFF, 0xFF, 0xFF, 0xFF, 0xFF, 0xFF, 
    0xFF, 0xFF, 0xFF, 0xFF, 0xFF, 0xFF, 0xFF, 0xFF, 0xFF, 0xFF, 0xE0, 0x83, 0xE0, 0x83, 0xE0, 0x83, 
    0xE0, 0x83, 0xE0, 0x83, 0xE0, 0x83, 0xE0, 0x83, 0xE0, 0x83, 0xE0, 0x83, 0xE0, 0x83, 0xE0, 0x83, 
    0xE0, 0x83, 0xE0, 0x83, 0xE0, 0x83, 0xE0, 0x83, 0xE0, 0x83, 0xE0, 0x83, 0xE0, 0x83, 0xE0, 0x83, 
    0xE0, 0x83, 0xE0, 0x83, 0xE0, 0x83, 0xE0, 0x83, 0xE0, 0x83, 0xE0, 0x83, 0xE0, 0x83, 0xE0, 0x83, 
    0xE0, 0x83, 0xE0, 0x83, 0xE0, 0x83, 0xE0, 0x83, 0xE0, 0x83, 0xFF, 0xFF, 0xFF, 0xFF, 0xFF, 0xFF, 
    0xFF, 0xFF, 0xFF, 0xFF, 0xFF, 0xFF, 0xFF, 0xFF, 0xFF, 0xFF, 0xFF, 0xFF, 0xFF, 0xFF, 0xFF, 0xFF, 
    0xFF, 0xFF, 0xFF, 0xFF, 0xFF, 0xFF, 0xFF, 0xFF, 0xFF, 0xFF, 0xFF, 0xFF, 0xFF, 0xFF, 0xFF, 0xFF, 
    0xFF, 0xFF, 0xFF, 0xFF, 0xFF, 0xFF, 0xFF, 0xFF, 0xFF, 0xFF, 0xFF, 0xFF, 0xFF, 0xFF, 0xFF, 0xFF, 
    0xE0, 0x83, 0xE0, 0x83, 0xE0, 0x83, 0xE0, 0x83, 0xE0, 0x83, 0xE0, 0x83, 0xE0, 0x83, 0xE0, 0x83, 
    0xE0, 0x83, 0xE0, 0x83, 0xE0, 0x83, 0xE0, 0x83, 0xE0, 0x83, 0xE0, 0x83, 0xE0, 0x83, 0xE0, 0x83, 
    0xE0, 0x83, 0xE0, 0x83, 0xE0, 0x83, 0xE0, 0x83, 0xE0, 0x83, 0xE0, 0x83, 0xE0, 0x83, 0xE0, 0x83, 
    0xE0, 0x83, 0xE0, 0x83, 0xE0, 0x83, 0xE0, 0x83, 0xE0, 0x83, 0xE0, 0x83, 0xE0, 0x83, 0xE0, 0x83, 
    0xFF, 0xFF, 0xFF, 0xFF, 0xFF, 0xFF, 0xFF, 0xFF, 0xFF, 0xFF, 0xFF, 0xFF, 0xFF, 0xFF, 0xFF, 0xFF, 
    0xFF, 0xFF, 0xFF, 0xFF, 0xFF, 0xFF, 0xFF, 0xFF, 0xFF, 0xFF, 0xFF, 0xFF, 0xFF, 0xFF, 0xFF, 0xFF, 
    0xFF, 0xFF, 0xFF, 0xFF, 0xFF, 0xFF, 0xFF, 0xFF, 0xFF, 0xFF, 0xFF, 0xFF, 0xFF, 0xFF, 0xFF, 0xFF, 
    0xFF, 0xFF, 0xFF, 0xFF, 0xFF, 0xFF, 0xE0, 0x83, 0xE0, 0x83, 0xE0, 0x83, 0xE0, 0x83, 0xE0, 0x83, 
    0xE0, 0x83, 0xE0, 0x83, 0xE0, 0x83, 0xE0, 0x83, 0xE0, 0x83, 0xE0, 0x83, 0xE0, 0x83, 0xE0, 0x83, 
    0xE0, 0x83, 0xE0, 0x83, 0xE0, 0x83, 0xE0, 0x83, 0xE0, 0x83, 0xE0, 0x83, 0xE0, 0x83, 0xE0, 0x83, 
    0xE0, 0x83, 0xE0, 0x83, 0xE0, 0x83, 0xE0, 0x83, 0xE0, 0x83, 0xE0, 0x83, 0xE0, 0x83, 0xE0, 0x83, 
    0xE0, 0x83, 0xE0, 0x83, 0xE0, 0x83, 0xFF, 0xFF, 0xFF, 0xFF, 0xFF, 0xFF, 0xFF, 0xFF, 0xFF, 0xFF, 
    0xFF, 0xFF, 0xFF, 0xFF, 0xFF, 0xFF, 0xFF, 0xFF, 0xFF, 0xFF, 0xFF, 0xFF, 0xFF, 0xFF, 0xFF, 0xFF, 
    0xFF, 0xFF, 0xFF, 0xFF, 0xFF, 0xFF, 0xFF, 0xFF, 0xFF, 0xFF, 0xFF, 0xFF, 0xFF, 0xFF, 0xFF, 0xFF, 
    0xFF, 0xFF, 0xFF, 0xFF, 0xFF, 0xFF, 0xFF, 0xFF, 0xFF, 0xFF, 0xFF, 0xFF, 0xE0, 0x83, 0xE0, 0x83, 
    0xE0, 0x83, 0xE0, 0x83, 0xE0, 0x83, 0xE0, 0x83, 0xE0, 0x83, 0xE0, 0x83, 0xE0, 0x83, 0xE0, 0x83, 
    0xE0, 0x83, 0xE0, 0x83, 0xE0, 0x83, 0xE0, 0x83, 0xE0, 0x83, 0xE0, 0x83, 0xE0, 0x83, 0xE0, 0x83, 
    0xE0, 0x83, 0xE0, 0x83, 0xE0, 0x83, 0xE0, 0x83, 0xE0, 0x83, 0xE0, 0x83, 0xE0, 0x83, 0xE0, 0x83, 
    0xE0, 0x83, 0xE0, 0x83, 0xE0, 0x83, 0xE0, 0x83, 0xE0, 0x83, 0xE0, 0x83, 0xFF, 0xFF, 0xFF, 0xFF, 
    0xFF, 0xFF, 0xFF, 0xFF, 0xFF, 0xFF, 0xFF, 0xFF, 0xFF, 0xFF, 0xFF, 0xFF, 0xFF, 0xFF, 0xFF, 0xFF, 
    0xFF, 0xFF, 0xFF, 0xFF, 0xFF, 0xFF, 0xFF, 0xFF, 0xFF, 0xFF, 0xFF, 0xFF, 0xFF, 0xFF, 0xFF, 0xFF, 
    0xFF, 0xFF, 0xFF, 0xFF, 0xFF, 0xFF, 0xFF, 0xFF, 0xFF, 0xFF, 0xFF, 0xFF, 0xFF, 0xFF, 0xFF, 0xFF, 
    0xFF, 0xFF, 0xE0, 0x83, 0xE0, 0x83, 0xE0, 0x83, 0xE0, 0x83, 0xE0, 0x83, 0xE0, 0x83, 0xE0, 0x83, 
    0xE0, 0x83, 0xE0, 0x83, 0xE0, 0x83, 0xE0, 0x83, 0xE0, 0x83, 0xE0, 0x83, 0xE0, 0x83, 0xE0, 0x83, 
    0xE0, 0x83, 0xE0, 0x83, 0xE0, 0x83, 0xE0, 0x83, 0xE0, 0x83, 0xE0, 0x83, 0xE0, 0x83, 0xE0, 0x83, 
    0xE0, 0x83, 0xE0, 0x83, 0xE0, 0x83, 0xE0, 0x83, 0xE0, 0x83, 0xE0, 0x83, 0xE0, 0x83, 0xE0, 0x83, 
    0xE0, 0x83, 0xFF, 0xFF, 0xFF, 0xFF, 0xFF, 0xFF, 0xFF, 0xFF, 0xFF, 0xFF, 0xFF, 0xFF, 0xFF, 0xFF, 
    0xFF, 0xFF, 0xFF, 0xFF, 0xFF, 0xFF, 0xFF, 0xFF, 0xFF, 0xFF, 0xFF, 0xFF, 0xFF, 0xFF, 0xFF, 0xFF, 
    0xFF, 0xFF, 0xFF, 0xFF, 0xFF, 0xFF, 0xFF, 0xFF, 0xFF, 0xFF, 0xFF, 0xFF, 0xFF, 0xFF, 0xFF, 0xFF, 
    0xFF, 0xFF, 0xFF, 0xFF, 0xFF, 0xFF, 0xFF, 0xFF, 0xE0, 0x83, 0xE0, 0x83, 0xE0, 0x83, 0xE0, 0x83, 
    0xE0, 0x83, 0xE0, 0x83, 0xE0, 0x83, 0xE0, 0x83, 0xE0, 0x83, 0xE0, 0x83, 0xE0, 0x83, 0xE0, 0x83, 
    0xE0, 0x83, 0xE0, 0x83, 0xE0, 0x83, 0xE0, 0x83, 0xE0, 0x83, 0xE0, 0x83, 0xE0, 0x83, 0xE0, 0x83, 
    0xE0, 0x83, 0xE0, 0x83, 0xE0, 0x83, 0xE0, 0x83, 0xE0, 0x83, 0xE0, 0x83, 0xE0, 0x83, 0xE0, 0x83, 
    0xE0, 0x83, 0xE0, 0x83, 0xE0, 0x83, 0xE0, 0x83, 0xFF, 0xFF, 0xFF, 0xFF, 0xFF, 0xFF, 0xFF, 0xFF, 
    0xFF, 0xFF, 0xFF, 0xFF, 0xFF, 0xFF, 0xFF, 0xFF, 0xFF, 0xFF, 0xFF, 0xFF, 0xFF, 0xFF, 0xFF, 0xFF, 
    0xFF, 0xFF, 0xFF, 0xFF, 0xFF, 0xFF, 0xFF, 0xFF, 0xFF, 0xFF, 0xFF, 0xFF, 0xFF, 0xFF, 0xFF, 0xFF, 
    0xFF, 0xFF, 0xFF, 0xFF, 0xFF, 0xFF, 0xFF, 0xFF, 0xFF, 0xFF, 0xFF, 0xFF, 0xFF, 0xFF, 0xE0, 0x83, 
    0xE0, 0x83, 0xE0, 0x83, 0xE0, 0x83, 0xE0, 0x83, 0xE0, 0x83, 0xE0, 0x83, 0xE0, 0x83, 0xE0, 0x83, 
    0xE0, 0x83, 0xE0, 0x83, 0xE0, 0x83, 0xE0, 0x83, 0xE0, 0x83, 0xE0, 0x83, 0xE0, 0x83, 0xE0, 0x83, 
    0xE0, 0x83, 0xE0, 0x83, 0xE0, 0x83, 0xE0, 0x83, 0xE0, 0x83, 0xE0, 0x83, 0xE0, 0x83, 0xE0, 0x83, 
    0xE0, 0x83, 0xE0, 0x83, 0xE0, 0x83, 0xE0, 0x83, 0xE0, 0x83, 0xE0, 0x83, 0xE0, 0x83, 0xFF, 0xFF, 
    0xFF, 0xFF, 0xFF, 0xFF, 0xFF, 0xFF, 0xFF, 0xFF, 0xFF, 0xFF, 0xFF, 0xFF, 0xFF, 0xFF, 0xFF, 0xFF, 
    0xFF, 0xFF, 0xFF, 0xFF, 0xFF, 0xFF, 0xFF, 0xFF, 0xFF, 0xFF, 0xFF, 0xFF, 0xFF, 0xFF, 0xFF, 0xFF, 
    0xFF, 0xFF, 0xFF, 0xFF, 0xFF, 0xFF, 0xFF, 0xFF, 0xFF, 0xFF, 0xFF, 0xFF, 0xFF, 0xFF, 0xFF, 0xFF, 
    0xFF, 0xFF, 0xFF, 0xFF, 0xE0, 0x83, 0xE0, 0x83, 0xE0, 0x83, 0xE0, 0x83, 0xE0, 0x83, 0xE0, 0x83, 
    0xE0, 0x83, 0xE0, 0x83, 0xE0, 0x83, 0xE0, 0x83, 0xE0, 0x83, 0xE0, 0x83, 0xE0, 0x83, 0xE0, 0x83, 
    0xE0, 0x83, 0xE0, 0x83, 0xE0, 0x83, 0xE0, 0x83, 0xE0, 0x83, 0xE0, 0x83, 0xE0, 0x83, 0xE0, 0x83, 
    0xE0, 0x83, 0xE0, 0x83, 0xE0, 0x83, 0xE0, 0x83, 0xE0, 0x83, 0xE0, 0x83, 0xE0, 0x83, 0xE0, 0x83, 
    0xE0, 0x83, 0xE0, 0x83, 0xFF, 0xFF, 0xFF, 0xFF, 0xFF, 0xFF, 0xFF, 0xFF, 0xFF, 0xFF, 0xFF, 0xFF, 
    0xFF, 0xFF, 0xFF, 0xFF, 0xFF, 0xFF, 0xFF, 0xFF, 0xFF, 0xFF, 0xFF, 0xFF, 0xFF, 0xFF, 0xFF, 0xFF, 
    0xFF, 0xFF, 0xFF, 0xFF, 0xFF, 0xFF, 0xFF, 0xFF, 0xFF, 0xFF, 0xFF, 0xFF, 0xFF, 0xFF, 0xFF, 0xFF, 
    0xFF, 0xFF, 0xFF, 0xFF, 0xFF, 0xFF, 0xFF, 0xFF, 0xFF, 0xFF, 0xE0, 0x83, 0xE0, 0x83, 0xE0, 0x83, 
    0xE0, 0x83, 0xE0, 0x83, 0xE0, 0x83, 0xE0, 0x83, 0xE0, 0x83, 0xE0, 0x83, 0xE0, 0x83, 0xE0, 0x83, 
    0xE0, 0x83, 0xE0, 0x83, 0xE0, 0x83, 0xE0, 0x83, 0xE0, 0x83, 0xE0, 0x83, 0xE0, 0x83, 0xE0, 0x83, 
    0xE0, 0x83, 0xE0, 0x83, 0xE0, 0x83, 0xE0, 0x83, 0xE0, 0x83, 0xE0, 0x83, 0xE0, 0x83, 0xE0, 0x83, 
    0xE0, 0x83, 0xE0, 0x83, 0xE0, 0x83, 0xE0, 0x83, 0xE0, 0x83, 0xFF, 0xFF, 0xFF, 0xFF, 0xFF, 0xFF, 
    0xFF, 0xFF, 0xFF, 0xFF, 0xFF, 0xFF, 0xFF, 0xFF, 0xFF, 0xFF, 0xFF, 0xFF, 0xFF, 0xFF, 0xFF, 0xFF, 
    0xFF, 0xFF, 0xFF, 0xFF, 0xFF, 0xFF, 0xFF, 0xFF, 0xFF, 0xFF, 0xFF, 0xFF, 0xFF, 0xFF, 0xFF, 0xFF, 
    0xFF, 0xFF, 0xFF, 0xFF, 0xFF, 0xFF, 0xFF, 0xFF, 0xFF, 0xFF, 0xFF, 0xFF, 0xFF, 0xFF, 0xFF, 0xFF, 
    0xE0, 0x83, 0xE0, 0x83, 0xE0, 0x83, 0xE0, 0x83, 0xE0, 0x83, 0xE0, 0x83, 0xE0, 0x83, 0xE0, 0x83, 
    0xE0, 0x83, 0xE0, 0x83, 0xE0, 0x83, 0xE0, 0x83, 0xE0, 0x83, 0xE0, 0x83, 0xE0, 0x83, 0xE0, 0x83, 
    0xE0, 0x83, 0xE0, 0x83, 0xE0, 0x83, 0xE0, 0x83, 0xE0, 0x83, 0xE0, 0x83, 0xE0, 0x83, 0xE0, 0x83, 
    0xE0, 0x83, 0xE0, 0x83, 0xE0, 0x83, 0xE0, 0x83, 0xE0, 0x83, 0xE0, 0x83, 0xE0, 0x83, 0xE0, 0x83, 
    0xFF, 0xFF, 0xFF, 0xFF, 0xFF, 0xFF, 0xFF, 0xFF, 0xFF, 0xFF, 0xFF, 0xFF, 0xFF, 0xFF, 0xFF, 0xFF, 
    0xFF, 0xFF, 0xFF, 0xFF, 0xFF, 0xFF, 0xFF, 0xFF, 0xFF, 0xFF, 0xFF, 0xFF, 0xFF, 0xFF, 0xFF, 0xFF, 
    0xFF, 0xFF, 0xFF, 0xFF, 0xFF, 0xFF, 0xFF, 0xFF, 0xFF, 0xFF, 0xFF, 0xFF, 0xFF, 0xFF, 0xFF, 0xFF, 
    0xFF, 0xFF, 0xFF, 0xFF, 0xFF, 0xFF, 0xE0, 0x83, 0xE0, 0x83, 0xE0, 0x83, 0xE0, 0x83, 0xE0, 0x83, 
    0xE0, 0x83, 0xE0, 0x83, 0xE0, 0x83, 0xE0, 0x83, 0xE0, 0x83, 0xE0, 0x83, 0xE0, 0x83, 0xE0, 0x83, 
    0xE0, 0x83, 0xE0, 0x83, 0xE0, 0x83, 0xE0, 0x83, 0xE0, 0x83, 0xE0, 0x83, 0xE0, 0x83, 0xE0, 0x83, 
    0xE0, 0x83, 0xE0, 0x83, 0xE0, 0x83, 0xE0, 0x83, 0xE0, 0x83, 0xE0, 0x83, 0xE0, 0x83, 0xE0, 0x83, 
    0xE0, 0x83, 0xE0, 0x83, 0xE0, 0x83, 0xFF, 0xFF, 0xFF, 0xFF, 0xFF, 0xFF, 0xFF, 0xFF, 0xFF, 0xFF, 
    0xFF, 0xFF, 0xFF, 0xFF, 0xFF, 0xFF, 0xFF, 0xFF, 0xFF, 0xFF, 0xFF, 0xFF, 0xFF, 0xFF, 0xFF, 0xFF, 
    0xFF, 0xFF, 0xFF, 0xFF, 0xFF, 0xFF, 0xFF, 0xFF, 0xFF, 0xFF, 0xFF, 0xFF, 0xFF, 0xFF, 0xFF, 0xFF, 
    0xFF, 0xFF, 0xFF, 0xFF, 0xFF, 0xFF, 0xFF, 0xFF, 0xFF, 0xFF, 0xFF, 0xFF, 0xE0, 0x83, 0xE0, 0x83, 
    0xE0, 0x83, 0xE0, 0x83, 0xE0, 0x83, 0xE0, 0x83, 0xE0, 0x83, 0xE0, 0x83, 0xE0, 0x83, 0xE0, 0x83, 
    0xE0, 0x83, 0xE0, 0x83, 0xE0, 0x83, 0xE0, 0x83, 0xE0, 0x83, 0xE0, 0x83, 0xE0, 0x83, 0xE0, 0x83, 
    0xE0, 0x83, 0xE0, 0x83, 0xE0, 0x83, 0xE0, 0x83, 0xE0, 0x83, 0xE0, 0x83, 0xE0, 0x83, 0xE0, 0x83, 
    0xE0, 0x83, 0xE0, 0x83, 0xE0, 0x83, 0xE0, 0x83, 0xE0, 0x83, 0xE0, 0x83, 0xFF, 0xFF, 0xFF, 0xFF, 
    0xFF, 0xFF, 0xFF, 0xFF, 0xFF, 0xFF, 0xFF, 0xFF, 0xFF, 0xFF, 0xFF, 0xFF, 0xFF, 0xFF, 0xFF, 0xFF, 
    0xFF, 0xFF, 0xFF, 0xFF, 0xFF, 0xFF, 0xFF, 0xFF, 0xFF, 0xFF, 0xFF, 0xFF, 0xFF, 0xFF, 0xFF, 0xFF, 
    0xFF, 0xFF, 0xFF, 0xFF, 0xFF, 0xFF, 0xFF, 0xFF, 0xFF, 0xFF, 0xFF, 0xFF, 0xFF, 0xFF, 0xFF, 0xFF, 
    0xFF, 0xFF, 0xE0, 0x83, 0xE0, 0x83, 0xE0, 0x83, 0xE0, 0x83, 0xE0, 0x83, 0xE0, 0x83, 0xE0, 0x83, 
    0xE0, 0x83, 0xE0, 0x83, 0xE0, 0x83, 0xE0, 0x83, 0xE0, 0x83, 0xE0, 0x83, 0xE0, 0x83, 0xE0, 0x83, 
    0xE0, 0x83, 0xE0, 0x83, 0xE0, 0x83, 0xE0, 0x83, 0xE0, 0x83, 0xE0, 0x83, 0xE0, 0x83, 0xE0, 0x83, 
    0xE0, 0x83, 0xE0, 0x83, 0xE0, 0x83, 0xE0, 0x83, 0xE0, 0x83, 0xE0, 0x83, 0xE0, 0x83, 0xE0, 0x83, 
    0xE0, 0x83, 0xFF, 0xFF, 0xFF, 0xFF, 0xFF, 0xFF, 0xFF, 0xFF, 0xFF, 0xFF, 0xFF, 0xFF, 0xFF, 0xFF, 
    0xFF, 0xFF, 0xFF, 0xFF, 0xFF, 0xFF, 0xFF, 0xFF, 0xFF, 0xFF, 0xFF, 0xFF, 0xFF, 0xFF, 0xFF, 0xFF, 
    0xFF, 0xFF, 0xFF, 0xFF, 0xFF, 0xFF, 0xFF, 0xFF, 0xFF, 0xFF, 0xFF, 0xFF, 0xFF, 0xFF, 0xFF, 0xFF, 
    0xFF, 0xFF, 0xFF, 0xFF, 0xFF, 0xFF, 0xFF, 0xFF, 0xE0, 0x83, 0xE0, 0x83, 0xE0, 0x83, 0xE0, 0x83, 
    0xE0, 0x83, 0xE0, 0x83, 0xE0, 0x83, 0xE0, 0x83, 0xE0, 0x83, 0xE0, 0x83, 0xE0, 0x83, 0xE0, 0x83, 
    0xE0, 0x83, 0xE0, 0x83, 0xE0, 0x83, 0xE0, 0x83, 0xE0, 0x83, 0xE0, 0x83, 0xE0, 0x83, 0xE0, 0x83, 
    0xE0, 0x83, 0xE0, 0x83, 0xE0, 0x83, 0xE0, 0x83, 0xE0, 0x83, 0xE0, 0x83, 0xE0, 0x83, 0xE0, 0x83, 
    0xE0, 0x83, 0xE0, 0x83, 0xE0, 0x83, 0xE0, 0x83, 0xFF, 0xFF, 0xFF, 0xFF, 0xFF, 0xFF, 0xFF, 0xFF, 
    0xFF, 0xFF, 0xFF, 0xFF, 0xFF, 0xFF, 0xFF, 0xFF, 0xFF, 0xFF, 0xFF, 0xFF, 0xFF, 0xFF, 0xFF, 0xFF, 
    0xFF, 0xFF, 0xFF, 0xFF, 0xFF, 0xFF, 0xFF, 0xFF, 0xFF, 0xFF, 0xFF, 0xFF, 0xFF, 0xFF, 0xFF, 0xFF, 
    0xFF, 0xFF, 0xFF, 0xFF, 0xFF, 0xFF, 0xFF, 0xFF, 0xFF, 0xFF, 0xFF, 0xFF, 0xFF, 0xFF, 0xE0, 0x83, 
    0xE0, 0x83, 0xE0, 0x83, 0xE0, 0x83, 0xE0, 0x83, 0xE0, 0x83, 0xE0, 0x83, 0xE0, 0x83, 0xE0, 0x83, 
    0xE0, 0x83, 0xE0, 0x83, 0xE0, 0x83, 0xE0, 0x83, 0xE0, 0x83, 0xE0, 0x83, 0xE0, 0x83, 0xE0, 0x83, 
    0xE0, 0x83, 0xE0, 0x83, 0xE0, 0x83, 0xE0, 0x83, 0xE0, 0x83, 0xE0, 0x83, 0xE0, 0x83, 0xE0, 0x83, 
    0xE0, 0x83, 0xE0, 0x83, 0xE0, 0x83, 0xE0, 0x83, 0xE0, 0x83, 0xE0, 0x83, 0xE0, 0x83, 0xFF, 0xFF, 
    0xFF, 0xFF, 0xFF, 0xFF, 0xFF, 0xFF, 0xFF, 0xFF, 0xFF, 0xFF, 0xFF, 0xFF, 0xFF, 0xFF, 0xFF, 0xFF, 
    0xFF, 0xFF, 0xFF, 0xFF, 0xFF, 0xFF, 0xFF, 0xFF, 0xFF, 0xFF, 0xFF, 0xFF, 0xFF, 0xFF, 0xFF, 0xFF, 
    0xFF, 0xFF, 0xFF, 0xFF, 0xFF, 0xFF, 0xFF, 0xFF, 0xFF, 0xFF, 0xFF, 0xFF, 0xFF, 0xFF, 0xFF, 0xFF, 
    0xFF, 0xFF, 0xFF, 0xFF, 0xE0, 0x83, 0xE0, 0x83, 0xE0, 0x83, 0xE0, 0x83, 0xE0, 0x83, 0xE0, 0x83, 
    0xE0, 0x83, 0xE0, 0x83, 0xE0, 0x83, 0xE0, 0x83, 0xE0, 0x83, 0xE0, 0x83, 0xE0, 0x83, 0xE0, 0x83, 
    0xE0, 0x83, 0xE0, 0x83, 0xE0, 0x83, 0xE0, 0x83, 0xE0, 0x83, 0xE0, 0x83, 0xE0, 0x83, 0xE0, 0x83, 
    0xE0, 0x83, 0xE0, 0x83, 0xE0, 0x83, 0xE0, 0x83, 0xE0, 0x83, 0xE0, 0x83, 0xE0, 0x83, 0xE0, 0x83, 
    0xE0, 0x83, 0xE0, 0x83, 0xFF, 0xFF, 0xFF, 0xFF, 0xFF, 0xFF, 0xFF, 0xFF, 0xFF, 0xFF, 0xFF, 0xFF, 
    0xFF, 0xFF, 0xFF, 0xFF, 0xFF, 0xFF, 0xFF, 0xFF, 0xFF, 0xFF, 0xFF, 0xFF, 0xFF, 0xFF, 0xFF, 0xFF, 
    0xFF, 0xFF, 0xFF, 0xFF, 0xFF, 0xFF, 0xFF, 0xFF, 0xFF, 0xFF, 0xFF, 0xFF, 0xFF, 0xFF, 0xFF, 0xFF, 
    0xFF, 0xFF, 0xFF, 0xFF, 0xFF, 0xFF, 0xFF, 0xFF, 0xFF, 0xFF, 0xE0, 0x83, 0xE0, 0x83, 0xE0, 0x83, 
    0xE0, 0x83, 0xE0, 0x83, 0xE0, 0x83, 0xE0, 0x83, 0xE0, 0x83, 0xE0, 0x83, 0xE0, 0x83, 0xE0, 0x83, 
    0xE0, 0x83, 0xE0, 0x83, 0xE0, 0x83, 0xE0, 0x83, 0xE0, 0x83, 0xE0, 0x83, 0xE0, 0x83, 0xE0, 0x83, 
    0xE0, 0x83, 0xE0, 0x83, 0xE0, 0x83, 0xE0, 0x83, 0xE0, 0x83, 0xE0, 0x83, 0xE0, 0x83, 0xE0, 0x83, 
    0xE0, 0x83, 0xE0, 0x83, 0xE0, 0x83, 0xE0, 0x83, 0xE0, 0x83, 0xFF, 0xFF, 0xFF, 0xFF, 0xFF, 0xFF, 
    0xFF, 0xFF, 0xFF, 0xFF, 0xFF, 0xFF, 0xFF, 0xFF, 0xFF, 0xFF, 0xFF, 0xFF, 0xFF, 0xFF, 0xFF, 0xFF, 
    0xFF, 0xFF, 0xFF, 0xFF, 0xFF, 0xFF, 0xFF, 0xFF, 0xFF, 0xFF, 0xFF, 0xFF, 0xFF, 0xFF, 0xFF, 0xFF, 
    0xFF, 0xFF, 0xFF, 0xFF, 0xFF, 0xFF, 0xFF, 0xFF, 0xFF, 0xFF, 0xFF, 0xFF, 0xFF, 0xFF, 0xFF, 0xFF, 
    0xE0, 0x83, 0xE0, 0x83, 0xE0, 0x83, 0xE0, 0x83, 0xE0, 0x83, 0xE0, 0x83, 0xE0, 0x83, 0xE0, 0x83, 
    0xE0, 0x83, 0xE0, 0x83, 0xE0, 0x83, 0xE0, 0x83, 0xE0, 0x83, 0xE0, 0x83, 0xE0, 0x83, 0xE0, 0x83, 
    0xE0, 0x83, 0xE0, 0x83, 0xE0, 0x83, 0xE0, 0x83, 0xE0, 0x83, 0xE0, 0x83, 0xE0, 0x83, 0xE0, 0x83, 
    0xE0, 0x83, 0xE0, 0x83, 0xE0, 0x83, 0xE0, 0x83, 0xE0, 0x83, 0xE0, 0x83, 0xE0, 0x83, 0xE0, 0x83, 
    0xFF, 0xFF, 0xFF, 0xFF, 0xFF, 0xFF, 0xFF, 0xFF, 0xFF, 0xFF, 0xFF, 0xFF, 0xFF, 0xFF, 0xFF, 0xFF, 
    0xFF, 0xFF, 0xFF, 0xFF, 0xFF, 0xFF, 0xFF, 0xFF, 0xFF, 0xFF, 0xFF, 0xFF, 0xFF, 0xFF, 0xFF, 0xFF, 
    0xFF, 0xFF, 0xFF, 0xFF, 0xFF, 0xFF, 0xFF, 0xFF, 0xFF, 0xFF, 0xFF, 0xFF, 0xFF, 0xFF, 0xFF, 0xFF, 
    0xFF, 0xFF, 0xFF, 0xFF, 0xFF, 0xFF, 0xE0, 0x83, 0xE0, 0x83, 0xE0, 0x83, 0xE0, 0x83, 0xE0, 0x83, 
    0xE0, 0x83, 0xE0, 0x83, 0xE0, 0x83, 0xE0, 0x83, 0xE0, 0x83, 0xE0, 0x83, 0xE0, 0x83, 0xE0, 0x83, 
    0xE0, 0x83, 0xE0, 0x83, 0xE0, 0x83, 0xE0, 0x83, 0xE0, 0x83, 0xE0, 0x83, 0xE0, 0x83, 0xE0, 0x83, 
    0xE0, 0x83, 0xE0, 0x83, 0xE0, 0x83, 0xE0, 0x83, 0xE0, 0x83, 0xE0, 0x83, 0xE0, 0x83, 0xE0, 0x83, 
    0xE0, 0x83, 0xE0, 0x83, 0xE0, 0x83, 0xFF, 0xFF, 0xFF, 0xFF, 0xFF, 0xFF, 0xFF, 0xFF, 0xFF, 0xFF, 
    0xFF, 0xFF, 0xFF, 0xFF, 0xFF, 0xFF, 0xFF, 0xFF, 0xFF, 0xFF, 0xFF, 0xFF, 0xFF, 0xFF, 0xFF, 0xFF, 
    0xFF, 0xFF, 0xFF, 0xFF, 0xFF, 0xFF, 0xFF, 0xFF, 0xFF, 0xFF, 0xFF, 0xFF, 0xFF, 0xFF, 0xFF, 0xFF, 
    0xFF, 0xFF, 0xFF, 0xFF, 0xFF, 0xFF, 0xFF, 0xFF, 0xFF, 0xFF, 0xFF, 0xFF, 0xE0, 0x83, 0xE0, 0x83, 
    0xE0, 0x83, 0xE0, 0x83, 0xE0, 0x83, 0xE0, 0x83, 0xE0, 0x83, 0xE0, 0x83, 0xE0, 0x83, 0xE0, 0x83, 
    0xE0, 0x83, 0xE0, 0x83, 0xE0, 0x83, 0xE0, 0x83, 0xE0, 0x83, 0xE0, 0x83, 0xE0, 0x83, 0xE0, 0x83, 
    0xE0, 0x83, 0xE0, 0x83, 0xE0, 0x83, 0xE0, 0x83, 0xE0, 0x83, 0xE0, 0x83, 0xE0, 0x83, 0xE0, 0x83, 
    0xE0, 0x83, 0xE0, 0x83, 0xE0, 0x83, 0xE0, 0x83, 0xE0, 0x83, 0xE0, 0x83, 0xFF, 0xFF, 0xFF, 0xFF, 
    0xFF, 0xFF, 0xFF, 0xFF, 0xFF, 0xFF, 0xFF, 0xFF, 0xFF, 0xFF, 0xFF, 0xFF, 0xFF, 0xFF, 0xFF, 0xFF, 
    0xFF, 0xFF, 0xFF, 0xFF, 0xFF, 0xFF, 0xFF, 0xFF, 0xFF, 0xFF, 0xFF, 0xFF, 0xFF, 0xFF, 0xFF, 0xFF, 
    0xFF, 0xFF, 0xFF, 0xFF, 0xFF, 0xFF, 0xFF, 0xFF, 0xFF, 0xFF, 0xFF, 0xFF, 0xFF, 0xFF, 0xFF, 0xFF, 
    0xFF, 0xFF, 0xE0, 0x83, 0xE0, 0x83, 0xE0, 0x83, 0xE0, 0x83, 0xE0, 0x83, 0xE0, 0x83, 0xE0, 0x83, 
    0xE0, 0x83, 0xE0, 0x83, 0xE0, 0x83, 0xE0, 0x83, 0xE0, 0x83, 0xE0, 0x83, 0xE0, 0x83, 0xE0, 0x83, 
    0xE0, 0x83, 0xE0, 0x83, 0xE0, 0x83, 0xE0, 0x83, 0xE0, 0x83, 0xE0, 0x83, 0xE0, 0x83, 0xE0, 0x83, 
    0xE0, 0x83, 0xE0, 0x83, 0xE0, 0x83, 0xE0, 0x83, 0xE0, 0x83, 0xE0, 0x83, 0xE0, 0x83, 0xE0, 0x83, 
    0xE0, 0x83, 0xFF, 0xFF, 0xFF, 0xFF, 0xFF, 0xFF, 0xFF, 0xFF, 0xFF, 0xFF, 0xFF, 0xFF, 0xFF, 0xFF, 
    0xFF, 0xFF, 0xFF, 0xFF, 0xFF, 0xFF, 0xFF, 0xFF, 0xFF, 0xFF, 0xFF, 0xFF, 0xFF, 0xFF, 0xFF, 0xFF, 
    0xFF, 0xFF, 0xFF, 0xFF, 0xFF, 0xFF, 0xFF, 0xFF, 0xFF, 0xFF, 0xFF, 0xFF, 0xFF, 0xFF, 0xFF, 0xFF, 
    0xFF, 0xFF, 0xFF, 0xFF, 0xFF, 0xFF, 0xFF, 0xFF, 0xE0, 0x83, 0xE0, 0x83, 0xE0, 0x83, 0xE0, 0x83, 
    0xE0, 0x83, 0xE0, 0x83, 0xE0, 0x83, 0xE0, 0x83, 0xE0, 0x83, 0xE0, 0x83, 0xE0, 0x83, 0xE0, 0x83, 
    0xE0, 0x83, 0xE0, 0x83, 0xE0, 0x83, 0xE0, 0x83, 0xE0, 0x83, 0xE0, 0x83, 0xFF, 0xFF, 0xFF, 0xFF, 
    0xFF, 0xFF, 0xFF, 0xFF, 0xFF, 0xFF, 0xFF, 0xFF, 0xFF, 0xFF, 0xFF, 0xFF, 0xFF, 0xFF, 0xFF, 0xFF, 
    0xFF, 0xFF, 0xFF, 0xFF, 0xFF, 0xFF, 0xFF, 0xFF, 0xFF, 0xFF, 0xFF, 0xFF, 0xFF, 0xFF, 0xFF, 0xFF, 
    0xFF, 0xFF, 0xFF, 0xFF, 0xFF, 0xFF, 0xFF, 0xFF, 0xFF, 0xFF, 0xFF, 0xFF, 0xFF, 0xFF, 0xFF, 0xFF, 
    0xFF, 0xFF, 0xFF, 0xFF, 0xFF, 0xFF, 0xFF, 0xFF, 0xFF, 0xFF, 0xFF, 0xFF, 0xFF, 0xFF, 0xFF, 0xFF, 
    0xFF, 0xFF, 0xFF, 0xFF, 0xFF, 0xFF, 0xFF, 0xFF, 0xFF, 0xFF, 0xFF, 0xFF, 0xFF, 0xFF, 0xFF, 0xFF, 
    0xFF, 0xFF, 0xFF, 0xFF, 0xFF, 0xFF, 0xFF, 0xFF, 0xFF, 0xFF, 0xFF, 0xFF, 0xFF, 0xFF, 0xFF, 0xFF, 
    0xFF, 0xFF, 0xFF, 0xFF, 0xFF, 0xFF, 0xFF, 0xFF, 0xFF, 0xFF, 0xE0, 0x83, 0xE0, 0x83, 0xE0, 0x83, 
    0xE0, 0x83, 0xE0, 0x83, 0xFF, 0xFF, 0xFF, 0xFF, 0xFF, 0xFF, 0xFF, 0xFF, 0xFF, 0xFF, 0xFF, 0xFF, 
    0xFF, 0xFF, 0xFF, 0xFF, 0xFF, 0xFF, 0xFF, 0xFF, 0xFF, 0xFF, 0xFF, 0xFF, 0xFF, 0xFF, 0xFF, 0xFF, 
    0xFF, 0xFF, 0xFF, 0xFF, 0xFF, 0xFF, 0xFF, 0xFF, 0xFF, 0xFF, 0xFF, 0xFF, 0xFF, 0xFF, 0xFF, 0xFF, 
    0xFF, 0xFF, 0xFF, 0xFF, 0xFF, 0xFF, 0xFF, 0xFF, 0xFF, 0xFF, 0xFF, 0xFF, 0xFF, 0xFF, 0xFF, 0xFF, 
    0xFF, 0xFF, 0xFF, 0xFF, 0xFF, 0xFF, 0xFF, 0xFF, 0xFF, 0xFF, 0xFF, 0xFF, 0xFF, 0xFF, 0xFF, 0xFF, 
    0xFF, 0xFF, 0xFF, 0xFF, 0xFF, 0xFF, 0xFF, 0xFF, 0xFF, 0xFF, 0xFF, 0xFF, 0xFF, 0xFF, 0xFF, 0xFF, 
    0xFF, 0xFF, 0xFF, 0xFF, 0xFF, 0xFF, 0xFF, 0xFF, 0xFF, 0xFF, 0xFF, 0xFF, 0xFF, 0xFF, 0xE0, 0x83, 
    0xE0, 0x83, 0xE0, 0x83, 0xE0, 0x83, 0xE0, 0x83, 0xE0, 0x83, 0xE0, 0x83, 0xFF, 0xFF, 0xFF, 0xFF, 
    0xFF, 0xFF, 0xFF, 0xFF, 0xFF, 0xFF, 0xFF, 0xFF, 0xFF, 0xFF, 0xFF, 0xFF, 0xFF, 0xFF, 0xFF, 0xFF, 
    0xFF, 0xFF, 0xFF, 0xFF, 0xFF, 0xFF, 0xFF, 0xFF, 0xFF, 0xFF, 0xFF, 0xFF, 0xFF, 0xFF, 0xFF, 0xFF, 
    0xFF, 0xFF, 0xFF, 0xFF, 0xFF, 0xFF, 0xFF, 0xFF, 0xFF, 0xFF, 0xFF, 0xFF, 0xFF, 0xFF, 0xFF, 0xFF, 
    0xFF, 0xFF, 0xFF, 0xFF, 0xFF, 0xFF, 0xFF, 0xFF, 0xFF, 0xFF, 0xFF, 0xFF, 0xFF, 0xFF, 0xFF, 0xFF, 
    0xFF, 0xFF, 0xFF, 0xFF, 0xFF, 0xFF, 0xFF, 0xFF, 0xFF, 0xFF, 0xFF, 0xFF, 0xFF, 0xFF, 0xFF, 0xFF, 
    0xFF, 0xFF, 0xFF, 0xFF, 0xFF, 0xFF, 0xFF, 0xFF, 0xFF, 0xFF, 0xFF, 0xFF, 0xFF, 0xFF, 0xFF, 0xFF, 
    0xFF, 0xFF, 0xE0, 0x83, 0xE0, 0x83, 0xE0, 0x83, 0xE0, 0x83, 0xE0, 0x83, 0xE0, 0x83, 0xE0, 0x83, 
    0xE0, 0x83, 0xE0, 0x83, 0xFF, 0xFF, 0xFF, 0xFF, 0xFF, 0xFF, 0xFF, 0xFF, 0xFF, 0xFF, 0xFF, 0xFF, 
    0xFF, 0xFF, 0xFF, 0xFF, 0xFF, 0xFF, 0xFF, 0xFF, 0xFF, 0xFF, 0xFF, 0xFF, 0xFF, 0xFF, 0xFF, 0xFF, 
    0xFF, 0xFF, 0xFF, 0xFF, 0xFF, 0xFF, 0xFF, 0xFF, 0xFF, 0xFF, 0xFF, 0xFF, 0xFF, 0xFF, 0xFF, 0xFF, 
    0xFF, 0xFF, 0xFF, 0xFF, 0xFF, 0xFF, 0xFF, 0xFF, 0xFF, 0xFF, 0xFF, 0xFF, 0xFF, 0xFF, 0xFF, 0xFF, 
    0xFF, 0xFF, 0xFF, 0xFF, 0xFF, 0xFF, 0xFF, 0xFF, 0xFF, 0xFF, 0xFF, 0xFF, 0xFF, 0xFF, 0xFF, 0xFF, 
    0xFF, 0xFF, 0xFF, 0xFF, 0xFF, 0xFF, 0xFF, 0xFF, 0xFF, 0xFF, 0xFF, 0xFF, 0xFF, 0xFF, 0xFF, 0xFF, 
    0xFF, 0xFF, 0xFF, 0xFF, 0xFF, 0xFF, 0xE0, 0x83, 0xE0, 0x83, 0xE0, 0x83, 0xE0, 0x83, 0xE0, 0x83, 
    0xE0, 0x83, 0xE0, 0x83, 0xE0, 0x83, 0xE0, 0x83, 0xE0, 0x83, 0xE0, 0x83, 0xFF, 0xFF, 0xFF, 0xFF, 
    0xFF, 0xFF, 0xFF, 0xFF, 0xFF, 0xFF, 0xFF, 0xFF, 0xFF, 0xFF, 0xFF, 0xFF, 0xFF, 0xFF, 0xFF, 0xFF, 
    0xFF, 0xFF, 0xFF, 0xFF, 0xFF, 0xFF, 0xFF, 0xFF, 0xFF, 0xFF, 0xFF, 0xFF, 0xFF, 0xFF, 0xFF, 0xFF, 
    0xFF, 0xFF, 0xFF, 0xFF, 0xFF, 0xFF, 0xFF, 0xFF, 0xFF, 0xFF, 0xFF, 0xFF, 0xFF, 0xFF, 0xFF, 0xFF, 
    0xFF, 0xFF, 0xFF, 0xFF, 0xFF, 0xFF, 0xFF, 0xFF, 0xFF, 0xFF, 0xFF, 0xFF, 0xFF, 0xFF, 0xFF, 0xFF, 
    0xFF, 0xFF, 0xFF, 0xFF, 0xFF, 0xFF, 0xFF, 0xFF, 0xFF, 0xFF, 0xFF, 0xFF, 0xFF, 0xFF, 0xFF, 0xFF, 
    0xFF, 0xFF, 0xFF, 0xFF, 0xFF, 0xFF, 0xFF, 0xFF, 0xFF, 0xFF, 0xE0, 0x83, 0xE0, 0x83, 0xE0, 0x83, 
    0xE0, 0x83, 0xE0, 0x83, 0xE0, 0x83, 0xE0, 0x83, 0xE0, 0x83, 0xE0, 0x83, 0xE0, 0x83, 0xE0, 0x83, 
    0xE0, 0x83, 0xE0, 0x83, 0xFF, 0xFF, 0xFF, 0xFF, 0xFF, 0xFF, 0xFF, 0xFF, 0xFF, 0xFF, 0xFF, 0xFF, 
    0xFF, 0xFF, 0xFF, 0xFF, 0xFF, 0xFF, 0xFF, 0xFF, 0xFF, 0xFF, 0xFF, 0xFF, 0xFF, 0xFF, 0xFF, 0xFF, 
    0xFF, 0xFF, 0xFF, 0xFF, 0xFF, 0xFF, 0xFF, 0xFF, 0xFF, 0xFF, 0xFF, 0xFF, 0xFF, 0xFF, 0xFF, 0xFF, 
    0xFF, 0xFF, 0xFF, 0xFF, 0xFF, 0xFF, 0xFF, 0xFF, 0xFF, 0xFF, 0xFF, 0xFF, 0xFF, 0xFF, 0xFF, 0xFF, 
    0xFF, 0xFF, 0xFF, 0xFF, 0xFF, 0xFF, 0xFF, 0xFF, 0xFF, 0xFF, 0xFF, 0xFF, 0xFF, 0xFF, 0xFF, 0xFF, 
    0xFF, 0xFF, 0xFF, 0xFF, 0xFF, 0xFF, 0xFF, 0xFF, 0xFF, 0xFF, 0xFF, 0xFF, 0xFF, 0xFF, 0xE0, 0x83, 
    0xE0, 0x83, 0xE0, 0x83, 0xE0, 0x83, 0xE0, 0x83, 0xE0, 0x83, 0xE0, 0x83, 0xE0, 0x83, 0xE0, 0x83, 
    0xE0, 0x83, 0xE0, 0x83, 0xE0, 0x83, 0xE0, 0x83, 0xE0, 0x83, 0xE0, 0x83, 0xFF, 0xFF, 0xFF, 0xFF, 
    0xFF, 0xFF, 0xFF, 0xFF, 0xFF, 0xFF, 0xFF, 0xFF, 0xFF, 0xFF, 0xFF, 0xFF, 0xFF, 0xFF, 0xFF, 0xFF, 
    0xFF, 0xFF, 0xFF, 0xFF, 0xFF, 0xFF, 0xFF, 0xFF, 0xFF, 0xFF, 0xFF, 0xFF, 0xFF, 0xFF, 0xFF, 0xFF, 
    0xFF, 0xFF, 0xFF, 0xFF, 0xFF, 0xFF, 0xFF, 0xFF, 0xFF, 0xFF, 0xFF, 0xFF, 0xFF, 0xFF, 0xFF, 0xFF, 
    0xFF, 0xFF, 0xFF, 0xFF, 0xFF, 0xFF, 0xFF, 0xFF, 0xFF, 0xFF, 0xFF, 0xFF, 0xFF, 0xFF, 0xFF, 0xFF, 
    0xFF, 0xFF, 0xFF, 0xFF, 0xFF, 0xFF, 0xFF, 0xFF, 0xFF, 0xFF, 0xFF, 0xFF, 0xFF, 0xFF, 0xFF, 0xFF, 
    0xFF, 0xFF, 0xE0, 0x83, 0xE0, 0x83, 0xE0, 0x83, 0xE0, 0x83, 0xE0, 0x83, 0xE0, 0x83, 0xE0, 0x83, 
    0xE0, 0x83, 0xE0, 0x83, 0xE0, 0x83, 0xE0, 0x83, 0xE0, 0x83, 0xE0, 0x83, 0xE0, 0x83, 0xE0, 0x83, 
    0xE0, 0x83, 0xE0, 0x83, 0xFF, 0xFF, 0xFF, 0xFF, 0xFF, 0xFF, 0xFF, 0xFF, 0xFF, 0xFF, 0xFF, 0xFF, 
    0xFF, 0xFF, 0xFF, 0xFF, 0xFF, 0xFF, 0xFF, 0xFF, 0xFF, 0xFF, 0xFF, 0xFF, 0xFF, 0xFF, 0xFF, 0xFF, 
    0xFF, 0xFF, 0xFF, 0xFF, 0xFF, 0xFF, 0xFF, 0xFF, 0xFF, 0xFF, 0xFF, 0xFF, 0xFF, 0xFF, 0xFF, 0xFF, 
    0xFF, 0xFF, 0xFF, 0xFF, 0xFF, 0xFF, 0xFF, 0xFF, 0xFF, 0xFF, 0xFF, 0xFF, 0xFF, 0xFF, 0xFF, 0xFF, 
    0xFF, 0xFF, 0xFF, 0xFF, 0xFF, 0xFF, 0xFF, 0xFF, 0xFF, 0xFF, 0xFF, 0xFF, 0xFF, 0xFF, 0xFF, 0xFF, 
    0xFF, 0xFF, 0xFF, 0xFF, 0xFF, 0xFF, 0xE0, 0x83, 0xE0, 0x83, 0xE0, 0x83, 0xE0, 0x83, 0xE0, 0x83, 
    0xE0, 0x83, 0xE0, 0x83, 0xE0, 0x83, 0xE0, 0x83, 0xE0, 0x83, 0xE0, 0x83, 0xE0, 0x83, 0xE0, 0x83, 
    0xE0, 0x83, 0xE0, 0x83, 0xE0, 0x83, 0xE0, 0x83, 0xE0, 0x83, 0xE0, 0x83, 0xFF, 0xFF, 0xFF, 0xFF, 
    0xFF, 0xFF, 0xFF, 0xFF, 0xFF, 0xFF, 0xFF, 0xFF, 0xFF, 0xFF, 0xFF, 0xFF, 0xFF, 0xFF, 0xFF, 0xFF, 
    0xFF, 0xFF, 0xFF, 0xFF, 0xFF, 0xFF, 0xFF, 0xFF, 0xFF, 0xFF, 0xFF, 0xFF, 0xFF, 0xFF, 0xFF, 0xFF, 
    0xFF, 0xFF, 0xFF, 0xFF, 0xFF, 0xFF, 0xFF, 0xFF, 0xFF, 0xFF, 0xFF, 0xFF, 0xFF, 0xFF, 0xFF, 0xFF, 
    0xFF, 0xFF, 0xFF, 0xFF, 0xFF, 0xFF, 0xFF, 0xFF, 0xFF, 0xFF, 0xFF, 0xFF, 0xFF, 0xFF, 0xFF, 0xFF, 
    0xFF, 0xFF, 0xFF, 0xFF, 0xFF, 0xFF, 0xFF, 0xFF, 0xFF, 0xFF, 0xE0, 0x83, 0xE0, 0x83, 0xE0, 0x83, 
    0xE0, 0x83, 0xE0, 0x83, 0xE0, 0x83, 0xE0, 0x83, 0xE0, 0x83, 0xE0, 0x83, 0xE0, 0x83, 0xE0, 0x83, 
    0xE0, 0x83, 0xE0, 0x83, 0xE0, 0x83, 0xE0, 0x83, 0xE0, 0x83, 0xE0, 0x83, 0xE0, 0x83, 0xE0, 0x83, 
    0xE0, 0x83, 0xE0, 0x83, 0xFF, 0xFF, 0xFF, 0xFF, 0xFF, 0xFF, 0xFF, 0xFF, 0xFF, 0xFF, 0xFF, 0xFF, 
    0xFF, 0xFF, 0xFF, 0xFF, 0xFF, 0xFF, 0xFF, 0xFF, 0xFF, 0xFF, 0xFF, 0xFF, 0xFF, 0xFF, 0xFF, 0xFF, 
    0xFF, 0xFF, 0xFF, 0xFF, 0xFF, 0xFF, 0xFF, 0xFF, 0xFF, 0xFF, 0xFF, 0xFF, 0xFF, 0xFF, 0xFF, 0xFF, 
    0xFF, 0xFF, 0xFF, 0xFF, 0xFF, 0xFF, 0xFF, 0xFF, 0xFF, 0xFF, 0xFF, 0xFF, 0xFF, 0xFF, 0xFF, 0xFF, 
    0xFF, 0xFF, 0xFF, 0xFF, 0xFF, 0xFF, 0xFF, 0xFF, 0xFF, 0xFF, 0xFF, 0xFF, 0xFF, 0xFF, 0xE0, 0x83, 
    0xE0, 0x83, 0xE0, 0x83, 0xE0, 0x83, 0xE0, 0x83, 0xE0, 0x83, 0xE0, 0x83, 0xE0, 0x83, 0xE0, 0x83, 
    0xE0, 0x83, 0xE0, 0x83, 0xE0, 0x83, 0xE0, 0x83, 0xE0, 0x83, 0xE0, 0x83, 0xE0, 0x83, 0xE0, 0x83, 
    0xE0, 0x83, 0xE0, 0x83, 0xE0, 0x83, 0xE0, 0x83, 0xE0, 0x83, 0xE0, 0x83, 0xFF, 0xFF, 0xFF, 0xFF, 
    0xFF, 0xFF, 0xFF, 0xFF, 0xFF, 0xFF, 0xFF, 0xFF, 0xFF, 0xFF, 0xFF, 0xFF, 0xFF, 0xFF, 0xFF, 0xFF, 
    0xFF, 0xFF, 0xFF, 0xFF, 0xFF, 0xFF, 0xFF, 0xFF, 0xFF, 0xFF, 0xFF, 0xFF, 0xFF, 0xFF, 0xFF, 0xFF, 
    0xFF, 0xFF, 0xFF, 0xFF, 0xFF, 0xFF, 0xFF, 0xFF, 0xFF, 0xFF, 0xFF, 0xFF, 0xFF, 0xFF, 0xFF, 0xFF, 
    0xFF, 0xFF, 0xFF, 0xFF, 0xFF, 0xFF, 0xFF, 0xFF, 0xFF, 0xFF, 0xFF, 0xFF, 0xFF, 0xFF, 0xFF, 0xFF, 
    0xFF, 0xFF, 0xE0, 0x83, 0xE0, 0x83, 0xE0, 0x83, 0xE0, 0x83, 0xE0, 0x83, 0xE0, 0x83, 0xE0, 0x83, 
    0xE0, 0x83, 0xE0, 0x83, 0xE0, 0x83, 0xE0, 0x83, 0xE0, 0x83, 0xE0, 0x83, 0xE0, 0x83, 0xE0, 0x83, 
    0xE0, 0x83, 0xE0, 0x83, 0xE0, 0x83, 0xE0, 0x83, 0xE0, 0x83, 0xE0, 0x83, 0xE0, 0x83, 0xE0, 0x83, 
    0xE0, 0x83, 0xE0, 0x83, 0xFF, 0xFF, 0xFF, 0xFF, 0xFF, 0xFF, 0xFF, 0xFF, 0xFF, 0xFF, 0xFF, 0xFF, 
    0xFF, 0xFF, 0xFF, 0xFF, 0xFF, 0xFF, 0xFF, 0xFF, 0xFF, 0xFF, 0xFF, 0xFF, 0xFF, 0xFF, 0xFF, 0xFF, 
    0xFF, 0xFF, 0xFF, 0xFF, 0xFF, 0xFF, 0xFF, 0xFF, 0xFF, 0xFF, 0xFF, 0xFF, 0xFF, 0xFF, 0xFF, 0xFF, 
    0xFF, 0xFF, 0xFF, 0xFF, 0xFF, 0xFF, 0xFF, 0xFF, 0xFF, 0xFF, 0xFF, 0xFF, 0xFF, 0xFF, 0xFF, 0xFF, 
    0xFF, 0xFF, 0xFF, 0xFF, 0xFF, 0xFF, 0xE0, 0x83, 0xE0, 0x83, 0xE0, 0x83, 0xE0, 0x83, 0xE0, 0x83, 
    0xE0, 0x83, 0xE0, 0x83, 0xE0, 0x83, 0xE0, 0x83, 0xE0, 0x83, 0xE0, 0x83, 0xE0, 0x83, 0xE0, 0x83, 
    0xE0, 0x83, 0xE0, 0x83, 0xE0, 0x83, 0xE0, 0x83, 0xE0, 0x83, 0xE0, 0x83, 0xE0, 0x83, 0xE0, 0x83, 
    0xE0, 0x83, 0xE0, 0x83, 0xE0, 0x83, 0xE0, 0x83, 0xE0, 0x83, 0xE0, 0x83, 0xFF, 0xFF, 0xFF, 0xFF, 
    0xFF, 0xFF, 0xFF, 0xFF, 0xFF, 0xFF, 0xFF, 0xFF, 0xFF, 0xFF, 0xFF, 0xFF, 0xFF, 0xFF, 0xFF, 0xFF, 
    0xFF, 0xFF, 0xFF, 0xFF, 0xFF, 0xFF, 0xFF, 0xFF, 0xFF, 0xFF, 0xFF, 0xFF, 0xFF, 0xFF, 0xFF, 0xFF, 
    0xFF, 0xFF, 0xFF, 0xFF, 0xFF, 0xFF, 0xFF, 0xFF, 0xFF, 0xFF, 0xFF, 0xFF, 0xFF, 0xFF, 0xFF, 0xFF, 
    0xFF, 0xFF, 0xFF, 0xFF, 0xFF, 0xFF, 0xFF, 0xFF, 0xFF, 0xFF, 0xE0, 0x83, 0xE0, 0x83, 0xE0, 0x83, 
    0xE0, 0x83, 0xE0, 0x83, 0xE0, 0x83, 0xE0, 0x83, 0xE0, 0x83, 0xE0, 0x83, 0xE0, 0x83, 0xE0, 0x83, 
    0xE0, 0x83, 0xE0, 0x83, 0xE0, 0x83, 0xE0, 0x83, 0xE0, 0x83, 0xE0, 0x83, 0xE0, 0x83, 0xE0, 0x83, 
    0xE0, 0x83, 0xE0, 0x83, 0xE0, 0x83, 0xE0, 0x83, 0xE0, 0x83, 0xE0, 0x83, 0xE0, 0x83, 0xE0, 0x83, 
    0xE0, 0x83, 0xE0, 0x83, 0xFF, 0xFF, 0xFF, 0xFF, 0xFF, 0xFF, 0xFF, 0xFF, 0xFF, 0xFF, 0xFF, 0xFF, 
    0xFF, 0xFF, 0xFF, 0xFF, 0xFF, 0xFF, 0xFF, 0xFF, 0xFF, 0xFF, 0xFF, 0xFF, 0xFF, 0xFF, 0xFF, 0xFF, 
    0xFF, 0xFF, 0xFF, 0xFF, 0xFF, 0xFF, 0xFF, 0xFF, 0xFF, 0xFF, 0xFF, 0xFF, 0xFF, 0xFF, 0xFF, 0xFF, 
    0xFF, 0xFF, 0xFF, 0xFF, 0xFF, 0xFF, 0xFF, 0xFF, 0xFF, 0xFF, 0xFF, 0xFF, 0xFF, 0xFF, 0xE0, 0x83, 
    0xE0, 0x83, 0xE0, 0x83, 0xE0, 0x83, 0xE0, 0x83, 0xE0, 0x83, 0xE0, 0x83, 0xE0, 0x83, 0xE0, 0x83, 
    0xE0, 0x83, 0xE0, 0x83, 0xE0, 0x83, 0xE0, 0x83, 0xE0, 0x83, 0xE0, 0x83, 0xE0, 0x83, 0xE0, 0x83, 
    0xE0, 0x83, 0xE0, 0x83, 0xE0, 0x83, 0xE0, 0x83, 0xE0, 0x83, 0xE0, 0x83, 0xE0, 0x83, 0xE0, 0x83, 
    0xE0, 0x83, 0xE0, 0x83, 0xE0, 0x83, 0xE0, 0x83, 0xE0, 0x83, 0xE0, 0x83, 0xFF, 0xFF, 0xFF, 0xFF, 
    0xFF, 0xFF, 0xFF, 0xFF, 0xFF, 0xFF, 0xFF, 0xFF, 0xFF, 0xFF, 0xFF, 0xFF, 0xFF, 0xFF, 0xFF, 0xFF, 
    0xFF, 0xFF, 0xFF, 0xFF, 0xFF, 0xFF, 0xFF, 0xFF, 0xFF, 0xFF, 0xFF, 0xFF, 0xFF, 0xFF, 0xFF, 0xFF, 
    0xFF, 0xFF, 0xFF, 0xFF, 0xFF, 0xFF, 0xFF, 0xFF, 0xFF, 0xFF, 0xFF, 0xFF, 0xFF, 0xFF, 0xDF, 0xFF, 
    0xFF, 0xFF, 0xE0, 0x83, 0xE0, 0x83, 0xE0, 0x83, 0xE0, 0x83, 0xE0, 0x83, 0xE0, 0x83, 0xE0, 0x83, 
    0xE0, 0x83, 0xE0, 0x83, 0xE0, 0x83, 0xE0, 0x83, 0xE0, 0x83, 0xE0, 0x83, 0xE0, 0x83, 0xE0, 0x83, 
    0xE0, 0x83, 0xE0, 0x83, 0xE0, 0x83, 0xE0, 0x83, 0xE0, 0x83, 0xE0, 0x83, 0xE0, 0x83, 0xE0, 0x83, 
    0xE0, 0x83, 0xE0, 0x83, 0xE0, 0x83, 0xE0, 0x83, 0xE0, 0x83, 0xE0, 0x83, 0xE0, 0x83, 0xE0, 0x83, 
    0xE0, 0x83, 0xE0, 0x83, 0xFF, 0xFF, 0xFF, 0xFF, 0xFF, 0xFF, 0xFF, 0xFF, 0xFF, 0xFF, 0xFF, 0xFF, 
    0xFF, 0xFF, 0xFF, 0xFF, 0xFF, 0xFF, 0xFF, 0xFF, 0xFF, 0xFF, 0xFF, 0xFF, 0xFF, 0xFF, 0xFF, 0xFF, 
    0xFF, 0xFF, 0xFF, 0xFF, 0xFF, 0xFF, 0xFF, 0xFF, 0xFF, 0xFF, 0xFF, 0xFF, 0xFF, 0xFF, 0xFF, 0xFF, 
    0xFF, 0xFF, 0xFF, 0xFF, 0xFF, 0xFF, 0xE0, 0x83, 0xE0, 0x83, 0xE0, 0x83, 0xE0, 0x83, 0xE0, 0x83, 
    0xE0, 0x83, 0xE0, 0x83, 0xE0, 0x83, 0xE0, 0x83, 0xE0, 0x83, 0xE0, 0x83, 0xE0, 0x83, 0xE0, 0x83, 
    0xE0, 0x83, 0xE0, 0x83, 0xE0, 0x83, 0xE0, 0x83, 0xE0, 0x83, 0xE0, 0x83, 0xE0, 0x83, 0xE0, 0x83, 
    0xE0, 0x83, 0xE0, 0x83, 0xE0, 0x83, 0xE0, 0x83, 0xE0, 0x83, 0xE0, 0x83, 0xE0, 0x83, 0xE0, 0x83, 
    0xE0, 0x83, 0xE0, 0x83, 0xE0, 0x83, 0xE0, 0x83, 0xE0, 0x83, 0xE0, 0x83, 0xFF, 0xFF, 0xFF, 0xFF, 
    0xFF, 0xFF, 0xFF, 0xFF, 0xFF, 0xFF, 0xFF, 0xFF, 0xFF, 0xFF, 0xFF, 0xFF, 0xFF, 0xFF, 0xFF, 0xFF, 
    0xFF, 0xFF, 0xFF, 0xFF, 0xFF, 0xFF, 0xFF, 0xFF, 0xFF, 0xFF, 0xFF, 0xFF, 0xFF, 0xFF, 0xFF, 0xFF, 
    0xFF, 0xFF, 0xFF, 0xFF, 0xFF, 0xFF, 0xFF, 0xFF, 0xFF, 0xFF, 0xE0, 0x83, 0xE0, 0x83, 0xE0, 0x83, 
    0xE0, 0x83, 0xE0, 0x83, 0xE0, 0x83, 0xE0, 0x83, 0xE0, 0x83, 0xE0, 0x83, 0xE0, 0x83, 0xE0, 0x83, 
    0xE0, 0x83, 0xE0, 0x83, 0xE0, 0x83, 0xE0, 0x83, 0xE0, 0x83, 0xE0, 0x83, 0xE0, 0x83, 0xE0, 0x83, 
    0xE0, 0x83, 0xE0, 0x83, 0xE0, 0x83, 0xE0, 0x83, 0xE0, 0x83, 0xE0, 0x83, 0xE0, 0x83, 0xE0, 0x83, 
    0xE0, 0x83, 0xE0, 0x83, 0xE0, 0x83, 0xE0, 0x83, 0xE0, 0x83, 0xE0, 0x83, 0xE0, 0x83, 0xE0, 0x83, 
    0xE0, 0x83, 0xE0, 0x83, 0xFF, 0xFF, 0xFF, 0xFF, 0xFF, 0xFF, 0xFF, 0xFF, 0xFF, 0xFF, 0xFF, 0xFF, 
    0xFF, 0xFF, 0xFF, 0xFF, 0xFF, 0xFF, 0xFF, 0xFF, 0xFF, 0xFF, 0xFF, 0xFF, 0xFF, 0xFF, 0xFF, 0xFF, 
    0xFF, 0xFF, 0xFF, 0xFF, 0xFF, 0xFF, 0xFF, 0xFF, 0xFF, 0xFF, 0xFF, 0xFF, 0xFF, 0xFF, 0xE0, 0x83, 
    0xE0, 0x83, 0xE0, 0x83, 0xE0, 0x83, 0xE0, 0x83, 0xE0, 0x83, 0xE0, 0x83, 0xE0, 0x83, 0xE0, 0x83, 
    0xE0, 0x83, 0xE0, 0x83, 0xE0, 0x83, 0xE0, 0x83, 0xE0, 0x83, 0xE0, 0x83, 0xE0, 0x83, 0xE0, 0x83, 
    0xE0, 0x83, 0xE0, 0x83, 0xE0, 0x83, 0xE0, 0x83, 0xE0, 0x83, 0xE0, 0x83, 0xE0, 0x83, 0xE0, 0x83, 
    0xE0, 0x83, 0xE0, 0x83, 0xE0, 0x83, 0xE0, 0x83, 0xE0, 0x83, 0xE0, 0x83, 0xE0, 0x83, 0xE0, 0x83, 
    0xE0, 0x83, 0xE0, 0x83, 0xE0, 0x83, 0xE0, 0x83, 0xE0, 0x83, 0xE0, 0x83, 0xFF, 0xFF, 0xFF, 0xFF, 
    0xFF, 0xFF, 0xFF, 0xFF, 0xFF, 0xFF, 0xFF, 0xFF, 0xFF, 0xFF, 0xFF, 0xFF, 0xFF, 0xFF, 0xFF, 0xFF, 
    0xFF, 0xFF, 0xFF, 0xFF, 0xFF, 0xFF, 0xFF, 0xFF, 0xFF, 0xFF, 0xFF, 0xFF, 0xFF, 0xFF, 0xFF, 0xFF, 
    0xFF, 0xFF, 0xE0, 0x83, 0xE0, 0x83, 0xE0, 0x83, 0xE0, 0x83, 0xE0, 0x83, 0xE0, 0x83, 0xE0, 0x83, 
    0xE0, 0x83, 0xE0, 0x83, 0xE0, 0x83, 0xE0, 0x83, 0xE0, 0x83, 0xE0, 0x83, 0xE0, 0x83, 0xE0, 0x83, 
    0xE0, 0x83, 0xE0, 0x83, 0xE0, 0x83, 0xE0, 0x83, 0xE0, 0x83, 0xE0, 0x83, 0xE0, 0x83, 0xE0, 0x83, 
    0xE0, 0x83, 0xE0, 0x83, 0xE0, 0x83, 0xE0, 0x83, 0xE0, 0x83, 0xE0, 0x83, 0xE0, 0x83, 0xE0, 0x83, 
    0xE0, 0x83, 0xE0, 0x83, 0xE0, 0x83, 0xE0, 0x83, 0xE0, 0x83, 0xE0, 0x83, 0xE0, 0x83, 0xE0, 0x83, 
    0xE0, 0x83, 0xE0, 0x83, 0xFF, 0xFF, 0xFF, 0xFF, 0xFF, 0xFF, 0xFF, 0xFF, 0xFF, 0xFF, 0xFF, 0xFF, 
    0xFF, 0xFF, 0xFF, 0xFF, 0xFF, 0xFF, 0xFF, 0xFF, 0xFF, 0xFF, 0xFF, 0xFF, 0xFF, 0xFF, 0xFF, 0xFF, 
    0xFF, 0xFF, 0xFF, 0xFF, 0xFF, 0xFF, 0xE0, 0x83, 0xE0, 0x83, 0xE0, 0x83, 0xE0, 0x83, 0xE0, 0x83, 
    0xE0, 0x83, 0xE0, 0x83, 0xE0, 0x83, 0xE0, 0x83, 0xE0, 0x83, 0xE0, 0x83, 0xE0, 0x83, 0xE0, 0x83, 
    0xE0, 0x83, 0xE0, 0x83, 0xE0, 0x83, 0xE0, 0x83, 0xE0, 0x83, 0xE0, 0x83, 0xE0, 0x83, 0xE0, 0x83, 
    0xE0, 0x83, 0xE0, 0x83, 0xE0, 0x83, 0xE0, 0x83, 0xE0, 0x83, 0xE0, 0x83, 0xE0, 0x83, 0xE0, 0x83, 
    0xE0, 0x83, 0xE0, 0x83, 0xE0, 0x83, 0xE0, 0x83, 0xE0, 0x83, 0xE0, 0x83, 0xE0, 0x83, 0xE0, 0x83, 
    0xE0, 0x83, 0xE0, 0x83, 0xE0, 0x83, 0xE0, 0x83, 0xE0, 0x83, 0xE0, 0x83, 0xFF, 0xFF, 0xFF, 0xFF, 
    0xFF, 0xFF, 0xFF, 0xFF, 0xFF, 0xFF, 0xFF, 0xFF, 0xFF, 0xFF, 0xFF, 0xFF, 0xFF, 0xFF, 0xFF, 0xFF, 
    0xFF, 0xFF, 0xFF, 0xFF, 0xFF, 0xFF, 0xFF, 0xFF, 0xFF, 0xFF, 0xE0, 0x83, 0xE0, 0x83, 0xE0, 0x83, 
    0xE0, 0x83, 0xE0, 0x83, 0xE0, 0x83, 0xE0, 0x83, 0xE0, 0x83, 0xE0, 0x83, 0xE0, 0x83, 0xE0, 0x83, 
    0xE0, 0x83, 0xE0, 0x83, 0xE0, 0x83, 0xE0, 0x83, 0xE0, 0x83, 0xE0, 0x83, 0xE0, 0x83, 0xE0, 0x83, 
    0xE0, 0x83, 0xE0, 0x83, 0xE0, 0x83, 0xE0, 0x83, 0xE0, 0x83, 0xE0, 0x83, 0xE0, 0x83, 0xE0, 0x83, 
    0xE0, 0x83, 0xE0, 0x83, 0xE0, 0x83, 0xE0, 0x83, 0xE0, 0x83, 0xE0, 0x83, 0xE0, 0x83, 0xE0, 0x83, 
    0xE0, 0x83, 0xE0, 0x83, 0xE0, 0x83, 0xE0, 0x83, 0xE0, 0x83, 0xE0, 0x83, 0xE0, 0x83, 0xE0, 0x83, 
    0xE0, 0x83, 0xE0, 0x83, 0xFF, 0xFF, 0xDF, 0xFF, 0xFF, 0xFF, 0xFF, 0xFF, 0xFF, 0xFF, 0xFF, 0xFF, 
    0xFF, 0xFF, 0xFF, 0xFF, 0xFF, 0xFF, 0xFF, 0xFF, 0xFF, 0xFF, 0xFF, 0xFF, 0xFF, 0xFF, 0xE0, 0x83, 
    0xE0, 0x83, 0xE0, 0x83, 0xE0, 0x83, 0xE0, 0x83, 0xE0, 0x83, 0xE0, 0x83, 0xE0, 0x83, 0xE0, 0x83, 
    0xE0, 0x83, 0xE0, 0x83, 0xE0, 0x83, 0xE0, 0x83, 0xE0, 0x83, 0xE0, 0x83, 0xE0, 0x83, 0xE0, 0x83, 
    0xE0, 0x83, 0xE0, 0x83, 0xE0, 0x83, 0xE0, 0x83, 0xE0, 0x83, 0xE0, 0x83, 0xE0, 0x83, 0xE0, 0x83, 
    0xE0, 0x83, 0xE0, 0x83, 0xE0, 0x83, 0xE0, 0x83, 0xE0, 0x83, 0xE0, 0x83, 0xE0, 0x83, 0xE0, 0x83, 
    0xE0, 0x83, 0xE0, 0x83, 0xE0, 0x83, 0xE0, 0x83, 0xE0, 0x83, 0xE0, 0x83, 0xE0, 0x83, 0xE0, 0x83, 
    0xE0, 0x83, 0xE0, 0x83, 0xE0, 0x83, 0xE0, 0x83, 0xE0, 0x83, 0xE0, 0x83, 0xFF, 0xFF, 0xFF, 0xFF, 
    0xFF, 0xFF, 0xFF, 0xFF, 0xFF, 0xFF, 0xFF, 0xFF, 0xFF, 0xFF, 0xFF, 0xFF, 0xFF, 0xFF, 0xFF, 0xFF, 
    0xFF, 0xFF, 0xE0, 0x83, 0xE0, 0x83, 0xE0, 0x83, 0xE0, 0x83, 0xE0, 0x83, 0xE0, 0x83, 0xE0, 0x83, 
    0xE0, 0x83, 0xE0, 0x83, 0xE0, 0x83, 0xE0, 0x83, 0xE0, 0x83, 0xE0, 0x83, 0xE0, 0x83, 0xE0, 0x83, 
    0xE0, 0x83, 0xE0, 0x83, 0xE0, 0x83, 0xE0, 0x83, 0xE0, 0x83, 0xE0, 0x83, 0xE0, 0x83, 0xE0, 0x83, 
    0xE0, 0x83, 0xE0, 0x83, 0xE0, 0x83, 0xE0, 0x83, 0xE0, 0x83, 0xE0, 0x83, 0xE0, 0x83, 0xE0, 0x83, 
    0xE0, 0x83, 0xE0, 0x83, 0xE0, 0x83, 0xE0, 0x83, 0xE0, 0x83, 0xE0, 0x83, 0xE0, 0x83, 0xE0, 0x83, 
    0xE0, 0x83, 0xE0, 0x83, 0xE0, 0x83, 0xE0, 0x83, 0xE0, 0x83, 0xE0, 0x83, 0xE0, 0x83, 0xE0, 0x83, 
    0xE0, 0x83, 0xE0, 0x83, 0xFF, 0xFF, 0xFF, 0xFF, 0xFF, 0xFF, 0xFF, 0xFF, 0xFF, 0xFF, 0xFF, 0xFF, 
    0xFF, 0xFF, 0xFF, 0xFF, 0xFF, 0xFF, 0xE0, 0x83, 0xE0, 0x83, 0xE0, 0x83, 0xE0, 0x83, 0xE0, 0x83, 
    0xE0, 0x83, 0xE0, 0x83, 0xE0, 0x83, 0xE0, 0x83, 0xE0, 0x83, 0xE0, 0x83, 0xE0, 0x83, 0xE0, 0x83, 
    0xE0, 0x83, 0xE0, 0x83, 0xE0, 0x83, 0xE0, 0x83, 0xE0, 0x83, 0xE0, 0x83, 0xE0, 0x83, 0xE0, 0x83, 
    0xE0, 0x83, 0xE0, 0x83, 0xE0, 0x83, 0xE0, 0x83, 0xE0, 0x83, 0xE0, 0x83, 0xE0, 0x83, 0xE0, 0x83, 
    0xE0, 0x83, 0xE0, 0x83, 0xE0, 0x83, 0xE0, 0x83, 0xE0, 0x83, 0xE0, 0x83, 0xE0, 0x83, 0xE0, 0x83, 
    0xE0, 0x83, 0xE0, 0x83, 0xE0, 0x83, 0xE0, 0x83, 0xE0, 0x83, 0xE0, 0x83, 0xE0, 0x83, 0xE0, 0x83, 
    0xE0, 0x83, 0xE0, 0x83, 0xE0, 0x83, 0xE0, 0x83, 0xE0, 0x83, 0xE0, 0x83, 0xFF, 0xFF, 0xFF, 0xFF, 
    0xFF, 0xFF, 0xFF, 0xFF, 0xFF, 0xFF, 0xFF, 0xFF, 0xFF, 0xFF, 0xE0, 0x83, 0xE0, 0x83, 0xE0, 0x83, 
    0xE0, 0x83, 0xE0, 0x83, 0xE0, 0x83, 0xE0, 0x83, 0xE0, 0x83, 0xE0, 0x83, 0xE0, 0x83, 0xE0, 0x83, 
    0xE0, 0x83, 0xE0, 0x83, 0xE0, 0x83, 0xE0, 0x83, 0xE0, 0x83, 0xE0, 0x83, 0xE0, 0x83, 0xE0, 0x83, 
    0xE0, 0x83, 0xE0, 0x83, 0xE0, 0x83, 0xE0, 0x83, 0xE0, 0x83, 0xE0, 0x83, 0xE0, 0x83, 0xE0, 0x83, 
    0xE0, 0x83, 0xE0, 0x83, 0xE0, 0x83, 0xE0, 0x83, 0xE0, 0x83, 0xE0, 0x83, 0xE0, 0x83, 0xE0, 0x83, 
    0xE0, 0x83, 0xE0, 0x83, 0xE0, 0x83, 0xE0, 0x83, 0xE0, 0x83, 0xE0, 0x83, 0xE0, 0x83, 0xE0, 0x83, 
    0xE0, 0x83, 0xE0, 0x83, 0xE0, 0x83, 0xE0, 0x83, 0xE0, 0x83, 0xE0, 0x83, 0xE0, 0x83, 0xE0, 0x83, 
    0xE0, 0x83, 0xE0, 0x83, 0xFF, 0xFF, 0xFF, 0xFF, 0xFF, 0xFF, 0xFF, 0xFF, 0xFF, 0xFF, 0xE0, 0x83, 
    0xE0, 0x83, 0xE0, 0x83, 0xE0, 0x83, 0xE0, 0x83, 0xE0, 0x83, 0xE0, 0x83, 0xE0, 0x83, 0xE0, 0x83, 
    0xE0, 0x83, 0xE0, 0x83, 0xE0, 0x83, 0xE0, 0x83, 0xE0, 0x83, 0xE0, 0x83, 0xE0, 0x83, 0xE0, 0x83, 
    0xE0, 0x83, 0xE0, 0x83, 0xE0, 0x83, 0xE0, 0x83, 0xE0, 0x83, 0xE0, 0x83, 0xE0, 0x83, 0xE0, 0x83, 
    0xE0, 0x83, 0xE0, 0x83, 0xE0, 0x83, 0xE0, 0x83, 0xE0, 0x83, 0xE0, 0x83, 0xE0, 0x83, 0xE0, 0x83, 
    0xE0, 0x83, 0xE0, 0x83, 0xE0, 0x83, 0xE0, 0x83, 0xE0, 0x83, 0xE0, 0x83, 0xE0, 0x83, 0xE0, 0x83, 
    0xE0, 0x83, 0xE0, 0x83, 0xE0, 0x83, 0xE0, 0x83, 0xE0, 0x83, 0xE0, 0x83, 0xE0, 0x83, 0xE0, 0x83, 
    0xE0, 0x83, 0xE0, 0x83, 0xE0, 0x83, 0xE0, 0x83, 0xE0, 0x83, 0xE0, 0x83, 0xFF, 0xFF, 0xDF, 0xFF, 
    0xFF, 0xFF, 0xE0, 0x83, 0xE0, 0x83, 0xE0, 0x83, 0xE0, 0x83, 0xE0, 0x83, 0xE0, 0x83, 0xE0, 0x83, 
    0xE0, 0x83, 0xE0, 0x83, 0xE0, 0x83, 0xE0, 0x83, 0xE0, 0x83, 0xE0, 0x83, 0xE0, 0x83, 0xE0, 0x83, 
    0xE0, 0x83, 0xE0, 0x83, 0xE0, 0x83, 0xE0, 0x83, 0xE0, 0x83, 0xE0, 0x83, 0xE0, 0x83, 0xE0, 0x83, 
    0xE0, 0x83, 0xE0, 0x83, 0xE0, 0x83, 0xE0, 0x83, 0xE0, 0x83, 0xE0, 0x83, 0xE0, 0x83, 0xE0, 0x83, 
    0xE0, 0x83, 0xE0, 0x83, 0xE0, 0x83, 0xE0, 0x83, 0xE0, 0x83, 0xE0, 0x83, 0xE0, 0x83, 0xE0, 0x83, 
    0xE0, 0x83, 0xE0, 0x83, 0xE0, 0x83, 0xE0, 0x83, 0xE0, 0x83, 0xE0, 0x83, 0xE0, 0x83, 0xE0, 0x83, 
    0xE0, 0x83, 0xE0, 0x83, 0xE0, 0x83, 0xE0, 0x83, 0xE0, 0x83, 0xE0, 0x83, 0xE0, 0x83, 0xE0, 0x83, 
    0xE0, 0x83, 0xE0, 0x83, 0xFF, 0xFF, 0xE0, 0x83, 0xE0, 0x83, 0xE0, 0x83, 0xE0, 0x83, 0xE0, 0x83, 
    0xE0, 0x83, 0xE0, 0x83, 0xE0, 0x83, 0xE0, 0x83, 0xE0, 0x83, 0xE0, 0x83, 0xE0, 0x83, 0xE0, 0x83, 
    0xE0, 0x83, 0xE0, 0x83, 0xE0, 0x83, 0xE0, 0x83, 0xE0, 0x83, 0xE0, 0x83, 0xE0, 0x83, 0xE0, 0x83, 
    0xE0, 0x83, 0xE0, 0x83, 0xE0, 0x83, 0xE0, 0x83, 0xE0, 0x83, 0xE0, 0x83, 0xE0, 0x83, 0xE0, 0x83, 
    0xE0, 0x83, 0xE0, 0x83, 0xE0, 0x83, 0xE0, 0x83, 0xE0, 0x83, 0xE0, 0x83, 0xE0, 0x83, 0xE0, 0x83, 
    0xE0, 0x83, 0xE0, 0x83, 0xE0, 0x83, 0xE0, 0x83, 0xE0, 0x83, 0xE0, 0x83, 0xE0, 0x83, 0xE0, 0x83, 
    0xE0, 0x83, 0xE0, 0x83, 0xE0, 0x83, 0xE0, 0x83, 0xE0, 0x83, 0xE0, 0x83, 0xE0, 0x83, 0xE0, 0x83, 
    0xE0, 0x83, 0xE0, 0x83, 0xE0, 0x83, 0xE0, 0x83, 0xE0, 0x83, 0xE0, 0x83, 0xE0, 0x83, 0xE0, 0x83, 
    0xE0, 0x83, 0xE0, 0x83, 0xE0, 0x83, 0xE0, 0x83, 0xE0, 0x83, 0xE0, 0x83, 0xE0, 0x83, 0xE0, 0x83, 
    0xE0, 0x83, 0xE0, 0x83, 0xE0, 0x83, 0xE0, 0x83, 0xE0, 0x83, 0xE0, 0x83, 0xE0, 0x83, 0xE0, 0x83, 
    0xE0, 0x83, 0xE0, 0x83, 0xE0, 0x83, 0xE0, 0x83, 0xE0, 0x83, 0xE0, 0x83, 0xE0, 0x83, 0xE0, 0x83, 
    0xE0, 0x83, 0xE0, 0x83, 0xE0, 0x83, 
};

extern FLASH_BYTE __LOGO_1[];

const IMAGE_FLASH LOGO_1 =
{
    (FLASH | IMAGE_MBITMAP | COMP_NONE),
    (FLASH_BYTE *)__LOGO_1
};

FLASH_BYTE __LOGO_1[] =
{


0x00,0x10,0x8B,0x00,0x74,0x01,0x61,0x10,0x61,0x10,0x61,0x10,0x61,0x10,0x61,0x10,0x61,0x10,0x61,0x10,0x61,0x10,0x61,0x10,0x61,0x10,0x61,0x10,0x61,0x10,0x61,0x10,0x61,
0x10,0x61,0x10,0x61,0x10,0x61,0x10,0x61,0x10,0x61,0x10,0x61,0x10,0x61,0x10,0x61,0x10,0x61,0x10,0x61,0x10,0x61,0x10,0x61,0x10,0x61,0x10,0x61,0x10,0x61,0x10,0x61,0x10,
0x61,0x10,0x61,0x10,0x61,0x10,0x61,0x10,0x61,0x10,0x61,0x10,0x61,0x10,0x61,0x10,0x61,0x10,0x61,0x10,0x61,0x10,0x61,0x10,0x61,0x10,0x61,0x10,0x61,0x10,0x61,0x10,0x61,
0x10,0x61,0x10,0x61,0x10,0x61,0x10,0x61,0x10,0x61,0x10,0x61,0x10,0x61,0x10,0x61,0x10,0x61,0x10,0x61,0x10,0x61,0x10,0x61,0x10,0x61,0x10,0x61,0x10,0x61,0x10,0x61,0x10,
0x61,0x10,0x61,0x10,0x61,0x10,0x61,0x10,0x61,0x10,0x61,0x10,0x61,0x10,0x61,0x10,0x61,0x10,0x61,0x10,0x61,0x10,0x61,0x10,0x61,0x10,0x61,0x10,0x61,0x10,0x61,0x10,0x61,
0x10,0x61,0x10,0x61,0x10,0x61,0x10,0x61,0x10,0x61,0x10,0x61,0x10,0x61,0x10,0x61,0x10,0x61,0x10,0x61,0x10,0x61,0x10,0x61,0x10,0x61,0x10,0x61,0x10,0x61,0x10,0x61,0x10,
0x61,0x10,0x61,0x10,0x61,0x10,0x61,0x10,0x61,0x10,0x61,0x10,0x61,0x10,0x61,0x10,0x61,0x10,0x61,0x10,0x61,0x10,0x61,0x10,0x61,0x10,0x61,0x10,0x61,0x10,0x61,0x10,0x61,
0x10,0x61,0x10,0x61,0x10,0x61,0x10,0x61,0x10,0x61,0x10,0x61,0x10,0x61,0x10,0x61,0x10,0x61,0x10,0x61,0x10,0x61,0x10,0x61,0x10,0x61,0x10,0x61,0x10,0x61,0x10,0x61,0x10,
0x61,0x10,0x61,0x10,0x61,0x10,0x61,0x10,0x61,0x10,0x61,0x10,0x61,0x10,0x61,0x10,0x61,0x10,0x61,0x10,0x61,0x10,0x61,0x10,0x61,0x10,0x61,0x10,0x61,0x10,0x61,0x10,0x61,
0x10,0x61,0x10,0x61,0x10,0x61,0x10,0x61,0x10,0x61,0x10,0x61,0x10,0x61,0x10,0x61,0x10,0x61,0x10,0x61,0x10,0x61,0x10,0x61,0x10,0x61,0x10,0x61,0x10,0x61,0x10,0x61,0x10,
0x61,0x10,0x61,0x10,0x61,0x10,0x61,0x10,0x61,0x10,0x61,0x10,0x61,0x10,0x61,0x10,0x61,0x10,0x61,0x10,0x61,0x10,0x61,0x10,0x61,0x10,0x61,0x10,0x61,0x10,0x61,0x10,0x61,
0x10,0x61,0x10,0x61,0x10,0x61,0x10,0x61,0x10,0x61,0x10,0x61,0x10,0x61,0x10,0x61,0x10,0x61,0x10,0x61,0x10,0x61,0x10,0x61,0x10,0x61,0x10,0x61,0x10,0x61,0x10,0x61,0x10,
0x61,0x10,0x61,0x10,0x61,0x10,0x61,0x10,0x61,0x10,0x61,0x10,0x61,0x10,0x61,0x10,0x61,0x10,0x61,0x10,0x61,0x10,0x61,0x10,0x61,0x10,0x61,0x10,0x61,0x10,0x61,0x10,0x61,
0x10,0x61,0x10,0x61,0x10,0x61,0x10,0x61,0x10,0x61,0x10,0x61,0x10,0x61,0x10,0x61,0x10,0x61,0x10,0x61,0x10,0x61,0x10,0x61,0x10,0x61,0x10,0x61,0x10,0x61,0x10,0x61,0x10,
0x61,0x10,0x61,0x10,0x61,0x10,0x61,0x10,0x61,0x10,0x61,0x10,0x61,0x10,0x61,0x10,0x61,0x10,0x61,0x10,0x61,0x10,0x61,0x10,0x61,0x10,0x61,0x10,0x61,0x10,0x61,0x10,0x61,
0x10,0x61,0x10,0x61,0x10,0x61,0x10,0x61,0x10,0x61,0x10,0x61,0x10,0x61,0x10,0x61,0x10,0x61,0x10,0x61,0x10,0x61,0x10,0x61,0x10,0x61,0x10,0x61,0x10,0x61,0x10,0x61,0x10,
0x61,0x10,0x61,0x10,0x61,0x10,0x61,0x10,0x61,0x10,0x61,0x10,0x61,0x10,0x61,0x10,0x61,0x10,0x61,0x10,0x61,0x10,0x61,0x10,0x61,0x10,0x61,0x10,0x61,0x10,0x61,0x10,0x61,
0x10,0x61,0x10,0x61,0x10,0x61,0x10,0x61,0x10,0x61,0x10,0x61,0x10,0x61,0x10,0x61,0x10,0x61,0x10,0x61,0x10,0x61,0x10,0x61,0x10,0x61,0x10,0x61,0x10,0x61,0x10,0x61,0x10,
0x61,0x10,0x61,0x10,0x61,0x10,0x61,0x10,0x61,0x10,0x61,0x10,0x61,0x10,0x61,0x10,0x61,0x10,0x61,0x10,0x61,0x10,0x61,0x10,0x61,0x10,0x61,0x10,0x61,0x10,0x61,0x10,0x61,
0x10,0x61,0x10,0x61,0x10,0x61,0x10,0x61,0x10,0x61,0x10,0x61,0x10,0x61,0x10,0x61,0x10,0x61,0x10,0x61,0x10,0x61,0x10,0x61,0x10,0x61,0x10,0x61,0x10,0x61,0x10,0x61,0x10,
0x61,0x10,0x61,0x10,0x61,0x10,0x61,0x10,0x61,0x10,0x61,0x10,0x61,0x10,0x61,0x10,0x61,0x10,0x61,0x10,0x61,0x10,0x61,0x10,0x61,0x10,0x61,0x10,0x61,0x10,0x61,0x10,0x61,
0x10,0x61,0x10,0x61,0x10,0x61,0x10,0x61,0x10,0x61,0x10,0x61,0x10,0x61,0x10,0x61,0x10,0x61,0x10,0x61,0x10,0x61,0x10,0x61,0x10,0x61,0x10,0x61,0x10,0x61,0x10,0x61,0x10,
0x61,0x10,0x61,0x10,0x61,0x10,0x61,0x10,0x61,0x10,0x61,0x10,0x61,0x10,0x61,0x10,0x61,0x10,0x61,0x10,0x61,0x10,0x61,0x10,0x61,0x10,0x61,0x10,0x61,0x10,0x61,0x10,0x61,
0x10,0x61,0x10,0x61,0x10,0x61,0x10,0x61,0x10,0x61,0x10,0x61,0x10,0x61,0x10,0x61,0x10,0x61,0x10,0x61,0x10,0x61,0x10,0x61,0x10,0x61,0x10,0x61,0x10,0x61,0x10,0x61,0x10,
0x61,0x10,0x61,0x10,0x61,0x10,0x61,0x10,0x61,0x10,0x61,0x10,0x61,0x10,0x61,0x10,0x61,0x10,0x61,0x10,0x61,0x10,0x61,0x10,0x61,0x10,0x61,0x10,0x61,0x10,0x61,0x10,0x61,
0x10,0x61,0x10,0x61,0x10,0x61,0x10,0x61,0x10,0x61,0x10,0x61,0x10,0x61,0x10,0x61,0x10,0x61,0x10,0x61,0x10,0x61,0x10,0x61,0x10,0x61,0x10,0x61,0x10,0x61,0x10,0x61,0x10,
0x61,0x10,0x61,0x10,0x61,0x10,0x61,0x10,0x61,0x10,0x61,0x10,0x61,0x10,0x61,0x10,0x61,0x10,0x61,0x10,0x61,0x10,0x61,0x10,0x61,0x10,0x61,0x10,0x61,0x10,0x61,0x10,0x61,
0x10,0x61,0x10,0x61,0x10,0x61,0x10,0x61,0x10,0x61,0x10,0x61,0x10,0x61,0x10,0x61,0x10,0x61,0x10,0x61,0x10,0x61,0x10,0x61,0x10,0x61,0x10,0x61,0x10,0x61,0x10,0x61,0x10,
0x61,0x10,0x61,0x10,0x61,0x10,0x61,0x10,0x61,0x10,0x61,0x10,0x61,0x10,0x61,0x10,0x61,0x10,0x61,0x10,0x61,0x10,0x61,0x10,0x61,0x10,0x61,0x10,0x61,0x10,0x61,0x10,0x61,
0x10,0x61,0x10,0x61,0x10,0x61,0x10,0x61,0x10,0x61,0x10,0x61,0x10,0x61,0x10,0x61,0x10,0x61,0x10,0x61,0x10,0x61,0x10,0x61,0x10,0x61,0x10,0x61,0x10,0x61,0x10,0x61,0x10,
0x61,0x10,0x61,0x10,0x61,0x10,0x61,0x10,0x61,0x10,0x61,0x10,0x61,0x10,0x61,0x10,0x61,0x10,0x61,0x10,0x61,0x10,0x61,0x10,0x61,0x10,0x61,0x10,0x61,0x10,0x61,0x10,0x61,
0x10,0x61,0x10,0x61,0x10,0x61,0x10,0x61,0x10,0x61,0x10,0x61,0x10,0x61,0x10,0x61,0x10,0x61,0x10,0x61,0x10,0x61,0x10,0x61,0x10,0x61,0x10,0x61,0x10,0x61,0x10,0x61,0x10,
0x61,0x10,0x61,0x10,0x61,0x10,0x61,0x10,0x61,0x10,0x61,0x10,0x61,0x10,0x61,0x10,0x61,0x10,0x61,0x10,0x61,0x10,0x61,0x10,0x61,0x10,0x61,0x10,0x61,0x10,0x61,0x10,0x61,
0x10,0x61,0x10,0x61,0x10,0x61,0x10,0x61,0x10,0x61,0x10,0x61,0x10,0x61,0x10,0x61,0x10,0x61,0x10,0x61,0x10,0x61,0x10,0x61,0x10,0x61,0x10,0x61,0x10,0x61,0x10,0x61,0x10,
0x61,0x10,0x61,0x10,0x61,0x10,0x61,0x10,0x61,0x10,0x61,0x10,0x61,0x10,0x61,0x10,0x61,0x10,0x61,0x10,0x61,0x10,0x61,0x10,0x61,0x10,0x61,0x10,0x61,0x10,0x61,0x10,0x61,
0x10,0x61,0x10,0x61,0x10,0x61,0x10,0x61,0x10,0x61,0x10,0x61,0x10,0x61,0x10,0x61,0x10,0x61,0x10,0x61,0x10,0x61,0x10,0x61,0x10,0x61,0x10,0x61,0x10,0x61,0x10,0x61,0x10,
0x61,0x10,0x61,0x10,0x61,0x10,0x61,0x10,0x61,0x10,0x61,0x10,0x61,0x10,0x61,0x10,0x61,0x10,0x61,0x10,0x61,0x10,0x61,0x10,0x61,0x10,0x61,0x10,0x61,0x10,0x61,0x10,0x61,
0x10,0x61,0x10,0x61,0x10,0x61,0x10,0x61,0x10,0x61,0x10,0x61,0x10,0x61,0x10,0x61,0x10,0x61,0x10,0x61,0x10,0x61,0x10,0x61,0x10,0x61,0x10,0x61,0x10,0x61,0x10,0x61,0x10,
0x61,0x10,0x61,0x10,0x61,0x10,0x61,0x10,0x61,0x10,0x61,0x10,0x61,0x10,0x61,0x10,0x61,0x10,0x61,0x10,0x61,0x10,0x61,0x10,0x61,0x10,0x61,0x10,0x61,0x10,0x61,0x10,0x61,
0x10,0x61,0x10,0x61,0x10,0x61,0x10,0x61,0x10,0x61,0x10,0x61,0x10,0x61,0x10,0x61,0x10,0x61,0x10,0x61,0x10,0x61,0x10,0x61,0x10,0x61,0x10,0x61,0x10,0x61,0x10,0x61,0x10,
0x61,0x10,0x61,0x10,0x61,0x10,0x61,0x10,0x61,0x10,0x61,0x10,0x61,0x10,0x61,0x10,0x61,0x10,0x61,0x10,0x61,0x10,0x61,0x10,0x61,0x10,0x61,0x10,0x61,0x10,0x61,0x10,0x61,
0x10,0x61,0x10,0x61,0x10,0x61,0x10,0x61,0x10,0x61,0x10,0x61,0x10,0x61,0x10,0x61,0x10,0x61,0x10,0x61,0x10,0x61,0x10,0x61,0x10,0x61,0x10,0x61,0x10,0x61,0x10,0x61,0x10,
0x61,0x10,0x61,0x10,0x61,0x10,0x61,0x10,0x61,0x10,0x61,0x10,0x61,0x10,0x61,0x10,0x61,0x10,0x61,0x10,0x61,0x10,0x61,0x10,0x61,0x10,0x61,0x10,0x61,0x10,0x61,0x10,0x61,
0x10,0x61,0x10,0x61,0x10,0x61,0x10,0x61,0x10,0x61,0x10,0x61,0x10,0x61,0x10,0x61,0x10,0x61,0x10,0x61,0x10,0x61,0x10,0x61,0x10,0x61,0x10,0x61,0x10,0x61,0x10,0x61,0x10,
0x61,0x10,0x61,0x10,0x61,0x10,0x61,0x10,0x61,0x10,0x61,0x10,0x61,0x10,0x61,0x10,0x61,0x10,0x61,0x10,0x61,0x10,0x61,0x10,0x61,0x10,0x61,0x10,0x61,0x10,0x61,0x10,0x61,
0x10,0x61,0x10,0x61,0x10,0x61,0x10,0x61,0x10,0x61,0x10,0x61,0x10,0x61,0x10,0x61,0x10,0x61,0x10,0x61,0x10,0x61,0x10,0x61,0x10,0x61,0x10,0x61,0x10,0x61,0x10,0x61,0x10,
0x61,0x10,0x61,0x10,0x61,0x10,0x61,0x10,0x61,0x10,0x61,0x10,0x61,0x10,0x61,0x10,0x61,0x10,0x61,0x10,0x61,0x10,0x61,0x10,0x61,0x10,0x61,0x10,0x61,0x10,0x61,0x10,0x61,
0x10,0x61,0x10,0x61,0x10,0x61,0x10,0x61,0x10,0x61,0x10,0x61,0x10,0x61,0x10,0x61,0x10,0x61,0x10,0x61,0x10,0x61,0x10,0x61,0x10,0x61,0x10,0x61,0x10,0x61,0x10,0x61,0x10,
0x61,0x10,0x61,0x10,0x61,0x10,0x61,0x10,0x61,0x10,0x61,0x10,0x61,0x10,0x61,0x10,0x61,0x10,0x61,0x10,0x61,0x10,0x61,0x10,0x61,0x10,0x61,0x10,0x61,0x10,0x61,0x10,0x61,
0x10,0x61,0x10,0x61,0x10,0x61,0x10,0x61,0x10,0x61,0x10,0x61,0x10,0x61,0x10,0x61,0x10,0x61,0x10,0x61,0x10,0x61,0x10,0x61,0x10,0x61,0x10,0x61,0x10,0x61,0x10,0x61,0x10,
0x61,0x10,0x61,0x10,0x61,0x10,0x61,0x10,0x61,0x10,0x61,0x10,0x61,0x10,0x61,0x10,0x61,0x10,0x61,0x10,0x61,0x10,0x61,0x10,0x61,0x10,0x61,0x10,0x61,0x10,0x61,0x10,0x61,
0x10,0x61,0x10,0x61,0x10,0x61,0x10,0x61,0x10,0x61,0x10,0x61,0x10,0x61,0x10,0x61,0x10,0x61,0x10,0x61,0x10,0x61,0x10,0x61,0x10,0x61,0x10,0x61,0x10,0x61,0x10,0x61,0x10,
0x61,0x10,0x61,0x10,0x61,0x10,0x61,0x10,0x61,0x10,0x61,0x10,0x61,0x10,0x61,0x10,0x61,0x10,0x61,0x10,0x61,0x10,0x61,0x10,0x61,0x10,0x61,0x10,0x61,0x10,0x61,0x10,0x61,
0x10,0x61,0x10,0x61,0x10,0x61,0x10,0x61,0x10,0x61,0x10,0x61,0x10,0x61,0x10,0x61,0x10,0x61,0x10,0x61,0x10,0x61,0x10,0x61,0x10,0x61,0x10,0x61,0x10,0x61,0x10,0x61,0x10,
0x61,0x10,0x61,0x10,0x61,0x10,0x61,0x10,0x61,0x10,0x61,0x10,0x61,0x10,0x61,0x10,0x61,0x10,0x61,0x10,0x61,0x10,0x61,0x10,0x61,0x10,0x61,0x10,0x61,0x10,0x61,0x10,0x61,
0x10,0x61,0x10,0x61,0x10,0x61,0x10,0x61,0x10,0x61,0x10,0x61,0x10,0x61,0x10,0x61,0x10,0x61,0x10,0x61,0x10,0x61,0x10,0x61,0x10,0x61,0x10,0x61,0x10,0x61,0x10,0x61,0x10,
0x61,0x10,0x61,0x10,0x61,0x10,0x61,0x10,0x61,0x10,0x61,0x10,0x61,0x10,0x61,0x10,0x61,0x10,0x61,0x10,0x61,0x10,0x61,0x10,0x61,0x10,0x61,0x10,0x61,0x10,0x61,0x10,0x61,
0x10,0x61,0x10,0x61,0x10,0x61,0x10,0x61,0x10,0x61,0x10,0x61,0x10,0x61,0x10,0x61,0x10,0x61,0x10,0x61,0x10,0x61,0x10,0x61,0x10,0x61,0x10,0x61,0x10,0x61,0x10,0x61,0x10,
0x61,0x10,0x61,0x10,0x61,0x10,0x61,0x10,0x61,0x10,0x61,0x10,0x61,0x10,0x61,0x10,0x61,0x10,0x61,0x10,0x61,0x10,0x61,0x10,0x61,0x10,0x61,0x10,0x61,0x10,0x61,0x10,0x61,
0x10,0x61,0x10,0x61,0x10,0x61,0x10,0x61,0x10,0x61,0x10,0x61,0x10,0x61,0x10,0x61,0x10,0x61,0x10,0x61,0x10,0x61,0x10,0x61,0x10,0x61,0x10,0x61,0x10,0x61,0x10,0x61,0x10,
0x61,0x10,0x61,0x10,0x61,0x10,0x61,0x10,0x61,0x10,0x61,0x10,0x61,0x10,0x61,0x10,0x61,0x10,0x61,0x10,0x61,0x10,0x61,0x10,0x61,0x10,0x61,0x10,0x61,0x10,0x61,0x10,0x61,
0x10,0x61,0x10,0x61,0x10,0x61,0x10,0x61,0x10,0x61,0x10,0x61,0x10,0x61,0x10,0x61,0x10,0x61,0x10,0x61,0x10,0x61,0x10,0x61,0x10,0x61,0x10,0x61,0x10,0x61,0x10,0x61,0x10,
0x61,0x10,0x61,0x10,0x61,0x10,0x61,0x10,0x61,0x10,0x61,0x10,0x61,0x10,0x61,0x10,0x61,0x10,0x61,0x10,0x61,0x10,0x61,0x10,0x61,0x10,0x61,0x10,0x61,0x10,0x61,0x10,0x61,
0x10,0x61,0x10,0x61,0x10,0x61,0x10,0x61,0x10,0x61,0x10,0x61,0x10,0x61,0x10,0x61,0x10,0x61,0x10,0x61,0x10,0x61,0x10,0x61,0x10,0x61,0x10,0x61,0x10,0x61,0x10,0x61,0x10,
0x61,0x10,0x61,0x10,0x61,0x10,0x61,0x10,0x61,0x10,0x61,0x10,0x61,0x10,0x61,0x10,0x61,0x10,0x61,0x10,0x61,0x10,0x61,0x10,0x61,0x10,0x61,0x10,0x61,0x10,0x61,0x10,0x61,
0x10,0x61,0x10,0x61,0x10,0x61,0x10,0x61,0x10,0x61,0x10,0x61,0x10,0x61,0x10,0x61,0x10,0x61,0x10,0x61,0x10,0x61,0x10,0x61,0x10,0x61,0x10,0x61,0x10,0x61,0x10,0x61,0x10,
0x61,0x10,0x61,0x10,0x61,0x10,0x61,0x10,0x61,0x10,0x61,0x10,0x61,0x10,0x61,0x10,0x61,0x10,0x61,0x10,0x61,0x10,0x61,0x10,0x61,0x10,0x61,0x10,0x61,0x10,0x61,0x10,0x61,
0x10,0x61,0x10,0x61,0x10,0x61,0x10,0x61,0x10,0x61,0x10,0x61,0x10,0x61,0x10,0x61,0x10,0x61,0x10,0x61,0x10,0x61,0x10,0x61,0x10,0x61,0x10,0x61,0x10,0x61,0x10,0x61,0x10,
0x61,0x10,0x61,0x10,0x61,0x10,0x61,0x10,0x61,0x10,0x61,0x10,0x61,0x10,0x61,0x10,0x61,0x10,0x61,0x10,0x61,0x10,0x61,0x10,0x61,0x10,0x61,0x10,0x61,0x10,0x61,0x10,0x61,
0x10,0x61,0x10,0x61,0x10,0x61,0x10,0x61,0x10,0x61,0x10,0x61,0x10,0x61,0x10,0x61,0x10,0x61,0x10,0x61,0x10,0x61,0x10,0x61,0x10,0x61,0x10,0x61,0x10,0x61,0x10,0x61,0x10,
0x61,0x10,0x61,0x10,0x61,0x10,0x61,0x10,0x61,0x10,0x61,0x10,0x61,0x10,0x61,0x10,0x61,0x10,0x61,0x10,0x61,0x10,0x61,0x10,0x61,0x10,0x61,0x10,0x61,0x10,0x61,0x10,0x61,
0x10,0x61,0x10,0x61,0x10,0x61,0x10,0x61,0x10,0x61,0x10,0x61,0x10,0x61,0x10,0x61,0x10,0x61,0x10,0x61,0x10,0x61,0x10,0x61,0x10,0x61,0x10,0x61,0x10,0x61,0x10,0x61,0x10,
0x61,0x10,0x61,0x10,0x61,0x10,0x61,0x10,0x61,0x10,0x61,0x10,0x61,0x10,0x61,0x10,0x61,0x10,0x61,0x10,0x61,0x10,0x61,0x10,0x61,0x10,0x61,0x10,0x61,0x10,0x61,0x10,0x61,
0x10,0x61,0x10,0x61,0x10,0x61,0x10,0x61,0x10,0x61,0x10,0x61,0x10,0x61,0x10,0x61,0x10,0x61,0x10,0x61,0x10,0x61,0x10,0x61,0x10,0x61,0x10,0x61,0x10,0x61,0x10,0x61,0x10,
0x61,0x10,0x61,0x10,0x61,0x10,0x61,0x10,0x61,0x10,0x61,0x10,0x61,0x10,0x61,0x10,0x61,0x10,0x61,0x10,0x61,0x10,0x61,0x10,0x61,0x10,0x61,0x10,0x61,0x10,0x61,0x10,0x61,
0x10,0x61,0x10,0x61,0x10,0x61,0x10,0x61,0x10,0x61,0x10,0x61,0x10,0x61,0x10,0x61,0x10,0x61,0x10,0x61,0x10,0x61,0x10,0x61,0x10,0x61,0x10,0x61,0x10,0x61,0x10,0x61,0x10,
0x61,0x10,0x61,0x10,0x61,0x10,0x61,0x10,0x61,0x10,0x61,0x10,0x61,0x10,0x61,0x10,0x61,0x10,0x61,0x10,0x61,0x10,0x61,0x10,0x61,0x10,0x61,0x10,0x61,0x10,0x61,0x10,0x61,
0x10,0x61,0x10,0x61,0x10,0x61,0x10,0x61,0x10,0x61,0x10,0x61,0x10,0x61,0x10,0x61,0x10,0x61,0x10,0x61,0x10,0x61,0x10,0x61,0x10,0x61,0x10,0x61,0x10,0x61,0x10,0x61,0x10,
0x61,0x10,0x61,0x10,0x61,0x10,0x61,0x10,0x61,0x10,0x61,0x10,0x61,0x10,0x61,0x10,0x61,0x10,0x61,0x10,0x61,0x10,0x61,0x10,0x61,0x10,0x61,0x10,0x61,0x10,0x61,0x10,0x61,
0x10,0x61,0x10,0x61,0x10,0x61,0x10,0x61,0x10,0x61,0x10,0x61,0x10,0x61,0x10,0x61,0x10,0x61,0x10,0x61,0x10,0x61,0x10,0x61,0x10,0x61,0x10,0x61,0x10,0x61,0x10,0x61,0x10,
0x61,0x10,0x61,0x10,0x61,0x10,0x61,0x10,0x61,0x10,0x61,0x10,0x61,0x10,0x61,0x10,0x61,0x10,0x61,0x10,0x61,0x10,0x61,0x10,0x61,0x10,0x61,0x10,0x61,0x10,0x61,0x10,0x61,
0x10,0x61,0x10,0x61,0x10,0x61,0x10,0x61,0x10,0x61,0x10,0x61,0x10,0x61,0x10,0x61,0x10,0x61,0x10,0x61,0x10,0x61,0x10,0x61,0x10,0x61,0x10,0x61,0x10,0x61,0x10,0x61,0x10,
0x61,0x10,0x61,0x10,0x61,0x10,0x61,0x10,0x61,0x10,0x61,0x10,0x61,0x10,0x61,0x10,0x61,0x10,0x61,0x10,0x61,0x10,0x61,0x10,0x61,0x10,0x61,0x10,0x61,0x10,0x61,0x10,0x61,
0x10,0x61,0x10,0x61,0x10,0x61,0x10,0x61,0x10,0x61,0x10,0x61,0x10,0x61,0x10,0x61,0x10,0x61,0x10,0x61,0x10,0x61,0x10,0x61,0x10,0x61,0x10,0x61,0x10,0x61,0x10,0x61,0x10,
0x61,0x10,0x61,0x10,0x61,0x10,0x61,0x10,0x61,0x10,0x61,0x10,0x61,0x10,0x61,0x10,0x61,0x10,0x61,0x10,0x61,0x10,0x61,0x10,0x61,0x10,0x61,0x10,0x61,0x10,0x61,0x10,0x61,
0x10,0x61,0x10,0x61,0x10,0x61,0x10,0x61,0x10,0x61,0x10,0x61,0x10,0x61,0x10,0x61,0x10,0x61,0x10,0x61,0x10,0x61,0x10,0x61,0x10,0x61,0x10,0x61,0x10,0x61,0x10,0x61,0x10,
0x61,0x10,0x61,0x10,0x61,0x10,0x61,0x10,0x61,0x10,0x61,0x10,0x61,0x10,0x61,0x10,0x61,0x10,0x61,0x10,0x61,0x10,0x61,0x10,0x61,0x10,0x61,0x10,0x61,0x10,0x61,0x10,0x61,
0x10,0x61,0x10,0x61,0x10,0x61,0x10,0x61,0x10,0x61,0x10,0x61,0x10,0x61,0x10,0x61,0x10,0x61,0x10,0x61,0x10,0x61,0x10,0x61,0x10,0x61,0x10,0x61,0x10,0x61,0x10,0x61,0x10,
0x61,0x10,0x61,0x10,0x61,0x10,0x61,0x10,0x61,0x10,0x61,0x10,0x61,0x10,0x61,0x10,0x61,0x10,0x61,0x10,0x61,0x10,0x61,0x10,0x61,0x10,0x61,0x10,0x61,0x10,0x61,0x10,0x61,
0x10,0x61,0x10,0x61,0x10,0x61,0x10,0x61,0x10,0x61,0x10,0x61,0x10,0x61,0x10,0x61,0x10,0x61,0x10,0x61,0x10,0x61,0x10,0x61,0x10,0x61,0x10,0x61,0x10,0x61,0x10,0x61,0x10,
0x61,0x10,0x61,0x10,0x61,0x10,0x61,0x10,0x61,0x10,0x61,0x10,0x61,0x10,0x61,0x10,0x61,0x10,0x61,0x10,0x61,0x10,0x61,0x10,0x61,0x10,0x61,0x10,0x61,0x10,0x61,0x10,0x61,
0x10,0x61,0x10,0x61,0x10,0x61,0x10,0x61,0x10,0x61,0x10,0x61,0x10,0x61,0x10,0x61,0x10,0x61,0x10,0x61,0x10,0x61,0x10,0x61,0x10,0x61,0x10,0x61,0x10,0x61,0x10,0x61,0x10,
0x61,0x10,0x61,0x10,0x61,0x10,0x61,0x10,0x61,0x10,0x61,0x10,0x61,0x10,0x61,0x10,0x61,0x10,0x61,0x10,0x61,0x10,0x61,0x10,0x61,0x10,0x61,0x10,0x61,0x10,0x61,0x10,0x61,
0x10,0x61,0x10,0x61,0x10,0x61,0x10,0x61,0x10,0x61,0x10,0x61,0x10,0x61,0x10,0x61,0x10,0x61,0x10,0x61,0x10,0x61,0x10,0x61,0x10,0x61,0x10,0x61,0x10,0x61,0x10,0x61,0x10,
0x61,0x10,0x61,0x10,0x61,0x10,0x61,0x10,0x61,0x10,0x61,0x10,0x61,0x10,0x61,0x10,0x61,0x10,0x61,0x10,0x61,0x10,0x61,0x10,0x61,0x10,0x61,0x10,0x61,0x10,0x61,0x10,0x61,
0x10,0x61,0x10,0x61,0x10,0x61,0x10,0x61,0x10,0x61,0x10,0x61,0x10,0x61,0x10,0x61,0x10,0x61,0x10,0x61,0x10,0x61,0x10,0x61,0x10,0x61,0x10,0x61,0x10,0x61,0x10,0x61,0x10,
0x61,0x10,0x61,0x10,0x61,0x10,0x61,0x10,0x61,0x10,0x61,0x10,0x61,0x10,0x61,0x10,0x61,0x10,0x61,0x10,0x61,0x10,0x61,0x10,0x61,0x10,0x61,0x10,0x61,0x10,0x61,0x10,0x61,
0x10,0x61,0x10,0x61,0x10,0x61,0x10,0x61,0x10,0x61,0x10,0x61,0x10,0x61,0x10,0x61,0x10,0x61,0x10,0x61,0x10,0x61,0x10,0x61,0x10,0x61,0x10,0x61,0x10,0x61,0x10,0x61,0x10,
0x61,0x10,0x61,0x10,0x61,0x10,0x61,0x10,0x61,0x10,0x61,0x10,0x61,0x10,0x61,0x10,0x61,0x10,0x61,0x10,0x61,0x10,0x61,0x10,0x61,0x10,0x61,0x10,0x61,0x10,0x61,0x10,0x61,
0x10,0x61,0x10,0x61,0x10,0x61,0x10,0x61,0x10,0x61,0x10,0x61,0x10,0x61,0x10,0x61,0x10,0x61,0x10,0x61,0x10,0x61,0x10,0x61,0x10,0x61,0x10,0x61,0x10,0x61,0x10,0x61,0x10,
0x61,0x10,0x61,0x10,0x61,0x10,0x61,0x10,0x61,0x10,0x61,0x10,0x61,0x10,0x61,0x10,0x61,0x10,0x61,0x10,0x61,0x10,0x61,0x10,0x61,0x10,0x61,0x10,0x61,0x10,0x61,0x10,0x61,
0x10,0x61,0x10,0x61,0x10,0x61,0x10,0x61,0x10,0x61,0x10,0x61,0x10,0x61,0x10,0x61,0x10,0x61,0x10,0x61,0x10,0x61,0x10,0x61,0x10,0x61,0x10,0x61,0x10,0x61,0x10,0x61,0x10,
0x61,0x10,0x61,0x10,0x61,0x10,0x61,0x10,0x61,0x10,0x61,0x10,0x61,0x10,0x61,0x10,0x61,0x10,0x61,0x10,0x61,0x10,0x61,0x10,0x61,0x10,0x61,0x10,0x61,0x10,0x61,0x10,0x61,
0x10,0x61,0x10,0x61,0x10,0x61,0x10,0x61,0x10,0x61,0x10,0x61,0x10,0x61,0x10,0x61,0x10,0x61,0x10,0x61,0x10,0x61,0x10,0x61,0x10,0x61,0x10,0x61,0x10,0x61,0x10,0x61,0x10,
0x61,0x10,0x61,0x10,0x61,0x10,0x61,0x10,0x61,0x10,0x61,0x10,0x61,0x10,0x61,0x10,0x61,0x10,0x61,0x10,0x61,0x10,0x61,0x10,0x61,0x10,0x61,0x10,0x61,0x10,0x61,0x10,0x61,
0x10,0x61,0x10,0x61,0x10,0x61,0x10,0x61,0x10,0x61,0x10,0x61,0x10,0x61,0x10,0x61,0x10,0x61,0x10,0x61,0x10,0x61,0x10,0x61,0x10,0x61,0x10,0x61,0x10,0x61,0x10,0x61,0x10,
0x61,0x10,0x61,0x10,0x61,0x10,0x61,0x10,0x61,0x10,0x61,0x10,0x61,0x10,0x61,0x10,0x61,0x10,0x61,0x10,0x61,0x10,0x61,0x10,0x61,0x10,0x61,0x10,0x61,0x10,0x61,0x10,0x61,
0x10,0x61,0x10,0x61,0x10,0x61,0x10,0x61,0x10,0x61,0x10,0x61,0x10,0x61,0x10,0x61,0x10,0x61,0x10,0x61,0x10,0x61,0x10,0x61,0x10,0x61,0x10,0x61,0x10,0x61,0x10,0x61,0x10,
0x61,0x10,0x61,0x10,0x61,0x10,0x61,0x10,0x61,0x10,0x61,0x10,0x61,0x10,0x61,0x10,0x61,0x10,0x61,0x10,0x61,0x10,0x61,0x10,0x61,0x10,0x61,0x10,0x61,0x10,0x61,0x10,0x61,
0x10,0x61,0x10,0x61,0x10,0x61,0x10,0x61,0x10,0x61,0x10,0x61,0x10,0x61,0x10,0x61,0x10,0x61,0x10,0x61,0x10,0x61,0x10,0x61,0x10,0x61,0x10,0x61,0x10,0x61,0x10,0x61,0x10,
0x61,0x10,0x61,0x10,0x61,0x10,0x61,0x10,0x61,0x10,0x61,0x10,0x61,0x10,0x61,0x10,0x61,0x10,0x61,0x10,0x61,0x10,0x61,0x10,0x61,0x10,0x61,0x10,0x61,0x10,0x61,0x10,0x61,
0x10,0x61,0x10,0x61,0x10,0x61,0x10,0x61,0x10,0x61,0x10,0x61,0x10,0x61,0x10,0x61,0x10,0x61,0x10,0x61,0x10,0x61,0x10,0x61,0x10,0x61,0x10,0x61,0x10,0x61,0x10,0x61,0x10,
0x61,0x10,0x61,0x10,0x61,0x10,0x61,0x10,0x61,0x10,0x61,0x10,0x61,0x10,0x61,0x10,0x61,0x10,0x61,0x10,0x61,0x10,0x61,0x10,0x61,0x10,0x61,0x10,0x61,0x10,0x61,0x10,0x61,
0x10,0x61,0x10,0x61,0x10,0x61,0x10,0x61,0x10,0x61,0x10,0x61,0x10,0x61,0x10,0x61,0x10,0x61,0x10,0x61,0x10,0x61,0x10,0x61,0x10,0x61,0x10,0x61,0x10,0x61,0x10,0x61,0x10,
0x61,0x10,0x61,0x10,0x61,0x10,0x61,0x10,0x61,0x10,0x61,0x10,0x61,0x10,0x61,0x10,0x61,0x10,0x61,0x10,0x61,0x10,0x61,0x10,0x61,0x10,0x61,0x10,0x61,0x10,0x61,0x10,0x61,
0x10,0x61,0x10,0x61,0x10,0x61,0x10,0x61,0x10,0x61,0x10,0x61,0x10,0x61,0x10,0x61,0x10,0x61,0x10,0x61,0x10,0x61,0x10,0x61,0x10,0x61,0x10,0x61,0x10,0x61,0x10,0x61,0x10,
0x61,0x10,0x61,0x10,0x61,0x10,0x61,0x10,0x61,0x10,0x61,0x10,0x61,0x10,0x61,0x10,0x61,0x10,0x61,0x10,0x61,0x10,0x61,0x10,0x61,0x10,0x61,0x10,0x61,0x10,0x61,0x10,0x61,
0x10,0x61,0x10,0x61,0x10,0x61,0x10,0x61,0x10,0x61,0x10,0x61,0x10,0x61,0x10,0x61,0x10,0x61,0x10,0x61,0x10,0x61,0x10,0x61,0x10,0x61,0x10,0x61,0x10,0x61,0x10,0x61,0x10,
0x61,0x10,0x61,0x10,0x61,0x10,0x61,0x10,0x61,0x10,0x61,0x10,0x61,0x10,0x61,0x10,0x61,0x10,0x61,0x10,0x61,0x10,0x61,0x10,0x61,0x10,0x61,0x10,0x61,0x10,0x61,0x10,0x61,
0x10,0x61,0x10,0x61,0x10,0x61,0x10,0x61,0x10,0x61,0x10,0x61,0x10,0x61,0x10,0x61,0x10,0x61,0x10,0x61,0x10,0x61,0x10,0x61,0x10,0x61,0x10,0x61,0x10,0x61,0x10,0x61,0x10,
0x61,0x10,0x61,0x10,0x61,0x10,0x61,0x10,0x61,0x10,0x61,0x10,0x61,0x10,0x61,0x10,0x61,0x10,0x61,0x10,0x61,0x10,0x61,0x10,0x61,0x10,0x61,0x10,0x61,0x10,0x61,0x10,0x61,
0x10,0x61,0x10,0x61,0x10,0x61,0x10,0x61,0x10,0x61,0x10,0x61,0x10,0x61,0x10,0x61,0x10,0x61,0x10,0x61,0x10,0x61,0x10,0x61,0x10,0x61,0x10,0x61,0x10,0x61,0x10,0x61,0x10,
0x61,0x10,0x61,0x10,0x61,0x10,0x61,0x10,0x61,0x10,0x61,0x10,0x61,0x10,0x61,0x10,0x61,0x10,0x61,0x10,0x61,0x10,0x61,0x10,0x61,0x10,0x61,0x10,0x61,0x10,0x61,0x10,0x61,
0x10,0x61,0x10,0x61,0x10,0x61,0x10,0x61,0x10,0x61,0x10,0x61,0x10,0x61,0x10,0x61,0x10,0x61,0x10,0x61,0x10,0x61,0x10,0x61,0x10,0x61,0x10,0x61,0x10,0x61,0x10,0x61,0x10,
0x61,0x10,0x61,0x10,0x61,0x10,0x61,0x10,0x61,0x10,0x61,0x10,0x61,0x10,0x61,0x10,0x61,0x10,0x61,0x10,0x61,0x10,0x61,0x10,0x61,0x10,0x61,0x10,0x61,0x10,0x61,0x10,0x61,
0x10,0x61,0x10,0x61,0x10,0x61,0x10,0x61,0x10,0x61,0x10,0x61,0x10,0x61,0x10,0x61,0x10,0x61,0x10,0x61,0x10,0x61,0x10,0x61,0x10,0x61,0x10,0x61,0x10,0x61,0x10,0x61,0x10,
0x61,0x10,0x61,0x10,0x61,0x10,0x61,0x10,0x61,0x10,0x61,0x10,0x61,0x10,0x61,0x10,0x61,0x10,0x61,0x10,0x61,0x10,0x61,0x10,0x61,0x10,0x61,0x10,0x61,0x10,0x61,0x10,0x61,
0x10,0x61,0x10,0x61,0x10,0x61,0x10,0x61,0x10,0x61,0x10,0x61,0x10,0x61,0x10,0x61,0x10,0x61,0x10,0x61,0x10,0x61,0x10,0x61,0x10,0x61,0x10,0x61,0x10,0x61,0x10,0x61,0x10,
0x61,0x10,0x61,0x10,0x61,0x10,0x61,0x10,0x61,0x10,0x61,0x10,0x61,0x10,0x61,0x10,0x61,0x10,0x61,0x10,0x61,0x10,0x61,0x10,0x61,0x10,0x61,0x10,0x61,0x10,0x61,0x10,0x61,
0x10,0x61,0x10,0x61,0x10,0x61,0x10,0x61,0x10,0x61,0x10,0x61,0x10,0x61,0x10,0x61,0x10,0x61,0x10,0x61,0x10,0x61,0x10,0x61,0x10,0x61,0x10,0x61,0x10,0x61,0x10,0x61,0x10,
0x61,0x10,0x61,0x10,0x61,0x10,0x61,0x10,0x61,0x10,0x61,0x10,0x61,0x10,0x61,0x10,0x61,0x10,0x61,0x10,0x61,0x10,0x61,0x10,0x61,0x10,0x61,0x10,0x61,0x10,0x61,0x10,0x61,
0x10,0x61,0x10,0x61,0x10,0x61,0x10,0x61,0x10,0x61,0x10,0x61,0x10,0x61,0x10,0x61,0x10,0x61,0x10,0x61,0x10,0x61,0x10,0x61,0x10,0x61,0x10,0x61,0x10,0x61,0x10,0x61,0x10,
0x61,0x10,0x61,0x10,0x61,0x10,0x61,0x10,0x61,0x10,0x61,0x10,0x61,0x10,0x61,0x10,0x61,0x10,0x61,0x10,0x61,0x10,0x61,0x10,0x61,0x10,0x61,0x10,0x61,0x10,0x61,0x10,0x61,
0x10,0x61,0x10,0x61,0x10,0x61,0x10,0x61,0x10,0x61,0x10,0x61,0x10,0x61,0x10,0x61,0x10,0x61,0x10,0x61,0x10,0x61,0x10,0x61,0x10,0x61,0x10,0x61,0x10,0x61,0x10,0x61,0x10,
0x61,0x10,0x61,0x10,0x61,0x10,0x61,0x10,0x61,0x10,0x61,0x10,0x61,0x10,0x61,0x10,0x61,0x10,0x61,0x10,0x61,0x10,0x61,0x10,0x61,0x10,0x61,0x10,0x61,0x10,0x61,0x10,0x61,
0x10,0x61,0x10,0x61,0x10,0x61,0x10,0x61,0x10,0x61,0x10,0x61,0x10,0x61,0x10,0x61,0x10,0x61,0x10,0x61,0x10,0x61,0x10,0x61,0x10,0x61,0x10,0x61,0x10,0x61,0x10,0x61,0x10,
0x61,0x10,0x61,0x10,0x61,0x10,0x61,0x10,0x61,0x10,0x61,0x10,0x61,0x10,0x61,0x10,0x61,0x10,0x61,0x10,0x61,0x10,0x61,0x10,0x61,0x10,0x61,0x10,0x61,0x10,0x61,0x10,0x61,
0x10,0x61,0x10,0x61,0x10,0x61,0x10,0x61,0x10,0x61,0x10,0x61,0x10,0x61,0x10,0x61,0x10,0x61,0x10,0x61,0x10,0x61,0x10,0x61,0x10,0x61,0x10,0x61,0x10,0x61,0x10,0x61,0x10,
0x61,0x10,0x61,0x10,0x61,0x10,0x61,0x10,0x61,0x10,0x61,0x10,0x61,0x10,0x61,0x10,0x61,0x10,0x61,0x10,0x61,0x10,0x61,0x10,0x61,0x10,0x61,0x10,0x61,0x10,0x61,0x10,0x61,
0x10,0x61,0x10,0x61,0x10,0x61,0x10,0x61,0x10,0x61,0x10,0x61,0x10,0x61,0x10,0x61,0x10,0x61,0x10,0x61,0x10,0x61,0x10,0x61,0x10,0x61,0x10,0x61,0x10,0x61,0x10,0x61,0x10,
0x61,0x10,0x61,0x10,0x61,0x10,0x61,0x10,0x61,0x10,0x61,0x10,0x61,0x10,0x61,0x10,0x61,0x10,0x61,0x10,0x61,0x10,0x61,0x10,0x61,0x10,0x61,0x10,0x61,0x10,0x61,0x10,0x61,
0x10,0x61,0x10,0x61,0x10,0x61,0x10,0x61,0x10,0x61,0x10,0x61,0x10,0x61,0x10,0x61,0x10,0x61,0x10,0x61,0x10,0x61,0x10,0x61,0x10,0x61,0x10,0x61,0x10,0x61,0x10,0x61,0x10,
0x61,0x10,0x61,0x10,0x61,0x10,0x61,0x10,0x61,0x10,0x61,0x10,0x61,0x10,0x61,0x10,0x61,0x10,0x61,0x10,0x61,0x10,0x61,0x10,0x61,0x10,0x61,0x10,0x61,0x10,0x61,0x10,0x61,
0x10,0x61,0x10,0x61,0x10,0x61,0x10,0x61,0x10,0x61,0x10,0x61,0x10,0x61,0x10,0x61,0x10,0x61,0x10,0x61,0x10,0x61,0x10,0x61,0x10,0x61,0x10,0x61,0x10,0x61,0x10,0x61,0x10,
0x61,0x10,0x61,0x10,0x61,0x10,0x61,0x10,0x61,0x10,0x61,0x10,0x61,0x10,0x61,0x10,0x61,0x10,0x61,0x10,0x61,0x10,0x61,0x10,0x61,0x10,0x61,0x10,0x61,0x10,0x61,0x10,0x61,
0x10,0x61,0x10,0x61,0x10,0x61,0x10,0x61,0x10,0x61,0x10,0x61,0x10,0x61,0x10,0x61,0x10,0x61,0x10,0x61,0x10,0x61,0x10,0x61,0x10,0x61,0x10,0x61,0x10,0x61,0x10,0x61,0x10,
0x61,0x10,0x61,0x10,0x61,0x10,0x61,0x10,0x61,0x10,0x61,0x10,0x24,0x29,0xFF,0xFF,0xFF,0xFF,0xFF,0xFF,0xFF,0xFF,0xFF,0xFF,0xFF,0xFF,0xFF,0xFF,0xFF,0xFF,0xFF,0xFF,0xFF,
0xFF,0xFF,0xFF,0xFF,0xFF,0x0C,0x63,0x61,0x10,0x61,0x10,0x61,0x10,0x61,0x10,0x61,0x10,0x61,0x10,0x61,0x10,0x61,0x10,0x61,0x10,0xBA,0xD6,0xFF,0xFF,0xFF,0xFF,0xFF,0xFF,
0xFF,0xFF,0xFF,0xFF,0xFF,0xFF,0xFF,0xFF,0xFF,0xFF,0xFF,0xFF,0xFF,0xFF,0xFF,0xFF,0xFF,0xFF,0xFF,0xFF,0x71,0x8C,0x61,0x10,0x61,0x10,0x61,0x10,0x61,0x10,0x61,0x10,0x61,
0x10,0x61,0x10,0x61,0x10,0x61,0x10,0x61,0x10,0x61,0x10,0x61,0x10,0x61,0x10,0x61,0x10,0x61,0x10,0x61,0x10,0x61,0x10,0x61,0x10,0x61,0x10,0x61,0x10,0x61,0x10,0x61,0x10,
0x61,0x10,0x61,0x10,0x61,0x10,0x61,0x10,0x61,0x10,0x61,0x10,0x61,0x10,0x61,0x10,0x61,0x10,0x61,0x10,0x61,0x10,0x61,0x10,0x61,0x10,0x61,0x10,0x61,0x10,0x61,0x10,0x61,
0x10,0x61,0x10,0x61,0x10,0x61,0x10,0x61,0x10,0x61,0x10,0x61,0x10,0x61,0x10,0x61,0x10,0x61,0x10,0x61,0x10,0x61,0x10,0x61,0x10,0x61,0x10,0x61,0x10,0x61,0x10,0x61,0x10,
0x61,0x10,0x61,0x10,0x61,0x10,0x61,0x10,0x61,0x10,0x61,0x10,0x61,0x10,0x61,0x10,0x61,0x10,0x61,0x10,0x61,0x10,0x61,0x10,0x61,0x10,0x61,0x10,0x61,0x10,0x61,0x10,0x61,
0x10,0x61,0x10,0x61,0x10,0x61,0x10,0x61,0x10,0x61,0x10,0x61,0x10,0x61,0x10,0x61,0x10,0x61,0x10,0x61,0x10,0x61,0x10,0x61,0x10,0x61,0x10,0x61,0x10,0x61,0x10,0x61,0x10,
0x61,0x10,0x61,0x10,0x61,0x10,0x61,0x10,0x61,0x10,0x61,0x10,0x61,0x10,0x61,0x10,0x61,0x10,0x61,0x10,0x61,0x10,0x61,0x10,0x61,0x10,0x61,0x10,0x61,0x10,0x61,0x10,0x61,
0x10,0x61,0x10,0x61,0x10,0x61,0x10,0x61,0x10,0x61,0x10,0x61,0x10,0x61,0x10,0x61,0x10,0x61,0x10,0x61,0x10,0x61,0x10,0x61,0x10,0x61,0x10,0x61,0x10,0x61,0x10,0x61,0x10,
0x61,0x10,0x61,0x10,0x61,0x10,0x61,0x10,0x61,0x10,0x61,0x10,0x61,0x10,0x61,0x10,0x61,0x10,0x61,0x10,0x61,0x10,0x61,0x10,0x61,0x10,0x61,0x10,0x61,0x10,0x61,0x10,0x61,
0x10,0x61,0x10,0x61,0x10,0x61,0x10,0x61,0x10,0x61,0x10,0x61,0x10,0x61,0x10,0x61,0x10,0x61,0x10,0x61,0x10,0x61,0x10,0x61,0x10,0x61,0x10,0x61,0x10,0x61,0x10,0x61,0x10,
0x61,0x10,0x61,0x10,0x61,0x10,0x61,0x10,0x61,0x10,0x61,0x10,0x61,0x10,0x61,0x10,0x61,0x10,0x61,0x10,0x61,0x10,0x61,0x10,0x61,0x10,0x61,0x10,0x61,0x10,0x61,0x10,0x61,
0x10,0x61,0x10,0x61,0x10,0x61,0x10,0x61,0x10,0x61,0x10,0x61,0x10,0x61,0x10,0x61,0x10,0x61,0x10,0x61,0x10,0x61,0x10,0x61,0x10,0x61,0x10,0x61,0x10,0x61,0x10,0x61,0x10,
0x61,0x10,0x61,0x10,0x61,0x10,0x61,0x10,0x61,0x10,0x61,0x10,0x61,0x10,0x61,0x10,0x61,0x10,0x61,0x10,0x61,0x10,0x61,0x10,0x61,0x10,0x61,0x10,0x61,0x10,0x61,0x10,0x61,
0x10,0x61,0x10,0x61,0x10,0x61,0x10,0x61,0x10,0x61,0x10,0x61,0x10,0x61,0x10,0x61,0x10,0x61,0x10,0x61,0x10,0x61,0x10,0x61,0x10,0x61,0x10,0x61,0x10,0x61,0x10,0x61,0x10,
0x61,0x10,0x61,0x10,0x61,0x10,0x61,0x10,0x61,0x10,0x61,0x10,0x61,0x10,0x61,0x10,0x61,0x10,0x61,0x10,0x61,0x10,0x61,0x10,0x61,0x10,0x61,0x10,0x61,0x10,0x61,0x10,0x61,
0x10,0x61,0x10,0x61,0x10,0x61,0x10,0x61,0x10,0x61,0x10,0x61,0x10,0x61,0x10,0x61,0x10,0x61,0x10,0x61,0x10,0x61,0x10,0x61,0x10,0x61,0x10,0x61,0x10,0x61,0x10,0x61,0x10,
0x61,0x10,0x61,0x10,0x61,0x10,0x61,0x10,0x61,0x10,0x61,0x10,0x61,0x10,0x61,0x10,0x61,0x10,0x61,0x10,0x61,0x10,0x61,0x10,0x61,0x10,0x61,0x10,0x61,0x10,0x61,0x10,0x61,
0x10,0x61,0x10,0x61,0x10,0x61,0x10,0x61,0x10,0x61,0x10,0x61,0x10,0x61,0x10,0x61,0x10,0x61,0x10,0x61,0x10,0x61,0x10,0x61,0x10,0x61,0x10,0x61,0x10,0x61,0x10,0x61,0x10,
0x61,0x10,0x61,0x10,0x61,0x10,0x61,0x10,0x61,0x10,0x61,0x10,0x61,0x10,0x61,0x10,0x61,0x10,0x61,0x10,0x61,0x10,0x61,0x10,0x61,0x10,0x61,0x10,0x61,0x10,0x61,0x10,0x61,
0x10,0x61,0x10,0x61,0x10,0x61,0x10,0x61,0x10,0x61,0x10,0x61,0x10,0x61,0x10,0x61,0x10,0x61,0x10,0x61,0x10,0x61,0x10,0x61,0x10,0x61,0x10,0x61,0x10,0x61,0x10,0x61,0x10,
0x61,0x10,0x61,0x10,0x61,0x10,0x61,0x10,0x61,0x10,0x61,0x10,0x61,0x10,0x61,0x10,0x61,0x10,0x61,0x10,0x61,0x10,0x61,0x10,0x61,0x10,0x61,0x10,0x61,0x10,0xFF,0xFF,0xFF,
0xFF,0xFF,0xFF,0xFF,0xFF,0xFF,0xFF,0xFF,0xFF,0xFF,0xFF,0xFF,0xFF,0xFF,0xFF,0xFF,0xFF,0xFF,0xFF,0xFF,0xFF,0xFF,0xFF,0xFF,0xFF,0xD2,0x9C,0x61,0x10,0x61,0x10,0x61,0x10,
0x61,0x10,0x61,0x10,0x61,0x10,0x61,0x10,0x61,0x10,0xBA,0xD6,0xFF,0xFF,0xFF,0xFF,0xFF,0xFF,0xFF,0xFF,0xFF,0xFF,0xFF,0xFF,0xFF,0xFF,0xFF,0xFF,0xFF,0xFF,0xFF,0xFF,0xFF,
0xFF,0xFF,0xFF,0xFF,0xFF,0x71,0x8C,0x61,0x10,0x61,0x10,0x61,0x10,0x61,0x10,0x61,0x10,0x61,0x10,0x61,0x10,0x61,0x10,0x61,0x10,0x61,0x10,0x61,0x10,0x61,0x10,0x61,0x10,
0x61,0x10,0x61,0x10,0x61,0x10,0x61,0x10,0x61,0x10,0x61,0x10,0x61,0x10,0x61,0x10,0x61,0x10,0x61,0x10,0x61,0x10,0x61,0x10,0x61,0x10,0x61,0x10,0x61,0x10,0x61,0x10,0x61,
0x10,0x61,0x10,0x61,0x10,0x61,0x10,0x61,0x10,0x61,0x10,0x61,0x10,0x61,0x10,0x61,0x10,0x61,0x10,0x61,0x10,0x61,0x10,0x61,0x10,0x61,0x10,0x61,0x10,0x61,0x10,0x61,0x10,
0x61,0x10,0x61,0x10,0x61,0x10,0x61,0x10,0x61,0x10,0x61,0x10,0x61,0x10,0x61,0x10,0x61,0x10,0x61,0x10,0x61,0x10,0x61,0x10,0x61,0x10,0x61,0x10,0x61,0x10,0x61,0x10,0x61,
0x10,0x61,0x10,0x61,0x10,0x61,0x10,0x61,0x10,0x61,0x10,0x61,0x10,0x61,0x10,0x61,0x10,0x61,0x10,0x61,0x10,0x61,0x10,0x61,0x10,0x61,0x10,0x61,0x10,0x61,0x10,0x61,0x10,
0x61,0x10,0x61,0x10,0x61,0x10,0x61,0x10,0x61,0x10,0x61,0x10,0x61,0x10,0x61,0x10,0x61,0x10,0x61,0x10,0x61,0x10,0x61,0x10,0x61,0x10,0x61,0x10,0x61,0x10,0x61,0x10,0x61,
0x10,0x61,0x10,0x61,0x10,0x61,0x10,0x61,0x10,0x61,0x10,0x61,0x10,0x61,0x10,0x61,0x10,0x61,0x10,0x61,0x10,0x61,0x10,0x61,0x10,0x61,0x10,0x61,0x10,0x61,0x10,0x61,0x10,
0x61,0x10,0x61,0x10,0x61,0x10,0x61,0x10,0x61,0x10,0x61,0x10,0x61,0x10,0x61,0x10,0x61,0x10,0x61,0x10,0x61,0x10,0x61,0x10,0x61,0x10,0x61,0x10,0x61,0x10,0x61,0x10,0x61,
0x10,0x61,0x10,0x61,0x10,0x61,0x10,0x61,0x10,0x61,0x10,0x61,0x10,0x61,0x10,0x61,0x10,0x61,0x10,0x61,0x10,0x61,0x10,0x61,0x10,0x61,0x10,0x61,0x10,0x61,0x10,0x61,0x10,
0x61,0x10,0x61,0x10,0x61,0x10,0x61,0x10,0x61,0x10,0x61,0x10,0x61,0x10,0x61,0x10,0x61,0x10,0x61,0x10,0x61,0x10,0x61,0x10,0x61,0x10,0x61,0x10,0x61,0x10,0x61,0x10,0x61,
0x10,0x61,0x10,0x61,0x10,0x61,0x10,0x61,0x10,0x61,0x10,0x61,0x10,0x61,0x10,0x61,0x10,0x61,0x10,0x61,0x10,0x61,0x10,0x61,0x10,0x61,0x10,0x61,0x10,0x61,0x10,0x61,0x10,
0x61,0x10,0x61,0x10,0x61,0x10,0x61,0x10,0x61,0x10,0x61,0x10,0x61,0x10,0x61,0x10,0x61,0x10,0x61,0x10,0x61,0x10,0x61,0x10,0x61,0x10,0x61,0x10,0x61,0x10,0x61,0x10,0x61,
0x10,0x61,0x10,0x61,0x10,0x61,0x10,0x61,0x10,0x61,0x10,0x61,0x10,0x61,0x10,0x61,0x10,0x61,0x10,0x61,0x10,0x61,0x10,0x61,0x10,0x61,0x10,0x61,0x10,0x61,0x10,0x61,0x10,
0x61,0x10,0x61,0x10,0x61,0x10,0x61,0x10,0x61,0x10,0x61,0x10,0x61,0x10,0x61,0x10,0x61,0x10,0x61,0x10,0x61,0x10,0x61,0x10,0x61,0x10,0x61,0x10,0x61,0x10,0x61,0x10,0x61,
0x10,0x61,0x10,0x61,0x10,0x61,0x10,0x61,0x10,0x61,0x10,0x61,0x10,0x61,0x10,0x61,0x10,0x61,0x10,0x61,0x10,0x61,0x10,0x61,0x10,0x61,0x10,0x61,0x10,0x61,0x10,0x61,0x10,
0x61,0x10,0x61,0x10,0x61,0x10,0x61,0x10,0x61,0x10,0x61,0x10,0x61,0x10,0x61,0x10,0x61,0x10,0x61,0x10,0x61,0x10,0x61,0x10,0x61,0x10,0x61,0x10,0x61,0x10,0x61,0x10,0x61,
0x10,0x61,0x10,0x61,0x10,0x61,0x10,0x61,0x10,0x61,0x10,0x61,0x10,0x61,0x10,0x61,0x10,0x61,0x10,0x61,0x10,0x61,0x10,0x61,0x10,0x61,0x10,0x61,0x10,0x61,0x10,0x61,0x10,
0x61,0x10,0x61,0x10,0x61,0x10,0x61,0x10,0x61,0x10,0x61,0x10,0x61,0x10,0x61,0x10,0x61,0x10,0x61,0x10,0x61,0x10,0x61,0x10,0x61,0x10,0x61,0x10,0x61,0x10,0x61,0x10,0x61,
0x10,0x61,0x10,0x61,0x10,0x61,0x10,0x61,0x10,0x61,0x10,0x61,0x10,0x61,0x10,0x61,0x10,0x61,0x10,0x61,0x10,0x61,0x10,0x61,0x10,0x61,0x10,0x61,0x10,0x61,0x10,0x61,0x10,
0x61,0x10,0x61,0x10,0x61,0x10,0x61,0x10,0x61,0x10,0x61,0x10,0x61,0x10,0x61,0x10,0x61,0x10,0x61,0x10,0x61,0x10,0x61,0x10,0x61,0x10,0x61,0x10,0x61,0x10,0x61,0x10,0x61,
0x10,0x61,0x10,0x61,0x10,0x61,0x10,0x61,0x10,0x61,0x10,0x61,0x10,0x61,0x10,0xFF,0xFF,0xFF,0xFF,0xFF,0xFF,0xFF,0xFF,0xFF,0xFF,0xFF,0xFF,0xFF,0xFF,0xFF,0xFF,0xFF,0xFF,
0xFF,0xFF,0xFF,0xFF,0xFF,0xFF,0xFF,0xFF,0xFF,0xFF,0xF7,0xC5,0x61,0x10,0x61,0x10,0x61,0x10,0x61,0x10,0x61,0x10,0x61,0x10,0x61,0x10,0x61,0x10,0xBA,0xD6,0xFF,0xFF,0xFF,
0xFF,0xFF,0xFF,0xFF,0xFF,0xFF,0xFF,0xFF,0xFF,0xFF,0xFF,0xFF,0xFF,0xFF,0xFF,0xFF,0xFF,0xFF,0xFF,0xFF,0xFF,0xFF,0xFF,0x71,0x8C,0x61,0x10,0x61,0x10,0x61,0x10,0x61,0x10,
0x61,0x10,0x61,0x10,0x61,0x10,0x61,0x10,0x61,0x10,0x61,0x10,0x61,0x10,0x61,0x10,0x61,0x10,0x61,0x10,0x61,0x10,0x61,0x10,0x61,0x10,0x61,0x10,0x61,0x10,0x61,0x10,0x61,
0x10,0x61,0x10,0x61,0x10,0x61,0x10,0x61,0x10,0x61,0x10,0x61,0x10,0x61,0x10,0x61,0x10,0x61,0x10,0x61,0x10,0x61,0x10,0x61,0x10,0x61,0x10,0x61,0x10,0x61,0x10,0x61,0x10,
0x61,0x10,0x61,0x10,0x61,0x10,0x61,0x10,0x61,0x10,0x61,0x10,0x61,0x10,0x61,0x10,0x61,0x10,0x61,0x10,0x61,0x10,0x61,0x10,0x61,0x10,0x61,0x10,0x61,0x10,0x61,0x10,0x61,
0x10,0x61,0x10,0x61,0x10,0x61,0x10,0x61,0x10,0x61,0x10,0x61,0x10,0x61,0x10,0x61,0x10,0x61,0x10,0x61,0x10,0x61,0x10,0x61,0x10,0x61,0x10,0x61,0x10,0x61,0x10,0x61,0x10,
0x61,0x10,0x61,0x10,0x61,0x10,0x61,0x10,0x61,0x10,0x61,0x10,0x61,0x10,0x61,0x10,0x61,0x10,0x61,0x10,0x61,0x10,0x61,0x10,0x61,0x10,0x61,0x10,0x61,0x10,0x61,0x10,0x61,
0x10,0x61,0x10,0x61,0x10,0x61,0x10,0x61,0x10,0x61,0x10,0x61,0x10,0x61,0x10,0x61,0x10,0x61,0x10,0x61,0x10,0x61,0x10,0x61,0x10,0x61,0x10,0x61,0x10,0x61,0x10,0x61,0x10,
0x61,0x10,0x61,0x10,0x61,0x10,0x61,0x10,0x61,0x10,0x61,0x10,0x61,0x10,0x61,0x10,0x61,0x10,0x61,0x10,0x61,0x10,0x61,0x10,0x61,0x10,0x61,0x10,0x61,0x10,0x61,0x10,0x61,
0x10,0x61,0x10,0x61,0x10,0x61,0x10,0x61,0x10,0x61,0x10,0x61,0x10,0x61,0x10,0x61,0x10,0x61,0x10,0x61,0x10,0x61,0x10,0x61,0x10,0x61,0x10,0x61,0x10,0x61,0x10,0x61,0x10,
0x61,0x10,0x61,0x10,0x61,0x10,0x61,0x10,0x61,0x10,0x61,0x10,0x61,0x10,0x61,0x10,0x61,0x10,0x61,0x10,0x61,0x10,0x61,0x10,0x61,0x10,0x61,0x10,0x61,0x10,0x61,0x10,0x61,
0x10,0x61,0x10,0x61,0x10,0x61,0x10,0x61,0x10,0x61,0x10,0x61,0x10,0x61,0x10,0x61,0x10,0x61,0x10,0x61,0x10,0x61,0x10,0x61,0x10,0x61,0x10,0x61,0x10,0x61,0x10,0x61,0x10,
0x61,0x10,0x61,0x10,0x61,0x10,0x61,0x10,0x61,0x10,0x61,0x10,0x61,0x10,0x61,0x10,0x61,0x10,0x61,0x10,0x61,0x10,0x61,0x10,0x61,0x10,0x61,0x10,0x61,0x10,0x61,0x10,0x61,
0x10,0x61,0x10,0x61,0x10,0x61,0x10,0x61,0x10,0x61,0x10,0x61,0x10,0x61,0x10,0x61,0x10,0x61,0x10,0x61,0x10,0x61,0x10,0x61,0x10,0x61,0x10,0x61,0x10,0x61,0x10,0x61,0x10,
0x61,0x10,0x61,0x10,0x61,0x10,0x61,0x10,0x61,0x10,0x61,0x10,0x61,0x10,0x61,0x10,0x61,0x10,0x61,0x10,0x61,0x10,0x61,0x10,0x61,0x10,0x61,0x10,0x61,0x10,0x61,0x10,0x61,
0x10,0x61,0x10,0x61,0x10,0x61,0x10,0x61,0x10,0x61,0x10,0x61,0x10,0x61,0x10,0x61,0x10,0x61,0x10,0x61,0x10,0x61,0x10,0x61,0x10,0x61,0x10,0x61,0x10,0x61,0x10,0x61,0x10,
0x61,0x10,0x61,0x10,0x61,0x10,0x61,0x10,0x61,0x10,0x61,0x10,0x61,0x10,0x61,0x10,0x61,0x10,0x61,0x10,0x61,0x10,0x61,0x10,0x61,0x10,0x61,0x10,0x61,0x10,0x61,0x10,0x61,
0x10,0x61,0x10,0x61,0x10,0x61,0x10,0x61,0x10,0x61,0x10,0x61,0x10,0x61,0x10,0x61,0x10,0x61,0x10,0x61,0x10,0x61,0x10,0x61,0x10,0x61,0x10,0x61,0x10,0x61,0x10,0x61,0x10,
0x61,0x10,0x61,0x10,0x61,0x10,0x61,0x10,0x61,0x10,0x61,0x10,0x61,0x10,0x61,0x10,0x61,0x10,0x61,0x10,0x61,0x10,0x61,0x10,0x61,0x10,0x61,0x10,0x61,0x10,0x61,0x10,0x61,
0x10,0x61,0x10,0x61,0x10,0x61,0x10,0x61,0x10,0x61,0x10,0x61,0x10,0x61,0x10,0x61,0x10,0x61,0x10,0x61,0x10,0x61,0x10,0x61,0x10,0x61,0x10,0x61,0x10,0x61,0x10,0x61,0x10,
0x61,0x10,0x61,0x10,0x61,0x10,0x61,0x10,0x61,0x10,0x61,0x10,0x61,0x10,0x61,0x10,0x61,0x10,0x61,0x10,0x61,0x10,0x61,0x10,0x61,0x10,0x61,0x10,0x61,0x10,0x61,0x10,0x61,
0x10,0x61,0x10,0x61,0x10,0x61,0x10,0x61,0x10,0x61,0x10,0x61,0x10,0x61,0x10,0x61,0x10,0x61,0x10,0x61,0x10,0x61,0x10,0x61,0x10,0x61,0x10,0x61,0x10,0x61,0x10,0x61,0x10,
0xFF,0xFF,0xFF,0xFF,0xFF,0xFF,0xFF,0xFF,0xFF,0xFF,0xFF,0xFF,0xFF,0xFF,0xFF,0xFF,0xFF,0xFF,0xFF,0xFF,0xFF,0xFF,0xFF,0xFF,0xFF,0xFF,0xFF,0xFF,0xBA,0xD6,0x61,0x10,0x61,
0x10,0x61,0x10,0x61,0x10,0x61,0x10,0x61,0x10,0x61,0x10,0x61,0x10,0xBA,0xD6,0xFF,0xFF,0xFF,0xFF,0xFF,0xFF,0xFF,0xFF,0xFF,0xFF,0xFF,0xFF,0xFF,0xFF,0xFF,0xFF,0xFF,0xFF,
0xFF,0xFF,0xFF,0xFF,0xFF,0xFF,0xFF,0xFF,0x71,0x8C,0x61,0x10,0x61,0x10,0x61,0x10,0x61,0x10,0x61,0x10,0x61,0x10,0x61,0x10,0x61,0x10,0x61,0x10,0x61,0x10,0x61,0x10,0x61,
0x10,0x61,0x10,0x61,0x10,0x61,0x10,0x61,0x10,0x61,0x10,0x61,0x10,0x61,0x10,0x61,0x10,0x61,0x10,0x61,0x10,0x61,0x10,0x61,0x10,0x61,0x10,0x61,0x10,0x61,0x10,0x61,0x10,
0x61,0x10,0x61,0x10,0x61,0x10,0x61,0x10,0x61,0x10,0x61,0x10,0x61,0x10,0x61,0x10,0x61,0x10,0x61,0x10,0x61,0x10,0x61,0x10,0x61,0x10,0x61,0x10,0x61,0x10,0x61,0x10,0x61,
0x10,0x61,0x10,0x61,0x10,0x61,0x10,0x61,0x10,0x61,0x10,0x61,0x10,0x61,0x10,0x61,0x10,0x61,0x10,0x61,0x10,0x61,0x10,0x61,0x10,0x61,0x10,0x61,0x10,0x61,0x10,0x61,0x10,
0x61,0x10,0x61,0x10,0x61,0x10,0x61,0x10,0x61,0x10,0x61,0x10,0x61,0x10,0x61,0x10,0x61,0x10,0x61,0x10,0x61,0x10,0x61,0x10,0x61,0x10,0x61,0x10,0x61,0x10,0x61,0x10,0x61,
0x10,0x61,0x10,0x61,0x10,0x61,0x10,0x61,0x10,0x61,0x10,0x61,0x10,0x61,0x10,0x61,0x10,0x61,0x10,0x61,0x10,0x61,0x10,0x61,0x10,0x61,0x10,0x61,0x10,0x61,0x10,0x61,0x10,
0x61,0x10,0x61,0x10,0x61,0x10,0x61,0x10,0x61,0x10,0x61,0x10,0x61,0x10,0x61,0x10,0x61,0x10,0x61,0x10,0x61,0x10,0x61,0x10,0x61,0x10,0x61,0x10,0x61,0x10,0x61,0x10,0x61,
0x10,0x61,0x10,0x61,0x10,0x61,0x10,0x61,0x10,0x61,0x10,0x61,0x10,0x61,0x10,0x61,0x10,0x61,0x10,0x61,0x10,0x61,0x10,0x61,0x10,0x61,0x10,0x61,0x10,0x61,0x10,0x61,0x10,
0x61,0x10,0x61,0x10,0x61,0x10,0x61,0x10,0x61,0x10,0x61,0x10,0x61,0x10,0x61,0x10,0x61,0x10,0x61,0x10,0x61,0x10,0x61,0x10,0x61,0x10,0x61,0x10,0x61,0x10,0x61,0x10,0x61,
0x10,0x61,0x10,0x61,0x10,0x61,0x10,0x61,0x10,0x61,0x10,0x61,0x10,0x61,0x10,0x61,0x10,0x61,0x10,0x61,0x10,0x61,0x10,0x61,0x10,0x61,0x10,0x61,0x10,0x61,0x10,0x61,0x10,
0x61,0x10,0x61,0x10,0x61,0x10,0x61,0x10,0x61,0x10,0x61,0x10,0x61,0x10,0x61,0x10,0x61,0x10,0x61,0x10,0x61,0x10,0x61,0x10,0x61,0x10,0x61,0x10,0x61,0x10,0x61,0x10,0x61,
0x10,0x61,0x10,0x61,0x10,0x61,0x10,0x61,0x10,0x61,0x10,0x61,0x10,0x61,0x10,0x61,0x10,0x61,0x10,0x61,0x10,0x61,0x10,0x61,0x10,0x61,0x10,0x61,0x10,0x61,0x10,0x61,0x10,
0x61,0x10,0x61,0x10,0x61,0x10,0x61,0x10,0x61,0x10,0x61,0x10,0x61,0x10,0x61,0x10,0x61,0x10,0x61,0x10,0x61,0x10,0x61,0x10,0x61,0x10,0x61,0x10,0x61,0x10,0x61,0x10,0x61,
0x10,0x61,0x10,0x61,0x10,0x61,0x10,0x61,0x10,0x61,0x10,0x61,0x10,0x61,0x10,0x61,0x10,0x61,0x10,0x61,0x10,0x61,0x10,0x61,0x10,0x61,0x10,0x61,0x10,0x61,0x10,0x61,0x10,
0x61,0x10,0x61,0x10,0x61,0x10,0x61,0x10,0x61,0x10,0x61,0x10,0x61,0x10,0x61,0x10,0x61,0x10,0x61,0x10,0x61,0x10,0x61,0x10,0x61,0x10,0x61,0x10,0x61,0x10,0x61,0x10,0x61,
0x10,0x61,0x10,0x61,0x10,0x61,0x10,0x61,0x10,0x61,0x10,0x61,0x10,0x61,0x10,0x61,0x10,0x61,0x10,0x61,0x10,0x61,0x10,0x61,0x10,0x61,0x10,0x61,0x10,0x61,0x10,0x61,0x10,
0x61,0x10,0x61,0x10,0x61,0x10,0x61,0x10,0x61,0x10,0x61,0x10,0x61,0x10,0x61,0x10,0x61,0x10,0x61,0x10,0x61,0x10,0x61,0x10,0x61,0x10,0x61,0x10,0x61,0x10,0x61,0x10,0x61,
0x10,0x61,0x10,0x61,0x10,0x61,0x10,0x61,0x10,0x61,0x10,0x61,0x10,0x61,0x10,0x61,0x10,0x61,0x10,0x61,0x10,0x61,0x10,0x61,0x10,0x61,0x10,0x61,0x10,0x61,0x10,0x61,0x10,
0x61,0x10,0x61,0x10,0x61,0x10,0x61,0x10,0x61,0x10,0x61,0x10,0x61,0x10,0x61,0x10,0x61,0x10,0x61,0x10,0x61,0x10,0x61,0x10,0x61,0x10,0x61,0x10,0x61,0x10,0x61,0x10,0x61,
0x10,0x61,0x10,0x61,0x10,0x61,0x10,0x61,0x10,0x61,0x10,0x61,0x10,0x61,0x10,0x61,0x10,0x61,0x10,0x61,0x10,0x61,0x10,0x61,0x10,0x61,0x10,0x61,0x10,0x61,0x10,0x61,0x10,
0x61,0x10,0x61,0x10,0x61,0x10,0x61,0x10,0x61,0x10,0x61,0x10,0x61,0x10,0x61,0x10,0x61,0x10,0xFF,0xFF,0xFF,0xFF,0xFF,0xFF,0xFF,0xFF,0xFF,0xFF,0xFF,0xFF,0xFF,0xFF,0xFF,
0xFF,0xFF,0xFF,0xFF,0xFF,0xFF,0xFF,0xFF,0xFF,0xFF,0xFF,0xFF,0xFF,0xBA,0xD6,0x61,0x10,0x61,0x10,0x61,0x10,0x61,0x10,0x61,0x10,0x61,0x10,0x61,0x10,0x61,0x10,0xBA,0xD6,
0xFF,0xFF,0xFF,0xFF,0xFF,0xFF,0xFF,0xFF,0xFF,0xFF,0xFF,0xFF,0xFF,0xFF,0xFF,0xFF,0xFF,0xFF,0xFF,0xFF,0xFF,0xFF,0xFF,0xFF,0xFF,0xFF,0x71,0x8C,0x61,0x10,0x61,0x10,0x61,
0x10,0x61,0x10,0x61,0x10,0x61,0x10,0x61,0x10,0x61,0x10,0x61,0x10,0x61,0x10,0x61,0x10,0x61,0x10,0x61,0x10,0x61,0x10,0x61,0x10,0x61,0x10,0x61,0x10,0x61,0x10,0x61,0x10,
0x61,0x10,0x61,0x10,0x61,0x10,0x61,0x10,0x61,0x10,0x61,0x10,0x61,0x10,0x61,0x10,0x61,0x10,0x61,0x10,0x61,0x10,0x61,0x10,0x61,0x10,0x61,0x10,0x61,0x10,0x61,0x10,0x61,
0x10,0x61,0x10,0x61,0x10,0x61,0x10,0x61,0x10,0x61,0x10,0x61,0x10,0x61,0x10,0x61,0x10,0x61,0x10,0x61,0x10,0x61,0x10,0x61,0x10,0x61,0x10,0x61,0x10,0x61,0x10,0x61,0x10,
0x61,0x10,0x61,0x10,0x61,0x10,0x61,0x10,0x61,0x10,0x61,0x10,0x61,0x10,0x61,0x10,0x61,0x10,0x61,0x10,0x61,0x10,0x61,0x10,0x61,0x10,0x61,0x10,0x61,0x10,0x61,0x10,0x61,
0x10,0x61,0x10,0x61,0x10,0x61,0x10,0xFF,0xFF,0xFF,0xFF,0xFF,0xFF,0xFF,0xFF,0xFF,0xFF,0xFF,0xFF,0xFF,0xFF,0xFF,0xFF,0xFF,0xFF,0xFF,0xFF,0xFF,0xFF,0xFF,0xFF,0xFF,0xFF,
0xFF,0xFF,0xFF,0xFF,0x61,0x10,0x61,0x10,0x61,0x10,0x61,0x10,0x61,0x10,0x61,0x10,0x61,0x10,0x61,0x10,0x61,0x10,0x61,0x10,0x61,0x10,0x61,0x10,0x61,0x10,0x61,0x10,0x61,
0x10,0x61,0x10,0x61,0x10,0x61,0x10,0x61,0x10,0x61,0x10,0x61,0x10,0x61,0x10,0x61,0x10,0x61,0x10,0x61,0x10,0x61,0x10,0x61,0x10,0x61,0x10,0x61,0x10,0x61,0x10,0x61,0x10,
0x61,0x10,0x61,0x10,0x61,0x10,0x61,0x10,0x61,0x10,0x61,0x10,0x61,0x10,0x61,0x10,0x61,0x10,0x61,0x10,0x61,0x10,0x61,0x10,0x61,0x10,0x61,0x10,0x61,0x10,0x61,0x10,0x61,
0x10,0x61,0x10,0x61,0x10,0x61,0x10,0x61,0x10,0x61,0x10,0x61,0x10,0x61,0x10,0x61,0x10,0x61,0x10,0x61,0x10,0x61,0x10,0x61,0x10,0x61,0x10,0x61,0x10,0x61,0x10,0x61,0x10,
0x61,0x10,0x61,0x10,0x61,0x10,0x61,0x10,0x61,0x10,0x61,0x10,0x61,0x10,0x61,0x10,0x61,0x10,0x61,0x10,0x61,0x10,0x61,0x10,0x61,0x10,0x61,0x10,0x61,0x10,0x61,0x10,0x61,
0x10,0x61,0x10,0x61,0x10,0x61,0x10,0x61,0x10,0x61,0x10,0x61,0x10,0x61,0x10,0x61,0x10,0x61,0x10,0x61,0x10,0x61,0x10,0x61,0x10,0x61,0x10,0x61,0x10,0x61,0x10,0x61,0x10,
0x61,0x10,0x61,0x10,0x61,0x10,0x61,0x10,0x61,0x10,0x61,0x10,0x61,0x10,0x61,0x10,0x61,0x10,0x61,0x10,0x61,0x10,0x61,0x10,0x61,0x10,0x61,0x10,0x61,0x10,0x61,0x10,0x61,
0x10,0x61,0x10,0x61,0x10,0x61,0x10,0x61,0x10,0x61,0x10,0x61,0x10,0x61,0x10,0x61,0x10,0x61,0x10,0x61,0x10,0x61,0x10,0x61,0x10,0x61,0x10,0x61,0x10,0x61,0x10,0x61,0x10,
0x61,0x10,0x61,0x10,0x61,0x10,0x61,0x10,0x61,0x10,0x61,0x10,0x61,0x10,0x61,0x10,0x61,0x10,0x61,0x10,0x61,0x10,0x61,0x10,0x61,0x10,0x61,0x10,0x61,0x10,0x61,0x10,0x61,
0x10,0x61,0x10,0x61,0x10,0x61,0x10,0x61,0x10,0x61,0x10,0x61,0x10,0x61,0x10,0x61,0x10,0x61,0x10,0x61,0x10,0x61,0x10,0x61,0x10,0x61,0x10,0x61,0x10,0x61,0x10,0x61,0x10,
0x61,0x10,0x61,0x10,0x61,0x10,0x61,0x10,0x61,0x10,0x61,0x10,0x61,0x10,0x61,0x10,0x61,0x10,0x61,0x10,0x61,0x10,0x61,0x10,0x61,0x10,0x61,0x10,0x61,0x10,0x61,0x10,0x61,
0x10,0x61,0x10,0x61,0x10,0x61,0x10,0x61,0x10,0x61,0x10,0x61,0x10,0x61,0x10,0x61,0x10,0x61,0x10,0x61,0x10,0x61,0x10,0x61,0x10,0x61,0x10,0x61,0x10,0x61,0x10,0x61,0x10,
0x61,0x10,0x61,0x10,0x61,0x10,0x61,0x10,0x61,0x10,0x61,0x10,0x61,0x10,0x61,0x10,0x61,0x10,0x61,0x10,0x61,0x10,0x61,0x10,0x61,0x10,0x61,0x10,0x61,0x10,0x61,0x10,0x61,
0x10,0x61,0x10,0x61,0x10,0x61,0x10,0x61,0x10,0x61,0x10,0x61,0x10,0x61,0x10,0x61,0x10,0x61,0x10,0x61,0x10,0x61,0x10,0x61,0x10,0x61,0x10,0x61,0x10,0x61,0x10,0x61,0x10,
0x61,0x10,0x61,0x10,0x61,0x10,0x61,0x10,0x61,0x10,0x61,0x10,0x61,0x10,0x61,0x10,0x61,0x10,0x61,0x10,0x61,0x10,0x61,0x10,0x61,0x10,0x61,0x10,0x61,0x10,0x61,0x10,0x61,
0x10,0x61,0x10,0xFF,0xFF,0xFF,0xFF,0xFF,0xFF,0xFF,0xFF,0xFF,0xFF,0xFF,0xFF,0xFF,0xFF,0xFF,0xFF,0xFF,0xFF,0xFF,0xFF,0xFF,0xFF,0xFF,0xFF,0xFF,0xFF,0xFF,0xFF,0xFB,0xE6,
0x61,0x10,0x61,0x10,0x61,0x10,0x61,0x10,0x61,0x10,0x61,0x10,0x61,0x10,0x61,0x10,0xBA,0xD6,0xFF,0xFF,0xFF,0xFF,0xFF,0xFF,0xFF,0xFF,0xFF,0xFF,0xFF,0xFF,0xFF,0xFF,0xFF,
0xFF,0xFF,0xFF,0xFF,0xFF,0xFF,0xFF,0xFF,0xFF,0xFF,0xFF,0x71,0x8C,0x61,0x10,0x61,0x10,0x61,0x10,0x61,0x10,0x61,0x10,0x61,0x10,0x61,0x10,0x61,0x10,0x61,0x10,0x61,0x10,
0x61,0x10,0x61,0x10,0x61,0x10,0x61,0x10,0x61,0x10,0x61,0x10,0x61,0x10,0x61,0x10,0x61,0x10,0x61,0x10,0x61,0x10,0x61,0x10,0x61,0x10,0x61,0x10,0x61,0x10,0x61,0x10,0x61,
0x10,0x61,0x10,0x61,0x10,0x61,0x10,0x61,0x10,0x61,0x10,0x61,0x10,0x61,0x10,0x61,0x10,0x61,0x10,0x61,0x10,0x61,0x10,0x61,0x10,0x61,0x10,0x61,0x10,0x61,0x10,0x61,0x10,
0x61,0x10,0x61,0x10,0x61,0x10,0x61,0x10,0x61,0x10,0x61,0x10,0x61,0x10,0x61,0x10,0x61,0x10,0x61,0x10,0x61,0x10,0x61,0x10,0x61,0x10,0x61,0x10,0x61,0x10,0x61,0x10,0x61,
0x10,0x61,0x10,0x61,0x10,0x61,0x10,0x61,0x10,0x61,0x10,0x61,0x10,0x61,0x10,0x61,0x10,0x61,0x10,0x61,0x10,0x61,0x10,0x61,0x10,0xFF,0xFF,0xFF,0xFF,0xFF,0xFF,0xFF,0xFF,
0xFF,0xFF,0xFF,0xFF,0xFF,0xFF,0xFF,0xFF,0xFF,0xFF,0xFF,0xFF,0xFF,0xFF,0xFF,0xFF,0xFF,0xFF,0xFF,0xFF,0xFF,0xFF,0x61,0x10,0x61,0x10,0x61,0x10,0x61,0x10,0x61,0x10,0x61,
0x10,0x61,0x10,0x61,0x10,0x61,0x10,0x61,0x10,0x61,0x10,0x61,0x10,0x61,0x10,0x61,0x10,0x61,0x10,0x61,0x10,0x61,0x10,0x61,0x10,0x61,0x10,0x61,0x10,0x61,0x10,0x61,0x10,
0x61,0x10,0x61,0x10,0x61,0x10,0x61,0x10,0x61,0x10,0x61,0x10,0x61,0x10,0x61,0x10,0x61,0x10,0x61,0x10,0x61,0x10,0x61,0x10,0x61,0x10,0x61,0x10,0x61,0x10,0x61,0x10,0x61,
0x10,0x61,0x10,0x61,0x10,0x61,0x10,0x61,0x10,0x61,0x10,0x61,0x10,0x61,0x10,0x61,0x10,0x61,0x10,0x61,0x10,0x61,0x10,0x61,0x10,0x61,0x10,0x61,0x10,0x61,0x10,0x61,0x10,
0x61,0x10,0x61,0x10,0x61,0x10,0x61,0x10,0x61,0x10,0x61,0x10,0x61,0x10,0x61,0x10,0x61,0x10,0x61,0x10,0x61,0x10,0x61,0x10,0x61,0x10,0x61,0x10,0x61,0x10,0x61,0x10,0x61,
0x10,0x61,0x10,0x61,0x10,0x61,0x10,0x61,0x10,0x61,0x10,0x61,0x10,0x61,0x10,0x61,0x10,0x61,0x10,0x61,0x10,0x61,0x10,0x61,0x10,0x61,0x10,0x61,0x10,0x61,0x10,0x61,0x10,
0x61,0x10,0x61,0x10,0x61,0x10,0x61,0x10,0x61,0x10,0x61,0x10,0x61,0x10,0x61,0x10,0x61,0x10,0x61,0x10,0x61,0x10,0x61,0x10,0x61,0x10,0x61,0x10,0x61,0x10,0x61,0x10,0x61,
0x10,0x61,0x10,0x61,0x10,0x61,0x10,0x61,0x10,0x61,0x10,0x61,0x10,0x61,0x10,0x61,0x10,0x61,0x10,0x61,0x10,0x61,0x10,0x61,0x10,0x61,0x10,0x61,0x10,0x61,0x10,0x61,0x10,
0x61,0x10,0x61,0x10,0x61,0x10,0x61,0x10,0x61,0x10,0x61,0x10,0x61,0x10,0x61,0x10,0x61,0x10,0x61,0x10,0x61,0x10,0x61,0x10,0x61,0x10,0x61,0x10,0x61,0x10,0x61,0x10,0x61,
0x10,0x61,0x10,0x61,0x10,0x61,0x10,0x61,0x10,0x61,0x10,0x61,0x10,0x61,0x10,0x61,0x10,0x61,0x10,0x61,0x10,0x61,0x10,0x61,0x10,0x61,0x10,0x61,0x10,0x61,0x10,0x61,0x10,
0x61,0x10,0x61,0x10,0x61,0x10,0x61,0x10,0x61,0x10,0x61,0x10,0x61,0x10,0x61,0x10,0x61,0x10,0x61,0x10,0x61,0x10,0x61,0x10,0x61,0x10,0x61,0x10,0x61,0x10,0x61,0x10,0x61,
0x10,0x61,0x10,0x61,0x10,0x61,0x10,0x61,0x10,0x61,0x10,0x61,0x10,0x61,0x10,0x61,0x10,0x61,0x10,0x61,0x10,0x61,0x10,0x61,0x10,0x61,0x10,0x61,0x10,0x61,0x10,0x61,0x10,
0x61,0x10,0x61,0x10,0x61,0x10,0x61,0x10,0x61,0x10,0x61,0x10,0x61,0x10,0x61,0x10,0x61,0x10,0x61,0x10,0x61,0x10,0x61,0x10,0x61,0x10,0x61,0x10,0x61,0x10,0x61,0x10,0x61,
0x10,0x61,0x10,0x61,0x10,0x61,0x10,0x61,0x10,0x61,0x10,0x61,0x10,0x61,0x10,0x61,0x10,0x61,0x10,0x61,0x10,0x61,0x10,0x61,0x10,0x61,0x10,0x61,0x10,0x61,0x10,0x61,0x10,
0x61,0x10,0x61,0x10,0x61,0x10,0x61,0x10,0x61,0x10,0x61,0x10,0x61,0x10,0x61,0x10,0x61,0x10,0x61,0x10,0x61,0x10,0x61,0x10,0x61,0x10,0x61,0x10,0x61,0x10,0x61,0x10,0x61,
0x10,0x61,0x10,0x61,0x10,0x61,0x10,0x61,0x10,0x61,0x10,0x61,0x10,0x61,0x10,0x61,0x10,0x61,0x10,0x61,0x10,0xFF,0xFF,0xFF,0xFF,0xFF,0xFF,0xFF,0xFF,0xFF,0xFF,0xFF,0xFF,
0xFF,0xFF,0xFF,0xFF,0xFF,0xFF,0xFF,0xFF,0xFF,0xFF,0xFF,0xFF,0xFF,0xFF,0xFF,0xFF,0x1C,0xE7,0x61,0x10,0x61,0x10,0x61,0x10,0x61,0x10,0x61,0x10,0x61,0x10,0x61,0x10,0x61,
0x10,0xBA,0xD6,0xFF,0xFF,0xFF,0xFF,0xFF,0xFF,0xFF,0xFF,0xFF,0xFF,0xFF,0xFF,0xFF,0xFF,0xFF,0xFF,0xFF,0xFF,0xFF,0xFF,0xFF,0xFF,0xFF,0xFF,0xFF,0xFF,0x71,0x8C,0x61,0x10,
0x61,0x10,0x61,0x10,0x61,0x10,0x61,0x10,0x61,0x10,0x61,0x10,0x61,0x10,0x61,0x10,0x61,0x10,0x61,0x10,0x61,0x10,0x61,0x10,0x61,0x10,0x61,0x10,0x61,0x10,0x61,0x10,0x61,
0x10,0x61,0x10,0x61,0x10,0x61,0x10,0x61,0x10,0x61,0x10,0x61,0x10,0x61,0x10,0x61,0x10,0x61,0x10,0x61,0x10,0x61,0x10,0x61,0x10,0x61,0x10,0x61,0x10,0x61,0x10,0x61,0x10,
0x61,0x10,0x61,0x10,0x61,0x10,0x61,0x10,0x61,0x10,0x61,0x10,0x61,0x10,0x61,0x10,0x61,0x10,0x61,0x10,0x61,0x10,0x61,0x10,0x61,0x10,0x61,0x10,0x61,0x10,0x61,0x10,0x61,
0x10,0x61,0x10,0x61,0x10,0x61,0x10,0x61,0x10,0x61,0x10,0x61,0x10,0x61,0x10,0x61,0x10,0x61,0x10,0x61,0x10,0x61,0x10,0x61,0x10,0x61,0x10,0x61,0x10,0x61,0x10,0x61,0x10,
0x61,0x10,0x61,0x10,0x61,0x10,0x61,0x10,0x61,0x10,0xFF,0xFF,0xFF,0xFF,0xFF,0xFF,0xFF,0xFF,0xFF,0xFF,0xFF,0xFF,0xFF,0xFF,0xFF,0xFF,0xFF,0xFF,0xFF,0xFF,0xFF,0xFF,0xFF,
0xFF,0xFF,0xFF,0xFF,0xFF,0xFF,0xFF,0x61,0x10,0x61,0x10,0x61,0x10,0x61,0x10,0x61,0x10,0x61,0x10,0x61,0x10,0x61,0x10,0x61,0x10,0x61,0x10,0x61,0x10,0x61,0x10,0x61,0x10,
0x61,0x10,0x61,0x10,0x61,0x10,0x61,0x10,0x61,0x10,0x61,0x10,0x61,0x10,0x61,0x10,0x61,0x10,0x61,0x10,0x61,0x10,0x61,0x10,0x61,0x10,0x61,0x10,0x61,0x10,0x61,0x10,0x61,
0x10,0x61,0x10,0x61,0x10,0x61,0x10,0x61,0x10,0x61,0x10,0x61,0x10,0x61,0x10,0x61,0x10,0x61,0x10,0x61,0x10,0x61,0x10,0x61,0x10,0x61,0x10,0x61,0x10,0x61,0x10,0x61,0x10,
0x61,0x10,0x61,0x10,0x61,0x10,0x61,0x10,0x61,0x10,0x61,0x10,0x61,0x10,0x61,0x10,0x61,0x10,0x61,0x10,0x61,0x10,0x61,0x10,0x61,0x10,0x61,0x10,0x61,0x10,0x61,0x10,0x61,
0x10,0x61,0x10,0x61,0x10,0x61,0x10,0x61,0x10,0x61,0x10,0x61,0x10,0x61,0x10,0x61,0x10,0x61,0x10,0x61,0x10,0x61,0x10,0x61,0x10,0x61,0x10,0x61,0x10,0x61,0x10,0x61,0x10,
0x61,0x10,0x61,0x10,0x61,0x10,0x61,0x10,0x61,0x10,0x61,0x10,0x61,0x10,0x61,0x10,0x61,0x10,0x61,0x10,0x61,0x10,0x61,0x10,0x61,0x10,0x61,0x10,0x61,0x10,0x61,0x10,0x61,
0x10,0x61,0x10,0x61,0x10,0x61,0x10,0x61,0x10,0x61,0x10,0x61,0x10,0x61,0x10,0x61,0x10,0x61,0x10,0x61,0x10,0x61,0x10,0x61,0x10,0x61,0x10,0x61,0x10,0x61,0x10,0x61,0x10,
0x61,0x10,0x82,0x10,0xE3,0x18,0x65,0x31,0x85,0x31,0x44,0x29,0x24,0x29,0x61,0x10,0x61,0x10,0x61,0x10,0x61,0x10,0x61,0x10,0x61,0x10,0x61,0x10,0x61,0x10,0x61,0x10,0x61,
0x10,0x61,0x10,0x61,0x10,0x61,0x10,0x61,0x10,0x61,0x10,0x61,0x10,0x61,0x10,0x61,0x10,0x61,0x10,0x61,0x10,0x61,0x10,0x61,0x10,0x61,0x10,0x61,0x10,0x61,0x10,0x61,0x10,
0x61,0x10,0x61,0x10,0x61,0x10,0x61,0x10,0x61,0x10,0x61,0x10,0x61,0x10,0x61,0x10,0x61,0x10,0x61,0x10,0x61,0x10,0x61,0x10,0x61,0x10,0x61,0x10,0x61,0x10,0x61,0x10,0x61,
0x10,0x61,0x10,0x61,0x10,0x61,0x10,0x61,0x10,0x61,0x10,0x61,0x10,0x61,0x10,0x61,0x10,0x61,0x10,0x61,0x10,0x61,0x10,0x61,0x10,0x61,0x10,0x61,0x10,0x61,0x10,0x61,0x10,
0x61,0x10,0x61,0x10,0x61,0x10,0x61,0x10,0x61,0x10,0x61,0x10,0x61,0x10,0x61,0x10,0x61,0x10,0x61,0x10,0x61,0x10,0x61,0x10,0x61,0x10,0x61,0x10,0x61,0x10,0x61,0x10,0x61,
0x10,0x61,0x10,0x61,0x10,0x61,0x10,0x61,0x10,0x61,0x10,0x61,0x10,0x61,0x10,0x61,0x10,0x61,0x10,0x61,0x10,0x61,0x10,0x61,0x10,0x61,0x10,0x61,0x10,0x61,0x10,0x61,0x10,
0x61,0x10,0x61,0x10,0x61,0x10,0x61,0x10,0x61,0x10,0x61,0x10,0x61,0x10,0x61,0x10,0x61,0x10,0x61,0x10,0x61,0x10,0x61,0x10,0x61,0x10,0x61,0x10,0x61,0x10,0x61,0x10,0x61,
0x10,0x61,0x10,0x61,0x10,0x61,0x10,0x61,0x10,0x61,0x10,0x61,0x10,0x61,0x10,0x61,0x10,0x61,0x10,0x61,0x10,0x61,0x10,0x61,0x10,0x61,0x10,0x61,0x10,0x61,0x10,0x61,0x10,
0x61,0x10,0x61,0x10,0x61,0x10,0xFF,0xFF,0xFF,0xFF,0xFF,0xFF,0xFF,0xFF,0xFF,0xFF,0xFF,0xFF,0xFF,0xFF,0xFF,0xFF,0xFF,0xFF,0xFF,0xFF,0xFF,0xFF,0xFF,0xFF,0xFF,0xFF,0xFF,
0xFF,0x1C,0xE7,0x61,0x10,0x61,0x10,0x61,0x10,0x61,0x10,0x61,0x10,0x61,0x10,0x61,0x10,0x61,0x10,0xBA,0xD6,0xFF,0xFF,0xFF,0xFF,0xFF,0xFF,0xFF,0xFF,0xFF,0xFF,0xFF,0xFF,
0xFF,0xFF,0xFF,0xFF,0xFF,0xFF,0xFF,0xFF,0xFF,0xFF,0xFF,0xFF,0xFF,0xFF,0x71,0x8C,0x61,0x10,0x61,0x10,0x61,0x10,0x61,0x10,0x61,0x10,0x61,0x10,0x61,0x10,0x61,0x10,0x61,
0x10,0x61,0x10,0x61,0x10,0x61,0x10,0x61,0x10,0x61,0x10,0x61,0x10,0x61,0x10,0x61,0x10,0x61,0x10,0x61,0x10,0x61,0x10,0x61,0x10,0x61,0x10,0x61,0x10,0x61,0x10,0x61,0x10,
0x61,0x10,0x61,0x10,0x61,0x10,0x61,0x10,0x61,0x10,0x61,0x10,0x61,0x10,0x61,0x10,0x61,0x10,0x61,0x10,0x61,0x10,0x61,0x10,0x61,0x10,0x61,0x10,0x61,0x10,0x61,0x10,0x61,
0x10,0x61,0x10,0x61,0x10,0x61,0x10,0x61,0x10,0x61,0x10,0x61,0x10,0x61,0x10,0x61,0x10,0x61,0x10,0x61,0x10,0x61,0x10,0x61,0x10,0x61,0x10,0x61,0x10,0x61,0x10,0x61,0x10,
0x61,0x10,0x61,0x10,0x61,0x10,0x61,0x10,0x61,0x10,0x61,0x10,0x61,0x10,0x61,0x10,0x61,0x10,0x61,0x10,0x61,0x10,0x61,0x10,0x61,0x10,0x61,0x10,0xFF,0xFF,0xFF,0xFF,0xFF,
0xFF,0xFF,0xFF,0xFF,0xFF,0xFF,0xFF,0xFF,0xFF,0xFF,0xFF,0xFF,0xFF,0xFF,0xFF,0xFF,0xFF,0xFF,0xFF,0xFF,0xFF,0xFF,0xFF,0xFF,0xFF,0x61,0x10,0x61,0x10,0x61,0x10,0x61,0x10,
0x61,0x10,0x61,0x10,0x61,0x10,0x61,0x10,0x61,0x10,0x61,0x10,0x61,0x10,0x61,0x10,0x61,0x10,0x61,0x10,0x61,0x10,0x61,0x10,0x61,0x10,0x61,0x10,0x61,0x10,0x61,0x10,0x61,
0x10,0x61,0x10,0x61,0x10,0x61,0x10,0x61,0x10,0x61,0x10,0x61,0x10,0x61,0x10,0x61,0x10,0x61,0x10,0x61,0x10,0x61,0x10,0x61,0x10,0x61,0x10,0x61,0x10,0x61,0x10,0x61,0x10,
0x61,0x10,0x61,0x10,0x61,0x10,0x61,0x10,0x61,0x10,0x61,0x10,0x61,0x10,0x61,0x10,0x61,0x10,0x61,0x10,0x61,0x10,0x61,0x10,0x61,0x10,0x61,0x10,0x61,0x10,0x61,0x10,0x61,
0x10,0x61,0x10,0x61,0x10,0x61,0x10,0x61,0x10,0x61,0x10,0x61,0x10,0x61,0x10,0x61,0x10,0x61,0x10,0x61,0x10,0x61,0x10,0x61,0x10,0x61,0x10,0x61,0x10,0x61,0x10,0x61,0x10,
0x61,0x10,0x61,0x10,0x61,0x10,0x61,0x10,0x61,0x10,0x61,0x10,0x61,0x10,0x61,0x10,0x61,0x10,0x61,0x10,0x61,0x10,0x61,0x10,0x61,0x10,0x61,0x10,0x61,0x10,0x61,0x10,0x61,
0x10,0x61,0x10,0x61,0x10,0x61,0x10,0x61,0x10,0x61,0x10,0x61,0x10,0x61,0x10,0x61,0x10,0x61,0x10,0x61,0x10,0x61,0x10,0x61,0x10,0x61,0x10,0x61,0x10,0x61,0x10,0x61,0x10,
0x61,0x10,0x61,0x10,0x61,0x10,0x61,0x10,0x61,0x10,0xA2,0x10,0x65,0x31,0x08,0x42,0x2C,0x6B,0x10,0x84,0x71,0x94,0x71,0x94,0x71,0x94,0x71,0x94,0x71,0x94,0x71,0x94,0x71,
0x8C,0x30,0x84,0xAE,0x7B,0xCB,0x5A,0xA6,0x39,0x61,0x10,0x61,0x10,0x61,0x10,0x61,0x10,0x61,0x10,0x61,0x10,0x61,0x10,0x61,0x10,0x61,0x10,0x61,0x10,0x61,0x10,0x61,0x10,
0x61,0x10,0x61,0x10,0x61,0x10,0x61,0x10,0x61,0x10,0x61,0x10,0x61,0x10,0x61,0x10,0x61,0x10,0x61,0x10,0x61,0x10,0x61,0x10,0x61,0x10,0x61,0x10,0x61,0x10,0x61,0x10,0x61,
0x10,0x61,0x10,0x61,0x10,0x61,0x10,0x61,0x10,0x61,0x10,0x61,0x10,0x61,0x10,0x61,0x10,0x61,0x10,0x61,0x10,0x61,0x10,0x61,0x10,0x61,0x10,0x61,0x10,0x61,0x10,0x61,0x10,
0x61,0x10,0x61,0x10,0x61,0x10,0x61,0x10,0x61,0x10,0x61,0x10,0x61,0x10,0x61,0x10,0x61,0x10,0x61,0x10,0x61,0x10,0x61,0x10,0x61,0x10,0x61,0x10,0x61,0x10,0x61,0x10,0x61,
0x10,0x61,0x10,0x61,0x10,0x61,0x10,0x61,0x10,0x61,0x10,0x61,0x10,0x61,0x10,0x61,0x10,0x61,0x10,0x61,0x10,0x61,0x10,0x61,0x10,0x61,0x10,0x61,0x10,0x61,0x10,0x61,0x10,
0x61,0x10,0x61,0x10,0x61,0x10,0x61,0x10,0x61,0x10,0x61,0x10,0x61,0x10,0x61,0x10,0x61,0x10,0x61,0x10,0x61,0x10,0x61,0x10,0x61,0x10,0x61,0x10,0x61,0x10,0x61,0x10,0x61,
0x10,0x61,0x10,0x61,0x10,0x61,0x10,0x61,0x10,0x61,0x10,0x61,0x10,0x61,0x10,0x61,0x10,0x61,0x10,0x61,0x10,0x61,0x10,0x61,0x10,0x61,0x10,0x61,0x10,0x61,0x10,0x61,0x10,
0x61,0x10,0x61,0x10,0x61,0x10,0x61,0x10,0x61,0x10,0x61,0x10,0x61,0x10,0x61,0x10,0x61,0x10,0x61,0x10,0x61,0x10,0x61,0x10,0xFF,0xFF,0xFF,0xFF,0xFF,0xFF,0xFF,0xFF,0xFF,
0xFF,0xFF,0xFF,0xFF,0xFF,0xFF,0xFF,0xFF,0xFF,0xFF,0xFF,0xFF,0xFF,0xFF,0xFF,0xFF,0xFF,0xFF,0xFF,0x1C,0xE7,0x61,0x10,0x61,0x10,0x61,0x10,0x61,0x10,0x61,0x10,0x61,0x10,
0x61,0x10,0x61,0x10,0xBA,0xD6,0xFF,0xFF,0xFF,0xFF,0xFF,0xFF,0xFF,0xFF,0xFF,0xFF,0xFF,0xFF,0xFF,0xFF,0xFF,0xFF,0xFF,0xFF,0xFF,0xFF,0xFF,0xFF,0xFF,0xFF,0xFF,0xFF,0x71,
0x8C,0x61,0x10,0x61,0x10,0x61,0x10,0x61,0x10,0x61,0x10,0x61,0x10,0x61,0x10,0x61,0x10,0x61,0x10,0x61,0x10,0x61,0x10,0x61,0x10,0x61,0x10,0x61,0x10,0x61,0x10,0x61,0x10,
0x61,0x10,0x61,0x10,0x61,0x10,0x61,0x10,0x61,0x10,0x61,0x10,0x61,0x10,0x61,0x10,0x61,0x10,0x61,0x10,0x61,0x10,0x61,0x10,0x61,0x10,0x61,0x10,0x61,0x10,0x61,0x10,0x61,
0x10,0x61,0x10,0x61,0x10,0x61,0x10,0x61,0x10,0x61,0x10,0x61,0x10,0x61,0x10,0x61,0x10,0x61,0x10,0x61,0x10,0x61,0x10,0x61,0x10,0x61,0x10,0x61,0x10,0x61,0x10,0x61,0x10,
0x61,0x10,0x61,0x10,0x61,0x10,0x61,0x10,0x61,0x10,0x61,0x10,0x61,0x10,0x61,0x10,0x61,0x10,0x61,0x10,0x61,0x10,0x61,0x10,0x61,0x10,0x61,0x10,0x61,0x10,0x61,0x10,0x61,
0x10,0x61,0x10,0x61,0x10,0x61,0x10,0x61,0x10,0x61,0x10,0x61,0x10,0xFF,0xFF,0xFF,0xFF,0xFF,0xFF,0xFF,0xFF,0xFF,0xFF,0xFF,0xFF,0xFF,0xFF,0xFF,0xFF,0xFF,0xFF,0xFF,0xFF,
0xFF,0xFF,0xFF,0xFF,0xFF,0xFF,0xFF,0xFF,0xFF,0xFF,0x61,0x10,0x61,0x10,0x61,0x10,0x61,0x10,0x61,0x10,0x61,0x10,0x61,0x10,0x61,0x10,0x61,0x10,0x61,0x10,0x61,0x10,0x61,
0x10,0x61,0x10,0x61,0x10,0x61,0x10,0x61,0x10,0x61,0x10,0x61,0x10,0x61,0x10,0x61,0x10,0x61,0x10,0x61,0x10,0x61,0x10,0x61,0x10,0x61,0x10,0x61,0x10,0x61,0x10,0x61,0x10,
0x61,0x10,0x61,0x10,0x61,0x10,0x61,0x10,0x61,0x10,0x61,0x10,0x61,0x10,0x61,0x10,0x61,0x10,0x61,0x10,0x61,0x10,0x61,0x10,0x61,0x10,0x61,0x10,0x61,0x10,0x61,0x10,0x61,
0x10,0x61,0x10,0x61,0x10,0x61,0x10,0x61,0x10,0x61,0x10,0x61,0x10,0x61,0x10,0x61,0x10,0x61,0x10,0x61,0x10,0x61,0x10,0x61,0x10,0x61,0x10,0x61,0x10,0x61,0x10,0x61,0x10,
0x61,0x10,0x61,0x10,0x61,0x10,0x61,0x10,0x61,0x10,0x61,0x10,0x61,0x10,0x61,0x10,0x61,0x10,0x61,0x10,0x61,0x10,0x61,0x10,0x61,0x10,0x61,0x10,0x61,0x10,0x61,0x10,0x61,
0x10,0x61,0x10,0x61,0x10,0x61,0x10,0x61,0x10,0x61,0x10,0x61,0x10,0x61,0x10,0x61,0x10,0x61,0x10,0x61,0x10,0x61,0x10,0x61,0x10,0x61,0x10,0x61,0x10,0x61,0x10,0x61,0x10,
0x61,0x10,0x61,0x10,0x61,0x10,0x61,0x10,0x61,0x10,0x61,0x10,0x61,0x10,0x61,0x10,0x61,0x10,0x61,0x10,0x49,0x4A,0x6D,0x6B,0x51,0x8C,0x71,0x94,0x71,0x94,0x71,0x94,0x71,
0x94,0x71,0x94,0x71,0x94,0x71,0x94,0x71,0x94,0x71,0x94,0x71,0x94,0x71,0x94,0x71,0x94,0x71,0x94,0x71,0x94,0x71,0x94,0x71,0x94,0x71,0x94,0x71,0x94,0x71,0x94,0x71,0x94,
0xAE,0x7B,0x86,0x31,0x82,0x10,0x61,0x10,0x61,0x10,0x61,0x10,0x61,0x10,0x61,0x10,0x61,0x10,0x61,0x10,0x61,0x10,0x61,0x10,0x61,0x10,0x61,0x10,0x61,0x10,0x61,0x10,0x61,
0x10,0x61,0x10,0x61,0x10,0x61,0x10,0x61,0x10,0x61,0x10,0x61,0x10,0x61,0x10,0x61,0x10,0x61,0x10,0x61,0x10,0x61,0x10,0x61,0x10,0x61,0x10,0x61,0x10,0x61,0x10,0x61,0x10,
0x61,0x10,0x61,0x10,0x61,0x10,0x61,0x10,0x61,0x10,0x61,0x10,0x61,0x10,0x61,0x10,0x61,0x10,0x61,0x10,0x61,0x10,0x61,0x10,0x61,0x10,0x61,0x10,0x61,0x10,0x61,0x10,0x61,
0x10,0x61,0x10,0x61,0x10,0x61,0x10,0x61,0x10,0x61,0x10,0x61,0x10,0x61,0x10,0x61,0x10,0x61,0x10,0x61,0x10,0x61,0x10,0x61,0x10,0x61,0x10,0x61,0x10,0x61,0x10,0x61,0x10,
0x61,0x10,0x61,0x10,0x61,0x10,0x61,0x10,0x61,0x10,0x61,0x10,0x61,0x10,0x61,0x10,0x61,0x10,0x61,0x10,0x61,0x10,0x61,0x10,0x61,0x10,0x61,0x10,0x61,0x10,0x61,0x10,0x61,
0x10,0x61,0x10,0x61,0x10,0x61,0x10,0x61,0x10,0x61,0x10,0x61,0x10,0x61,0x10,0x61,0x10,0x61,0x10,0x61,0x10,0x61,0x10,0x61,0x10,0x61,0x10,0x61,0x10,0x61,0x10,0x61,0x10,
0x61,0x10,0x61,0x10,0x61,0x10,0x61,0x10,0x61,0x10,0x61,0x10,0x61,0x10,0x61,0x10,0x61,0x10,0x61,0x10,0x61,0x10,0x61,0x10,0x61,0x10,0x61,0x10,0x61,0x10,0x61,0x10,0x61,
0x10,0x61,0x10,0x61,0x10,0x61,0x10,0x61,0x10,0xFF,0xFF,0xFF,0xFF,0xFF,0xFF,0xFF,0xFF,0xFF,0xFF,0xFF,0xFF,0xFF,0xFF,0xFF,0xFF,0xFF,0xFF,0xFF,0xFF,0xFF,0xFF,0xFF,0xFF,
0xFF,0xFF,0xFF,0xFF,0xBA,0xD6,0x61,0x10,0x61,0x10,0x61,0x10,0x61,0x10,0x61,0x10,0x61,0x10,0x61,0x10,0x61,0x10,0xBA,0xD6,0xFF,0xFF,0xFF,0xFF,0xFF,0xFF,0xFF,0xFF,0xFF,
0xFF,0xFF,0xFF,0xFF,0xFF,0xFF,0xFF,0xFF,0xFF,0xFF,0xFF,0xFF,0xFF,0xFF,0xFF,0xFF,0xFF,0x71,0x8C,0x61,0x10,0x61,0x10,0x61,0x10,0x61,0x10,0x61,0x10,0x61,0x10,0x61,0x10,
0x61,0x10,0x61,0x10,0x61,0x10,0x61,0x10,0x61,0x10,0x61,0x10,0x61,0x10,0x61,0x10,0x61,0x10,0x61,0x10,0x61,0x10,0x61,0x10,0x61,0x10,0x61,0x10,0x61,0x10,0x61,0x10,0x61,
0x10,0x61,0x10,0x61,0x10,0x61,0x10,0x61,0x10,0x61,0x10,0x61,0x10,0x61,0x10,0x61,0x10,0x61,0x10,0x61,0x10,0x61,0x10,0x61,0x10,0x61,0x10,0x61,0x10,0x61,0x10,0x61,0x10,
0x61,0x10,0x61,0x10,0x61,0x10,0x61,0x10,0x61,0x10,0x61,0x10,0x61,0x10,0x61,0x10,0x61,0x10,0x61,0x10,0x61,0x10,0x61,0x10,0x61,0x10,0x61,0x10,0x61,0x10,0x61,0x10,0x61,
0x10,0x61,0x10,0x61,0x10,0x61,0x10,0x61,0x10,0x61,0x10,0x61,0x10,0x61,0x10,0x61,0x10,0x61,0x10,0x61,0x10,0x61,0x10,0x61,0x10,0x61,0x10,0x61,0x10,0x61,0x10,0xFF,0xFF,
0xFF,0xFF,0xFF,0xFF,0xFF,0xFF,0xFF,0xFF,0xFF,0xFF,0xFF,0xFF,0xFF,0xFF,0xFF,0xFF,0xFF,0xFF,0xFF,0xFF,0xFF,0xFF,0xFF,0xFF,0xFF,0xFF,0xFF,0xFF,0x61,0x10,0x61,0x10,0x61,
0x10,0x61,0x10,0x61,0x10,0x61,0x10,0x61,0x10,0x61,0x10,0x61,0x10,0x61,0x10,0x61,0x10,0x61,0x10,0x61,0x10,0x61,0x10,0x61,0x10,0x61,0x10,0x61,0x10,0x61,0x10,0x61,0x10,
0x61,0x10,0x61,0x10,0x61,0x10,0x61,0x10,0x61,0x10,0x61,0x10,0x61,0x10,0x61,0x10,0x61,0x10,0x61,0x10,0x61,0x10,0x61,0x10,0x61,0x10,0x61,0x10,0x61,0x10,0x61,0x10,0x61,
0x10,0x61,0x10,0x61,0x10,0x61,0x10,0x61,0x10,0x61,0x10,0x61,0x10,0x61,0x10,0x61,0x10,0x61,0x10,0x61,0x10,0x61,0x10,0x61,0x10,0x61,0x10,0x61,0x10,0x61,0x10,0x61,0x10,
0x61,0x10,0x61,0x10,0x61,0x10,0x61,0x10,0x61,0x10,0x61,0x10,0x61,0x10,0x61,0x10,0x61,0x10,0x61,0x10,0x61,0x10,0x61,0x10,0x61,0x10,0x61,0x10,0x61,0x10,0x61,0x10,0x61,
0x10,0x61,0x10,0x61,0x10,0x61,0x10,0x61,0x10,0x61,0x10,0x61,0x10,0x61,0x10,0x61,0x10,0x61,0x10,0x61,0x10,0x61,0x10,0x61,0x10,0x61,0x10,0x61,0x10,0x61,0x10,0x61,0x10,
0x61,0x10,0x61,0x10,0x61,0x10,0x61,0x10,0x61,0x10,0x61,0x10,0x61,0x10,0x61,0x10,0x61,0x10,0x61,0x10,0x61,0x10,0x61,0x10,0x61,0x10,0x61,0x10,0x61,0x10,0x61,0x10,0x61,
0x10,0x85,0x31,0xCB,0x5A,0x71,0x94,0x71,0x94,0x71,0x94,0x71,0x94,0x71,0x94,0x71,0x94,0x71,0x94,0xCF,0x7B,0xEB,0x5A,0x28,0x4A,0xE7,0x39,0x85,0x31,0x85,0x31,0x85,0x31,
0xA6,0x31,0x69,0x4A,0xAA,0x5A,0x4D,0x6B,0x30,0x84,0x71,0x94,0x71,0x94,0x71,0x94,0x71,0x94,0x71,0x94,0x71,0x94,0x51,0x8C,0xA2,0x10,0x61,0x10,0x61,0x10,0x61,0x10,0x61,
0x10,0x61,0x10,0x61,0x10,0x61,0x10,0x61,0x10,0x61,0x10,0x61,0x10,0x61,0x10,0x61,0x10,0x61,0x10,0x61,0x10,0x61,0x10,0x61,0x10,0x61,0x10,0x61,0x10,0x61,0x10,0x61,0x10,
0x61,0x10,0x61,0x10,0x61,0x10,0x61,0x10,0x61,0x10,0x61,0x10,0x61,0x10,0x61,0x10,0x61,0x10,0x61,0x10,0x61,0x10,0x61,0x10,0x61,0x10,0x61,0x10,0x61,0x10,0x61,0x10,0x61,
0x10,0x61,0x10,0x61,0x10,0x61,0x10,0x61,0x10,0x61,0x10,0x61,0x10,0x61,0x10,0x61,0x10,0x61,0x10,0x61,0x10,0x61,0x10,0x61,0x10,0x61,0x10,0x61,0x10,0x61,0x10,0x61,0x10,
0x61,0x10,0x61,0x10,0x61,0x10,0x61,0x10,0x61,0x10,0x61,0x10,0x61,0x10,0x61,0x10,0x61,0x10,0x61,0x10,0x61,0x10,0x61,0x10,0x61,0x10,0x61,0x10,0x61,0x10,0x61,0x10,0x61,
0x10,0x61,0x10,0x61,0x10,0x61,0x10,0x61,0x10,0x61,0x10,0x61,0x10,0x61,0x10,0x61,0x10,0x61,0x10,0x61,0x10,0x61,0x10,0x61,0x10,0x61,0x10,0x61,0x10,0x61,0x10,0x61,0x10,
0x61,0x10,0x61,0x10,0x61,0x10,0x61,0x10,0x61,0x10,0x61,0x10,0x61,0x10,0x61,0x10,0x61,0x10,0x61,0x10,0x61,0x10,0x61,0x10,0x61,0x10,0x61,0x10,0x61,0x10,0x61,0x10,0x61,
0x10,0x61,0x10,0x61,0x10,0x61,0x10,0x61,0x10,0x61,0x10,0x61,0x10,0x61,0x10,0x61,0x10,0x61,0x10,0x61,0x10,0x61,0x10,0x61,0x10,0x61,0x10,0xFF,0xFF,0xFF,0xFF,0xFF,0xFF,
0xFF,0xFF,0xFF,0xFF,0xFF,0xFF,0xFF,0xFF,0xFF,0xFF,0xFF,0xFF,0xFF,0xFF,0xFF,0xFF,0xFF,0xFF,0xFF,0xFF,0xFF,0xFF,0xBA,0xD6,0x61,0x10,0x61,0x10,0x61,0x10,0x61,0x10,0x61,
0x10,0x61,0x10,0x61,0x10,0x61,0x10,0xBA,0xD6,0xFF,0xFF,0xFF,0xFF,0xFF,0xFF,0xFF,0xFF,0xFF,0xFF,0xFF,0xFF,0xFF,0xFF,0xFF,0xFF,0xFF,0xFF,0xFF,0xFF,0xFF,0xFF,0xFF,0xFF,
0xFF,0xFF,0x71,0x8C,0x61,0x10,0x61,0x10,0x61,0x10,0x61,0x10,0x61,0x10,0x61,0x10,0x61,0x10,0x61,0x10,0x61,0x10,0x61,0x10,0x61,0x10,0x61,0x10,0x61,0x10,0x61,0x10,0x61,
0x10,0x61,0x10,0x61,0x10,0x61,0x10,0x61,0x10,0x61,0x10,0x61,0x10,0x61,0x10,0x61,0x10,0x61,0x10,0x61,0x10,0x61,0x10,0x61,0x10,0x61,0x10,0x61,0x10,0x61,0x10,0x61,0x10,
0x61,0x10,0x61,0x10,0x61,0x10,0x61,0x10,0x61,0x10,0x61,0x10,0x61,0x10,0x61,0x10,0x61,0x10,0x61,0x10,0x61,0x10,0x61,0x10,0x61,0x10,0x61,0x10,0x61,0x10,0x61,0x10,0x61,
0x10,0x61,0x10,0x61,0x10,0x61,0x10,0x61,0x10,0x61,0x10,0x61,0x10,0x61,0x10,0x61,0x10,0x61,0x10,0x61,0x10,0x61,0x10,0x61,0x10,0x61,0x10,0x61,0x10,0x61,0x10,0x61,0x10,
0x61,0x10,0x61,0x10,0x61,0x10,0x61,0x10,0x61,0x10,0x61,0x10,0x61,0x10,0x61,0x10,0xFF,0xFF,0xFF,0xFF,0xFF,0xFF,0xFF,0xFF,0xFF,0xFF,0xFF,0xFF,0xFF,0xFF,0xFF,0xFF,0xFF,
0xFF,0xFF,0xFF,0xFF,0xFF,0xFF,0xFF,0xFF,0xFF,0xFF,0xFF,0xFF,0xFF,0x61,0x10,0x61,0x10,0x61,0x10,0x61,0x10,0x61,0x10,0x61,0x10,0x61,0x10,0x61,0x10,0x61,0x10,0x61,0x10,
0x61,0x10,0x61,0x10,0x61,0x10,0x61,0x10,0x61,0x10,0x61,0x10,0x61,0x10,0x61,0x10,0x61,0x10,0x61,0x10,0x61,0x10,0x61,0x10,0x61,0x10,0x61,0x10,0x61,0x10,0x61,0x10,0x61,
0x10,0x61,0x10,0x61,0x10,0x61,0x10,0x61,0x10,0x61,0x10,0x61,0x10,0x61,0x10,0x61,0x10,0x61,0x10,0x61,0x10,0x61,0x10,0x61,0x10,0x61,0x10,0x61,0x10,0x61,0x10,0x61,0x10,
0x61,0x10,0x61,0x10,0x61,0x10,0x61,0x10,0x61,0x10,0x61,0x10,0x61,0x10,0x61,0x10,0x61,0x10,0x61,0x10,0x61,0x10,0x61,0x10,0x61,0x10,0x61,0x10,0x61,0x10,0x61,0x10,0x61,
0x10,0x61,0x10,0x61,0x10,0x61,0x10,0x61,0x10,0x61,0x10,0x61,0x10,0x61,0x10,0x61,0x10,0x61,0x10,0x61,0x10,0x61,0x10,0x61,0x10,0x61,0x10,0x61,0x10,0x61,0x10,0x61,0x10,
0x61,0x10,0x61,0x10,0x61,0x10,0x61,0x10,0x61,0x10,0x61,0x10,0x61,0x10,0x61,0x10,0x61,0x10,0x61,0x10,0x61,0x10,0x61,0x10,0x61,0x10,0x61,0x10,0x61,0x10,0x61,0x10,0x61,
0x10,0x61,0x10,0x61,0x10,0x61,0x10,0x61,0x10,0x61,0x10,0x61,0x10,0x81,0x10,0x71,0x94,0x71,0x94,0x71,0x94,0x71,0x94,0x71,0x94,0xEF,0x7B,0xCB,0x5A,0xC3,0x18,0x61,0x10,
0x61,0x10,0x61,0x10,0x61,0x10,0x61,0x10,0x61,0x10,0x61,0x10,0x61,0x10,0x61,0x10,0x61,0x10,0x61,0x10,0x61,0x10,0x61,0x10,0x61,0x10,0x61,0x10,0x61,0x10,0x61,0x10,0x61,
0x10,0x82,0x10,0x6E,0x73,0x71,0x94,0x71,0x94,0x71,0x94,0x71,0x94,0x71,0x94,0x49,0x4A,0x61,0x10,0x61,0x10,0x61,0x10,0x61,0x10,0x61,0x10,0x61,0x10,0x61,0x10,0x61,0x10,
0x61,0x10,0x61,0x10,0x61,0x10,0x61,0x10,0x61,0x10,0x61,0x10,0x61,0x10,0x61,0x10,0x61,0x10,0x61,0x10,0x61,0x10,0x61,0x10,0x61,0x10,0x61,0x10,0x61,0x10,0x61,0x10,0x61,
0x10,0x61,0x10,0x61,0x10,0x61,0x10,0x61,0x10,0x61,0x10,0x61,0x10,0x61,0x10,0x61,0x10,0x61,0x10,0x61,0x10,0x61,0x10,0x61,0x10,0x61,0x10,0x61,0x10,0x61,0x10,0x61,0x10,
0x61,0x10,0x61,0x10,0x61,0x10,0x61,0x10,0x61,0x10,0x61,0x10,0x61,0x10,0x61,0x10,0x61,0x10,0x61,0x10,0x61,0x10,0x61,0x10,0x61,0x10,0x61,0x10,0x61,0x10,0x61,0x10,0x61,
0x10,0x61,0x10,0x61,0x10,0x61,0x10,0x61,0x10,0x61,0x10,0x61,0x10,0x61,0x10,0x61,0x10,0x61,0x10,0x61,0x10,0x61,0x10,0x61,0x10,0x61,0x10,0x61,0x10,0x61,0x10,0x61,0x10,
0x61,0x10,0x61,0x10,0x61,0x10,0x61,0x10,0x61,0x10,0x61,0x10,0x61,0x10,0x61,0x10,0x61,0x10,0x61,0x10,0x61,0x10,0x61,0x10,0x61,0x10,0x61,0x10,0x61,0x10,0x61,0x10,0x61,
0x10,0x61,0x10,0x61,0x10,0x61,0x10,0x61,0x10,0x61,0x10,0x61,0x10,0x61,0x10,0x61,0x10,0x61,0x10,0x61,0x10,0x61,0x10,0x61,0x10,0x61,0x10,0x61,0x10,0x61,0x10,0x61,0x10,
0x61,0x10,0x61,0x10,0x61,0x10,0x61,0x10,0x61,0x10,0x61,0x10,0xFF,0xFF,0xFF,0xFF,0xFF,0xFF,0xFF,0xFF,0xFF,0xFF,0xFF,0xFF,0xFF,0xFF,0xFF,0xFF,0xFF,0xFF,0xFF,0xFF,0xFF,
0xFF,0xFF,0xFF,0xFF,0xFF,0xFF,0xFF,0x38,0xC6,0x61,0x10,0x61,0x10,0x61,0x10,0x61,0x10,0x61,0x10,0x61,0x10,0x61,0x10,0x61,0x10,0xBA,0xD6,0xFF,0xFF,0xFF,0xFF,0xFF,0xFF,
0xFF,0xFF,0xFF,0xFF,0xFF,0xFF,0xFF,0xFF,0xFF,0xFF,0xFF,0xFF,0xFF,0xFF,0xFF,0xFF,0xFF,0xFF,0xFF,0xFF,0x71,0x8C,0x61,0x10,0x61,0x10,0x61,0x10,0x61,0x10,0x61,0x10,0x61,
0x10,0x61,0x10,0x61,0x10,0x61,0x10,0x61,0x10,0x61,0x10,0x61,0x10,0x61,0x10,0x61,0x10,0x61,0x10,0x61,0x10,0x61,0x10,0x61,0x10,0x61,0x10,0x61,0x10,0x61,0x10,0x61,0x10,
0x61,0x10,0x61,0x10,0x61,0x10,0x61,0x10,0x61,0x10,0x61,0x10,0x61,0x10,0x61,0x10,0x61,0x10,0x61,0x10,0x61,0x10,0x61,0x10,0x61,0x10,0x61,0x10,0x61,0x10,0x61,0x10,0x61,
0x10,0x61,0x10,0x61,0x10,0x61,0x10,0x61,0x10,0x61,0x10,0x61,0x10,0x61,0x10,0x61,0x10,0x61,0x10,0x61,0x10,0x61,0x10,0x61,0x10,0x61,0x10,0x61,0x10,0x61,0x10,0x61,0x10,
0x61,0x10,0x61,0x10,0x61,0x10,0x61,0x10,0x61,0x10,0x61,0x10,0x61,0x10,0x61,0x10,0x61,0x10,0x61,0x10,0x61,0x10,0x61,0x10,0x61,0x10,0x61,0x10,0x61,0x10,0x61,0x10,0x61,
0x10,0xFF,0xFF,0xFF,0xFF,0xFF,0xFF,0xFF,0xFF,0xFF,0xFF,0xFF,0xFF,0xFF,0xFF,0xFF,0xFF,0xFF,0xFF,0xFF,0xFF,0xFF,0xFF,0xFF,0xFF,0xFF,0xFF,0xFF,0xFF,0xFF,0xFF,0x61,0x10,
0x61,0x10,0x61,0x10,0x61,0x10,0x61,0x10,0x61,0x10,0x61,0x10,0x61,0x10,0x61,0x10,0x61,0x10,0x61,0x10,0x61,0x10,0x61,0x10,0x61,0x10,0x61,0x10,0x61,0x10,0x61,0x10,0x61,
0x10,0x61,0x10,0x61,0x10,0x61,0x10,0x61,0x10,0x61,0x10,0x61,0x10,0x61,0x10,0x61,0x10,0x61,0x10,0x61,0x10,0x61,0x10,0x61,0x10,0x61,0x10,0x61,0x10,0x61,0x10,0x61,0x10,
0x61,0x10,0x61,0x10,0x61,0x10,0x61,0x10,0x61,0x10,0x61,0x10,0x61,0x10,0x61,0x10,0x61,0x10,0x61,0x10,0x61,0x10,0x61,0x10,0x61,0x10,0x61,0x10,0x61,0x10,0x61,0x10,0x61,
0x10,0x61,0x10,0x61,0x10,0x61,0x10,0x61,0x10,0x61,0x10,0x61,0x10,0x61,0x10,0x61,0x10,0x61,0x10,0x61,0x10,0x61,0x10,0x61,0x10,0x61,0x10,0x61,0x10,0x61,0x10,0x61,0x10,
0x61,0x10,0x61,0x10,0x61,0x10,0x61,0x10,0x61,0x10,0x61,0x10,0x61,0x10,0x61,0x10,0x61,0x10,0x61,0x10,0x61,0x10,0x61,0x10,0x61,0x10,0x61,0x10,0x61,0x10,0x61,0x10,0x61,
0x10,0x61,0x10,0x61,0x10,0x61,0x10,0x61,0x10,0x61,0x10,0x61,0x10,0x61,0x10,0x61,0x10,0x61,0x10,0x61,0x10,0x61,0x10,0x61,0x10,0x30,0x84,0x71,0x94,0x71,0x94,0x71,0x94,
0xEB,0x5A,0x44,0x29,0x61,0x10,0x61,0x10,0x61,0x10,0x61,0x10,0x61,0x10,0x61,0x10,0x61,0x10,0x61,0x10,0x03,0x21,0x49,0x4A,0x4D,0x6B,0x10,0x84,0x51,0x8C,0x71,0x94,0x71,
0x94,0x71,0x94,0x71,0x94,0xCF,0x7B,0x8E,0x73,0xEB,0x62,0xE7,0x39,0x82,0x10,0x61,0x10,0x61,0x10,0x61,0x10,0x61,0x10,0x61,0x10,0x61,0x10,0x61,0x10,0xA2,0x18,0x28,0x4A,
0x71,0x94,0x71,0x94,0x71,0x94,0x71,0x8C,0x24,0x21,0x61,0x10,0x61,0x10,0x61,0x10,0x61,0x10,0x61,0x10,0x61,0x10,0x61,0x10,0x61,0x10,0x61,0x10,0x61,0x10,0x61,0x10,0x61,
0x10,0x61,0x10,0x61,0x10,0x61,0x10,0x61,0x10,0x61,0x10,0x61,0x10,0x61,0x10,0x61,0x10,0x61,0x10,0x61,0x10,0x61,0x10,0x61,0x10,0x61,0x10,0x61,0x10,0x61,0x10,0x61,0x10,
0x61,0x10,0x61,0x10,0x61,0x10,0x61,0x10,0x61,0x10,0x61,0x10,0x61,0x10,0x61,0x10,0x61,0x10,0x61,0x10,0x61,0x10,0x61,0x10,0x61,0x10,0x61,0x10,0x61,0x10,0x61,0x10,0x61,
0x10,0x61,0x10,0x61,0x10,0x61,0x10,0x61,0x10,0x61,0x10,0x61,0x10,0x61,0x10,0x61,0x10,0x61,0x10,0x61,0x10,0x61,0x10,0x61,0x10,0x61,0x10,0x61,0x10,0x61,0x10,0x61,0x10,
0x61,0x10,0x61,0x10,0x61,0x10,0x61,0x10,0x61,0x10,0x61,0x10,0x61,0x10,0x61,0x10,0x61,0x10,0x61,0x10,0x61,0x10,0x61,0x10,0x61,0x10,0x61,0x10,0x61,0x10,0x61,0x10,0x61,
0x10,0x61,0x10,0x61,0x10,0x61,0x10,0x61,0x10,0x61,0x10,0x61,0x10,0x61,0x10,0x61,0x10,0x61,0x10,0x61,0x10,0x61,0x10,0x61,0x10,0x61,0x10,0x61,0x10,0x61,0x10,0x61,0x10,
0x61,0x10,0x61,0x10,0x61,0x10,0x61,0x10,0x61,0x10,0x61,0x10,0x61,0x10,0x61,0x10,0x61,0x10,0x61,0x10,0x61,0x10,0x61,0x10,0x61,0x10,0x61,0x10,0x61,0x10,0x92,0x94,0xFF,
0xFF,0xFF,0xFF,0xFF,0xFF,0xFF,0xFF,0xFF,0xFF,0xFF,0xFF,0xFF,0xFF,0xFF,0xFF,0xFF,0xFF,0xFF,0xFF,0xFF,0xFF,0xFF,0xFF,0x3C,0xE7,0xE3,0x18,0x61,0x10,0x61,0x10,0x61,0x10,
0x61,0x10,0x61,0x10,0x61,0x10,0x61,0x10,0x61,0x10,0xBA,0xD6,0xFF,0xFF,0xFF,0xFF,0xFF,0xFF,0xFF,0xFF,0xFF,0xFF,0xFF,0xFF,0xFF,0xFF,0xFF,0xFF,0xFF,0xFF,0xFF,0xFF,0xFF,
0xFF,0xFF,0xFF,0xFF,0xFF,0x71,0x8C,0x61,0x10,0x61,0x10,0x61,0x10,0x61,0x10,0x61,0x10,0x61,0x10,0x61,0x10,0x61,0x10,0x61,0x10,0x61,0x10,0x61,0x10,0x61,0x10,0x61,0x10,
0x61,0x10,0x61,0x10,0x61,0x10,0x61,0x10,0x61,0x10,0x61,0x10,0x61,0x10,0x61,0x10,0x61,0x10,0x61,0x10,0x61,0x10,0x61,0x10,0x61,0x10,0x61,0x10,0x61,0x10,0x61,0x10,0x61,
0x10,0x61,0x10,0x61,0x10,0x61,0x10,0x61,0x10,0x61,0x10,0x61,0x10,0x61,0x10,0x61,0x10,0x61,0x10,0x61,0x10,0x61,0x10,0x61,0x10,0x61,0x10,0x61,0x10,0x61,0x10,0x61,0x10,
0x61,0x10,0x61,0x10,0x61,0x10,0x61,0x10,0x61,0x10,0x61,0x10,0x61,0x10,0x61,0x10,0x61,0x10,0x61,0x10,0x61,0x10,0x61,0x10,0x61,0x10,0x61,0x10,0x61,0x10,0x61,0x10,0x61,
0x10,0x61,0x10,0x61,0x10,0x61,0x10,0x61,0x10,0x61,0x10,0x61,0x10,0x61,0x10,0x61,0x10,0x61,0x10,0xFF,0xFF,0xFF,0xFF,0xFF,0xFF,0xFF,0xFF,0xFF,0xFF,0xFF,0xFF,0xFF,0xFF,
0xFF,0xFF,0xFF,0xFF,0xFF,0xFF,0xFF,0xFF,0xFF,0xFF,0xFF,0xFF,0xFF,0xFF,0xFF,0xFF,0x61,0x10,0x61,0x10,0x61,0x10,0x61,0x10,0x61,0x10,0x61,0x10,0x61,0x10,0x61,0x10,0x61,
0x10,0x61,0x10,0x61,0x10,0x61,0x10,0x61,0x10,0x61,0x10,0x61,0x10,0x61,0x10,0x61,0x10,0x61,0x10,0x61,0x10,0x61,0x10,0x61,0x10,0x61,0x10,0x61,0x10,0x61,0x10,0x61,0x10,
0x61,0x10,0x61,0x10,0x61,0x10,0x61,0x10,0x61,0x10,0x61,0x10,0x61,0x10,0x61,0x10,0x61,0x10,0x61,0x10,0x61,0x10,0x61,0x10,0x61,0x10,0x61,0x10,0x61,0x10,0x61,0x10,0x61,
0x10,0x61,0x10,0x61,0x10,0x61,0x10,0x61,0x10,0x61,0x10,0x61,0x10,0x61,0x10,0x61,0x10,0x61,0x10,0x61,0x10,0x61,0x10,0x61,0x10,0x61,0x10,0x61,0x10,0x61,0x10,0x61,0x10,
0x61,0x10,0x61,0x10,0x61,0x10,0x61,0x10,0x61,0x10,0x61,0x10,0x61,0x10,0x61,0x10,0x61,0x10,0x61,0x10,0x61,0x10,0x61,0x10,0x61,0x10,0x61,0x10,0x61,0x10,0x61,0x10,0x61,
0x10,0x61,0x10,0x61,0x10,0x61,0x10,0x61,0x10,0x61,0x10,0x61,0x10,0x61,0x10,0x61,0x10,0x61,0x10,0x61,0x10,0x61,0x10,0x61,0x10,0x61,0x10,0x61,0x10,0x61,0x10,0x61,0x10,
0x61,0x10,0x61,0x10,0x24,0x21,0x8E,0x73,0x71,0x94,0x71,0x94,0xEF,0x7B,0x08,0x42,0x82,0x10,0x61,0x10,0x61,0x10,0x61,0x10,0x61,0x10,0xA2,0x10,0xA6,0x31,0xEB,0x5A,0x71,
0x94,0x71,0x94,0x71,0x94,0x71,0x94,0x71,0x94,0x71,0x94,0x71,0x94,0x71,0x94,0x71,0x94,0x71,0x94,0x71,0x94,0x71,0x94,0x71,0x94,0x71,0x94,0x71,0x94,0x71,0x94,0x71,0x94,
0x71,0x94,0x71,0x94,0x71,0x94,0x08,0x42,0x61,0x10,0x61,0x10,0x61,0x10,0x61,0x10,0x61,0x10,0x61,0x10,0x45,0x29,0x71,0x8C,0x71,0x94,0x71,0x94,0x30,0x84,0x61,0x10,0x61,
0x10,0x61,0x10,0x61,0x10,0x61,0x10,0x61,0x10,0x61,0x10,0x61,0x10,0x61,0x10,0x61,0x10,0x61,0x10,0x61,0x10,0x61,0x10,0x61,0x10,0x61,0x10,0x61,0x10,0x61,0x10,0x61,0x10,
0x61,0x10,0x61,0x10,0x61,0x10,0x61,0x10,0x61,0x10,0x61,0x10,0x61,0x10,0x61,0x10,0x61,0x10,0x61,0x10,0x61,0x10,0x61,0x10,0x61,0x10,0x61,0x10,0x61,0x10,0x61,0x10,0x61,
0x10,0x61,0x10,0x61,0x10,0x61,0x10,0x61,0x10,0x61,0x10,0x61,0x10,0x61,0x10,0x61,0x10,0x61,0x10,0x61,0x10,0x61,0x10,0x61,0x10,0x61,0x10,0x61,0x10,0x61,0x10,0x61,0x10,
0x61,0x10,0x61,0x10,0x61,0x10,0x61,0x10,0x61,0x10,0x61,0x10,0x61,0x10,0x61,0x10,0x61,0x10,0x61,0x10,0x61,0x10,0x61,0x10,0x61,0x10,0x61,0x10,0x61,0x10,0x61,0x10,0x61,
0x10,0x61,0x10,0x61,0x10,0x61,0x10,0x61,0x10,0x61,0x10,0x61,0x10,0x61,0x10,0x61,0x10,0x61,0x10,0x61,0x10,0x61,0x10,0x61,0x10,0x61,0x10,0x61,0x10,0x61,0x10,0x61,0x10,
0x61,0x10,0x61,0x10,0x61,0x10,0x61,0x10,0x61,0x10,0x61,0x10,0x61,0x10,0x61,0x10,0x61,0x10,0x61,0x10,0x61,0x10,0x61,0x10,0x61,0x10,0x61,0x10,0x61,0x10,0x61,0x10,0x61,
0x10,0x61,0x10,0x61,0x10,0x61,0x10,0x61,0x10,0x61,0x10,0x61,0x10,0x61,0x10,0x61,0x10,0x61,0x10,0x65,0x29,0x65,0x29,0xE7,0x39,0xE7,0x39,0xE7,0x39,0xE7,0x39,0xE7,0x39,
0xE7,0x39,0xE7,0x39,0x65,0x29,0x61,0x10,0x61,0x10,0x61,0x10,0x61,0x10,0x61,0x10,0x61,0x10,0x61,0x10,0x61,0x10,0x61,0x10,0x61,0x10,0x61,0x10,0xBA,0xD6,0xFF,0xFF,0xFF,
0xFF,0xFF,0xFF,0xFF,0xFF,0xFF,0xFF,0xFF,0xFF,0xFF,0xFF,0xFF,0xFF,0xFF,0xFF,0xFF,0xFF,0xFF,0xFF,0xFF,0xFF,0xFF,0xFF,0x71,0x8C,0x61,0x10,0x61,0x10,0x61,0x10,0x61,0x10,
0x61,0x10,0x61,0x10,0x61,0x10,0x61,0x10,0x61,0x10,0x61,0x10,0x61,0x10,0x61,0x10,0x61,0x10,0x61,0x10,0x61,0x10,0x61,0x10,0x61,0x10,0x61,0x10,0x61,0x10,0x61,0x10,0x61,
0x10,0x61,0x10,0x61,0x10,0x61,0x10,0x61,0x10,0x61,0x10,0x61,0x10,0x61,0x10,0x61,0x10,0x61,0x10,0x61,0x10,0x61,0x10,0x61,0x10,0x61,0x10,0x61,0x10,0x61,0x10,0x61,0x10,
0x61,0x10,0x61,0x10,0x61,0x10,0x61,0x10,0x61,0x10,0x61,0x10,0x61,0x10,0x61,0x10,0x61,0x10,0x61,0x10,0x61,0x10,0x61,0x10,0x61,0x10,0x61,0x10,0x61,0x10,0x61,0x10,0x61,
0x10,0x61,0x10,0x61,0x10,0x61,0x10,0x61,0x10,0x61,0x10,0x61,0x10,0x61,0x10,0x61,0x10,0x61,0x10,0x61,0x10,0x61,0x10,0x61,0x10,0x61,0x10,0x61,0x10,0x61,0x10,0x61,0x10,
0x61,0x10,0x61,0x10,0xFF,0xFF,0xFF,0xFF,0xFF,0xFF,0xFF,0xFF,0xFF,0xFF,0xFF,0xFF,0xFF,0xFF,0xFF,0xFF,0xFF,0xFF,0xFF,0xFF,0xFF,0xFF,0xFF,0xFF,0xFF,0xFF,0xFF,0xFF,0xFF,
0xFF,0x61,0x10,0x61,0x10,0x61,0x10,0x61,0x10,0x61,0x10,0x61,0x10,0x61,0x10,0x61,0x10,0x61,0x10,0x61,0x10,0x61,0x10,0x61,0x10,0x61,0x10,0x61,0x10,0x61,0x10,0x61,0x10,
0x61,0x10,0x61,0x10,0x61,0x10,0x61,0x10,0x61,0x10,0x61,0x10,0x61,0x10,0x61,0x10,0x61,0x10,0x61,0x10,0x61,0x10,0x61,0x10,0x61,0x10,0x61,0x10,0x61,0x10,0x61,0x10,0x61,
0x10,0x61,0x10,0x61,0x10,0x61,0x10,0x61,0x10,0x61,0x10,0x61,0x10,0x61,0x10,0x61,0x10,0x61,0x10,0x61,0x10,0x61,0x10,0x61,0x10,0x61,0x10,0x61,0x10,0x61,0x10,0x61,0x10,
0x61,0x10,0x61,0x10,0x61,0x10,0x61,0x10,0x61,0x10,0x61,0x10,0x61,0x10,0x61,0x10,0x61,0x10,0x61,0x10,0x61,0x10,0x61,0x10,0x61,0x10,0x61,0x10,0x61,0x10,0x61,0x10,0x61,
0x10,0x61,0x10,0x61,0x10,0x61,0x10,0x61,0x10,0x61,0x10,0x61,0x10,0x61,0x10,0x61,0x10,0x61,0x10,0x61,0x10,0x61,0x10,0x61,0x10,0x61,0x10,0x61,0x10,0x61,0x10,0x61,0x10,
0x61,0x10,0x61,0x10,0x61,0x10,0x61,0x10,0x61,0x10,0x61,0x10,0x61,0x10,0x61,0x10,0x61,0x10,0x61,0x10,0x61,0x10,0x71,0x8C,0x71,0x94,0x71,0x94,0xEF,0x83,0x81,0x10,0x61,
0x10,0x61,0x10,0x61,0x10,0x61,0x10,0x61,0x10,0x82,0x10,0x51,0x8C,0x71,0x94,0x71,0x94,0x71,0x94,0x71,0x94,0x71,0x94,0x71,0x94,0x71,0x94,0x71,0x94,0x71,0x94,0x71,0x94,
0x71,0x94,0x71,0x94,0x71,0x94,0x71,0x94,0x71,0x94,0x71,0x94,0x71,0x94,0x71,0x94,0x71,0x94,0x71,0x94,0x71,0x94,0x71,0x94,0x71,0x94,0xAE,0x73,0x49,0x4A,0x61,0x10,0x61,
0x10,0x61,0x10,0x61,0x10,0x61,0x10,0x24,0x29,0x4D,0x6B,0x71,0x94,0x71,0x94,0x8E,0x73,0x24,0x29,0x61,0x10,0x61,0x10,0x61,0x10,0x61,0x10,0x61,0x10,0x61,0x10,0x61,0x10,
0x61,0x10,0x61,0x10,0x61,0x10,0x61,0x10,0x61,0x10,0x61,0x10,0x61,0x10,0x61,0x10,0x61,0x10,0x61,0x10,0x61,0x10,0x61,0x10,0x61,0x10,0x61,0x10,0x61,0x10,0x61,0x10,0x61,
0x10,0x61,0x10,0x61,0x10,0x61,0x10,0x61,0x10,0x61,0x10,0x61,0x10,0x61,0x10,0x61,0x10,0x61,0x10,0x61,0x10,0x61,0x10,0x61,0x10,0x61,0x10,0x61,0x10,0x61,0x10,0x61,0x10,
0x61,0x10,0x61,0x10,0x61,0x10,0x61,0x10,0x61,0x10,0x61,0x10,0x61,0x10,0x61,0x10,0x61,0x10,0x61,0x10,0x61,0x10,0x61,0x10,0x61,0x10,0x61,0x10,0x61,0x10,0x61,0x10,0x61,
0x10,0x61,0x10,0x61,0x10,0x61,0x10,0x61,0x10,0x61,0x10,0x61,0x10,0x61,0x10,0x61,0x10,0x61,0x10,0x61,0x10,0x61,0x10,0x61,0x10,0x61,0x10,0x61,0x10,0x61,0x10,0x61,0x10,
0x61,0x10,0x61,0x10,0x61,0x10,0x61,0x10,0x61,0x10,0x61,0x10,0x61,0x10,0x61,0x10,0x61,0x10,0x61,0x10,0x61,0x10,0x61,0x10,0x61,0x10,0x61,0x10,0x61,0x10,0x61,0x10,0x61,
0x10,0x61,0x10,0x61,0x10,0x61,0x10,0x61,0x10,0x61,0x10,0x61,0x10,0x61,0x10,0x61,0x10,0x61,0x10,0x61,0x10,0x61,0x10,0x61,0x10,0x61,0x10,0x61,0x10,0x61,0x10,0x61,0x10,
0x61,0x10,0x61,0x10,0x61,0x10,0x61,0x10,0x61,0x10,0x61,0x10,0x61,0x10,0x61,0x10,0x61,0x10,0x61,0x10,0x61,0x10,0x61,0x10,0x61,0x10,0x61,0x10,0x61,0x10,0x61,0x10,0x61,
0x10,0x61,0x10,0x61,0x10,0x61,0x10,0x61,0x10,0x61,0x10,0x61,0x10,0xBA,0xD6,0xFF,0xFF,0xFF,0xFF,0xFF,0xFF,0xFF,0xFF,0xFF,0xFF,0xFF,0xFF,0xFF,0xFF,0xFF,0xFF,0xFF,0xFF,
0xFF,0xFF,0xFF,0xFF,0xFF,0xFF,0xFF,0xFF,0x71,0x8C,0x61,0x10,0x61,0x10,0x61,0x10,0x61,0x10,0x61,0x10,0x61,0x10,0x61,0x10,0x61,0x10,0x61,0x10,0x61,0x10,0x61,0x10,0x61,
0x10,0x61,0x10,0x61,0x10,0x61,0x10,0x61,0x10,0x61,0x10,0x61,0x10,0x61,0x10,0x61,0x10,0x61,0x10,0x61,0x10,0x61,0x10,0x61,0x10,0x61,0x10,0x61,0x10,0x61,0x10,0x61,0x10,
0x61,0x10,0x61,0x10,0x61,0x10,0x61,0x10,0x61,0x10,0x61,0x10,0x61,0x10,0x61,0x10,0x61,0x10,0x61,0x10,0x61,0x10,0x61,0x10,0x61,0x10,0x61,0x10,0x61,0x10,0x61,0x10,0x61,
0x10,0x61,0x10,0x61,0x10,0x61,0x10,0x61,0x10,0x61,0x10,0x61,0x10,0x61,0x10,0x61,0x10,0x61,0x10,0x61,0x10,0x61,0x10,0x61,0x10,0x61,0x10,0x61,0x10,0x61,0x10,0x61,0x10,
0x61,0x10,0x61,0x10,0x61,0x10,0x61,0x10,0x61,0x10,0x61,0x10,0x61,0x10,0x61,0x10,0x61,0x10,0x61,0x10,0x61,0x10,0xFF,0xFF,0xFF,0xFF,0xFF,0xFF,0xFF,0xFF,0xFF,0xFF,0xFF,
0xFF,0xFF,0xFF,0xFF,0xFF,0xFF,0xFF,0xFF,0xFF,0xFF,0xFF,0xFF,0xFF,0xFF,0xFF,0xFF,0xFF,0xFF,0xFF,0x61,0x10,0x61,0x10,0x61,0x10,0x61,0x10,0x61,0x10,0x61,0x10,0x61,0x10,
0x61,0x10,0x61,0x10,0x61,0x10,0x61,0x10,0x61,0x10,0x61,0x10,0x61,0x10,0x61,0x10,0x61,0x10,0x61,0x10,0x61,0x10,0x61,0x10,0x61,0x10,0x61,0x10,0x61,0x10,0x61,0x10,0x61,
0x10,0x61,0x10,0x61,0x10,0x61,0x10,0x61,0x10,0x61,0x10,0x61,0x10,0x61,0x10,0x61,0x10,0x61,0x10,0x61,0x10,0x61,0x10,0x61,0x10,0x61,0x10,0x61,0x10,0x61,0x10,0x61,0x10,
0x61,0x10,0x61,0x10,0x61,0x10,0x61,0x10,0x61,0x10,0x61,0x10,0x61,0x10,0x61,0x10,0x61,0x10,0x61,0x10,0x61,0x10,0x61,0x10,0x61,0x10,0x61,0x10,0x61,0x10,0x61,0x10,0x61,
0x10,0x61,0x10,0x61,0x10,0x61,0x10,0x61,0x10,0x61,0x10,0x61,0x10,0x61,0x10,0x61,0x10,0x61,0x10,0x61,0x10,0x61,0x10,0x61,0x10,0x61,0x10,0x61,0x10,0x61,0x10,0x61,0x10,
0x61,0x10,0x61,0x10,0x61,0x10,0x61,0x10,0x61,0x10,0x61,0x10,0x61,0x10,0x61,0x10,0x61,0x10,0x61,0x10,0x61,0x10,0x61,0x10,0x61,0x10,0x61,0x10,0x61,0x10,0x61,0x10,0x61,
0x10,0x61,0x10,0xAA,0x5A,0x71,0x8C,0x71,0x94,0x71,0x94,0x0C,0x63,0x61,0x10,0x61,0x10,0x61,0x10,0x61,0x10,0xC7,0x39,0x8E,0x73,0x71,0x94,0x71,0x94,0x71,0x94,0x71,0x94,
0x71,0x94,0x71,0x94,0x71,0x94,0x71,0x94,0x71,0x94,0x71,0x94,0x71,0x94,0x71,0x94,0x71,0x94,0x71,0x94,0x71,0x94,0x71,0x94,0x71,0x94,0x71,0x94,0x71,0x94,0x71,0x94,0x71,
0x94,0x71,0x94,0x71,0x94,0x71,0x94,0x71,0x94,0x71,0x94,0x71,0x94,0x71,0x94,0x71,0x94,0x30,0x84,0x8A,0x52,0x61,0x10,0x61,0x10,0x61,0x10,0x61,0x10,0x81,0x10,0x30,0x8C,
0x71,0x94,0x71,0x94,0x71,0x94,0x61,0x10,0x61,0x10,0x61,0x10,0x61,0x10,0x61,0x10,0x61,0x10,0x61,0x10,0x61,0x10,0x61,0x10,0x61,0x10,0x61,0x10,0x61,0x10,0x61,0x10,0x61,
0x10,0x61,0x10,0x61,0x10,0x61,0x10,0x61,0x10,0x61,0x10,0x61,0x10,0x61,0x10,0x61,0x10,0x61,0x10,0x61,0x10,0x61,0x10,0x61,0x10,0x61,0x10,0x61,0x10,0x61,0x10,0x61,0x10,
0x61,0x10,0x61,0x10,0x61,0x10,0x61,0x10,0x61,0x10,0x61,0x10,0x61,0x10,0x61,0x10,0x61,0x10,0x61,0x10,0x61,0x10,0x61,0x10,0x61,0x10,0x61,0x10,0x61,0x10,0x61,0x10,0x61,
0x10,0x61,0x10,0x61,0x10,0x61,0x10,0x61,0x10,0x61,0x10,0x61,0x10,0x61,0x10,0x61,0x10,0x61,0x10,0x61,0x10,0x61,0x10,0x61,0x10,0x61,0x10,0x61,0x10,0x61,0x10,0x61,0x10,
0x61,0x10,0x61,0x10,0x61,0x10,0x61,0x10,0x61,0x10,0x61,0x10,0x61,0x10,0x61,0x10,0x61,0x10,0x61,0x10,0x61,0x10,0x61,0x10,0x61,0x10,0x61,0x10,0x61,0x10,0x61,0x10,0x61,
0x10,0x61,0x10,0x61,0x10,0x61,0x10,0x61,0x10,0x61,0x10,0x61,0x10,0x61,0x10,0x61,0x10,0x61,0x10,0x61,0x10,0x61,0x10,0x61,0x10,0x61,0x10,0x61,0x10,0x61,0x10,0x61,0x10,
0x61,0x10,0x61,0x10,0x61,0x10,0x61,0x10,0x61,0x10,0x61,0x10,0x61,0x10,0x61,0x10,0x61,0x10,0x61,0x10,0x61,0x10,0x61,0x10,0x61,0x10,0x61,0x10,0x61,0x10,0x61,0x10,0x61,
0x10,0x61,0x10,0x61,0x10,0x61,0x10,0x61,0x10,0x61,0x10,0x61,0x10,0x61,0x10,0x61,0x10,0x61,0x10,0x61,0x10,0x61,0x10,0x61,0x10,0x61,0x10,0x61,0x10,0x61,0x10,0xBA,0xD6,
0xFF,0xFF,0xFF,0xFF,0xFF,0xFF,0xFF,0xFF,0xFF,0xFF,0xFF,0xFF,0xFF,0xFF,0xFF,0xFF,0xFF,0xFF,0xFF,0xFF,0xFF,0xFF,0xFF,0xFF,0xFF,0xFF,0x71,0x8C,0x61,0x10,0x61,0x10,0x61,
0x10,0x61,0x10,0x61,0x10,0x61,0x10,0x61,0x10,0x61,0x10,0x61,0x10,0x61,0x10,0x61,0x10,0x61,0x10,0x61,0x10,0x61,0x10,0x61,0x10,0x61,0x10,0x61,0x10,0x61,0x10,0x61,0x10,
0x61,0x10,0x61,0x10,0x61,0x10,0x61,0x10,0x61,0x10,0x61,0x10,0x61,0x10,0x61,0x10,0x61,0x10,0x61,0x10,0x61,0x10,0x61,0x10,0x61,0x10,0x61,0x10,0x61,0x10,0x61,0x10,0x61,
0x10,0x61,0x10,0x61,0x10,0x61,0x10,0x61,0x10,0x61,0x10,0x61,0x10,0x61,0x10,0x61,0x10,0x61,0x10,0x61,0x10,0x61,0x10,0x61,0x10,0x61,0x10,0x61,0x10,0x61,0x10,0x61,0x10,
0x61,0x10,0x61,0x10,0x61,0x10,0x61,0x10,0x61,0x10,0x61,0x10,0x61,0x10,0x61,0x10,0x61,0x10,0x61,0x10,0x61,0x10,0x61,0x10,0x61,0x10,0x61,0x10,0x61,0x10,0x61,0x10,0x61,
0x10,0x61,0x10,0x61,0x10,0x61,0x10,0xFF,0xFF,0xFF,0xFF,0xFF,0xFF,0xFF,0xFF,0xFF,0xFF,0xFF,0xFF,0xFF,0xFF,0xFF,0xFF,0xFF,0xFF,0xFF,0xFF,0xFF,0xFF,0xFF,0xFF,0xFF,0xFF,
0xFF,0xFF,0xFF,0xFF,0x61,0x10,0x61,0x10,0x61,0x10,0x61,0x10,0x61,0x10,0x61,0x10,0x61,0x10,0x61,0x10,0x61,0x10,0x61,0x10,0x61,0x10,0x61,0x10,0x61,0x10,0x61,0x10,0x61,
0x10,0x61,0x10,0x61,0x10,0x61,0x10,0x61,0x10,0x61,0x10,0x61,0x10,0x61,0x10,0x61,0x10,0x61,0x10,0x61,0x10,0x61,0x10,0x61,0x10,0x61,0x10,0x61,0x10,0x61,0x10,0x61,0x10,
0x61,0x10,0x61,0x10,0x61,0x10,0x61,0x10,0x61,0x10,0x61,0x10,0x61,0x10,0x61,0x10,0x61,0x10,0x61,0x10,0x61,0x10,0x61,0x10,0x61,0x10,0x61,0x10,0x61,0x10,0x61,0x10,0x61,
0x10,0x61,0x10,0x61,0x10,0x61,0x10,0x61,0x10,0x61,0x10,0x61,0x10,0x61,0x10,0x61,0x10,0x61,0x10,0x61,0x10,0x61,0x10,0x61,0x10,0x61,0x10,0x61,0x10,0x61,0x10,0x61,0x10,
0x61,0x10,0x61,0x10,0x61,0x10,0x61,0x10,0x61,0x10,0x61,0x10,0x61,0x10,0x61,0x10,0x61,0x10,0x61,0x10,0x61,0x10,0x61,0x10,0x61,0x10,0x61,0x10,0x61,0x10,0x61,0x10,0x61,
0x10,0x61,0x10,0x61,0x10,0x61,0x10,0x61,0x10,0x61,0x10,0x61,0x10,0x61,0x10,0x61,0x10,0x61,0x10,0x24,0x21,0x71,0x94,0x71,0x94,0xEF,0x83,0x86,0x31,0x61,0x10,0x61,0x10,
0x61,0x10,0x61,0x10,0x82,0x10,0x71,0x94,0x71,0x94,0x71,0x94,0x71,0x94,0x71,0x94,0x71,0x94,0x71,0x94,0x71,0x94,0x71,0x94,0x71,0x94,0x71,0x94,0x71,0x94,0x71,0x94,0x71,
0x94,0x71,0x94,0x71,0x94,0x71,0x94,0x71,0x94,0x71,0x94,0x71,0x94,0x71,0x94,0x71,0x94,0x71,0x94,0x71,0x94,0x71,0x94,0x71,0x94,0x71,0x94,0x71,0x94,0x71,0x94,0x71,0x94,
0x71,0x94,0x71,0x94,0x71,0x94,0xEB,0x5A,0x61,0x10,0x61,0x10,0x61,0x10,0x61,0x10,0xC3,0x18,0x71,0x94,0x71,0x94,0x71,0x94,0x28,0x42,0x61,0x10,0x61,0x10,0x61,0x10,0x61,
0x10,0x61,0x10,0x61,0x10,0x61,0x10,0x61,0x10,0x61,0x10,0x61,0x10,0x61,0x10,0x61,0x10,0x61,0x10,0x61,0x10,0x61,0x10,0x61,0x10,0x61,0x10,0x61,0x10,0x61,0x10,0x61,0x10,
0x61,0x10,0x61,0x10,0x61,0x10,0x61,0x10,0x61,0x10,0x61,0x10,0x61,0x10,0x61,0x10,0x61,0x10,0x61,0x10,0x61,0x10,0x61,0x10,0x61,0x10,0x61,0x10,0x61,0x10,0x61,0x10,0x61,
0x10,0x61,0x10,0x61,0x10,0x61,0x10,0x61,0x10,0x61,0x10,0x61,0x10,0x61,0x10,0x61,0x10,0x61,0x10,0x61,0x10,0x61,0x10,0x61,0x10,0x61,0x10,0x61,0x10,0x61,0x10,0x61,0x10,
0x61,0x10,0x61,0x10,0x61,0x10,0x61,0x10,0x61,0x10,0x61,0x10,0x61,0x10,0x61,0x10,0x61,0x10,0x61,0x10,0x61,0x10,0x61,0x10,0x61,0x10,0x61,0x10,0x61,0x10,0x61,0x10,0x61,
0x10,0x61,0x10,0x61,0x10,0x61,0x10,0x61,0x10,0x61,0x10,0x61,0x10,0x61,0x10,0x61,0x10,0x61,0x10,0x61,0x10,0x61,0x10,0x61,0x10,0x61,0x10,0x61,0x10,0x61,0x10,0x61,0x10,
0x61,0x10,0x61,0x10,0x61,0x10,0x61,0x10,0x61,0x10,0x61,0x10,0x61,0x10,0x61,0x10,0x61,0x10,0x61,0x10,0x61,0x10,0x61,0x10,0x61,0x10,0x61,0x10,0x61,0x10,0x61,0x10,0x61,
0x10,0x61,0x10,0x61,0x10,0x61,0x10,0x61,0x10,0x61,0x10,0x61,0x10,0x61,0x10,0x61,0x10,0x61,0x10,0x61,0x10,0x61,0x10,0x61,0x10,0x61,0x10,0x61,0x10,0x61,0x10,0x61,0x10,
0x61,0x10,0x61,0x10,0x61,0x10,0x61,0x10,0x61,0x10,0x61,0x10,0x61,0x10,0x61,0x10,0xBA,0xD6,0xFF,0xFF,0xFF,0xFF,0xFF,0xFF,0xFF,0xFF,0xFF,0xFF,0xFF,0xFF,0xFF,0xFF,0xFF,
0xFF,0xFF,0xFF,0xFF,0xFF,0xFF,0xFF,0xFF,0xFF,0xFF,0xFF,0x71,0x8C,0x61,0x10,0x61,0x10,0x61,0x10,0x61,0x10,0x61,0x10,0x61,0x10,0x61,0x10,0x61,0x10,0x61,0x10,0x61,0x10,
0x61,0x10,0x61,0x10,0x61,0x10,0x61,0x10,0x61,0x10,0x61,0x10,0x61,0x10,0x61,0x10,0x61,0x10,0x61,0x10,0x61,0x10,0x61,0x10,0x61,0x10,0x61,0x10,0x61,0x10,0x61,0x10,0x61,
0x10,0x61,0x10,0x61,0x10,0x61,0x10,0x61,0x10,0x61,0x10,0x61,0x10,0x61,0x10,0x61,0x10,0x61,0x10,0x61,0x10,0x61,0x10,0x61,0x10,0x61,0x10,0x61,0x10,0x61,0x10,0x61,0x10,
0x61,0x10,0x61,0x10,0x61,0x10,0x61,0x10,0x61,0x10,0x61,0x10,0x61,0x10,0x61,0x10,0x61,0x10,0x61,0x10,0x61,0x10,0x61,0x10,0x61,0x10,0x61,0x10,0x61,0x10,0x61,0x10,0x61,
0x10,0x61,0x10,0x61,0x10,0x61,0x10,0x61,0x10,0x61,0x10,0x61,0x10,0x61,0x10,0x61,0x10,0x61,0x10,0x61,0x10,0x61,0x10,0x61,0x10,0xFF,0xFF,0xFF,0xFF,0xFF,0xFF,0xFF,0xFF,
0xFF,0xFF,0xFF,0xFF,0xFF,0xFF,0xFF,0xFF,0xFF,0xFF,0xFF,0xFF,0xFF,0xFF,0xFF,0xFF,0xFF,0xFF,0xFF,0xFF,0xFF,0xFF,0x61,0x10,0x61,0x10,0x61,0x10,0x61,0x10,0x61,0x10,0x61,
0x10,0x61,0x10,0x61,0x10,0x61,0x10,0x61,0x10,0x61,0x10,0x61,0x10,0x61,0x10,0x61,0x10,0x61,0x10,0x61,0x10,0x61,0x10,0x61,0x10,0x61,0x10,0x61,0x10,0x61,0x10,0x61,0x10,
0x61,0x10,0x61,0x10,0x61,0x10,0x61,0x10,0x61,0x10,0x61,0x10,0x61,0x10,0x61,0x10,0x61,0x10,0x61,0x10,0x61,0x10,0x61,0x10,0x61,0x10,0x61,0x10,0x61,0x10,0x61,0x10,0x61,
0x10,0x61,0x10,0x61,0x10,0x61,0x10,0x61,0x10,0x61,0x10,0x61,0x10,0x61,0x10,0x61,0x10,0x61,0x10,0x61,0x10,0x61,0x10,0x61,0x10,0x61,0x10,0x61,0x10,0x61,0x10,0x61,0x10,
0x61,0x10,0x61,0x10,0x61,0x10,0x61,0x10,0x61,0x10,0x61,0x10,0x61,0x10,0x61,0x10,0x61,0x10,0x61,0x10,0x61,0x10,0x61,0x10,0x61,0x10,0x61,0x10,0x61,0x10,0x61,0x10,0x61,
0x10,0x61,0x10,0x61,0x10,0x61,0x10,0x61,0x10,0x61,0x10,0x61,0x10,0x61,0x10,0x61,0x10,0x61,0x10,0x61,0x10,0x61,0x10,0x61,0x10,0x61,0x10,0x61,0x10,0x61,0x10,0x61,0x10,
0x61,0x10,0x71,0x94,0x71,0x94,0x71,0x94,0x10,0x84,0x61,0x10,0x61,0x10,0x61,0x10,0x61,0x10,0xEF,0x83,0x71,0x94,0x71,0x94,0x71,0x94,0x71,0x94,0x71,0x94,0x71,0x94,0x71,
0x94,0x71,0x94,0x71,0x94,0x71,0x94,0x71,0x94,0x71,0x94,0x71,0x94,0x71,0x94,0x71,0x94,0x71,0x94,0x71,0x94,0x71,0x94,0x71,0x94,0x71,0x94,0x71,0x94,0x71,0x94,0x71,0x94,
0x71,0x94,0x71,0x94,0x71,0x94,0x71,0x94,0x71,0x94,0x71,0x94,0x71,0x94,0x71,0x94,0x71,0x94,0x71,0x94,0x71,0x94,0x71,0x94,0x71,0x94,0x71,0x94,0xAA,0x52,0xA2,0x18,0x61,
0x10,0x61,0x10,0x61,0x10,0xC3,0x18,0x4D,0x6B,0x71,0x94,0x71,0x94,0xE3,0x18,0x61,0x10,0x61,0x10,0x61,0x10,0x61,0x10,0x61,0x10,0x61,0x10,0x61,0x10,0x61,0x10,0x61,0x10,
0x61,0x10,0x61,0x10,0x61,0x10,0x61,0x10,0x61,0x10,0x61,0x10,0x61,0x10,0x61,0x10,0x61,0x10,0x61,0x10,0x61,0x10,0x61,0x10,0x61,0x10,0x61,0x10,0x61,0x10,0x61,0x10,0x61,
0x10,0x61,0x10,0x61,0x10,0x61,0x10,0x61,0x10,0x61,0x10,0x61,0x10,0x61,0x10,0x61,0x10,0x61,0x10,0x61,0x10,0x61,0x10,0x61,0x10,0x61,0x10,0x61,0x10,0x61,0x10,0x61,0x10,
0x61,0x10,0x61,0x10,0x61,0x10,0x61,0x10,0x61,0x10,0x61,0x10,0x61,0x10,0x61,0x10,0x61,0x10,0x61,0x10,0x61,0x10,0x61,0x10,0x61,0x10,0x61,0x10,0x61,0x10,0x61,0x10,0x61,
0x10,0x61,0x10,0x61,0x10,0x61,0x10,0x61,0x10,0x61,0x10,0x61,0x10,0x61,0x10,0x61,0x10,0x61,0x10,0x61,0x10,0x61,0x10,0x61,0x10,0x61,0x10,0x61,0x10,0x61,0x10,0x61,0x10,
0x61,0x10,0x61,0x10,0x61,0x10,0x61,0x10,0x61,0x10,0x61,0x10,0x61,0x10,0x61,0x10,0x61,0x10,0x61,0x10,0x61,0x10,0x61,0x10,0x61,0x10,0x61,0x10,0x61,0x10,0x61,0x10,0x61,
0x10,0x61,0x10,0x61,0x10,0x61,0x10,0x61,0x10,0x61,0x10,0x61,0x10,0x61,0x10,0x61,0x10,0x61,0x10,0x61,0x10,0x61,0x10,0x61,0x10,0x61,0x10,0x61,0x10,0x61,0x10,0x61,0x10,
0x61,0x10,0x61,0x10,0x61,0x10,0x61,0x10,0x61,0x10,0x61,0x10,0x61,0x10,0x61,0x10,0x61,0x10,0x61,0x10,0x61,0x10,0x61,0x10,0x61,0x10,0x61,0x10,0x61,0x10,0x61,0x10,0x61,
0x10,0xBA,0xD6,0xFF,0xFF,0xFF,0xFF,0xFF,0xFF,0xFF,0xFF,0xFF,0xFF,0xFF,0xFF,0xFF,0xFF,0xFF,0xFF,0xFF,0xFF,0xFF,0xFF,0xFF,0xFF,0xFF,0xFF,0xFF,0xFF,0x71,0x8C,0x61,0x10,
0x61,0x10,0x61,0x10,0x61,0x10,0x61,0x10,0x61,0x10,0x61,0x10,0x61,0x10,0x61,0x10,0x61,0x10,0x61,0x10,0x61,0x10,0x61,0x10,0x61,0x10,0x61,0x10,0x61,0x10,0x61,0x10,0x61,
0x10,0x61,0x10,0x61,0x10,0x61,0x10,0x61,0x10,0x61,0x10,0x61,0x10,0x61,0x10,0x61,0x10,0x61,0x10,0x61,0x10,0x61,0x10,0x61,0x10,0x61,0x10,0x61,0x10,0x61,0x10,0x61,0x10,
0x61,0x10,0x61,0x10,0x61,0x10,0x61,0x10,0x61,0x10,0x61,0x10,0x61,0x10,0x61,0x10,0x61,0x10,0x61,0x10,0x61,0x10,0x61,0x10,0x61,0x10,0x61,0x10,0x61,0x10,0x61,0x10,0x61,
0x10,0x61,0x10,0x61,0x10,0x61,0x10,0x61,0x10,0x61,0x10,0x61,0x10,0x61,0x10,0x61,0x10,0x61,0x10,0x61,0x10,0x61,0x10,0x61,0x10,0x61,0x10,0x61,0x10,0x61,0x10,0x61,0x10,
0x61,0x10,0x61,0x10,0x61,0x10,0x61,0x10,0x61,0x10,0xFF,0xFF,0xFF,0xFF,0xFF,0xFF,0xFF,0xFF,0xFF,0xFF,0xFF,0xFF,0xFF,0xFF,0xFF,0xFF,0xFF,0xFF,0xFF,0xFF,0xFF,0xFF,0xFF,
0xFF,0xFF,0xFF,0xFF,0xFF,0xFF,0xFF,0x61,0x10,0x61,0x10,0x61,0x10,0x61,0x10,0x61,0x10,0x61,0x10,0x61,0x10,0x61,0x10,0x61,0x10,0x61,0x10,0x61,0x10,0x61,0x10,0x61,0x10,
0x61,0x10,0x61,0x10,0x61,0x10,0x61,0x10,0x61,0x10,0x61,0x10,0x61,0x10,0x61,0x10,0x61,0x10,0x61,0x10,0x61,0x10,0x61,0x10,0x61,0x10,0x61,0x10,0x61,0x10,0x61,0x10,0x61,
0x10,0x61,0x10,0x61,0x10,0x61,0x10,0x61,0x10,0x61,0x10,0x61,0x10,0x61,0x10,0x61,0x10,0x61,0x10,0x61,0x10,0x61,0x10,0x61,0x10,0x61,0x10,0x61,0x10,0x61,0x10,0x61,0x10,
0x61,0x10,0x61,0x10,0x61,0x10,0x61,0x10,0x61,0x10,0x61,0x10,0x61,0x10,0x61,0x10,0x61,0x10,0x61,0x10,0x61,0x10,0x61,0x10,0x61,0x10,0x61,0x10,0x61,0x10,0x61,0x10,0x61,
0x10,0x61,0x10,0x61,0x10,0x61,0x10,0x61,0x10,0x61,0x10,0x61,0x10,0x61,0x10,0x61,0x10,0x61,0x10,0x61,0x10,0x61,0x10,0x61,0x10,0x61,0x10,0x61,0x10,0x61,0x10,0x61,0x10,
0x61,0x10,0x61,0x10,0x61,0x10,0x61,0x10,0x61,0x10,0x61,0x10,0x61,0x10,0x61,0x10,0x61,0x10,0xA2,0x18,0x71,0x94,0x71,0x94,0x4D,0x6B,0xC3,0x18,0x61,0x10,0x61,0x10,0x61,
0x10,0x6D,0x73,0x71,0x94,0x71,0x94,0x71,0x94,0x71,0x94,0x71,0x94,0x71,0x94,0x71,0x94,0x71,0x94,0x71,0x94,0x71,0x94,0x71,0x94,0x71,0x94,0x71,0x94,0x71,0x94,0x71,0x94,
0x71,0x94,0x71,0x94,0x71,0x94,0x71,0x94,0x71,0x94,0x71,0x94,0x71,0x94,0x71,0x94,0x71,0x94,0x71,0x94,0x71,0x94,0x71,0x94,0x71,0x94,0x71,0x94,0x71,0x94,0x71,0x94,0x71,
0x94,0x71,0x94,0x71,0x94,0x71,0x94,0x71,0x94,0x71,0x94,0x71,0x94,0x71,0x94,0x30,0x84,0x61,0x10,0x61,0x10,0x61,0x10,0x61,0x10,0x61,0x10,0x71,0x94,0x71,0x94,0x10,0x84,
0x65,0x31,0x61,0x10,0x61,0x10,0x61,0x10,0x61,0x10,0x61,0x10,0x61,0x10,0x61,0x10,0x61,0x10,0x61,0x10,0x61,0x10,0x61,0x10,0x61,0x10,0x61,0x10,0x61,0x10,0x61,0x10,0x61,
0x10,0x61,0x10,0x61,0x10,0x61,0x10,0x61,0x10,0x61,0x10,0x61,0x10,0x61,0x10,0x61,0x10,0x61,0x10,0x61,0x10,0x61,0x10,0x61,0x10,0x61,0x10,0x61,0x10,0x61,0x10,0x61,0x10,
0x61,0x10,0x61,0x10,0x61,0x10,0x61,0x10,0x61,0x10,0x61,0x10,0x61,0x10,0x61,0x10,0x61,0x10,0x61,0x10,0x61,0x10,0x61,0x10,0x61,0x10,0x61,0x10,0x61,0x10,0x61,0x10,0x61,
0x10,0x61,0x10,0x61,0x10,0x61,0x10,0x61,0x10,0x61,0x10,0x61,0x10,0x61,0x10,0x61,0x10,0x61,0x10,0x61,0x10,0x61,0x10,0x61,0x10,0x61,0x10,0x61,0x10,0x61,0x10,0x61,0x10,
0x61,0x10,0x61,0x10,0x61,0x10,0x61,0x10,0x61,0x10,0x61,0x10,0x61,0x10,0x61,0x10,0x61,0x10,0x61,0x10,0x61,0x10,0x61,0x10,0x61,0x10,0x61,0x10,0x61,0x10,0x61,0x10,0x61,
0x10,0x61,0x10,0x61,0x10,0x61,0x10,0x61,0x10,0x61,0x10,0x61,0x10,0x61,0x10,0x61,0x10,0x61,0x10,0x61,0x10,0x61,0x10,0x61,0x10,0x61,0x10,0x61,0x10,0x61,0x10,0x61,0x10,
0x61,0x10,0x61,0x10,0x61,0x10,0x61,0x10,0x61,0x10,0x61,0x10,0x61,0x10,0x61,0x10,0x61,0x10,0x61,0x10,0x61,0x10,0x61,0x10,0x61,0x10,0x61,0x10,0x61,0x10,0x61,0x10,0x61,
0x10,0x61,0x10,0x61,0x10,0x61,0x10,0x61,0x10,0x61,0x10,0x61,0x10,0x61,0x10,0x61,0x10,0x61,0x10,0xBA,0xD6,0xFF,0xFF,0xFF,0xFF,0xFF,0xFF,0xFF,0xFF,0xFF,0xFF,0xFF,0xFF,
0xFF,0xFF,0xFF,0xFF,0xFF,0xFF,0xFF,0xFF,0xFF,0xFF,0xFF,0xFF,0xFF,0xFF,0x71,0x8C,0x61,0x10,0x61,0x10,0x61,0x10,0x61,0x10,0x61,0x10,0x61,0x10,0x61,0x10,0x61,0x10,0x61,
0x10,0x61,0x10,0x61,0x10,0x61,0x10,0x61,0x10,0x61,0x10,0x61,0x10,0x61,0x10,0x61,0x10,0x61,0x10,0x61,0x10,0x61,0x10,0x61,0x10,0x61,0x10,0x61,0x10,0x61,0x10,0x61,0x10,
0x61,0x10,0x61,0x10,0x61,0x10,0x61,0x10,0x61,0x10,0x61,0x10,0x61,0x10,0x61,0x10,0x61,0x10,0x61,0x10,0x61,0x10,0x61,0x10,0x61,0x10,0x61,0x10,0x61,0x10,0x61,0x10,0x61,
0x10,0x61,0x10,0x61,0x10,0x61,0x10,0x61,0x10,0x61,0x10,0x61,0x10,0x61,0x10,0x61,0x10,0x61,0x10,0x61,0x10,0x61,0x10,0x61,0x10,0x61,0x10,0x61,0x10,0x61,0x10,0x61,0x10,
0x61,0x10,0x61,0x10,0x61,0x10,0x61,0x10,0x61,0x10,0x61,0x10,0x61,0x10,0x61,0x10,0x61,0x10,0x61,0x10,0x61,0x10,0x61,0x10,0x61,0x10,0x61,0x10,0xFF,0xFF,0xFF,0xFF,0xFF,
0xFF,0xFF,0xFF,0xFF,0xFF,0xFF,0xFF,0xFF,0xFF,0xFF,0xFF,0xFF,0xFF,0xFF,0xFF,0xFF,0xFF,0xFF,0xFF,0xFF,0xFF,0xFF,0xFF,0xFF,0xFF,0x61,0x10,0x61,0x10,0x61,0x10,0x61,0x10,
0x61,0x10,0x61,0x10,0x61,0x10,0x61,0x10,0x61,0x10,0x61,0x10,0x61,0x10,0x61,0x10,0x61,0x10,0x61,0x10,0x61,0x10,0x61,0x10,0x61,0x10,0x61,0x10,0x61,0x10,0x61,0x10,0x61,
0x10,0x61,0x10,0x61,0x10,0x61,0x10,0x61,0x10,0x61,0x10,0x61,0x10,0x61,0x10,0x61,0x10,0x61,0x10,0x61,0x10,0x61,0x10,0x61,0x10,0x61,0x10,0x61,0x10,0x61,0x10,0x61,0x10,
0x61,0x10,0x61,0x10,0x61,0x10,0x61,0x10,0x61,0x10,0x61,0x10,0x61,0x10,0x61,0x10,0x61,0x10,0x61,0x10,0x61,0x10,0x61,0x10,0x61,0x10,0x61,0x10,0x61,0x10,0x61,0x10,0x61,
0x10,0x61,0x10,0x61,0x10,0x61,0x10,0x61,0x10,0x61,0x10,0x61,0x10,0x61,0x10,0x61,0x10,0x61,0x10,0x61,0x10,0x61,0x10,0x61,0x10,0x61,0x10,0x61,0x10,0x61,0x10,0x61,0x10,
0x61,0x10,0x61,0x10,0x61,0x10,0x61,0x10,0x61,0x10,0x61,0x10,0x61,0x10,0x61,0x10,0x61,0x10,0x61,0x10,0x61,0x10,0x61,0x10,0x61,0x10,0x61,0x10,0x61,0x10,0x61,0x10,0x61,
0x10,0x10,0x84,0x71,0x94,0x31,0x8C,0xA6,0x39,0x61,0x10,0x61,0x10,0x61,0x10,0x04,0x21,0xAE,0x7B,0x71,0x94,0x71,0x94,0x71,0x94,0x71,0x94,0x71,0x94,0x71,0x94,0x71,0x94,
0x71,0x94,0x71,0x94,0x71,0x94,0x71,0x94,0x71,0x94,0x71,0x94,0x71,0x94,0x71,0x94,0x71,0x94,0x71,0x94,0x71,0x94,0x71,0x94,0x71,0x94,0x71,0x94,0x71,0x94,0x71,0x94,0x71,
0x94,0x71,0x94,0x71,0x94,0x71,0x94,0x71,0x94,0x71,0x94,0x71,0x94,0x71,0x94,0x71,0x94,0x71,0x94,0x71,0x94,0x71,0x94,0x71,0x94,0x71,0x94,0x71,0x94,0x71,0x94,0x71,0x94,
0x71,0x94,0x71,0x94,0x08,0x42,0x61,0x10,0x61,0x10,0x61,0x10,0xC3,0x18,0x8E,0x73,0x71,0x94,0x71,0x94,0x61,0x10,0x61,0x10,0x61,0x10,0x61,0x10,0x61,0x10,0x61,0x10,0x61,
0x10,0x61,0x10,0x61,0x10,0x61,0x10,0x61,0x10,0x61,0x10,0x61,0x10,0x61,0x10,0x61,0x10,0x61,0x10,0x61,0x10,0x61,0x10,0x61,0x10,0x61,0x10,0x61,0x10,0x61,0x10,0x61,0x10,
0x61,0x10,0x61,0x10,0x61,0x10,0x61,0x10,0x61,0x10,0x61,0x10,0x61,0x10,0x61,0x10,0x61,0x10,0x61,0x10,0x61,0x10,0x61,0x10,0x61,0x10,0x61,0x10,0x61,0x10,0x61,0x10,0x61,
0x10,0x61,0x10,0x61,0x10,0x61,0x10,0x61,0x10,0x61,0x10,0x61,0x10,0x61,0x10,0x61,0x10,0x61,0x10,0x61,0x10,0x61,0x10,0x61,0x10,0x61,0x10,0x61,0x10,0x61,0x10,0x61,0x10,
0x61,0x10,0x61,0x10,0x61,0x10,0x61,0x10,0x44,0x29,0x8A,0x52,0xEB,0x5A,0x4D,0x6B,0x6D,0x6B,0x0C,0x63,0x49,0x4A,0xA6,0x39,0x61,0x10,0x61,0x10,0x61,0x10,0x61,0x10,0x61,
0x10,0x61,0x10,0x61,0x10,0x61,0x10,0x61,0x10,0x61,0x10,0x61,0x10,0x61,0x10,0x61,0x10,0x61,0x10,0x61,0x10,0x61,0x10,0x61,0x10,0x61,0x10,0x61,0x10,0x61,0x10,0x61,0x10,
0x61,0x10,0x61,0x10,0x61,0x10,0x61,0x10,0x61,0x10,0x61,0x10,0x61,0x10,0x61,0x10,0x61,0x10,0x61,0x10,0x61,0x10,0x61,0x10,0x61,0x10,0x61,0x10,0x61,0x10,0x61,0x10,0x61,
0x10,0x61,0x10,0x61,0x10,0x61,0x10,0x61,0x10,0x61,0x10,0x61,0x10,0x61,0x10,0x61,0x10,0x61,0x10,0x61,0x10,0x61,0x10,0x61,0x10,0x61,0x10,0x61,0x10,0x61,0x10,0x61,0x10,
0x61,0x10,0x61,0x10,0xBA,0xD6,0xFF,0xFF,0xFF,0xFF,0xFF,0xFF,0xFF,0xFF,0xFF,0xFF,0xFF,0xFF,0xFF,0xFF,0xFF,0xFF,0xFF,0xFF,0xFF,0xFF,0xFF,0xFF,0xFF,0xFF,0xFF,0xFF,0x71,
0x8C,0x61,0x10,0x61,0x10,0x61,0x10,0x61,0x10,0x61,0x10,0x61,0x10,0x61,0x10,0x61,0x10,0x61,0x10,0x61,0x10,0x61,0x10,0x61,0x10,0x61,0x10,0x61,0x10,0x61,0x10,0x61,0x10,
0x61,0x10,0x61,0x10,0x61,0x10,0x61,0x10,0x61,0x10,0x61,0x10,0x61,0x10,0x61,0x10,0x61,0x10,0x61,0x10,0x61,0x10,0x61,0x10,0x61,0x10,0x61,0x10,0x61,0x10,0x61,0x10,0x82,
0x10,0x86,0x31,0x28,0x4A,0x6D,0x6B,0x4D,0x6B,0xAA,0x52,0x08,0x42,0x61,0x10,0x61,0x10,0x61,0x10,0x61,0x10,0x61,0x10,0x61,0x10,0x61,0x10,0x61,0x10,0x61,0x10,0x61,0x10,
0x61,0x10,0x61,0x10,0x61,0x10,0x61,0x10,0x61,0x10,0x61,0x10,0x61,0x10,0x61,0x10,0x61,0x10,0x61,0x10,0x61,0x10,0x61,0x10,0x61,0x10,0x61,0x10,0x61,0x10,0x61,0x10,0x61,
0x10,0x61,0x10,0x61,0x10,0x61,0x10,0x61,0x10,0x61,0x10,0x61,0x10,0xFF,0xFF,0xFF,0xFF,0xFF,0xFF,0xFF,0xFF,0xFF,0xFF,0xFF,0xFF,0xFF,0xFF,0xFF,0xFF,0xFF,0xFF,0xFF,0xFF,
0xFF,0xFF,0xFF,0xFF,0xFF,0xFF,0xFF,0xFF,0xFF,0xFF,0x61,0x10,0x61,0x10,0x61,0x10,0x61,0x10,0x61,0x10,0x61,0x10,0x61,0x10,0x61,0x10,0x61,0x10,0x61,0x10,0x61,0x10,0x61,
0x10,0x61,0x10,0x61,0x10,0x61,0x10,0x61,0x10,0x61,0x10,0x61,0x10,0x61,0x10,0x61,0x10,0x61,0x10,0x61,0x10,0x61,0x10,0x61,0x10,0x61,0x10,0x61,0x10,0x61,0x10,0x61,0x10,
0x61,0x10,0x61,0x10,0x61,0x10,0x61,0x10,0x61,0x10,0x61,0x10,0x61,0x10,0x61,0x10,0x61,0x10,0x61,0x10,0x61,0x10,0x61,0x10,0x61,0x10,0x61,0x10,0x61,0x10,0x61,0x10,0x61,
0x10,0x61,0x10,0x61,0x10,0x61,0x10,0x61,0x10,0x61,0x10,0x61,0x10,0x61,0x10,0x61,0x10,0x61,0x10,0x61,0x10,0x61,0x10,0x61,0x10,0x61,0x10,0x61,0x10,0x61,0x10,0x61,0x10,
0x61,0x10,0x61,0x10,0x61,0x10,0x61,0x10,0x61,0x10,0x61,0x10,0x61,0x10,0x61,0x10,0x61,0x10,0x61,0x10,0x61,0x10,0x61,0x10,0x61,0x10,0x61,0x10,0x61,0x10,0x61,0x10,0x61,
0x10,0x61,0x10,0x61,0x10,0x61,0x10,0x61,0x10,0x61,0x10,0x61,0x10,0x61,0x10,0x61,0x10,0x24,0x21,0x71,0x94,0x71,0x94,0x24,0x21,0x61,0x10,0x61,0x10,0x61,0x10,0x28,0x4A,
0x51,0x8C,0x71,0x94,0x71,0x94,0x71,0x94,0x71,0x94,0x71,0x94,0x71,0x94,0x71,0x94,0x71,0x94,0x71,0x94,0x71,0x94,0x71,0x94,0x71,0x94,0x71,0x94,0x71,0x94,0x71,0x94,0x71,
0x94,0x71,0x94,0x71,0x94,0x71,0x94,0x71,0x94,0x71,0x94,0x71,0x94,0x71,0x94,0x71,0x94,0x71,0x94,0x71,0x94,0x71,0x94,0x71,0x94,0x71,0x94,0x71,0x94,0x71,0x94,0x71,0x94,
0x71,0x94,0x71,0x94,0x71,0x94,0x71,0x94,0x71,0x94,0x71,0x94,0x71,0x94,0x71,0x94,0x71,0x94,0x71,0x94,0x71,0x94,0x71,0x94,0xC2,0x18,0x61,0x10,0x61,0x10,0x61,0x10,0x82,
0x10,0x71,0x94,0x71,0x94,0x69,0x52,0x61,0x10,0x61,0x10,0x61,0x10,0x61,0x10,0x61,0x10,0x61,0x10,0x61,0x10,0x61,0x10,0x61,0x10,0x61,0x10,0x61,0x10,0x61,0x10,0x61,0x10,
0x61,0x10,0x61,0x10,0x61,0x10,0x61,0x10,0x61,0x10,0x61,0x10,0x61,0x10,0x61,0x10,0x61,0x10,0x61,0x10,0x61,0x10,0x61,0x10,0x61,0x10,0x61,0x10,0x61,0x10,0x61,0x10,0x61,
0x10,0x61,0x10,0x61,0x10,0x61,0x10,0x61,0x10,0x61,0x10,0x61,0x10,0x61,0x10,0x61,0x10,0x61,0x10,0x61,0x10,0x61,0x10,0x61,0x10,0x61,0x10,0x61,0x10,0x61,0x10,0x61,0x10,
0x61,0x10,0x61,0x10,0x61,0x10,0x61,0x10,0x61,0x10,0x61,0x10,0x61,0x10,0x61,0x10,0x61,0x10,0x04,0x21,0xEF,0x83,0x75,0xAD,0x3C,0xE7,0xFF,0xFF,0xFF,0xFF,0xFF,0xFF,0xFF,
0xFF,0xFF,0xFF,0xFF,0xFF,0xFF,0xFF,0xFF,0xFF,0x79,0xCE,0x75,0xAD,0x69,0x52,0x04,0x21,0x61,0x10,0x61,0x10,0x61,0x10,0x61,0x10,0x61,0x10,0x61,0x10,0x61,0x10,0x61,0x10,
0x61,0x10,0x61,0x10,0x61,0x10,0x61,0x10,0x61,0x10,0x61,0x10,0x61,0x10,0x61,0x10,0x61,0x10,0x61,0x10,0x61,0x10,0x61,0x10,0x61,0x10,0x61,0x10,0x61,0x10,0x61,0x10,0x61,
0x10,0x61,0x10,0x61,0x10,0x61,0x10,0x61,0x10,0x61,0x10,0x61,0x10,0x61,0x10,0x61,0x10,0x61,0x10,0x61,0x10,0x61,0x10,0x61,0x10,0x61,0x10,0x61,0x10,0x61,0x10,0x61,0x10,
0x61,0x10,0x61,0x10,0x61,0x10,0x61,0x10,0x61,0x10,0x61,0x10,0x61,0x10,0x61,0x10,0x61,0x10,0x61,0x10,0x61,0x10,0xBA,0xD6,0xFF,0xFF,0xFF,0xFF,0xFF,0xFF,0xFF,0xFF,0xFF,
0xFF,0xFF,0xFF,0xFF,0xFF,0xFF,0xFF,0xFF,0xFF,0xFF,0xFF,0xFF,0xFF,0xFF,0xFF,0xFF,0xFF,0x71,0x8C,0x61,0x10,0x61,0x10,0x61,0x10,0x61,0x10,0x61,0x10,0x61,0x10,0x61,0x10,
0x61,0x10,0x61,0x10,0x61,0x10,0x61,0x10,0x61,0x10,0x61,0x10,0x61,0x10,0x61,0x10,0x61,0x10,0x61,0x10,0x61,0x10,0x61,0x10,0x61,0x10,0x61,0x10,0x61,0x10,0x61,0x10,0x61,
0x10,0x61,0x10,0x61,0x10,0x61,0x10,0x61,0x10,0x61,0x10,0xE3,0x18,0xCF,0x7B,0x59,0xCE,0xFF,0xFF,0xFF,0xFF,0xFF,0xFF,0xFF,0xFF,0xFF,0xFF,0xFF,0xFF,0xFF,0xFF,0xDB,0xDE,
0x18,0xC6,0x2C,0x63,0x82,0x10,0x61,0x10,0x61,0x10,0x61,0x10,0x61,0x10,0x61,0x10,0x61,0x10,0x61,0x10,0x61,0x10,0x61,0x10,0x61,0x10,0x61,0x10,0x61,0x10,0x61,0x10,0x61,
0x10,0x61,0x10,0x61,0x10,0x61,0x10,0x61,0x10,0x61,0x10,0x61,0x10,0x61,0x10,0x61,0x10,0x61,0x10,0x61,0x10,0x61,0x10,0x61,0x10,0x61,0x10,0x61,0x10,0x61,0x10,0xFF,0xFF,
0xFF,0xFF,0xFF,0xFF,0xFF,0xFF,0xFF,0xFF,0xFF,0xFF,0xFF,0xFF,0xFF,0xFF,0xFF,0xFF,0xFF,0xFF,0xFF,0xFF,0xFF,0xFF,0xFF,0xFF,0xFF,0xFF,0xFF,0xFF,0x61,0x10,0x61,0x10,0x61,
0x10,0x61,0x10,0x61,0x10,0x61,0x10,0x61,0x10,0x61,0x10,0x61,0x10,0x61,0x10,0x61,0x10,0x61,0x10,0x61,0x10,0x61,0x10,0x61,0x10,0x61,0x10,0x61,0x10,0x61,0x10,0x61,0x10,
0x61,0x10,0x61,0x10,0x61,0x10,0x61,0x10,0x61,0x10,0x61,0x10,0x61,0x10,0x61,0x10,0x61,0x10,0x61,0x10,0x61,0x10,0x61,0x10,0x61,0x10,0x61,0x10,0x61,0x10,0x61,0x10,0x61,
0x10,0x61,0x10,0x61,0x10,0x61,0x10,0x61,0x10,0x61,0x10,0x61,0x10,0x61,0x10,0x61,0x10,0x61,0x10,0x61,0x10,0x61,0x10,0x61,0x10,0x61,0x10,0x61,0x10,0x61,0x10,0x61,0x10,
0x61,0x10,0x61,0x10,0x61,0x10,0x61,0x10,0x61,0x10,0x61,0x10,0x61,0x10,0x61,0x10,0x61,0x10,0x61,0x10,0x61,0x10,0x61,0x10,0x61,0x10,0x61,0x10,0x61,0x10,0x61,0x10,0x61,
0x10,0x61,0x10,0x61,0x10,0x61,0x10,0x61,0x10,0x61,0x10,0x61,0x10,0x61,0x10,0x61,0x10,0x61,0x10,0x61,0x10,0x61,0x10,0x61,0x10,0x61,0x10,0x61,0x10,0x61,0x10,0x61,0x10,
0x30,0x84,0x71,0x94,0x71,0x94,0x8E,0x73,0x61,0x10,0x61,0x10,0x61,0x10,0x24,0x29,0x71,0x94,0x71,0x94,0x71,0x94,0x71,0x94,0x71,0x94,0x71,0x94,0x71,0x94,0x71,0x94,0x71,
0x94,0x71,0x94,0x71,0x94,0x71,0x94,0x71,0x94,0x71,0x94,0x71,0x94,0x71,0x94,0x71,0x94,0x71,0x94,0x71,0x94,0x71,0x94,0x71,0x94,0x71,0x94,0x71,0x94,0x71,0x94,0x71,0x94,
0x71,0x94,0x71,0x94,0x71,0x94,0x71,0x94,0x71,0x94,0x71,0x94,0x71,0x94,0x71,0x94,0x71,0x94,0x71,0x94,0x71,0x94,0x71,0x94,0x71,0x94,0x71,0x94,0x71,0x94,0x71,0x94,0x71,
0x94,0x71,0x94,0x71,0x94,0x71,0x94,0x71,0x94,0x71,0x94,0x71,0x8C,0x49,0x4A,0x61,0x10,0x61,0x10,0x61,0x10,0x48,0x4A,0x71,0x94,0x71,0x94,0x61,0x10,0x61,0x10,0x61,0x10,
0x61,0x10,0x61,0x10,0x61,0x10,0x61,0x10,0x61,0x10,0x61,0x10,0x61,0x10,0x61,0x10,0x61,0x10,0x61,0x10,0x61,0x10,0x61,0x10,0x61,0x10,0x61,0x10,0x61,0x10,0x61,0x10,0x61,
0x10,0x61,0x10,0x61,0x10,0x61,0x10,0x61,0x10,0x61,0x10,0x61,0x10,0x61,0x10,0x61,0x10,0x61,0x10,0x61,0x10,0x61,0x10,0x61,0x10,0x61,0x10,0x61,0x10,0x61,0x10,0x61,0x10,
0x61,0x10,0x61,0x10,0x61,0x10,0x61,0x10,0x61,0x10,0x61,0x10,0x61,0x10,0x61,0x10,0x61,0x10,0x61,0x10,0x61,0x10,0x61,0x10,0x61,0x10,0x61,0x10,0x61,0x10,0x79,0xCE,0xFF,
0xFF,0xFF,0xFF,0xFF,0xFF,0xFF,0xFF,0xFF,0xFF,0xFF,0xFF,0xFF,0xFF,0xFF,0xFF,0xFF,0xFF,0xFF,0xFF,0xFF,0xFF,0xFF,0xFF,0xFF,0xFF,0xFF,0xFF,0xFF,0xFF,0xFF,0xFF,0xFF,0xFF,
0xFF,0xFF,0xFF,0xFF,0xFF,0xFF,0xF7,0xBD,0x61,0x10,0x61,0x10,0x61,0x10,0x61,0x10,0x61,0x10,0x61,0x10,0x61,0x10,0x61,0x10,0x61,0x10,0x61,0x10,0x61,0x10,0x61,0x10,0x61,
0x10,0x61,0x10,0x61,0x10,0x61,0x10,0x61,0x10,0x61,0x10,0x61,0x10,0x61,0x10,0x61,0x10,0x61,0x10,0x61,0x10,0x61,0x10,0x61,0x10,0x61,0x10,0xF7,0xBD,0xF7,0xBD,0xF7,0xBD,
0xF7,0xBD,0xF7,0xBD,0xF7,0xBD,0xF7,0xBD,0xF7,0xBD,0xF7,0xBD,0xF7,0xBD,0xF7,0xBD,0xF7,0xBD,0xF7,0xBD,0xF7,0xBD,0x55,0xAD,0x61,0x10,0x61,0x10,0x61,0x10,0x61,0x10,0x61,
0x10,0x61,0x10,0x61,0x10,0x61,0x10,0xBA,0xD6,0xFF,0xFF,0xFF,0xFF,0xFF,0xFF,0xFF,0xFF,0xFF,0xFF,0xFF,0xFF,0xFF,0xFF,0xFF,0xFF,0xFF,0xFF,0xFF,0xFF,0xFF,0xFF,0xFF,0xFF,
0xFF,0xFF,0x71,0x8C,0x61,0x10,0x61,0x10,0x61,0x10,0x61,0x10,0x61,0x10,0x61,0x10,0x61,0x10,0x61,0x10,0x61,0x10,0x61,0x10,0x61,0x10,0x61,0x10,0x61,0x10,0x61,0x10,0x61,
0x10,0x61,0x10,0x61,0x10,0x61,0x10,0x61,0x10,0x61,0x10,0x61,0x10,0x61,0x10,0x61,0x10,0x61,0x10,0x61,0x10,0xE3,0x18,0x96,0xB5,0xFF,0xFF,0xFF,0xFF,0xFF,0xFF,0xFF,0xFF,
0xFF,0xFF,0xFF,0xFF,0xFF,0xFF,0xFF,0xFF,0xFF,0xFF,0xFF,0xFF,0xFF,0xFF,0xFF,0xFF,0xFF,0xFF,0xFF,0xFF,0xFF,0xFF,0xFF,0xFF,0xFF,0xFF,0xFF,0xFF,0x3C,0xE7,0x61,0x10,0x61,
0x10,0x61,0x10,0x61,0x10,0x61,0x10,0x61,0x10,0x61,0x10,0x61,0x10,0x61,0x10,0x61,0x10,0x61,0x10,0x61,0x10,0x61,0x10,0x61,0x10,0x61,0x10,0x61,0x10,0x61,0x10,0x61,0x10,
0x61,0x10,0x61,0x10,0x61,0x10,0x61,0x10,0x61,0x10,0x61,0x10,0x61,0x10,0x61,0x10,0xFF,0xFF,0xFF,0xFF,0xFF,0xFF,0xFF,0xFF,0xFF,0xFF,0xFF,0xFF,0xFF,0xFF,0xFF,0xFF,0xFF,
0xFF,0xFF,0xFF,0xFF,0xFF,0xFF,0xFF,0xFF,0xFF,0xFF,0xFF,0xFF,0xFF,0xF7,0xBD,0xF7,0xBD,0xF7,0xBD,0xF7,0xBD,0xF7,0xBD,0xF7,0xBD,0xF7,0xBD,0xF7,0xBD,0xF7,0xBD,0xF7,0xBD,
0xF7,0xBD,0xF7,0xBD,0xF7,0xBD,0xA6,0x39,0x61,0x10,0x61,0x10,0x61,0x10,0x61,0x10,0x61,0x10,0x61,0x10,0x61,0x10,0x61,0x10,0x61,0x10,0x61,0x10,0x61,0x10,0x61,0x10,0x61,
0x10,0x61,0x10,0x61,0x10,0x61,0x10,0x61,0x10,0x61,0x10,0x61,0x10,0x61,0x10,0x61,0x10,0x61,0x10,0x61,0x10,0x61,0x10,0x61,0x10,0x61,0x10,0x61,0x10,0x61,0x10,0x61,0x10,
0x61,0x10,0x61,0x10,0x61,0x10,0x61,0x10,0x61,0x10,0x61,0x10,0x61,0x10,0x61,0x10,0x61,0x10,0x61,0x10,0x61,0x10,0x61,0x10,0x61,0x10,0x61,0x10,0x61,0x10,0x61,0x10,0x61,
0x10,0x61,0x10,0x61,0x10,0x61,0x10,0x61,0x10,0x61,0x10,0x61,0x10,0x61,0x10,0x61,0x10,0x61,0x10,0x61,0x10,0x61,0x10,0x61,0x10,0x61,0x10,0x61,0x10,0x61,0x10,0x61,0x10,
0x61,0x10,0x61,0x10,0x61,0x10,0x61,0x10,0x61,0x10,0x61,0x10,0x61,0x10,0x61,0x10,0x61,0x10,0x71,0x94,0x71,0x94,0x8E,0x73,0xA2,0x18,0x61,0x10,0x61,0x10,0xC7,0x39,0x51,
0x8C,0x71,0x94,0x71,0x94,0x71,0x94,0x71,0x94,0x71,0x94,0x71,0x94,0x71,0x94,0x71,0x94,0x71,0x94,0x71,0x94,0x71,0x94,0x71,0x94,0x71,0x94,0x71,0x94,0x71,0x94,0x71,0x94,
0x71,0x94,0x71,0x94,0x71,0x94,0x71,0x94,0x71,0x94,0x71,0x94,0x71,0x94,0x71,0x94,0x71,0x94,0x71,0x94,0x71,0x94,0x71,0x94,0x71,0x94,0x71,0x94,0x71,0x94,0x71,0x94,0x71,
0x94,0x71,0x94,0x71,0x94,0x71,0x94,0x71,0x94,0x71,0x94,0x71,0x94,0x71,0x94,0x71,0x94,0x71,0x94,0x71,0x94,0x71,0x94,0x71,0x94,0x71,0x94,0x71,0x94,0x71,0x94,0x71,0x94,
0x61,0x10,0x61,0x10,0x61,0x10,0x61,0x10,0x71,0x94,0x71,0x94,0x49,0x4A,0x61,0x10,0x61,0x10,0x61,0x10,0x61,0x10,0x61,0x10,0x61,0x10,0x61,0x10,0x61,0x10,0x61,0x10,0x61,
0x10,0x61,0x10,0x61,0x10,0x61,0x10,0x61,0x10,0x61,0x10,0x61,0x10,0x61,0x10,0x61,0x10,0x61,0x10,0x61,0x10,0x61,0x10,0x61,0x10,0x61,0x10,0x61,0x10,0x61,0x10,0x61,0x10,
0x61,0x10,0x61,0x10,0x61,0x10,0x61,0x10,0x61,0x10,0x61,0x10,0x61,0x10,0x61,0x10,0x61,0x10,0x61,0x10,0x61,0x10,0x61,0x10,0x61,0x10,0x61,0x10,0x61,0x10,0x61,0x10,0x61,
0x10,0x61,0x10,0x61,0x10,0x61,0x10,0x61,0x10,0x61,0x10,0x69,0x52,0x75,0xB5,0xFF,0xFF,0xFF,0xFF,0xFF,0xFF,0xFF,0xFF,0xFF,0xFF,0xFF,0xFF,0xFF,0xFF,0xFF,0xFF,0xFF,0xFF,
0xFF,0xFF,0xFF,0xFF,0xFF,0xFF,0xFF,0xFF,0xFF,0xFF,0xFF,0xFF,0xFF,0xFF,0xFF,0xFF,0xFF,0xFF,0xFF,0xFF,0xFF,0xFF,0xFF,0xFF,0xFF,0xFF,0xB6,0xB5,0x69,0x4A,0x61,0x10,0x61,
0x10,0x61,0x10,0x61,0x10,0x61,0x10,0x61,0x10,0x61,0x10,0x61,0x10,0x61,0x10,0x61,0x10,0x61,0x10,0x61,0x10,0x61,0x10,0x61,0x10,0x61,0x10,0x61,0x10,0x61,0x10,0x61,0x10,
0x61,0x10,0x61,0x10,0x61,0x10,0x61,0x10,0x61,0x10,0x61,0x10,0xFF,0xFF,0xFF,0xFF,0xFF,0xFF,0xFF,0xFF,0xFF,0xFF,0xFF,0xFF,0xFF,0xFF,0xFF,0xFF,0xFF,0xFF,0xFF,0xFF,0xFF,
0xFF,0xFF,0xFF,0xFF,0xFF,0xFF,0xFF,0x1C,0xE7,0x61,0x10,0x61,0x10,0x61,0x10,0x61,0x10,0x61,0x10,0x61,0x10,0x61,0x10,0x61,0x10,0xBA,0xD6,0xFF,0xFF,0xFF,0xFF,0xFF,0xFF,
0xFF,0xFF,0xFF,0xFF,0xFF,0xFF,0xFF,0xFF,0xFF,0xFF,0xFF,0xFF,0xFF,0xFF,0xFF,0xFF,0xFF,0xFF,0xFF,0xFF,0x71,0x8C,0x61,0x10,0x61,0x10,0x61,0x10,0x61,0x10,0x61,0x10,0x61,
0x10,0x61,0x10,0x61,0x10,0x61,0x10,0x61,0x10,0x61,0x10,0x61,0x10,0x61,0x10,0x61,0x10,0x61,0x10,0x61,0x10,0x61,0x10,0x61,0x10,0x61,0x10,0x61,0x10,0x61,0x10,0x61,0x10,
0x61,0x10,0x28,0x4A,0x55,0xAD,0xDF,0xFF,0xFF,0xFF,0xFF,0xFF,0xFF,0xFF,0xFF,0xFF,0xFF,0xFF,0xFF,0xFF,0xFF,0xFF,0xFF,0xFF,0xFF,0xFF,0xFF,0xFF,0xFF,0xFF,0xFF,0xFF,0xFF,
0xFF,0xFF,0xFF,0xFF,0xFF,0xFF,0xFF,0xFF,0xFF,0xFF,0xFF,0xFF,0xFF,0xFF,0xFF,0x1C,0xE7,0x04,0x21,0x61,0x10,0x61,0x10,0x61,0x10,0x61,0x10,0x61,0x10,0x61,0x10,0x61,0x10,
0x61,0x10,0x61,0x10,0x61,0x10,0x61,0x10,0x61,0x10,0x61,0x10,0x61,0x10,0x61,0x10,0x61,0x10,0x61,0x10,0x61,0x10,0x61,0x10,0x61,0x10,0x61,0x10,0x61,0x10,0x61,0x10,0x61,
0x10,0xFF,0xFF,0xFF,0xFF,0xFF,0xFF,0xFF,0xFF,0xFF,0xFF,0xFF,0xFF,0xFF,0xFF,0xFF,0xFF,0xFF,0xFF,0xFF,0xFF,0xFF,0xFF,0xFF,0xFF,0xFF,0xFF,0xFF,0xFF,0xFF,0xFF,0xFF,0xFF,
0xFF,0xFF,0xFF,0xFF,0xFF,0xFF,0xFF,0xFF,0xFF,0xFF,0xFF,0xFF,0xFF,0xFF,0xFF,0xFF,0xFF,0xFF,0xFF,0xFF,0xFF,0xFF,0xFF,0xFF,0x28,0x4A,0x61,0x10,0x61,0x10,0x61,0x10,0x61,
0x10,0x61,0x10,0x61,0x10,0x61,0x10,0x61,0x10,0x61,0x10,0x61,0x10,0x61,0x10,0x61,0x10,0x61,0x10,0x61,0x10,0x61,0x10,0x61,0x10,0x61,0x10,0x61,0x10,0x61,0x10,0x61,0x10,
0x61,0x10,0x61,0x10,0x61,0x10,0x61,0x10,0x61,0x10,0x61,0x10,0x61,0x10,0x61,0x10,0x61,0x10,0x61,0x10,0x61,0x10,0x61,0x10,0x61,0x10,0x61,0x10,0x61,0x10,0x61,0x10,0x61,
0x10,0x61,0x10,0x61,0x10,0x61,0x10,0x61,0x10,0x61,0x10,0x61,0x10,0x61,0x10,0x61,0x10,0x61,0x10,0x61,0x10,0x61,0x10,0x61,0x10,0x61,0x10,0x61,0x10,0x61,0x10,0x61,0x10,
0x61,0x10,0x61,0x10,0x61,0x10,0x61,0x10,0x61,0x10,0x61,0x10,0x61,0x10,0x61,0x10,0x61,0x10,0x61,0x10,0x61,0x10,0x61,0x10,0x61,0x10,0x61,0x10,0x61,0x10,0x61,0x10,0xC2,
0x18,0xEF,0x7B,0x71,0x94,0x6D,0x73,0x61,0x10,0x61,0x10,0x61,0x10,0xCB,0x5A,0x71,0x94,0x71,0x94,0x71,0x94,0x71,0x94,0x71,0x94,0x71,0x94,0x71,0x94,0x71,0x94,0x71,0x94,
0x71,0x94,0x71,0x94,0x71,0x94,0x71,0x94,0x71,0x94,0x71,0x94,0x71,0x94,0x71,0x94,0x71,0x94,0x71,0x94,0x71,0x94,0x71,0x94,0x71,0x94,0x71,0x94,0x71,0x94,0x71,0x94,0x71,
0x94,0x71,0x94,0x71,0x94,0x71,0x94,0x71,0x94,0x71,0x94,0x71,0x94,0x71,0x94,0x71,0x94,0x71,0x94,0x71,0x94,0x71,0x94,0x71,0x94,0x71,0x94,0x71,0x94,0x71,0x94,0x71,0x94,
0x71,0x94,0x71,0x94,0x71,0x94,0x71,0x94,0x71,0x94,0x71,0x94,0x71,0x94,0x71,0x94,0x71,0x94,0xEF,0x7B,0xE3,0x18,0x61,0x10,0x61,0x10,0x08,0x42,0x71,0x8C,0x71,0x94,0xA6,
0x31,0x61,0x10,0x61,0x10,0x61,0x10,0x61,0x10,0x61,0x10,0x61,0x10,0x61,0x10,0x61,0x10,0x61,0x10,0x61,0x10,0x61,0x10,0x61,0x10,0x61,0x10,0x61,0x10,0x61,0x10,0x61,0x10,
0x61,0x10,0x61,0x10,0x61,0x10,0x61,0x10,0x61,0x10,0x61,0x10,0x61,0x10,0x61,0x10,0x61,0x10,0x61,0x10,0x61,0x10,0x61,0x10,0x61,0x10,0x61,0x10,0x61,0x10,0x61,0x10,0x61,
0x10,0x61,0x10,0x61,0x10,0x61,0x10,0x61,0x10,0x61,0x10,0x61,0x10,0x61,0x10,0x61,0x10,0x61,0x10,0x61,0x10,0x61,0x10,0x61,0x10,0x9A,0xD6,0xFF,0xFF,0xFF,0xFF,0xFF,0xFF,
0xFF,0xFF,0xFF,0xFF,0xFF,0xFF,0xFF,0xFF,0xFF,0xFF,0xFF,0xFF,0xFF,0xFF,0xFF,0xFF,0xFF,0xFF,0xFF,0xFF,0xFF,0xFF,0xFF,0xFF,0xFF,0xFF,0xFF,0xFF,0xFF,0xFF,0xFF,0xFF,0xFF,
0xFF,0xFF,0xFF,0xFF,0xFF,0xFF,0xFF,0xFF,0xFF,0xFF,0xFF,0xFF,0xFF,0xFF,0xFF,0xFF,0xFF,0x1C,0xE7,0x61,0x10,0x61,0x10,0x61,0x10,0x61,0x10,0x61,0x10,0x61,0x10,0x61,0x10,
0x61,0x10,0x61,0x10,0x61,0x10,0x61,0x10,0x61,0x10,0x61,0x10,0x61,0x10,0x61,0x10,0x61,0x10,0x61,0x10,0x61,0x10,0x61,0x10,0x61,0x10,0x61,0x10,0x61,0x10,0xFF,0xFF,0xFF,
0xFF,0xFF,0xFF,0xFF,0xFF,0xFF,0xFF,0xFF,0xFF,0xFF,0xFF,0xFF,0xFF,0xFF,0xFF,0xFF,0xFF,0xFF,0xFF,0xFF,0xFF,0xFF,0xFF,0xFF,0xFF,0x1C,0xE7,0x61,0x10,0x61,0x10,0x61,0x10,
0x61,0x10,0x61,0x10,0x61,0x10,0x61,0x10,0x61,0x10,0xBA,0xD6,0xFF,0xFF,0xFF,0xFF,0xFF,0xFF,0xFF,0xFF,0xFF,0xFF,0xFF,0xFF,0xFF,0xFF,0xFF,0xFF,0xFF,0xFF,0xFF,0xFF,0xFF,
0xFF,0xFF,0xFF,0xFF,0xFF,0x71,0x8C,0x61,0x10,0x61,0x10,0x61,0x10,0x61,0x10,0x61,0x10,0x61,0x10,0x61,0x10,0x61,0x10,0x61,0x10,0x61,0x10,0x61,0x10,0x61,0x10,0x61,0x10,
0x61,0x10,0x61,0x10,0x61,0x10,0x61,0x10,0x61,0x10,0x61,0x10,0x61,0x10,0x61,0x10,0xEB,0x5A,0xFB,0xDE,0xFF,0xFF,0xFF,0xFF,0xFF,0xFF,0xFF,0xFF,0xFF,0xFF,0xFF,0xFF,0xFF,
0xFF,0xFF,0xFF,0xFF,0xFF,0xFF,0xFF,0xFF,0xFF,0xFF,0xFF,0xFF,0xFF,0xFF,0xFF,0xFF,0xFF,0xFF,0xFF,0xFF,0xFF,0xFF,0xFF,0xFF,0xFF,0xFF,0xFF,0xFF,0xFF,0xFF,0xFF,0xFF,0xFF,
0xFF,0xFF,0xFF,0xFF,0xFF,0xFF,0xFF,0xFF,0x61,0x10,0x61,0x10,0x61,0x10,0x61,0x10,0x61,0x10,0x61,0x10,0x61,0x10,0x61,0x10,0x61,0x10,0x61,0x10,0x61,0x10,0x61,0x10,0x61,
0x10,0x61,0x10,0x61,0x10,0x61,0x10,0x61,0x10,0x61,0x10,0x61,0x10,0x61,0x10,0x61,0x10,0x61,0x10,0xFF,0xFF,0xFF,0xFF,0xFF,0xFF,0xFF,0xFF,0xFF,0xFF,0xFF,0xFF,0xFF,0xFF,
0xFF,0xFF,0xFF,0xFF,0xFF,0xFF,0xFF,0xFF,0xFF,0xFF,0xFF,0xFF,0xFF,0xFF,0xFF,0xFF,0xFF,0xFF,0xFF,0xFF,0xFF,0xFF,0xFF,0xFF,0xFF,0xFF,0xFF,0xFF,0xFF,0xFF,0xFF,0xFF,0xFF,
0xFF,0xFF,0xFF,0xFF,0xFF,0xFF,0xFF,0xFF,0xFF,0x28,0x4A,0x61,0x10,0x61,0x10,0x61,0x10,0x61,0x10,0x61,0x10,0x61,0x10,0x61,0x10,0x61,0x10,0x61,0x10,0x61,0x10,0x61,0x10,
0x61,0x10,0x61,0x10,0x61,0x10,0x61,0x10,0x61,0x10,0x61,0x10,0x61,0x10,0x61,0x10,0x61,0x10,0x61,0x10,0x61,0x10,0x61,0x10,0x61,0x10,0x61,0x10,0x61,0x10,0x61,0x10,0x61,
0x10,0x61,0x10,0x61,0x10,0x61,0x10,0x61,0x10,0x61,0x10,0x61,0x10,0x61,0x10,0x61,0x10,0x61,0x10,0x61,0x10,0x61,0x10,0x61,0x10,0x61,0x10,0x61,0x10,0x61,0x10,0x61,0x10,
0x61,0x10,0x61,0x10,0x61,0x10,0x61,0x10,0x61,0x10,0x61,0x10,0x61,0x10,0x61,0x10,0x61,0x10,0x61,0x10,0x61,0x10,0x61,0x10,0x61,0x10,0x61,0x10,0x61,0x10,0x61,0x10,0x61,
0x10,0x61,0x10,0x61,0x10,0x61,0x10,0x61,0x10,0x61,0x10,0x61,0x10,0x61,0x10,0x0C,0x63,0x71,0x94,0x71,0x94,0xC2,0x18,0x61,0x10,0x61,0x10,0x61,0x10,0x71,0x94,0x71,0x94,
0x71,0x94,0x71,0x94,0x71,0x94,0x71,0x94,0x71,0x94,0x71,0x94,0x71,0x94,0x71,0x94,0x71,0x94,0x71,0x94,0x71,0x94,0x71,0x94,0x71,0x94,0x71,0x94,0x71,0x94,0x71,0x94,0x71,
0x94,0x71,0x94,0x71,0x94,0x30,0x84,0x49,0x4A,0x82,0x10,0x61,0x10,0x61,0x10,0x61,0x10,0x61,0x10,0x61,0x10,0x61,0x10,0x61,0x10,0x61,0x10,0xE3,0x18,0x8A,0x52,0x71,0x94,
0x71,0x94,0x71,0x94,0x71,0x94,0x71,0x94,0x71,0x94,0x71,0x94,0x71,0x94,0x71,0x94,0x71,0x94,0x71,0x94,0x71,0x94,0x71,0x94,0x71,0x94,0x71,0x94,0x71,0x94,0x71,0x94,0x71,
0x94,0x71,0x94,0x71,0x94,0x71,0x94,0x04,0x21,0x61,0x10,0x61,0x10,0x61,0x10,0x71,0x94,0x71,0x94,0xC3,0x18,0x61,0x10,0x61,0x10,0x61,0x10,0x61,0x10,0x61,0x10,0x61,0x10,
0x61,0x10,0x61,0x10,0x61,0x10,0x61,0x10,0x61,0x10,0x61,0x10,0x61,0x10,0x61,0x10,0x61,0x10,0x61,0x10,0x61,0x10,0x61,0x10,0x61,0x10,0x61,0x10,0x61,0x10,0x61,0x10,0x61,
0x10,0x61,0x10,0x61,0x10,0x61,0x10,0x61,0x10,0x61,0x10,0x61,0x10,0x61,0x10,0x61,0x10,0x61,0x10,0x61,0x10,0x61,0x10,0x61,0x10,0x61,0x10,0x61,0x10,0x61,0x10,0x61,0x10,
0x61,0x10,0x61,0x10,0x61,0x10,0x2C,0x63,0x7D,0xEF,0xFF,0xFF,0xFF,0xFF,0xFF,0xFF,0xFF,0xFF,0xFF,0xFF,0xFF,0xFF,0xFF,0xFF,0xFF,0xFF,0xFF,0xFF,0xFF,0xFF,0xFF,0xFF,0xFF,
0xFF,0xFF,0xFF,0xFF,0xFF,0xFF,0xFF,0xFF,0xFF,0xFF,0xFF,0xFF,0xFF,0xFF,0xFF,0xFF,0xFF,0xFF,0xFF,0xFF,0xFF,0xFF,0xFF,0xFF,0xFF,0xFF,0xFF,0xFF,0xFF,0xFF,0xFF,0xFF,0xFF,
0xFF,0xFF,0xFF,0xFF,0xFF,0xFF,0x75,0xAD,0x61,0x10,0x61,0x10,0x61,0x10,0x61,0x10,0x61,0x10,0x61,0x10,0x61,0x10,0x61,0x10,0x61,0x10,0x61,0x10,0x61,0x10,0x61,0x10,0x61,
0x10,0x61,0x10,0x61,0x10,0x61,0x10,0x61,0x10,0x61,0x10,0x61,0x10,0x61,0x10,0xFF,0xFF,0xFF,0xFF,0xFF,0xFF,0xFF,0xFF,0xFF,0xFF,0xFF,0xFF,0xFF,0xFF,0xFF,0xFF,0xFF,0xFF,
0xFF,0xFF,0xFF,0xFF,0xFF,0xFF,0xFF,0xFF,0xFF,0xFF,0x1C,0xE7,0x61,0x10,0x61,0x10,0x61,0x10,0x61,0x10,0x61,0x10,0x61,0x10,0x61,0x10,0x61,0x10,0xBA,0xD6,0xFF,0xFF,0xFF,
0xFF,0xFF,0xFF,0xFF,0xFF,0xFF,0xFF,0xFF,0xFF,0xFF,0xFF,0xFF,0xFF,0xFF,0xFF,0xFF,0xFF,0xFF,0xFF,0xFF,0xFF,0xFF,0xFF,0x71,0x8C,0x61,0x10,0x61,0x10,0x61,0x10,0x61,0x10,
0x61,0x10,0x61,0x10,0x61,0x10,0x61,0x10,0x61,0x10,0x61,0x10,0x61,0x10,0x61,0x10,0x61,0x10,0x61,0x10,0x61,0x10,0x61,0x10,0x61,0x10,0x61,0x10,0x61,0x10,0xC3,0x18,0xFF,
0xFF,0xFF,0xFF,0xFF,0xFF,0xFF,0xFF,0xFF,0xFF,0xFF,0xFF,0xFF,0xFF,0xFF,0xFF,0xFF,0xFF,0xFF,0xFF,0xFF,0xFF,0xFF,0xFF,0xFF,0xFF,0xFF,0xFF,0xFF,0xFF,0xFF,0xFF,0xFF,0xFF,
0xFF,0xFF,0xFF,0xFF,0xFF,0xFF,0xFF,0xFF,0xFF,0xFF,0xFF,0xFF,0xFF,0xFF,0xFF,0xFF,0xFF,0xFF,0xFF,0xFF,0xFF,0xFF,0xFF,0xFF,0xFF,0xFF,0xFF,0xFF,0x3C,0xE7,0x61,0x10,0x61,
0x10,0x61,0x10,0x61,0x10,0x61,0x10,0x61,0x10,0x61,0x10,0x61,0x10,0x61,0x10,0x61,0x10,0x61,0x10,0x61,0x10,0x61,0x10,0x61,0x10,0x61,0x10,0x61,0x10,0x61,0x10,0x61,0x10,
0x61,0x10,0x61,0x10,0xFF,0xFF,0xFF,0xFF,0xFF,0xFF,0xFF,0xFF,0xFF,0xFF,0xFF,0xFF,0xFF,0xFF,0xFF,0xFF,0xFF,0xFF,0xFF,0xFF,0xFF,0xFF,0xFF,0xFF,0xFF,0xFF,0xFF,0xFF,0xFF,
0xFF,0xFF,0xFF,0xFF,0xFF,0xFF,0xFF,0xFF,0xFF,0xFF,0xFF,0xFF,0xFF,0xFF,0xFF,0xFF,0xFF,0xFF,0xFF,0xFF,0xFF,0xFF,0xFF,0xFF,0xFF,0xFF,0xFF,0x28,0x4A,0x61,0x10,0x61,0x10,
0x61,0x10,0x61,0x10,0x61,0x10,0x61,0x10,0x61,0x10,0x61,0x10,0x61,0x10,0x61,0x10,0x61,0x10,0x61,0x10,0x61,0x10,0x61,0x10,0x61,0x10,0x61,0x10,0x61,0x10,0x61,0x10,0x61,
0x10,0x61,0x10,0x61,0x10,0x61,0x10,0x61,0x10,0x61,0x10,0x61,0x10,0x61,0x10,0x61,0x10,0x61,0x10,0x61,0x10,0x61,0x10,0x61,0x10,0x61,0x10,0x61,0x10,0x61,0x10,0x61,0x10,
0x61,0x10,0x61,0x10,0x61,0x10,0x61,0x10,0x61,0x10,0x61,0x10,0x61,0x10,0x61,0x10,0x61,0x10,0x61,0x10,0x61,0x10,0x61,0x10,0x61,0x10,0x61,0x10,0x61,0x10,0x61,0x10,0x61,
0x10,0x61,0x10,0x61,0x10,0x61,0x10,0x61,0x10,0x61,0x10,0x61,0x10,0x61,0x10,0x61,0x10,0x61,0x10,0x61,0x10,0x61,0x10,0x61,0x10,0x61,0x10,0x61,0x10,0x61,0x10,0x61,0x10,
0x71,0x94,0x71,0x94,0x71,0x94,0x61,0x10,0x61,0x10,0x61,0x10,0x61,0x10,0x71,0x94,0x71,0x94,0x71,0x94,0x71,0x94,0x71,0x94,0x71,0x94,0x71,0x94,0x71,0x94,0x71,0x94,0x71,
0x94,0x71,0x94,0x71,0x94,0x71,0x94,0x71,0x94,0x71,0x94,0x71,0x94,0x71,0x94,0x71,0x94,0x71,0x94,0xCB,0x5A,0x65,0x29,0x61,0x10,0x61,0x10,0x61,0x10,0x61,0x10,0x61,0x10,
0x61,0x10,0x61,0x10,0x61,0x10,0x61,0x10,0x61,0x10,0x61,0x10,0x61,0x10,0x61,0x10,0xE3,0x18,0x2C,0x6B,0x51,0x8C,0x71,0x94,0x71,0x94,0x71,0x94,0x71,0x94,0x71,0x94,0x71,
0x94,0x71,0x94,0x71,0x94,0x71,0x94,0x71,0x94,0x71,0x94,0x71,0x94,0x71,0x94,0x71,0x94,0x71,0x94,0x71,0x94,0x71,0x94,0x71,0x94,0x10,0x84,0x03,0x21,0x61,0x10,0x61,0x10,
0x4D,0x6B,0x71,0x94,0x8E,0x73,0x82,0x10,0x61,0x10,0x61,0x10,0x61,0x10,0x61,0x10,0x61,0x10,0x61,0x10,0x61,0x10,0x61,0x10,0x61,0x10,0x61,0x10,0x61,0x10,0x61,0x10,0x61,
0x10,0x61,0x10,0x61,0x10,0x61,0x10,0x61,0x10,0x61,0x10,0x61,0x10,0x61,0x10,0x61,0x10,0x61,0x10,0x61,0x10,0x61,0x10,0x61,0x10,0x61,0x10,0x61,0x10,0x61,0x10,0x61,0x10,
0x61,0x10,0x61,0x10,0x61,0x10,0x61,0x10,0x61,0x10,0x61,0x10,0x61,0x10,0x61,0x10,0x61,0x10,0x61,0x10,0x61,0x10,0x55,0xAD,0xFF,0xFF,0xFF,0xFF,0xFF,0xFF,0xFF,0xFF,0xFF,
0xFF,0xFF,0xFF,0xFF,0xFF,0xFF,0xFF,0xFF,0xFF,0xFF,0xFF,0xFF,0xFF,0xFF,0xFF,0xFF,0xFF,0xFF,0xFF,0xFF,0xFF,0xFF,0xFF,0xFF,0xFF,0xFF,0xFF,0xFF,0xFF,0xFF,0xFF,0xFF,0xFF,
0xFF,0xFF,0xFF,0xFF,0xFF,0xFF,0xFF,0xFF,0xFF,0xFF,0xFF,0xFF,0xFF,0xFF,0xFF,0xFF,0xFF,0xFF,0xFF,0xFF,0xFF,0xFF,0xFF,0xFF,0xFF,0xFF,0x8A,0x52,0x61,0x10,0x61,0x10,0x61,
0x10,0x61,0x10,0x61,0x10,0x61,0x10,0x61,0x10,0x61,0x10,0x61,0x10,0x61,0x10,0x61,0x10,0x61,0x10,0x61,0x10,0x61,0x10,0x61,0x10,0x61,0x10,0x61,0x10,0x61,0x10,0x61,0x10,
0xFF,0xFF,0xFF,0xFF,0xFF,0xFF,0xFF,0xFF,0xFF,0xFF,0xFF,0xFF,0xFF,0xFF,0xFF,0xFF,0xFF,0xFF,0xFF,0xFF,0xFF,0xFF,0xFF,0xFF,0xFF,0xFF,0xFF,0xFF,0x1C,0xE7,0x61,0x10,0x61,
0x10,0x61,0x10,0x61,0x10,0x61,0x10,0x61,0x10,0x61,0x10,0x61,0x10,0xBA,0xD6,0xFF,0xFF,0xFF,0xFF,0xFF,0xFF,0xFF,0xFF,0xFF,0xFF,0xFF,0xFF,0xFF,0xFF,0xFF,0xFF,0xFF,0xFF,
0xFF,0xFF,0xFF,0xFF,0xFF,0xFF,0xFF,0xFF,0x71,0x8C,0x61,0x10,0x61,0x10,0x61,0x10,0x61,0x10,0x61,0x10,0x61,0x10,0x61,0x10,0x61,0x10,0x61,0x10,0x61,0x10,0x61,0x10,0x61,
0x10,0x61,0x10,0x61,0x10,0x61,0x10,0x61,0x10,0x61,0x10,0x61,0x10,0x61,0x10,0xFB,0xDE,0xFF,0xFF,0xFF,0xFF,0xFF,0xFF,0xFF,0xFF,0xFF,0xFF,0xFF,0xFF,0xFF,0xFF,0xFF,0xFF,
0xFF,0xFF,0xFF,0xFF,0xFF,0xFF,0xFF,0xFF,0xFF,0xFF,0xFF,0xFF,0xFF,0xFF,0xFF,0xFF,0xFF,0xFF,0xFF,0xFF,0xFF,0xFF,0xFF,0xFF,0xFF,0xFF,0xFF,0xFF,0xFF,0xFF,0xFF,0xFF,0xFF,
0xFF,0xFF,0xFF,0xFF,0xFF,0xFF,0xFF,0xFF,0xFF,0xFF,0xFF,0xFF,0xFF,0xFF,0xFF,0x14,0xA5,0xC3,0x18,0x61,0x10,0x61,0x10,0x61,0x10,0x61,0x10,0x61,0x10,0x61,0x10,0x61,0x10,
0x61,0x10,0x61,0x10,0x61,0x10,0x61,0x10,0x61,0x10,0x61,0x10,0x61,0x10,0x61,0x10,0x61,0x10,0x61,0x10,0x61,0x10,0xFF,0xFF,0xFF,0xFF,0xFF,0xFF,0xFF,0xFF,0xFF,0xFF,0xFF,
0xFF,0xFF,0xFF,0xFF,0xFF,0xFF,0xFF,0xFF,0xFF,0xFF,0xFF,0xFF,0xFF,0xFF,0xFF,0xFF,0xFF,0xFF,0xFF,0xFF,0xFF,0xFF,0xFF,0xFF,0xFF,0xFF,0xFF,0xFF,0xFF,0xFF,0xFF,0xFF,0xFF,
0xFF,0xFF,0xFF,0xFF,0xFF,0xFF,0xFF,0xFF,0xFF,0xFF,0xFF,0xFF,0x28,0x4A,0x61,0x10,0x61,0x10,0x61,0x10,0x61,0x10,0x61,0x10,0x61,0x10,0x61,0x10,0x61,0x10,0x61,0x10,0x61,
0x10,0x61,0x10,0x61,0x10,0x61,0x10,0x61,0x10,0x61,0x10,0x61,0x10,0x61,0x10,0x61,0x10,0x61,0x10,0x61,0x10,0x61,0x10,0x61,0x10,0x61,0x10,0x61,0x10,0x61,0x10,0x61,0x10,
0x61,0x10,0x61,0x10,0x61,0x10,0x61,0x10,0x61,0x10,0x61,0x10,0x61,0x10,0x61,0x10,0x61,0x10,0x61,0x10,0x61,0x10,0x61,0x10,0x61,0x10,0x61,0x10,0x61,0x10,0x61,0x10,0x61,
0x10,0x61,0x10,0x61,0x10,0x61,0x10,0x61,0x10,0x61,0x10,0x61,0x10,0x61,0x10,0x61,0x10,0x61,0x10,0x61,0x10,0x61,0x10,0x61,0x10,0x61,0x10,0x61,0x10,0x61,0x10,0x61,0x10,
0x61,0x10,0x61,0x10,0x61,0x10,0x61,0x10,0x61,0x10,0x61,0x10,0x61,0x10,0x61,0x10,0xEF,0x83,0x71,0x94,0x71,0x94,0x49,0x4A,0x61,0x10,0x61,0x10,0x8A,0x52,0x71,0x94,0x71,
0x94,0x71,0x94,0x71,0x94,0x71,0x94,0x71,0x94,0x71,0x94,0x71,0x94,0x71,0x94,0x71,0x94,0x71,0x94,0x71,0x94,0x71,0x94,0x71,0x94,0x71,0x94,0x71,0x94,0x71,0x94,0x71,0x8C,
0x0C,0x63,0x61,0x10,0x61,0x10,0x61,0x10,0x61,0x10,0x61,0x10,0x61,0x10,0x61,0x10,0x61,0x10,0x61,0x10,0x61,0x10,0x61,0x10,0x61,0x10,0x61,0x10,0x61,0x10,0x61,0x10,0x61,
0x10,0x61,0x10,0x61,0x10,0x61,0x10,0x61,0x10,0xAE,0x73,0x71,0x94,0x71,0x94,0x71,0x94,0x71,0x94,0x71,0x94,0x71,0x94,0x71,0x94,0x71,0x94,0x71,0x94,0x71,0x94,0x71,0x94,
0x71,0x94,0x71,0x94,0x71,0x94,0x71,0x94,0x71,0x94,0x71,0x94,0x71,0x94,0x61,0x10,0x61,0x10,0x61,0x10,0x30,0x8C,0x71,0x94,0x71,0x94,0xC7,0x39,0x61,0x10,0x61,0x10,0x61,
0x10,0x61,0x10,0x61,0x10,0x61,0x10,0x61,0x10,0x61,0x10,0x61,0x10,0x61,0x10,0x61,0x10,0x61,0x10,0x61,0x10,0x61,0x10,0x61,0x10,0x61,0x10,0x61,0x10,0x61,0x10,0x61,0x10,
0x61,0x10,0x61,0x10,0x61,0x10,0x61,0x10,0x61,0x10,0x61,0x10,0x61,0x10,0x61,0x10,0x61,0x10,0x61,0x10,0x61,0x10,0x61,0x10,0x61,0x10,0x61,0x10,0x61,0x10,0x61,0x10,0x61,
0x10,0x61,0x10,0x61,0x10,0x3C,0xE7,0xFF,0xFF,0xFF,0xFF,0xFF,0xFF,0xFF,0xFF,0xFF,0xFF,0xFF,0xFF,0xFF,0xFF,0xFF,0xFF,0xFF,0xFF,0xFF,0xFF,0xFF,0xFF,0xFF,0xFF,0xFF,0xFF,
0xFF,0xFF,0xFF,0xFF,0xFF,0xFF,0xFF,0xFF,0xFF,0xFF,0xFF,0xFF,0xFF,0xFF,0xFF,0xFF,0xFF,0xFF,0xFF,0xFF,0xFF,0xFF,0xFF,0xFF,0xFF,0xFF,0xFF,0xFF,0xFF,0xFF,0xFF,0xFF,0xFF,
0xFF,0xFF,0xFF,0xFF,0xFF,0xFF,0xFF,0xFF,0xFF,0xFF,0xFF,0xFF,0xFF,0xFF,0xFF,0x61,0x10,0x61,0x10,0x61,0x10,0x61,0x10,0x61,0x10,0x61,0x10,0x61,0x10,0x61,0x10,0x61,0x10,
0x61,0x10,0x61,0x10,0x61,0x10,0x61,0x10,0x61,0x10,0x61,0x10,0x61,0x10,0x61,0x10,0x61,0x10,0xFF,0xFF,0xFF,0xFF,0xFF,0xFF,0xFF,0xFF,0xFF,0xFF,0xFF,0xFF,0xFF,0xFF,0xFF,
0xFF,0xFF,0xFF,0xFF,0xFF,0xFF,0xFF,0xFF,0xFF,0xFF,0xFF,0xFF,0xFF,0x1C,0xE7,0x61,0x10,0x61,0x10,0x61,0x10,0x61,0x10,0x61,0x10,0x61,0x10,0x61,0x10,0x61,0x10,0xBA,0xD6,
0xFF,0xFF,0xFF,0xFF,0xFF,0xFF,0xFF,0xFF,0xFF,0xFF,0xFF,0xFF,0xFF,0xFF,0xFF,0xFF,0xFF,0xFF,0xFF,0xFF,0xFF,0xFF,0xFF,0xFF,0xFF,0xFF,0x71,0x8C,0x61,0x10,0x61,0x10,0x61,
0x10,0x61,0x10,0x61,0x10,0x61,0x10,0x61,0x10,0x61,0x10,0x61,0x10,0x61,0x10,0x61,0x10,0x61,0x10,0x61,0x10,0x61,0x10,0x61,0x10,0x61,0x10,0x61,0x10,0xD7,0xBD,0xFF,0xFF,
0xFF,0xFF,0xFF,0xFF,0xFF,0xFF,0xFF,0xFF,0xFF,0xFF,0xFF,0xFF,0xFF,0xFF,0xFF,0xFF,0xFF,0xFF,0xFF,0xFF,0xFF,0xFF,0xFF,0xFF,0xFF,0xFF,0xFF,0xFF,0xFF,0xFF,0xFF,0xFF,0xFF,
0xFF,0xFF,0xFF,0xFF,0xFF,0xFF,0xFF,0xFF,0xFF,0xFF,0xFF,0xFF,0xFF,0xFF,0xFF,0xFF,0xFF,0xFF,0xFF,0xFF,0xFF,0xFF,0xFF,0xFF,0xFF,0xFF,0xFF,0xFF,0xFF,0xFF,0xFF,0xFF,0xFF,
0xFF,0xFF,0xFF,0xFF,0x61,0x10,0x61,0x10,0x61,0x10,0x61,0x10,0x61,0x10,0x61,0x10,0x61,0x10,0x61,0x10,0x61,0x10,0x61,0x10,0x61,0x10,0x61,0x10,0x61,0x10,0x61,0x10,0x61,
0x10,0x61,0x10,0x61,0x10,0x61,0x10,0xFF,0xFF,0xFF,0xFF,0xFF,0xFF,0xFF,0xFF,0xFF,0xFF,0xFF,0xFF,0xFF,0xFF,0xFF,0xFF,0xFF,0xFF,0xFF,0xFF,0xFF,0xFF,0xFF,0xFF,0xFF,0xFF,
0xFF,0xFF,0xFF,0xFF,0xFF,0xFF,0xFF,0xFF,0xFF,0xFF,0xFF,0xFF,0xFF,0xFF,0xFF,0xFF,0xFF,0xFF,0xFF,0xFF,0xFF,0xFF,0xFF,0xFF,0xFF,0xFF,0xFF,0xFF,0xFF,0xFF,0x28,0x4A,0x61,
0x10,0x61,0x10,0x61,0x10,0x61,0x10,0x61,0x10,0x61,0x10,0x61,0x10,0x61,0x10,0x61,0x10,0x61,0x10,0x61,0x10,0x61,0x10,0x61,0x10,0x61,0x10,0x61,0x10,0x61,0x10,0x61,0x10,
0x61,0x10,0x61,0x10,0x61,0x10,0x61,0x10,0x61,0x10,0x61,0x10,0x61,0x10,0x61,0x10,0x61,0x10,0x61,0x10,0x61,0x10,0x61,0x10,0x61,0x10,0x61,0x10,0x61,0x10,0x61,0x10,0x61,
0x10,0x61,0x10,0x61,0x10,0x61,0x10,0x61,0x10,0x61,0x10,0x61,0x10,0x61,0x10,0x61,0x10,0x61,0x10,0x61,0x10,0x61,0x10,0x61,0x10,0x61,0x10,0x61,0x10,0x61,0x10,0x61,0x10,
0x61,0x10,0x61,0x10,0x61,0x10,0x61,0x10,0x61,0x10,0x61,0x10,0x61,0x10,0x61,0x10,0x61,0x10,0x61,0x10,0x61,0x10,0x61,0x10,0x61,0x10,0x61,0x10,0x61,0x10,0x61,0x10,0x61,
0x10,0x71,0x94,0x71,0x94,0x2C,0x6B,0x61,0x10,0x61,0x10,0x61,0x10,0x71,0x94,0x71,0x94,0x71,0x94,0x71,0x94,0x71,0x94,0x71,0x94,0x71,0x94,0x71,0x94,0x71,0x94,0x71,0x94,
0x71,0x94,0x71,0x94,0x71,0x94,0x71,0x94,0x71,0x94,0x71,0x94,0x71,0x94,0x2C,0x63,0x03,0x21,0x61,0x10,0x61,0x10,0x61,0x10,0x61,0x10,0x61,0x10,0x61,0x10,0x61,0x10,0x61,
0x10,0x61,0x10,0x61,0x10,0x61,0x10,0x61,0x10,0x61,0x10,0x61,0x10,0x61,0x10,0x61,0x10,0x61,0x10,0x61,0x10,0x61,0x10,0x61,0x10,0x61,0x10,0x61,0x10,0xEF,0x7B,0x71,0x94,
0x71,0x94,0x71,0x94,0x71,0x94,0x71,0x94,0x71,0x94,0x71,0x94,0x71,0x94,0x71,0x94,0x71,0x94,0x71,0x94,0x71,0x94,0x71,0x94,0x71,0x94,0x71,0x94,0x71,0x94,0x71,0x94,0x61,
0x10,0x61,0x10,0x61,0x10,0x86,0x31,0x71,0x94,0x71,0x94,0x30,0x8C,0x61,0x10,0x61,0x10,0x61,0x10,0x61,0x10,0x61,0x10,0x61,0x10,0x61,0x10,0x61,0x10,0x61,0x10,0x61,0x10,
0x61,0x10,0x61,0x10,0x61,0x10,0x61,0x10,0x61,0x10,0x61,0x10,0x61,0x10,0x61,0x10,0x61,0x10,0x61,0x10,0x61,0x10,0x61,0x10,0x61,0x10,0x61,0x10,0x61,0x10,0x61,0x10,0x61,
0x10,0x61,0x10,0x61,0x10,0x61,0x10,0x61,0x10,0x61,0x10,0x61,0x10,0x61,0x10,0x61,0x10,0x61,0x10,0x61,0x10,0x08,0x42,0xFF,0xFF,0xFF,0xFF,0xFF,0xFF,0xFF,0xFF,0xFF,0xFF,
0xFF,0xFF,0xFF,0xFF,0xFF,0xFF,0xFF,0xFF,0xFF,0xFF,0xFF,0xFF,0xFF,0xFF,0xFF,0xFF,0xFF,0xFF,0xFF,0xFF,0xFF,0xFF,0xFF,0xFF,0xFF,0xFF,0xFF,0xFF,0xFF,0xFF,0xFF,0xFF,0xFF,
0xFF,0xFF,0xFF,0xFF,0xFF,0xFF,0xFF,0xFF,0xFF,0xFF,0xFF,0xFF,0xFF,0xFF,0xFF,0xFF,0xFF,0xFF,0xFF,0xFF,0xFF,0xFF,0xFF,0xFF,0xFF,0xFF,0xFF,0xFF,0xFF,0xFF,0xFF,0xFF,0xFF,
0xE7,0x41,0x61,0x10,0x61,0x10,0x61,0x10,0x61,0x10,0x61,0x10,0x61,0x10,0x61,0x10,0x61,0x10,0x61,0x10,0x61,0x10,0x61,0x10,0x61,0x10,0x61,0x10,0x61,0x10,0x61,0x10,0x61,
0x10,0x61,0x10,0xFF,0xFF,0xFF,0xFF,0xFF,0xFF,0xFF,0xFF,0xFF,0xFF,0xFF,0xFF,0xFF,0xFF,0xFF,0xFF,0xFF,0xFF,0xFF,0xFF,0xFF,0xFF,0xFF,0xFF,0xFF,0xFF,0xFF,0xFF,0x1C,0xE7,
0x61,0x10,0x61,0x10,0x61,0x10,0x61,0x10,0x61,0x10,0x61,0x10,0x61,0x10,0x61,0x10,0xBA,0xD6,0xFF,0xFF,0xFF,0xFF,0xFF,0xFF,0xFF,0xFF,0xFF,0xFF,0xFF,0xFF,0xFF,0xFF,0xFF,
0xFF,0xFF,0xFF,0xFF,0xFF,0xFF,0xFF,0xFF,0xFF,0xFF,0xFF,0x71,0x8C,0x61,0x10,0x61,0x10,0x61,0x10,0x61,0x10,0x61,0x10,0x61,0x10,0x61,0x10,0x61,0x10,0x61,0x10,0x61,0x10,
0x61,0x10,0x61,0x10,0x61,0x10,0x61,0x10,0x61,0x10,0x61,0x10,0x86,0x31,0xFF,0xFF,0xFF,0xFF,0xFF,0xFF,0xFF,0xFF,0xFF,0xFF,0xFF,0xFF,0xFF,0xFF,0xFF,0xFF,0xFF,0xFF,0xFF,
0xFF,0xFF,0xFF,0xFF,0xFF,0xFF,0xFF,0xFF,0xFF,0xFF,0xFF,0xFF,0xFF,0xFF,0xFF,0xFF,0xFF,0xFF,0xFF,0xFF,0xFF,0xFF,0xFF,0xFF,0xFF,0xFF,0xFF,0xFF,0xFF,0xFF,0xFF,0xFF,0xFF,
0xFF,0xFF,0xFF,0xFF,0xFF,0xFF,0xFF,0xFF,0xFF,0xFF,0xFF,0xFF,0xFF,0xFF,0xFF,0xFF,0xFF,0xFF,0xFF,0xFF,0xFF,0xFF,0xB2,0x94,0x81,0x10,0x61,0x10,0x61,0x10,0x61,0x10,0x61,
0x10,0x61,0x10,0x61,0x10,0x61,0x10,0x61,0x10,0x61,0x10,0x61,0x10,0x61,0x10,0x61,0x10,0x61,0x10,0x61,0x10,0x61,0x10,0x61,0x10,0xFF,0xFF,0xFF,0xFF,0xFF,0xFF,0xFF,0xFF,
0xFF,0xFF,0xFF,0xFF,0xFF,0xFF,0xFF,0xFF,0xFF,0xFF,0xFF,0xFF,0xFF,0xFF,0xFF,0xFF,0xFF,0xFF,0xFF,0xFF,0xFF,0xFF,0xFF,0xFF,0xFF,0xFF,0xFF,0xFF,0xFF,0xFF,0xFF,0xFF,0xFF,
0xFF,0xFF,0xFF,0xFF,0xFF,0xFF,0xFF,0xFF,0xFF,0xFF,0xFF,0xFF,0xFF,0xFF,0xFF,0x28,0x4A,0x61,0x10,0x61,0x10,0x61,0x10,0x61,0x10,0x61,0x10,0x61,0x10,0x61,0x10,0x61,0x10,
0x61,0x10,0x61,0x10,0x61,0x10,0x61,0x10,0x61,0x10,0x61,0x10,0x61,0x10,0x61,0x10,0x61,0x10,0x61,0x10,0x61,0x10,0x61,0x10,0x61,0x10,0x61,0x10,0x61,0x10,0x61,0x10,0x61,
0x10,0x61,0x10,0x61,0x10,0x61,0x10,0x61,0x10,0x61,0x10,0x61,0x10,0x61,0x10,0x61,0x10,0x61,0x10,0x61,0x10,0x61,0x10,0x61,0x10,0x61,0x10,0x61,0x10,0x61,0x10,0x61,0x10,
0x61,0x10,0x61,0x10,0x61,0x10,0x61,0x10,0x61,0x10,0x61,0x10,0x61,0x10,0x61,0x10,0x61,0x10,0x61,0x10,0x61,0x10,0x61,0x10,0x61,0x10,0x61,0x10,0x61,0x10,0x61,0x10,0x61,
0x10,0x61,0x10,0x61,0x10,0x61,0x10,0x61,0x10,0x61,0x10,0x61,0x10,0x61,0x10,0x61,0x10,0x30,0x84,0x71,0x94,0x24,0x29,0x61,0x10,0x61,0x10,0xE3,0x18,0x10,0x84,0x71,0x94,
0x71,0x94,0x71,0x94,0x71,0x94,0x71,0x94,0x71,0x94,0x71,0x94,0x71,0x94,0x71,0x94,0x71,0x94,0x71,0x94,0x71,0x94,0x71,0x94,0x71,0x94,0x71,0x94,0x71,0x8C,0x8A,0x52,0x61,
0x10,0x61,0x10,0x61,0x10,0x61,0x10,0x61,0x10,0x61,0x10,0x61,0x10,0x61,0x10,0x61,0x10,0x61,0x10,0x61,0x10,0x61,0x10,0x61,0x10,0x61,0x10,0x61,0x10,0x61,0x10,0x61,0x10,
0x61,0x10,0x61,0x10,0x61,0x10,0x61,0x10,0x61,0x10,0x61,0x10,0x61,0x10,0x61,0x10,0x61,0x10,0x71,0x94,0x71,0x94,0x71,0x94,0x71,0x94,0x71,0x94,0x71,0x94,0x71,0x94,0x71,
0x94,0x71,0x94,0x71,0x94,0x71,0x94,0x71,0x94,0x71,0x94,0x71,0x94,0x71,0x94,0x71,0x94,0x71,0x94,0x08,0x42,0x61,0x10,0x61,0x10,0x8E,0x73,0x71,0x94,0x71,0x94,0x61,0x10,
0x61,0x10,0x61,0x10,0x61,0x10,0x61,0x10,0x61,0x10,0x61,0x10,0x61,0x10,0x61,0x10,0x61,0x10,0x61,0x10,0x61,0x10,0x61,0x10,0x61,0x10,0x61,0x10,0x61,0x10,0x61,0x10,0x61,
0x10,0x61,0x10,0x61,0x10,0x61,0x10,0x61,0x10,0x61,0x10,0x61,0x10,0x61,0x10,0x61,0x10,0x61,0x10,0x61,0x10,0x61,0x10,0x61,0x10,0x61,0x10,0x61,0x10,0x61,0x10,0x61,0x10,
0x61,0x10,0x61,0x10,0x65,0x31,0xFF,0xFF,0xFF,0xFF,0xFF,0xFF,0xFF,0xFF,0xFF,0xFF,0xFF,0xFF,0xFF,0xFF,0xFF,0xFF,0xFF,0xFF,0xFF,0xFF,0xFF,0xFF,0xFF,0xFF,0xFF,0xFF,0xFF,
0xFF,0xFF,0xFF,0xFF,0xFF,0xFF,0xFF,0xFF,0xFF,0xFF,0xFF,0xFF,0xFF,0xFF,0xFF,0xFF,0xFF,0xFF,0xFF,0xFF,0xFF,0xFF,0xFF,0xFF,0xFF,0xFF,0xFF,0xFF,0xFF,0xFF,0xFF,0xFF,0xFF,
0xFF,0xFF,0xFF,0xFF,0xFF,0xFF,0xFF,0xFF,0xFF,0xFF,0xFF,0xFF,0xFF,0xFF,0xFF,0xFF,0xFF,0xFF,0xFF,0xFF,0xDF,0xFF,0xAA,0x5A,0x61,0x10,0x61,0x10,0x61,0x10,0x61,0x10,0x61,
0x10,0x61,0x10,0x61,0x10,0x61,0x10,0x61,0x10,0x61,0x10,0x61,0x10,0x61,0x10,0x61,0x10,0x61,0x10,0x61,0x10,0xFF,0xFF,0xFF,0xFF,0xFF,0xFF,0xFF,0xFF,0xFF,0xFF,0xFF,0xFF,
0xFF,0xFF,0xFF,0xFF,0xFF,0xFF,0xFF,0xFF,0xFF,0xFF,0xFF,0xFF,0xFF,0xFF,0xFF,0xFF,0x1C,0xE7,0x61,0x10,0x61,0x10,0x61,0x10,0x61,0x10,0x61,0x10,0x61,0x10,0x61,0x10,0x61,
0x10,0xBA,0xD6,0xFF,0xFF,0xFF,0xFF,0xFF,0xFF,0xFF,0xFF,0xFF,0xFF,0xFF,0xFF,0xFF,0xFF,0xFF,0xFF,0xFF,0xFF,0xFF,0xFF,0xFF,0xFF,0xFF,0xFF,0xFF,0xFF,0x71,0x8C,0x61,0x10,
0x61,0x10,0x61,0x10,0x61,0x10,0x61,0x10,0x61,0x10,0x61,0x10,0x61,0x10,0x61,0x10,0x61,0x10,0x61,0x10,0x61,0x10,0x61,0x10,0x61,0x10,0x61,0x10,0x28,0x42,0xFF,0xFF,0xFF,
0xFF,0xFF,0xFF,0xFF,0xFF,0xFF,0xFF,0xFF,0xFF,0xFF,0xFF,0xFF,0xFF,0xFF,0xFF,0xFF,0xFF,0xFF,0xFF,0xFF,0xFF,0xFF,0xFF,0xFF,0xFF,0xFF,0xFF,0xFF,0xFF,0xFF,0xFF,0xFF,0xFF,
0xFF,0xFF,0xFF,0xFF,0xFF,0xFF,0xFF,0xFF,0xFF,0xFF,0xFF,0xFF,0xFF,0xFF,0xFF,0xFF,0xFF,0xFF,0xFF,0xFF,0xFF,0xFF,0xFF,0xFF,0xFF,0xFF,0xFF,0xFF,0xFF,0xFF,0xFF,0xFF,0xFF,
0xFF,0xFF,0xFF,0xFF,0xFF,0xFF,0xFF,0xFF,0xFF,0xFF,0xFF,0xF7,0xBD,0x61,0x10,0x61,0x10,0x61,0x10,0x61,0x10,0x61,0x10,0x61,0x10,0x61,0x10,0x61,0x10,0x61,0x10,0x61,0x10,
0x61,0x10,0x61,0x10,0x61,0x10,0x61,0x10,0x61,0x10,0xFF,0xFF,0xFF,0xFF,0xFF,0xFF,0xFF,0xFF,0xFF,0xFF,0xFF,0xFF,0xFF,0xFF,0xFF,0xFF,0xFF,0xFF,0xFF,0xFF,0xFF,0xFF,0xFF,
0xFF,0xFF,0xFF,0xFF,0xFF,0xFF,0xFF,0xFF,0xFF,0xFF,0xFF,0xFF,0xFF,0xFF,0xFF,0xFF,0xFF,0xFF,0xFF,0xFF,0xFF,0xFF,0xFF,0xFF,0xFF,0xFF,0xFF,0xFF,0xFF,0xFF,0xFF,0xFF,0xFF,
0x28,0x4A,0x61,0x10,0x61,0x10,0x61,0x10,0x61,0x10,0x61,0x10,0x61,0x10,0x61,0x10,0x61,0x10,0x61,0x10,0x61,0x10,0x61,0x10,0x61,0x10,0x61,0x10,0x61,0x10,0x61,0x10,0x61,
0x10,0x61,0x10,0x61,0x10,0x61,0x10,0x61,0x10,0x61,0x10,0x61,0x10,0x61,0x10,0x61,0x10,0x61,0x10,0x61,0x10,0x61,0x10,0x61,0x10,0x61,0x10,0x61,0x10,0x61,0x10,0x61,0x10,
0x61,0x10,0x61,0x10,0x61,0x10,0x61,0x10,0x61,0x10,0x61,0x10,0x61,0x10,0x61,0x10,0x61,0x10,0x61,0x10,0x61,0x10,0x61,0x10,0x61,0x10,0x61,0x10,0x61,0x10,0x61,0x10,0x61,
0x10,0x61,0x10,0x61,0x10,0x61,0x10,0x61,0x10,0x61,0x10,0x61,0x10,0x61,0x10,0x61,0x10,0x61,0x10,0x61,0x10,0x61,0x10,0x61,0x10,0x61,0x10,0x61,0x10,0x61,0x10,0x61,0x10,
0x61,0x10,0x71,0x94,0x71,0x94,0x61,0x10,0x61,0x10,0x61,0x10,0x8E,0x73,0x71,0x94,0x71,0x94,0x71,0x94,0x71,0x94,0x71,0x94,0x71,0x94,0x71,0x94,0x71,0x94,0x71,0x94,0x71,
0x94,0x71,0x94,0x71,0x94,0x71,0x94,0x71,0x94,0x71,0x94,0x71,0x94,0x65,0x29,0x61,0x10,0x61,0x10,0x61,0x10,0x61,0x10,0x61,0x10,0x61,0x10,0x61,0x10,0x61,0x10,0x61,0x10,
0x61,0x10,0x61,0x10,0x61,0x10,0x61,0x10,0x61,0x10,0x61,0x10,0x61,0x10,0x61,0x10,0x61,0x10,0x61,0x10,0x61,0x10,0x61,0x10,0x61,0x10,0x61,0x10,0x61,0x10,0x61,0x10,0x61,
0x10,0x61,0x10,0x8A,0x52,0x71,0x8C,0x71,0x94,0x71,0x94,0x71,0x94,0x71,0x94,0x71,0x94,0x71,0x94,0x71,0x94,0x71,0x94,0x71,0x94,0x71,0x94,0x71,0x94,0x71,0x94,0x71,0x94,
0x71,0x94,0x71,0x94,0x51,0x8C,0x61,0x10,0x61,0x10,0x03,0x21,0x51,0x8C,0x71,0x94,0xC3,0x18,0x61,0x10,0x61,0x10,0x61,0x10,0x61,0x10,0x61,0x10,0x61,0x10,0x61,0x10,0x61,
0x10,0x61,0x10,0x61,0x10,0x61,0x10,0x61,0x10,0x61,0x10,0x61,0x10,0x61,0x10,0x61,0x10,0x61,0x10,0x61,0x10,0x61,0x10,0x61,0x10,0x61,0x10,0x61,0x10,0x61,0x10,0x61,0x10,
0x61,0x10,0x61,0x10,0x61,0x10,0x61,0x10,0x61,0x10,0x61,0x10,0x61,0x10,0x61,0x10,0x61,0x10,0x61,0x10,0x03,0x21,0xFB,0xDE,0xFF,0xFF,0xFF,0xFF,0xFF,0xFF,0xFF,0xFF,0xFF,
0xFF,0xFF,0xFF,0xFF,0xFF,0xFF,0xFF,0xFF,0xFF,0xFF,0xFF,0xFF,0xFF,0xFF,0xFF,0xFF,0xFF,0xFF,0xFF,0xFF,0xFF,0xFF,0xFF,0xFF,0xFF,0xFF,0xFF,0xFF,0xFF,0xFF,0xFF,0xFF,0xFF,
0xFF,0xFF,0xFF,0xFF,0xFF,0xFF,0xFF,0xFF,0xFF,0xFF,0xFF,0xFF,0xFF,0xFF,0xFF,0xFF,0xFF,0xFF,0xFF,0xFF,0xFF,0xFF,0xFF,0xFF,0xFF,0xFF,0xFF,0xFF,0xFF,0xFF,0xFF,0xFF,0xFF,
0xFF,0xFF,0xFF,0xFF,0xFF,0xFF,0xFF,0xDF,0xFF,0x61,0x10,0x61,0x10,0x61,0x10,0x61,0x10,0x61,0x10,0x61,0x10,0x61,0x10,0x61,0x10,0x61,0x10,0x61,0x10,0x61,0x10,0x61,0x10,
0x61,0x10,0x61,0x10,0x61,0x10,0xFF,0xFF,0xFF,0xFF,0xFF,0xFF,0xFF,0xFF,0xFF,0xFF,0xFF,0xFF,0xFF,0xFF,0xFF,0xFF,0xFF,0xFF,0xFF,0xFF,0xFF,0xFF,0xFF,0xFF,0xFF,0xFF,0xFF,
0xFF,0x1C,0xE7,0x61,0x10,0x61,0x10,0x61,0x10,0x61,0x10,0x61,0x10,0x61,0x10,0x61,0x10,0x61,0x10,0xBA,0xD6,0xFF,0xFF,0xFF,0xFF,0xFF,0xFF,0xFF,0xFF,0xFF,0xFF,0xFF,0xFF,
0xFF,0xFF,0xFF,0xFF,0xFF,0xFF,0xFF,0xFF,0xFF,0xFF,0xFF,0xFF,0xFF,0xFF,0x71,0x8C,0x61,0x10,0x61,0x10,0x61,0x10,0x61,0x10,0x61,0x10,0x61,0x10,0x61,0x10,0x61,0x10,0x61,
0x10,0x61,0x10,0x61,0x10,0x61,0x10,0x61,0x10,0x61,0x10,0x61,0x10,0x9E,0xF7,0xFF,0xFF,0xFF,0xFF,0xFF,0xFF,0xFF,0xFF,0xFF,0xFF,0xFF,0xFF,0xFF,0xFF,0xFF,0xFF,0xFF,0xFF,
0xFF,0xFF,0xFF,0xFF,0xFF,0xFF,0xFF,0xFF,0xFF,0xFF,0xFF,0xFF,0xFF,0xFF,0xFF,0xFF,0xFF,0xFF,0xFF,0xFF,0xFF,0xFF,0xFF,0xFF,0xFF,0xFF,0xFF,0xFF,0xFF,0xFF,0xFF,0xFF,0xFF,
0xFF,0xFF,0xFF,0xFF,0xFF,0xFF,0xFF,0xFF,0xFF,0xFF,0xFF,0xFF,0xFF,0xFF,0xFF,0xFF,0xFF,0xFF,0xFF,0xFF,0xFF,0xFF,0xFF,0xFF,0xFF,0xFF,0xFF,0xFF,0xFF,0xFF,0xFF,0x61,0x10,
0x61,0x10,0x61,0x10,0x61,0x10,0x61,0x10,0x61,0x10,0x61,0x10,0x61,0x10,0x61,0x10,0x61,0x10,0x61,0x10,0x61,0x10,0x61,0x10,0x61,0x10,0x61,0x10,0xFF,0xFF,0xFF,0xFF,0xFF,
0xFF,0xFF,0xFF,0xFF,0xFF,0xFF,0xFF,0xFF,0xFF,0xFF,0xFF,0xFF,0xFF,0xFF,0xFF,0xFF,0xFF,0xFF,0xFF,0xFF,0xFF,0xFF,0xFF,0xFF,0xFF,0xFF,0xFF,0xFF,0xFF,0xFF,0xFF,0xFF,0xFF,
0xFF,0xFF,0xFF,0xFF,0xFF,0xFF,0xFF,0xFF,0xFF,0xFF,0xFF,0xFF,0xFF,0xFF,0xFF,0xFF,0xFF,0xFF,0x28,0x4A,0x61,0x10,0x61,0x10,0x61,0x10,0x61,0x10,0x61,0x10,0x61,0x10,0x61,
0x10,0x61,0x10,0x61,0x10,0x61,0x10,0x61,0x10,0x61,0x10,0x61,0x10,0x61,0x10,0x61,0x10,0x61,0x10,0x61,0x10,0x61,0x10,0x61,0x10,0x61,0x10,0x61,0x10,0x61,0x10,0x61,0x10,
0x61,0x10,0x61,0x10,0x61,0x10,0x61,0x10,0x61,0x10,0x61,0x10,0x61,0x10,0x61,0x10,0x61,0x10,0x61,0x10,0x61,0x10,0x61,0x10,0x61,0x10,0x61,0x10,0x61,0x10,0x61,0x10,0x61,
0x10,0x61,0x10,0x61,0x10,0x61,0x10,0x61,0x10,0x61,0x10,0x61,0x10,0x61,0x10,0x61,0x10,0x61,0x10,0x61,0x10,0x61,0x10,0x61,0x10,0x61,0x10,0x61,0x10,0x61,0x10,0x61,0x10,
0x61,0x10,0x61,0x10,0x61,0x10,0x61,0x10,0x61,0x10,0x61,0x10,0x61,0x10,0x61,0x10,0x82,0x10,0x10,0x84,0x71,0x94,0x44,0x29,0x61,0x10,0x61,0x10,0x61,0x10,0x71,0x94,0x71,
0x94,0x71,0x94,0x71,0x94,0x71,0x94,0x71,0x94,0x71,0x94,0x71,0x94,0x71,0x94,0x71,0x94,0x71,0x94,0x71,0x94,0x71,0x94,0x71,0x94,0x71,0x94,0xCB,0x5A,0x81,0x10,0x61,0x10,
0x61,0x10,0x61,0x10,0x61,0x10,0x61,0x10,0x61,0x10,0x61,0x10,0x61,0x10,0x61,0x10,0x61,0x10,0x61,0x10,0x61,0x10,0x61,0x10,0x61,0x10,0x61,0x10,0x61,0x10,0x61,0x10,0x61,
0x10,0x61,0x10,0x61,0x10,0x61,0x10,0x61,0x10,0x61,0x10,0x61,0x10,0x61,0x10,0x61,0x10,0x61,0x10,0x61,0x10,0x61,0x10,0x61,0x10,0x04,0x21,0x71,0x94,0x71,0x94,0x71,0x94,
0x71,0x94,0x71,0x94,0x71,0x94,0x71,0x94,0x71,0x94,0x71,0x94,0x71,0x94,0x71,0x94,0x71,0x94,0x71,0x94,0x71,0x94,0x71,0x94,0xEB,0x5A,0x61,0x10,0x61,0x10,0x61,0x10,0x8E,
0x73,0x71,0x94,0x86,0x31,0x61,0x10,0x61,0x10,0x61,0x10,0x61,0x10,0x61,0x10,0x61,0x10,0x61,0x10,0x61,0x10,0x61,0x10,0x61,0x10,0x61,0x10,0x61,0x10,0x61,0x10,0x61,0x10,
0x61,0x10,0x61,0x10,0x61,0x10,0x61,0x10,0x61,0x10,0x61,0x10,0x61,0x10,0x61,0x10,0x61,0x10,0x61,0x10,0x61,0x10,0x61,0x10,0x61,0x10,0x61,0x10,0x61,0x10,0x61,0x10,0x61,
0x10,0x61,0x10,0xCF,0x7B,0xFF,0xFF,0xFF,0xFF,0xFF,0xFF,0xFF,0xFF,0xFF,0xFF,0xFF,0xFF,0xFF,0xFF,0xFF,0xFF,0xFF,0xFF,0xFF,0xFF,0xFF,0xFF,0xFF,0xFF,0xFF,0xFF,0xFF,0xFF,
0xFF,0xFF,0xFF,0xFF,0xFF,0xFF,0xFF,0xFF,0xFF,0xFF,0xFF,0xFF,0xFF,0xFF,0xFF,0xFF,0xFF,0xFF,0xFF,0xFF,0xFF,0xFF,0xFF,0xFF,0xFF,0xFF,0xFF,0xFF,0xFF,0xFF,0xFF,0xFF,0xFF,
0xFF,0xFF,0xFF,0xFF,0xFF,0xFF,0xFF,0xFF,0xFF,0xFF,0xFF,0xFF,0xFF,0xFF,0xFF,0xFF,0xFF,0xFF,0xFF,0xFF,0xFF,0xFF,0xFF,0xFF,0xFF,0xFF,0xFF,0x3C,0xE7,0x61,0x10,0x61,0x10,
0x61,0x10,0x61,0x10,0x61,0x10,0x61,0x10,0x61,0x10,0x61,0x10,0x61,0x10,0x61,0x10,0x61,0x10,0x61,0x10,0x61,0x10,0x61,0x10,0xFF,0xFF,0xFF,0xFF,0xFF,0xFF,0xFF,0xFF,0xFF,
0xFF,0xFF,0xFF,0xFF,0xFF,0xFF,0xFF,0xFF,0xFF,0xFF,0xFF,0xFF,0xFF,0xFF,0xFF,0xFF,0xFF,0xFF,0xFF,0x1C,0xE7,0x61,0x10,0x61,0x10,0x61,0x10,0x61,0x10,0x61,0x10,0x61,0x10,
0x61,0x10,0x61,0x10,0xBA,0xD6,0xFF,0xFF,0xFF,0xFF,0xFF,0xFF,0xFF,0xFF,0xFF,0xFF,0xFF,0xFF,0xFF,0xFF,0xFF,0xFF,0xFF,0xFF,0xFF,0xFF,0xFF,0xFF,0xFF,0xFF,0xFF,0xFF,0x71,
0x8C,0x61,0x10,0x61,0x10,0x61,0x10,0x61,0x10,0x61,0x10,0x61,0x10,0x61,0x10,0x61,0x10,0x61,0x10,0x61,0x10,0x61,0x10,0x61,0x10,0x61,0x10,0xE3,0x18,0xFB,0xDE,0xFF,0xFF,
0xFF,0xFF,0xFF,0xFF,0xFF,0xFF,0xFF,0xFF,0xFF,0xFF,0xFF,0xFF,0xFF,0xFF,0xFF,0xFF,0xFF,0xFF,0xFF,0xFF,0xFF,0xFF,0xFF,0xFF,0xFF,0xFF,0xFF,0xFF,0xFF,0xFF,0xFF,0xFF,0xFF,
0xFF,0xFF,0xFF,0xFF,0xFF,0xFF,0xFF,0xFF,0xFF,0xFF,0xFF,0xFF,0xFF,0xFF,0xFF,0xFF,0xFF,0xFF,0xFF,0xFF,0xFF,0xFF,0xFF,0xFF,0xFF,0xFF,0xFF,0xFF,0xFF,0xFF,0xFF,0xFF,0xFF,
0xFF,0xFF,0xFF,0xFF,0xFF,0xFF,0xFF,0xFF,0xFF,0xFF,0xFF,0xFF,0xFF,0xFF,0xFF,0xFF,0xEF,0x83,0x61,0x10,0x61,0x10,0x61,0x10,0x61,0x10,0x61,0x10,0x61,0x10,0x61,0x10,0x61,
0x10,0x61,0x10,0x61,0x10,0x61,0x10,0x61,0x10,0x61,0x10,0x61,0x10,0xFF,0xFF,0xFF,0xFF,0xFF,0xFF,0xFF,0xFF,0xFF,0xFF,0xFF,0xFF,0xFF,0xFF,0xFF,0xFF,0xFF,0xFF,0xFF,0xFF,
0xFF,0xFF,0xFF,0xFF,0xFF,0xFF,0xFF,0xFF,0xFF,0xFF,0xFF,0xFF,0xFF,0xFF,0xFF,0xFF,0xFF,0xFF,0xFF,0xFF,0xFF,0xFF,0xFF,0xFF,0xFF,0xFF,0xFF,0xFF,0xFF,0xFF,0xFF,0xFF,0xFF,
0xFF,0xFF,0xFF,0x28,0x4A,0x61,0x10,0x61,0x10,0x61,0x10,0x61,0x10,0x61,0x10,0x61,0x10,0x61,0x10,0x61,0x10,0x61,0x10,0x61,0x10,0x61,0x10,0x61,0x10,0x61,0x10,0x61,0x10,
0x61,0x10,0x61,0x10,0x61,0x10,0x61,0x10,0x61,0x10,0x61,0x10,0x61,0x10,0x61,0x10,0x61,0x10,0x61,0x10,0x61,0x10,0x61,0x10,0x61,0x10,0x61,0x10,0x61,0x10,0x61,0x10,0x61,
0x10,0x61,0x10,0x61,0x10,0x61,0x10,0x61,0x10,0x61,0x10,0x61,0x10,0x61,0x10,0x61,0x10,0x61,0x10,0x61,0x10,0x61,0x10,0x61,0x10,0x61,0x10,0x61,0x10,0x61,0x10,0x61,0x10,
0x61,0x10,0x61,0x10,0x61,0x10,0x61,0x10,0x61,0x10,0x61,0x10,0x61,0x10,0x61,0x10,0x61,0x10,0x61,0x10,0x61,0x10,0x61,0x10,0x61,0x10,0x61,0x10,0x61,0x10,0x61,0x10,0x61,
0x10,0x49,0x4A,0x71,0x94,0x71,0x94,0x61,0x10,0x61,0x10,0x61,0x10,0xA2,0x10,0x71,0x94,0x71,0x94,0x71,0x94,0x71,0x94,0x71,0x94,0x71,0x94,0x71,0x94,0x71,0x94,0x71,0x94,
0x71,0x94,0x71,0x94,0x71,0x94,0x71,0x94,0x71,0x94,0x71,0x94,0x61,0x10,0x61,0x10,0x61,0x10,0x61,0x10,0x61,0x10,0x61,0x10,0x61,0x10,0x61,0x10,0x61,0x10,0x61,0x10,0x61,
0x10,0x61,0x10,0x61,0x10,0x61,0x10,0x61,0x10,0x61,0x10,0x61,0x10,0x61,0x10,0x61,0x10,0x61,0x10,0x61,0x10,0x61,0x10,0x61,0x10,0x61,0x10,0x61,0x10,0x61,0x10,0x61,0x10,
0x61,0x10,0x61,0x10,0x61,0x10,0x61,0x10,0x61,0x10,0x61,0x10,0xCF,0x7B,0x71,0x94,0x71,0x94,0x71,0x94,0x71,0x94,0x71,0x94,0x71,0x94,0x71,0x94,0x71,0x94,0x71,0x94,0x71,
0x94,0x71,0x94,0x71,0x94,0x71,0x94,0x71,0x94,0x71,0x94,0x61,0x10,0x61,0x10,0x61,0x10,0x04,0x21,0x71,0x94,0xCF,0x7B,0x61,0x10,0x61,0x10,0x61,0x10,0x61,0x10,0x61,0x10,
0x61,0x10,0x61,0x10,0x61,0x10,0x61,0x10,0x61,0x10,0x61,0x10,0x61,0x10,0x61,0x10,0x61,0x10,0x61,0x10,0x61,0x10,0x61,0x10,0x61,0x10,0x61,0x10,0x61,0x10,0x61,0x10,0x61,
0x10,0x61,0x10,0x61,0x10,0x61,0x10,0x61,0x10,0x61,0x10,0x61,0x10,0x61,0x10,0x61,0x10,0x61,0x10,0x61,0x10,0xDF,0xFF,0xFF,0xFF,0xFF,0xFF,0xFF,0xFF,0xFF,0xFF,0xFF,0xFF,
0xFF,0xFF,0xFF,0xFF,0xFF,0xFF,0xFF,0xFF,0xFF,0xFF,0xFF,0xFF,0xFF,0xFF,0xFF,0xFF,0xFF,0xFF,0xFF,0xFF,0xFF,0xFF,0xFF,0xFF,0xFF,0xFF,0xFF,0xFF,0xFF,0xFF,0xFF,0xFF,0xFF,
0xFF,0xFF,0xFF,0xFF,0xFF,0xFF,0xFF,0xFF,0xFF,0xFF,0xFF,0xFF,0xFF,0xFF,0xFF,0xFF,0xFF,0xFF,0xFF,0xFF,0xFF,0xFF,0xFF,0xFF,0xFF,0xFF,0xFF,0xFF,0xFF,0xFF,0xFF,0xFF,0xFF,
0xFF,0xFF,0xFF,0xFF,0xFF,0xFF,0xFF,0xFF,0xFF,0xFF,0xFF,0xFF,0xFF,0xFF,0x82,0x10,0x61,0x10,0x61,0x10,0x61,0x10,0x61,0x10,0x61,0x10,0x61,0x10,0x61,0x10,0x61,0x10,0x61,
0x10,0x61,0x10,0x61,0x10,0x61,0x10,0x61,0x10,0xFF,0xFF,0xFF,0xFF,0xFF,0xFF,0xFF,0xFF,0xFF,0xFF,0xFF,0xFF,0xFF,0xFF,0xFF,0xFF,0xFF,0xFF,0xFF,0xFF,0xFF,0xFF,0xFF,0xFF,
0xFF,0xFF,0xFF,0xFF,0x1C,0xE7,0x61,0x10,0x61,0x10,0x61,0x10,0x61,0x10,0x61,0x10,0x61,0x10,0x61,0x10,0x61,0x10,0xBA,0xD6,0xFF,0xFF,0xFF,0xFF,0xFF,0xFF,0xFF,0xFF,0xFF,
0xFF,0xFF,0xFF,0xFF,0xFF,0xFF,0xFF,0xFF,0xFF,0xFF,0xFF,0xFF,0xFF,0xFF,0xFF,0xFF,0xFF,0x71,0x8C,0x61,0x10,0x61,0x10,0x61,0x10,0x61,0x10,0x61,0x10,0x61,0x10,0x61,0x10,
0x61,0x10,0x61,0x10,0x61,0x10,0x61,0x10,0x61,0x10,0x61,0x10,0x75,0xB5,0xFF,0xFF,0xFF,0xFF,0xFF,0xFF,0xFF,0xFF,0xFF,0xFF,0xFF,0xFF,0xFF,0xFF,0xFF,0xFF,0xFF,0xFF,0xFF,
0xFF,0xFF,0xFF,0xFF,0xFF,0xFF,0xFF,0xFF,0xFF,0xFF,0xFF,0xFF,0xFF,0xFF,0xFF,0xFF,0xFF,0xFF,0xFF,0xFF,0xFF,0xFF,0xFF,0xFF,0xFF,0xFF,0xFF,0xFF,0xFF,0xFF,0xFF,0xFF,0xFF,
0xFF,0xFF,0xFF,0xFF,0xFF,0xFF,0xFF,0xFF,0xFF,0xFF,0xFF,0xFF,0xFF,0xFF,0xFF,0xFF,0xFF,0xFF,0xFF,0xFF,0xFF,0xFF,0xFF,0xFF,0xFF,0xFF,0xFF,0xFF,0xFF,0xFF,0xFF,0xFF,0xFF,
0xFF,0xFF,0xFF,0x61,0x10,0x61,0x10,0x61,0x10,0x61,0x10,0x61,0x10,0x61,0x10,0x61,0x10,0x61,0x10,0x61,0x10,0x61,0x10,0x61,0x10,0x61,0x10,0x61,0x10,0x61,0x10,0xFF,0xFF,
0xFF,0xFF,0xFF,0xFF,0xFF,0xFF,0xFF,0xFF,0xFF,0xFF,0xFF,0xFF,0xFF,0xFF,0xFF,0xFF,0xFF,0xFF,0xFF,0xFF,0xFF,0xFF,0xFF,0xFF,0xFF,0xFF,0xFF,0xFF,0xFF,0xFF,0xFF,0xFF,0xFF,
0xFF,0xFF,0xFF,0xFF,0xFF,0xFF,0xFF,0xFF,0xFF,0xFF,0xFF,0xFF,0xFF,0xFF,0xFF,0xFF,0xFF,0xFF,0xFF,0xFF,0xFF,0x28,0x4A,0x61,0x10,0x61,0x10,0x61,0x10,0x61,0x10,0x61,0x10,
0x61,0x10,0x61,0x10,0x61,0x10,0x61,0x10,0x61,0x10,0x61,0x10,0x61,0x10,0x61,0x10,0x61,0x10,0x61,0x10,0x61,0x10,0x61,0x10,0x61,0x10,0x61,0x10,0x61,0x10,0x61,0x10,0x61,
0x10,0x61,0x10,0x61,0x10,0x61,0x10,0x61,0x10,0x61,0x10,0x61,0x10,0x61,0x10,0x61,0x10,0x61,0x10,0x61,0x10,0x61,0x10,0x61,0x10,0x61,0x10,0x61,0x10,0x61,0x10,0x61,0x10,
0x61,0x10,0x61,0x10,0x61,0x10,0x61,0x10,0x61,0x10,0x61,0x10,0x61,0x10,0x61,0x10,0x61,0x10,0x61,0x10,0x61,0x10,0x61,0x10,0x61,0x10,0x61,0x10,0x61,0x10,0x61,0x10,0x61,
0x10,0x61,0x10,0x61,0x10,0x61,0x10,0x61,0x10,0x61,0x10,0x61,0x10,0x61,0x10,0x61,0x10,0xEB,0x62,0x71,0x94,0x71,0x94,0xE7,0x41,0x61,0x10,0x61,0x10,0x45,0x29,0x71,0x8C,
0x71,0x94,0x71,0x94,0x71,0x94,0x71,0x94,0x71,0x94,0x71,0x94,0x71,0x94,0x71,0x94,0x71,0x94,0x71,0x94,0x71,0x94,0x71,0x94,0x71,0x94,0x71,0x94,0x69,0x4A,0x61,0x10,0x61,
0x10,0x61,0x10,0x61,0x10,0x61,0x10,0x61,0x10,0x61,0x10,0x61,0x10,0x61,0x10,0x61,0x10,0x61,0x10,0x61,0x10,0x61,0x10,0x61,0x10,0x61,0x10,0x61,0x10,0x61,0x10,0x61,0x10,
0x61,0x10,0x61,0x10,0x61,0x10,0x61,0x10,0x61,0x10,0x61,0x10,0x61,0x10,0x61,0x10,0x61,0x10,0x61,0x10,0x61,0x10,0x61,0x10,0x61,0x10,0x61,0x10,0x61,0x10,0x61,0x10,0x10,
0x84,0x71,0x94,0x71,0x94,0x71,0x94,0x71,0x94,0x71,0x94,0x71,0x94,0x71,0x94,0x71,0x94,0x71,0x94,0x71,0x94,0x71,0x94,0x71,0x94,0x71,0x94,0x71,0x94,0xEB,0x5A,0x61,0x10,
0x61,0x10,0x61,0x10,0x71,0x94,0x71,0x94,0xA2,0x18,0x61,0x10,0x61,0x10,0x61,0x10,0x61,0x10,0x61,0x10,0x61,0x10,0x61,0x10,0x61,0x10,0x61,0x10,0x61,0x10,0x61,0x10,0x61,
0x10,0x61,0x10,0x61,0x10,0x61,0x10,0x61,0x10,0x61,0x10,0x61,0x10,0x61,0x10,0x61,0x10,0x61,0x10,0x61,0x10,0x61,0x10,0x61,0x10,0x61,0x10,0x61,0x10,0x61,0x10,0x61,0x10,
0x61,0x10,0x61,0x10,0x61,0x10,0xFF,0xFF,0xFF,0xFF,0xFF,0xFF,0xFF,0xFF,0xFF,0xFF,0xFF,0xFF,0xFF,0xFF,0xFF,0xFF,0xFF,0xFF,0xFF,0xFF,0xFF,0xFF,0xFF,0xFF,0xFF,0xFF,0xFF,
0xFF,0xFF,0xFF,0xFF,0xFF,0xFF,0xFF,0xFF,0xFF,0xFF,0xFF,0xFF,0xFF,0xFF,0xFF,0xFF,0xFF,0xFF,0xFF,0xFF,0xFF,0xFF,0xFF,0xFF,0xFF,0xFF,0xFF,0xFF,0xFF,0xFF,0xFF,0xFF,0xFF,
0xFF,0xFF,0xFF,0xFF,0xFF,0xFF,0xFF,0xFF,0xFF,0xFF,0xFF,0xFF,0xFF,0xFF,0xFF,0xFF,0xFF,0xFF,0xFF,0xFF,0xFF,0xFF,0xFF,0xFF,0xFF,0xFF,0xFF,0xFF,0xFF,0xFF,0xFF,0xFF,0xFF,
0xFF,0x61,0x10,0x61,0x10,0x61,0x10,0x61,0x10,0x61,0x10,0x61,0x10,0x61,0x10,0x61,0x10,0x61,0x10,0x61,0x10,0x61,0x10,0x61,0x10,0x61,0x10,0xFF,0xFF,0xFF,0xFF,0xFF,0xFF,
0xFF,0xFF,0xFF,0xFF,0xFF,0xFF,0xFF,0xFF,0xFF,0xFF,0xFF,0xFF,0xFF,0xFF,0xFF,0xFF,0xFF,0xFF,0xFF,0xFF,0xFF,0xFF,0x1C,0xE7,0x61,0x10,0x61,0x10,0x61,0x10,0x61,0x10,0x61,
0x10,0x61,0x10,0x61,0x10,0x61,0x10,0xBA,0xD6,0xFF,0xFF,0xFF,0xFF,0xFF,0xFF,0xFF,0xFF,0xFF,0xFF,0xFF,0xFF,0xFF,0xFF,0xFF,0xFF,0xFF,0xFF,0xFF,0xFF,0xFF,0xFF,0xFF,0xFF,
0xFF,0xFF,0x71,0x8C,0x61,0x10,0x61,0x10,0x61,0x10,0x61,0x10,0x61,0x10,0x61,0x10,0x61,0x10,0x61,0x10,0x61,0x10,0x61,0x10,0x61,0x10,0x61,0x10,0xBE,0xF7,0xFF,0xFF,0xFF,
0xFF,0xFF,0xFF,0xFF,0xFF,0xFF,0xFF,0xFF,0xFF,0xFF,0xFF,0xFF,0xFF,0xFF,0xFF,0xFF,0xFF,0xFF,0xFF,0xFF,0xFF,0xFF,0xFF,0xFF,0xFF,0xFF,0xFF,0xFF,0xFF,0xFF,0xFF,0xFF,0xFF,
0xFF,0xFF,0xFF,0xFF,0xFF,0xFF,0xFF,0xFF,0xFF,0xFF,0xFF,0xFF,0xFF,0xFF,0xFF,0xFF,0xFF,0xFF,0xFF,0xFF,0xFF,0xFF,0xFF,0xFF,0xFF,0xFF,0xFF,0xFF,0xFF,0xFF,0xFF,0xFF,0xFF,
0xFF,0xFF,0xFF,0xFF,0xFF,0xFF,0xFF,0xFF,0xFF,0xFF,0xFF,0xFF,0xFF,0xFF,0xFF,0xFF,0xFF,0xFF,0xFF,0xFF,0xFF,0xB6,0xB5,0x61,0x10,0x61,0x10,0x61,0x10,0x61,0x10,0x61,0x10,
0x61,0x10,0x61,0x10,0x61,0x10,0x61,0x10,0x61,0x10,0x61,0x10,0x61,0x10,0x61,0x10,0xFF,0xFF,0xFF,0xFF,0xFF,0xFF,0xFF,0xFF,0xFF,0xFF,0xFF,0xFF,0xFF,0xFF,0xFF,0xFF,0xFF,
0xFF,0xFF,0xFF,0xFF,0xFF,0xFF,0xFF,0xFF,0xFF,0xFF,0xFF,0xFF,0xFF,0xFF,0xFF,0xFF,0xFF,0xFF,0xFF,0xFF,0xFF,0xFF,0xFF,0xFF,0xFF,0xFF,0xFF,0xFF,0xFF,0xFF,0xFF,0xFF,0xFF,
0xFF,0xFF,0xFF,0xFF,0xFF,0xFF,0x28,0x4A,0x61,0x10,0x61,0x10,0x61,0x10,0x61,0x10,0x61,0x10,0x61,0x10,0x61,0x10,0x61,0x10,0x61,0x10,0x61,0x10,0x61,0x10,0x61,0x10,0x61,
0x10,0x61,0x10,0x61,0x10,0x61,0x10,0x61,0x10,0x61,0x10,0x61,0x10,0x61,0x10,0x61,0x10,0x61,0x10,0x61,0x10,0x61,0x10,0x61,0x10,0x61,0x10,0x61,0x10,0x61,0x10,0x61,0x10,
0x61,0x10,0x61,0x10,0x61,0x10,0x61,0x10,0x61,0x10,0x61,0x10,0x61,0x10,0x61,0x10,0x61,0x10,0x61,0x10,0x61,0x10,0x61,0x10,0x61,0x10,0x61,0x10,0x61,0x10,0x61,0x10,0x61,
0x10,0x61,0x10,0x61,0x10,0x61,0x10,0x61,0x10,0x61,0x10,0x61,0x10,0x61,0x10,0x61,0x10,0x61,0x10,0x61,0x10,0x61,0x10,0x61,0x10,0x61,0x10,0x61,0x10,0x61,0x10,0x61,0x10,
0x61,0x10,0x71,0x8C,0x71,0x94,0x71,0x94,0x61,0x10,0x61,0x10,0x81,0x10,0xCF,0x7B,0x71,0x94,0x71,0x94,0x71,0x94,0x71,0x94,0x71,0x94,0x71,0x94,0x71,0x94,0x71,0x94,0x71,
0x94,0x71,0x94,0x71,0x94,0x71,0x94,0x71,0x94,0x71,0x94,0xCB,0x5A,0x61,0x10,0x61,0x10,0x61,0x10,0x61,0x10,0x61,0x10,0x61,0x10,0x61,0x10,0x61,0x10,0x61,0x10,0x61,0x10,
0x61,0x10,0x61,0x10,0x61,0x10,0x61,0x10,0x61,0x10,0x61,0x10,0x61,0x10,0x61,0x10,0x61,0x10,0x61,0x10,0x61,0x10,0x61,0x10,0x61,0x10,0x61,0x10,0x61,0x10,0x61,0x10,0x61,
0x10,0x61,0x10,0x61,0x10,0x61,0x10,0x61,0x10,0x61,0x10,0x61,0x10,0x61,0x10,0x61,0x10,0x24,0x21,0x71,0x94,0x71,0x94,0x71,0x94,0x71,0x94,0x71,0x94,0x71,0x94,0x71,0x94,
0x71,0x94,0x71,0x94,0x71,0x94,0x71,0x94,0x71,0x94,0x71,0x94,0x71,0x94,0x71,0x8C,0x61,0x10,0x61,0x10,0x61,0x10,0x71,0x94,0x71,0x94,0x8A,0x52,0x61,0x10,0x61,0x10,0x61,
0x10,0x61,0x10,0x61,0x10,0x61,0x10,0x61,0x10,0x61,0x10,0x61,0x10,0x61,0x10,0x61,0x10,0x61,0x10,0x61,0x10,0x61,0x10,0x61,0x10,0x61,0x10,0x61,0x10,0x61,0x10,0x61,0x10,
0x61,0x10,0x61,0x10,0x61,0x10,0x61,0x10,0x61,0x10,0x61,0x10,0x61,0x10,0x61,0x10,0x61,0x10,0x61,0x10,0x61,0x10,0xE3,0x20,0xFF,0xFF,0xFF,0xFF,0xFF,0xFF,0xFF,0xFF,0xFF,
0xFF,0xFF,0xFF,0xFF,0xFF,0xFF,0xFF,0xFF,0xFF,0xFF,0xFF,0xFF,0xFF,0xFF,0xFF,0xFF,0xFF,0xFF,0xFF,0xFF,0xFF,0xFF,0xFF,0xFF,0xFF,0xFF,0xFF,0xFF,0xFF,0xFF,0xFF,0xFF,0xFF,
0xFF,0xFF,0xFF,0xFF,0xFF,0xFF,0xFF,0xFF,0xFF,0xFF,0xFF,0xFF,0xFF,0xFF,0xFF,0xFF,0xFF,0xFF,0xFF,0xFF,0xFF,0xFF,0xFF,0xFF,0xFF,0xFF,0xFF,0xFF,0xFF,0xFF,0xFF,0xFF,0xFF,
0xFF,0xFF,0xFF,0xFF,0xFF,0xFF,0xFF,0xFF,0xFF,0xFF,0xFF,0xFF,0xFF,0xFF,0xFF,0xFF,0xFF,0xFF,0xFF,0x82,0x10,0x61,0x10,0x61,0x10,0x61,0x10,0x61,0x10,0x61,0x10,0x61,0x10,
0x61,0x10,0x61,0x10,0x61,0x10,0x61,0x10,0x61,0x10,0x61,0x10,0xFF,0xFF,0xFF,0xFF,0xFF,0xFF,0xFF,0xFF,0xFF,0xFF,0xFF,0xFF,0xFF,0xFF,0xFF,0xFF,0xFF,0xFF,0xFF,0xFF,0xFF,
0xFF,0xFF,0xFF,0xFF,0xFF,0xFF,0xFF,0x1C,0xE7,0x61,0x10,0x61,0x10,0x61,0x10,0x61,0x10,0x61,0x10,0x61,0x10,0x61,0x10,0x61,0x10,0xBA,0xD6,0xFF,0xFF,0xFF,0xFF,0xFF,0xFF,
0xFF,0xFF,0xFF,0xFF,0xFF,0xFF,0xFF,0xFF,0xFF,0xFF,0xFF,0xFF,0xFF,0xFF,0xFF,0xFF,0xFF,0xFF,0xFF,0xFF,0x71,0x8C,0x61,0x10,0x61,0x10,0x61,0x10,0x61,0x10,0x61,0x10,0x61,
0x10,0x61,0x10,0x61,0x10,0x61,0x10,0x61,0x10,0x61,0x10,0x61,0x10,0xFF,0xFF,0xFF,0xFF,0xFF,0xFF,0xFF,0xFF,0xFF,0xFF,0xFF,0xFF,0xFF,0xFF,0xFF,0xFF,0xFF,0xFF,0xFF,0xFF,
0xFF,0xFF,0xFF,0xFF,0xFF,0xFF,0xFF,0xFF,0xFF,0xFF,0xFF,0xFF,0xFF,0xFF,0xFF,0xFF,0xFF,0xFF,0xFF,0xFF,0xFF,0xFF,0xFF,0xFF,0xFF,0xFF,0xFF,0xFF,0xFF,0xFF,0xFF,0xFF,0xFF,
0xFF,0xFF,0xFF,0xFF,0xFF,0xFF,0xFF,0xFF,0xFF,0xFF,0xFF,0xFF,0xFF,0xFF,0xFF,0xFF,0xFF,0xFF,0xFF,0xFF,0xFF,0xFF,0xFF,0xFF,0xFF,0xFF,0xFF,0xFF,0xFF,0xFF,0xFF,0xFF,0xFF,
0xFF,0xFF,0xFF,0xFF,0xFF,0xFF,0xFF,0xFF,0x2C,0x63,0x61,0x10,0x61,0x10,0x61,0x10,0x61,0x10,0x61,0x10,0x61,0x10,0x61,0x10,0x61,0x10,0x61,0x10,0x61,0x10,0x61,0x10,0x61,
0x10,0xFF,0xFF,0xFF,0xFF,0xFF,0xFF,0xFF,0xFF,0xFF,0xFF,0xFF,0xFF,0xFF,0xFF,0xFF,0xFF,0xFF,0xFF,0xFF,0xFF,0xFF,0xFF,0xFF,0xFF,0xFF,0xFF,0xFF,0xFF,0xFF,0xFF,0xFF,0xFF,
0xFF,0xFF,0xFF,0xFF,0xFF,0xFF,0xFF,0xFF,0xFF,0xFF,0xFF,0xFF,0xFF,0xFF,0xFF,0xFF,0xFF,0xFF,0xFF,0xFF,0xFF,0xFF,0xFF,0xFF,0x28,0x4A,0x61,0x10,0x61,0x10,0x61,0x10,0x61,
0x10,0x61,0x10,0x61,0x10,0x61,0x10,0x61,0x10,0x61,0x10,0x61,0x10,0x61,0x10,0x61,0x10,0x61,0x10,0x61,0x10,0x61,0x10,0x61,0x10,0x61,0x10,0x61,0x10,0x61,0x10,0x61,0x10,
0x61,0x10,0x61,0x10,0x61,0x10,0x61,0x10,0x61,0x10,0x61,0x10,0x61,0x10,0x61,0x10,0x61,0x10,0x61,0x10,0x61,0x10,0x61,0x10,0x61,0x10,0x61,0x10,0x61,0x10,0x61,0x10,0x61,
0x10,0x61,0x10,0x61,0x10,0x61,0x10,0x61,0x10,0x61,0x10,0x61,0x10,0x61,0x10,0x61,0x10,0x61,0x10,0x61,0x10,0x61,0x10,0x61,0x10,0x61,0x10,0x61,0x10,0x61,0x10,0x61,0x10,
0x61,0x10,0x61,0x10,0x61,0x10,0x61,0x10,0x61,0x10,0x61,0x10,0x61,0x10,0x61,0x10,0x61,0x10,0x61,0x10,0x71,0x94,0x71,0x94,0x6D,0x73,0x61,0x10,0x61,0x10,0x10,0x84,0x71,
0x94,0x71,0x94,0x71,0x94,0x71,0x94,0x71,0x94,0x71,0x94,0x71,0x94,0x71,0x94,0x71,0x94,0x71,0x94,0x71,0x94,0x71,0x94,0x71,0x94,0x71,0x94,0xC3,0x18,0x61,0x10,0x61,0x10,
0x61,0x10,0x61,0x10,0x61,0x10,0x61,0x10,0x61,0x10,0x61,0x10,0x61,0x10,0x61,0x10,0x61,0x10,0x61,0x10,0x61,0x10,0x61,0x10,0x61,0x10,0x61,0x10,0x61,0x10,0x61,0x10,0x61,
0x10,0x61,0x10,0x61,0x10,0x61,0x10,0x61,0x10,0x61,0x10,0x61,0x10,0x61,0x10,0x61,0x10,0x61,0x10,0x61,0x10,0x61,0x10,0x61,0x10,0x61,0x10,0x61,0x10,0x61,0x10,0x61,0x10,
0x61,0x10,0x61,0x10,0x8A,0x52,0x71,0x94,0x71,0x94,0x71,0x94,0x71,0x94,0x71,0x94,0x71,0x94,0x71,0x94,0x71,0x94,0x71,0x94,0x71,0x94,0x71,0x94,0x71,0x94,0x71,0x94,0x71,
0x94,0xE7,0x41,0x61,0x10,0x61,0x10,0xE7,0x39,0x71,0x94,0x71,0x94,0x69,0x52,0x61,0x10,0x61,0x10,0x61,0x10,0x61,0x10,0x61,0x10,0x61,0x10,0x61,0x10,0x61,0x10,0x61,0x10,
0x61,0x10,0x61,0x10,0x61,0x10,0x61,0x10,0x61,0x10,0x61,0x10,0x61,0x10,0x61,0x10,0x61,0x10,0x61,0x10,0x61,0x10,0x61,0x10,0x61,0x10,0x61,0x10,0x61,0x10,0x61,0x10,0x61,
0x10,0x61,0x10,0x61,0x10,0x04,0x21,0xBE,0xF7,0xFF,0xFF,0xFF,0xFF,0xFF,0xFF,0xFF,0xFF,0xFF,0xFF,0xFF,0xFF,0xFF,0xFF,0xFF,0xFF,0xFF,0xFF,0xFF,0xFF,0xFF,0xFF,0xFF,0xFF,
0xFF,0xFF,0xFF,0xFF,0xFF,0xFF,0xFF,0xFF,0xFF,0xFF,0xFF,0xFF,0xFF,0xFF,0xFF,0xFF,0xFF,0xFF,0xFF,0xFF,0xFF,0xFF,0xFF,0xFF,0xFF,0xFF,0xFF,0xFF,0xFF,0xFF,0xFF,0xFF,0xFF,
0xFF,0xFF,0xFF,0xFF,0xFF,0xFF,0xFF,0xFF,0xFF,0xFF,0xFF,0xFF,0xFF,0xFF,0xFF,0xFF,0xFF,0xFF,0xFF,0xFF,0xFF,0xFF,0xFF,0xFF,0xFF,0xFF,0xFF,0xFF,0xFF,0xFF,0xFF,0xFF,0xFF,
0xFF,0xFF,0xFF,0xFF,0x9E,0xF7,0x45,0x29,0x61,0x10,0x61,0x10,0x61,0x10,0x61,0x10,0x61,0x10,0x61,0x10,0x61,0x10,0x61,0x10,0x61,0x10,0x61,0x10,0x61,0x10,0xFF,0xFF,0xFF,
0xFF,0xFF,0xFF,0xFF,0xFF,0xFF,0xFF,0xFF,0xFF,0xFF,0xFF,0xFF,0xFF,0xFF,0xFF,0xFF,0xFF,0xFF,0xFF,0xFF,0xFF,0xFF,0xFF,0xFF,0xFF,0x1C,0xE7,0x61,0x10,0x61,0x10,0x61,0x10,
0x61,0x10,0x61,0x10,0x61,0x10,0x61,0x10,0x61,0x10,0xBA,0xD6,0xFF,0xFF,0xFF,0xFF,0xFF,0xFF,0xFF,0xFF,0xFF,0xFF,0xFF,0xFF,0xFF,0xFF,0xFF,0xFF,0xFF,0xFF,0xFF,0xFF,0xFF,
0xFF,0xFF,0xFF,0xFF,0xFF,0x71,0x8C,0x61,0x10,0x61,0x10,0x61,0x10,0x61,0x10,0x61,0x10,0x61,0x10,0x61,0x10,0x61,0x10,0x61,0x10,0x61,0x10,0x61,0x10,0xE3,0x18,0xFF,0xFF,
0xFF,0xFF,0xFF,0xFF,0xFF,0xFF,0xFF,0xFF,0xFF,0xFF,0xFF,0xFF,0xFF,0xFF,0xFF,0xFF,0xFF,0xFF,0xFF,0xFF,0xFF,0xFF,0xFF,0xFF,0xFF,0xFF,0xFF,0xFF,0xFF,0xFF,0xFF,0xFF,0xFF,
0xFF,0xFF,0xFF,0xFF,0xFF,0xFF,0xFF,0xFF,0xFF,0xFF,0xFF,0xFF,0xFF,0xFF,0xFF,0xFF,0xFF,0xFF,0xFF,0xFF,0xFF,0xFF,0xFF,0xFF,0xFF,0xFF,0xFF,0xFF,0xFF,0xFF,0xFF,0xFF,0xFF,
0xFF,0xFF,0xFF,0xFF,0xFF,0xFF,0xFF,0xFF,0xFF,0xFF,0xFF,0xFF,0xFF,0xFF,0xFF,0xFF,0xFF,0xFF,0xFF,0xFF,0xFF,0xFF,0xFF,0xFF,0xFF,0xFF,0xFF,0xFF,0x71,0x8C,0x61,0x10,0x61,
0x10,0x61,0x10,0x61,0x10,0x61,0x10,0x61,0x10,0x61,0x10,0x61,0x10,0x61,0x10,0x61,0x10,0x61,0x10,0xFF,0xFF,0xFF,0xFF,0xFF,0xFF,0xFF,0xFF,0xFF,0xFF,0xFF,0xFF,0xFF,0xFF,
0xFF,0xFF,0xFF,0xFF,0xFF,0xFF,0xFF,0xFF,0xFF,0xFF,0xFF,0xFF,0xFF,0xFF,0xFF,0xFF,0xFF,0xFF,0xFF,0xFF,0xFF,0xFF,0xFF,0xFF,0xFF,0xFF,0xFF,0xFF,0xFF,0xFF,0xFF,0xFF,0xFF,
0xFF,0xFF,0xFF,0xFF,0xFF,0xFF,0xFF,0xFF,0xFF,0x28,0x4A,0x61,0x10,0x61,0x10,0x61,0x10,0x61,0x10,0x61,0x10,0x61,0x10,0x61,0x10,0x61,0x10,0x61,0x10,0x61,0x10,0x61,0x10,
0x61,0x10,0x61,0x10,0x61,0x10,0x61,0x10,0x61,0x10,0x61,0x10,0x61,0x10,0x61,0x10,0x61,0x10,0x61,0x10,0x61,0x10,0x61,0x10,0x61,0x10,0x61,0x10,0x61,0x10,0x61,0x10,0x61,
0x10,0x61,0x10,0x61,0x10,0x61,0x10,0x61,0x10,0x61,0x10,0x61,0x10,0x61,0x10,0x61,0x10,0x61,0x10,0x61,0x10,0x61,0x10,0x61,0x10,0x61,0x10,0x61,0x10,0x61,0x10,0x61,0x10,
0x61,0x10,0x61,0x10,0x61,0x10,0x61,0x10,0x61,0x10,0x61,0x10,0x61,0x10,0x61,0x10,0x61,0x10,0x61,0x10,0x61,0x10,0x61,0x10,0x61,0x10,0x61,0x10,0x61,0x10,0x61,0x10,0x61,
0x10,0x61,0x10,0xC3,0x18,0x71,0x94,0x8E,0x73,0x61,0x10,0x61,0x10,0xC3,0x18,0x71,0x94,0x71,0x94,0x71,0x94,0x71,0x94,0x71,0x94,0x71,0x94,0x71,0x94,0x71,0x94,0x71,0x94,
0x71,0x94,0x71,0x94,0x71,0x94,0x71,0x94,0x71,0x94,0xCB,0x5A,0x61,0x10,0x61,0x10,0x61,0x10,0x61,0x10,0x61,0x10,0x61,0x10,0x61,0x10,0x61,0x10,0x61,0x10,0x61,0x10,0x61,
0x10,0x61,0x10,0x61,0x10,0x61,0x10,0x61,0x10,0x61,0x10,0x61,0x10,0x61,0x10,0x61,0x10,0x61,0x10,0x61,0x10,0x61,0x10,0x61,0x10,0x61,0x10,0x61,0x10,0x61,0x10,0x61,0x10,
0x61,0x10,0x61,0x10,0x61,0x10,0x61,0x10,0x61,0x10,0x61,0x10,0x61,0x10,0x61,0x10,0x61,0x10,0x61,0x10,0x61,0x10,0x61,0x10,0x04,0x21,0x71,0x94,0x71,0x94,0x71,0x94,0x71,
0x94,0x71,0x94,0x71,0x94,0x71,0x94,0x71,0x94,0x71,0x94,0x71,0x94,0x71,0x94,0x71,0x94,0x71,0x94,0x71,0x94,0x49,0x4A,0x61,0x10,0x61,0x10,0x08,0x42,0x71,0x94,0x71,0x94,
0x61,0x10,0x61,0x10,0x61,0x10,0x61,0x10,0x61,0x10,0x61,0x10,0x61,0x10,0x61,0x10,0x61,0x10,0x61,0x10,0x61,0x10,0x61,0x10,0x61,0x10,0x61,0x10,0x61,0x10,0x61,0x10,0x61,
0x10,0x61,0x10,0x61,0x10,0x61,0x10,0x61,0x10,0x61,0x10,0x61,0x10,0x61,0x10,0x61,0x10,0x61,0x10,0x61,0x10,0x61,0x10,0x9E,0xF7,0xFF,0xFF,0xFF,0xFF,0xFF,0xFF,0xFF,0xFF,
0xFF,0xFF,0xFF,0xFF,0xFF,0xFF,0xFF,0xFF,0xFF,0xFF,0xFF,0xFF,0xFF,0xFF,0xFF,0xFF,0xFF,0xFF,0xFF,0xFF,0xFF,0xFF,0xFF,0xFF,0xFF,0xFF,0xFF,0xFF,0xFF,0xFF,0xFF,0xFF,0xD7,
0xBD,0x6D,0x6B,0x69,0x52,0xE7,0x39,0xE3,0x18,0x44,0x29,0x49,0x4A,0x2C,0x6B,0x7D,0xEF,0xFF,0xFF,0xFF,0xFF,0xFF,0xFF,0xFF,0xFF,0xFF,0xFF,0xFF,0xFF,0xFF,0xFF,0xFF,0xFF,
0xFF,0xFF,0xFF,0xFF,0xFF,0xFF,0xFF,0xFF,0xFF,0xFF,0xFF,0xFF,0xFF,0xFF,0xFF,0xFF,0xFF,0xFF,0xFF,0xFF,0xFF,0xFF,0xFF,0xFF,0xDF,0xFF,0x61,0x10,0x61,0x10,0x61,0x10,0x61,
0x10,0x61,0x10,0x61,0x10,0x61,0x10,0x61,0x10,0x61,0x10,0x61,0x10,0x61,0x10,0xFF,0xFF,0xFF,0xFF,0xFF,0xFF,0xFF,0xFF,0xFF,0xFF,0xFF,0xFF,0xFF,0xFF,0xFF,0xFF,0xFF,0xFF,
0xFF,0xFF,0xFF,0xFF,0xFF,0xFF,0xFF,0xFF,0xFF,0xFF,0x1C,0xE7,0x61,0x10,0x61,0x10,0x61,0x10,0x61,0x10,0x61,0x10,0x61,0x10,0x61,0x10,0x61,0x10,0xBA,0xD6,0xFF,0xFF,0xFF,
0xFF,0xFF,0xFF,0xFF,0xFF,0xFF,0xFF,0xFF,0xFF,0xFF,0xFF,0xFF,0xFF,0xFF,0xFF,0xFF,0xFF,0xFF,0xFF,0xFF,0xFF,0xFF,0xFF,0x71,0x8C,0x61,0x10,0x61,0x10,0x61,0x10,0x61,0x10,
0x61,0x10,0x61,0x10,0x61,0x10,0x61,0x10,0x61,0x10,0x61,0x10,0xE3,0x18,0x9E,0xF7,0xFF,0xFF,0xFF,0xFF,0xFF,0xFF,0xFF,0xFF,0xFF,0xFF,0xFF,0xFF,0xFF,0xFF,0xFF,0xFF,0xFF,
0xFF,0xFF,0xFF,0xFF,0xFF,0xFF,0xFF,0xFF,0xFF,0xFF,0xFF,0xFF,0xFF,0xFF,0xFF,0xFF,0xFF,0xFF,0xFF,0xFF,0xFF,0xDF,0xFF,0xD2,0x9C,0x8E,0x73,0x8A,0x52,0xE3,0x18,0x03,0x21,
0x08,0x42,0xAA,0x52,0x9A,0xD6,0xFF,0xFF,0xFF,0xFF,0xFF,0xFF,0xFF,0xFF,0xFF,0xFF,0xFF,0xFF,0xFF,0xFF,0xFF,0xFF,0xFF,0xFF,0xFF,0xFF,0xFF,0xFF,0xFF,0xFF,0xFF,0xFF,0xFF,
0xFF,0xFF,0xFF,0xFF,0xFF,0xFF,0xFF,0xFF,0xFF,0xFF,0xFF,0xFF,0xFF,0xFF,0xFF,0x61,0x10,0x61,0x10,0x61,0x10,0x61,0x10,0x61,0x10,0x61,0x10,0x61,0x10,0x61,0x10,0x61,0x10,
0x61,0x10,0x61,0x10,0xFF,0xFF,0xFF,0xFF,0xFF,0xFF,0xFF,0xFF,0xFF,0xFF,0xFF,0xFF,0xFF,0xFF,0xFF,0xFF,0xFF,0xFF,0xFF,0xFF,0xFF,0xFF,0xFF,0xFF,0xFF,0xFF,0xFF,0xFF,0xFF,
0xFF,0xFF,0xFF,0xFF,0xFF,0xFF,0xFF,0xFF,0xFF,0xFF,0xFF,0xFF,0xFF,0xFF,0xFF,0xFF,0xFF,0xFF,0xFF,0xFF,0xFF,0xFF,0xFF,0xFF,0xFF,0xFF,0xFF,0x28,0x4A,0x61,0x10,0x61,0x10,
0x61,0x10,0x61,0x10,0x61,0x10,0x61,0x10,0x61,0x10,0x61,0x10,0x61,0x10,0x61,0x10,0x61,0x10,0x61,0x10,0x61,0x10,0x61,0x10,0x61,0x10,0x61,0x10,0x61,0x10,0x61,0x10,0x61,
0x10,0x61,0x10,0x61,0x10,0x61,0x10,0x61,0x10,0x61,0x10,0x61,0x10,0x61,0x10,0x61,0x10,0x61,0x10,0x61,0x10,0x61,0x10,0x61,0x10,0x61,0x10,0x61,0x10,0x61,0x10,0x61,0x10,
0x61,0x10,0x61,0x10,0x61,0x10,0x61,0x10,0x61,0x10,0x61,0x10,0x61,0x10,0x61,0x10,0x61,0x10,0x61,0x10,0x61,0x10,0x61,0x10,0x61,0x10,0x61,0x10,0x61,0x10,0x61,0x10,0x61,
0x10,0x61,0x10,0x61,0x10,0x61,0x10,0x61,0x10,0x61,0x10,0x61,0x10,0x61,0x10,0x61,0x10,0x61,0x10,0x61,0x10,0x49,0x4A,0x71,0x94,0x86,0x31,0x61,0x10,0x61,0x10,0xAA,0x52,
0x71,0x94,0x71,0x94,0x71,0x94,0x71,0x94,0x71,0x94,0x71,0x94,0x71,0x94,0x71,0x94,0x71,0x94,0x71,0x94,0x71,0x94,0x71,0x94,0x71,0x94,0x71,0x94,0xA2,0x10,0x61,0x10,0x61,
0x10,0x61,0x10,0x61,0x10,0x61,0x10,0x61,0x10,0x61,0x10,0x61,0x10,0x61,0x10,0x61,0x10,0x61,0x10,0x61,0x10,0x61,0x10,0x61,0x10,0x61,0x10,0x61,0x10,0x61,0x10,0x61,0x10,
0x61,0x10,0x61,0x10,0x61,0x10,0x61,0x10,0x61,0x10,0x61,0x10,0x61,0x10,0x61,0x10,0x61,0x10,0x61,0x10,0x61,0x10,0x61,0x10,0x61,0x10,0x61,0x10,0x61,0x10,0x61,0x10,0x61,
0x10,0x61,0x10,0x61,0x10,0x61,0x10,0x61,0x10,0x61,0x10,0x71,0x94,0x71,0x94,0x71,0x94,0x71,0x94,0x71,0x94,0x71,0x94,0x71,0x94,0x71,0x94,0x71,0x94,0x71,0x94,0x71,0x94,
0x71,0x94,0x71,0x94,0x71,0x94,0x10,0x84,0x82,0x10,0x61,0x10,0x82,0x10,0x71,0x94,0x71,0x94,0x61,0x10,0x61,0x10,0x61,0x10,0x61,0x10,0x61,0x10,0x61,0x10,0x61,0x10,0x61,
0x10,0x61,0x10,0x61,0x10,0x61,0x10,0x61,0x10,0x61,0x10,0x61,0x10,0x61,0x10,0x61,0x10,0x61,0x10,0x61,0x10,0x61,0x10,0x61,0x10,0x61,0x10,0x61,0x10,0x61,0x10,0x61,0x10,
0x61,0x10,0x61,0x10,0x61,0x10,0x61,0x10,0xFF,0xFF,0xFF,0xFF,0xFF,0xFF,0xFF,0xFF,0xFF,0xFF,0xFF,0xFF,0xFF,0xFF,0xFF,0xFF,0xFF,0xFF,0xFF,0xFF,0xFF,0xFF,0xFF,0xFF,0xFF,
0xFF,0xFF,0xFF,0xFF,0xFF,0xFF,0xFF,0xFF,0xFF,0xFF,0xFF,0xFF,0xFF,0xFB,0xDE,0xE7,0x39,0x61,0x10,0x61,0x10,0x61,0x10,0x61,0x10,0x61,0x10,0x61,0x10,0x61,0x10,0x61,0x10,
0x61,0x10,0xE7,0x41,0x5D,0xEF,0xFF,0xFF,0xFF,0xFF,0xFF,0xFF,0xFF,0xFF,0xFF,0xFF,0xFF,0xFF,0xFF,0xFF,0xFF,0xFF,0xFF,0xFF,0xFF,0xFF,0xFF,0xFF,0xFF,0xFF,0xFF,0xFF,0xFF,
0xFF,0xFF,0xFF,0xFF,0xFF,0xFF,0xFF,0xFF,0xFF,0xFF,0xFF,0x61,0x10,0x61,0x10,0x61,0x10,0x61,0x10,0x61,0x10,0x61,0x10,0x61,0x10,0x61,0x10,0x61,0x10,0x61,0x10,0x61,0x10,
0xFF,0xFF,0xFF,0xFF,0xFF,0xFF,0xFF,0xFF,0xFF,0xFF,0xFF,0xFF,0xFF,0xFF,0xFF,0xFF,0xFF,0xFF,0xFF,0xFF,0xFF,0xFF,0xFF,0xFF,0xFF,0xFF,0xFF,0xFF,0x1C,0xE7,0x61,0x10,0x61,
0x10,0x61,0x10,0x61,0x10,0x61,0x10,0x61,0x10,0x61,0x10,0x61,0x10,0xBA,0xD6,0xFF,0xFF,0xFF,0xFF,0xFF,0xFF,0xFF,0xFF,0xFF,0xFF,0xFF,0xFF,0xFF,0xFF,0xFF,0xFF,0xFF,0xFF,
0xFF,0xFF,0xFF,0xFF,0xFF,0xFF,0xFF,0xFF,0x71,0x8C,0x61,0x10,0x61,0x10,0x61,0x10,0x61,0x10,0x61,0x10,0x61,0x10,0x61,0x10,0x61,0x10,0x61,0x10,0x61,0x10,0x51,0x8C,0xFF,
0xFF,0xFF,0xFF,0xFF,0xFF,0xFF,0xFF,0xFF,0xFF,0xFF,0xFF,0xFF,0xFF,0xFF,0xFF,0xFF,0xFF,0xFF,0xFF,0xFF,0xFF,0xFF,0xFF,0xFF,0xFF,0xFF,0xFF,0xFF,0xFF,0xFF,0xFF,0xFF,0xFF,
0xFF,0xFF,0xFF,0xFF,0x75,0xAD,0xC2,0x18,0x61,0x10,0x61,0x10,0x61,0x10,0x61,0x10,0x61,0x10,0x61,0x10,0x61,0x10,0x61,0x10,0x04,0x21,0x38,0xC6,0xFF,0xFF,0xFF,0xFF,0xFF,
0xFF,0xFF,0xFF,0xFF,0xFF,0xFF,0xFF,0xFF,0xFF,0xFF,0xFF,0xFF,0xFF,0xFF,0xFF,0xFF,0xFF,0xFF,0xFF,0xFF,0xFF,0xFF,0xFF,0xFF,0xFF,0xFF,0xFF,0xFF,0xFF,0xFF,0xFF,0xFF,0xFF,
0x61,0x10,0x61,0x10,0x61,0x10,0x61,0x10,0x61,0x10,0x61,0x10,0x61,0x10,0x61,0x10,0x61,0x10,0x61,0x10,0x61,0x10,0xFF,0xFF,0xFF,0xFF,0xFF,0xFF,0xFF,0xFF,0xFF,0xFF,0xFF,
0xFF,0xFF,0xFF,0xFF,0xFF,0xFF,0xFF,0xFF,0xFF,0xFF,0xFF,0xFF,0xFF,0xFF,0xFF,0xFF,0xFF,0xFF,0xFF,0xFF,0xFF,0xFF,0xFF,0xFF,0xFF,0xFF,0xFF,0xFF,0xFF,0xFF,0xFF,0xFF,0xFF,
0xFF,0xFF,0xFF,0xFF,0xFF,0xFF,0xFF,0xFF,0xFF,0xFF,0xFF,0xFF,0x28,0x4A,0x61,0x10,0x61,0x10,0x61,0x10,0x61,0x10,0x61,0x10,0x61,0x10,0x61,0x10,0x61,0x10,0x61,0x10,0x61,
0x10,0x61,0x10,0x61,0x10,0x61,0x10,0x61,0x10,0x61,0x10,0x61,0x10,0x61,0x10,0x61,0x10,0x61,0x10,0x61,0x10,0x61,0x10,0x61,0x10,0x61,0x10,0x61,0x10,0x61,0x10,0x61,0x10,
0x61,0x10,0x61,0x10,0x61,0x10,0x61,0x10,0x61,0x10,0x61,0x10,0x61,0x10,0x61,0x10,0x61,0x10,0x61,0x10,0x61,0x10,0x61,0x10,0x61,0x10,0x61,0x10,0x61,0x10,0x61,0x10,0x61,
0x10,0x61,0x10,0x61,0x10,0x61,0x10,0x61,0x10,0x61,0x10,0x61,0x10,0x61,0x10,0x61,0x10,0x61,0x10,0x61,0x10,0x61,0x10,0x61,0x10,0x61,0x10,0x61,0x10,0x61,0x10,0x61,0x10,
0x61,0x10,0x61,0x10,0x61,0x10,0x71,0x94,0x48,0x4A,0x61,0x10,0x61,0x10,0x61,0x10,0x71,0x94,0x71,0x94,0x71,0x94,0x71,0x94,0x71,0x94,0x71,0x94,0x71,0x94,0x71,0x94,0x71,
0x94,0x71,0x94,0x71,0x94,0x71,0x94,0x71,0x94,0x71,0x94,0x71,0x94,0x61,0x10,0x61,0x10,0x61,0x10,0x61,0x10,0x61,0x10,0x61,0x10,0x61,0x10,0x61,0x10,0x61,0x10,0x61,0x10,
0x61,0x10,0x61,0x10,0x61,0x10,0x61,0x10,0x61,0x10,0x61,0x10,0x61,0x10,0x61,0x10,0x61,0x10,0xC7,0x39,0x08,0x42,0x86,0x31,0x24,0x21,0x61,0x10,0x61,0x10,0x61,0x10,0x61,
0x10,0x61,0x10,0x61,0x10,0x61,0x10,0x61,0x10,0x61,0x10,0x61,0x10,0x61,0x10,0x61,0x10,0x61,0x10,0x61,0x10,0x61,0x10,0x61,0x10,0x61,0x10,0x61,0x10,0x08,0x42,0x71,0x94,
0x71,0x94,0x71,0x94,0x71,0x94,0x71,0x94,0x71,0x94,0x71,0x94,0x71,0x94,0x71,0x94,0x71,0x94,0x71,0x94,0x71,0x94,0x71,0x94,0x71,0x94,0xEF,0x83,0x61,0x10,0x61,0x10,0x51,
0x8C,0x71,0x94,0x61,0x10,0x61,0x10,0x61,0x10,0x61,0x10,0x61,0x10,0x61,0x10,0x61,0x10,0x61,0x10,0x61,0x10,0x61,0x10,0x61,0x10,0x61,0x10,0x61,0x10,0x61,0x10,0x61,0x10,
0x61,0x10,0x61,0x10,0x61,0x10,0x61,0x10,0x61,0x10,0x61,0x10,0x61,0x10,0x61,0x10,0x61,0x10,0x61,0x10,0x61,0x10,0x61,0x10,0x65,0x29,0xFF,0xFF,0xFF,0xFF,0xFF,0xFF,0xFF,
0xFF,0xFF,0xFF,0xFF,0xFF,0xFF,0xFF,0xFF,0xFF,0xFF,0xFF,0xFF,0xFF,0xFF,0xFF,0xFF,0xFF,0xFF,0xFF,0xFF,0xFF,0xFF,0xFF,0xFF,0xFF,0xFF,0xFF,0xAE,0x73,0x61,0x10,0x61,0x10,
0x61,0x10,0x61,0x10,0x61,0x10,0x61,0x10,0x61,0x10,0x61,0x10,0x61,0x10,0x61,0x10,0x61,0x10,0x61,0x10,0x61,0x10,0x61,0x10,0x61,0x10,0xFF,0xFF,0xFF,0xFF,0xFF,0xFF,0xFF,
0xFF,0xFF,0xFF,0xFF,0xFF,0xFF,0xFF,0xFF,0xFF,0xFF,0xFF,0xFF,0xFF,0xFF,0xFF,0xFF,0xFF,0xFF,0xFF,0xFF,0xFF,0xFF,0xFF,0xFF,0xFF,0xFF,0xFF,0xFF,0xFF,0x61,0x10,0x61,0x10,
0x61,0x10,0x61,0x10,0x61,0x10,0x61,0x10,0x61,0x10,0x61,0x10,0x61,0x10,0x61,0x10,0x61,0x10,0xFF,0xFF,0xFF,0xFF,0xFF,0xFF,0xFF,0xFF,0xFF,0xFF,0xFF,0xFF,0xFF,0xFF,0xFF,
0xFF,0xFF,0xFF,0xFF,0xFF,0xFF,0xFF,0xFF,0xFF,0xFF,0xFF,0xFF,0xFF,0x1C,0xE7,0x61,0x10,0x61,0x10,0x61,0x10,0x61,0x10,0x61,0x10,0x61,0x10,0x61,0x10,0x61,0x10,0xBA,0xD6,
0xFF,0xFF,0xFF,0xFF,0xFF,0xFF,0xFF,0xFF,0xFF,0xFF,0xFF,0xFF,0xFF,0xFF,0xFF,0xFF,0xFF,0xFF,0xFF,0xFF,0xFF,0xFF,0xFF,0xFF,0xFF,0xFF,0x71,0x8C,0x61,0x10,0x61,0x10,0x61,
0x10,0x61,0x10,0x61,0x10,0x61,0x10,0x61,0x10,0x61,0x10,0x61,0x10,0x61,0x10,0xFF,0xFF,0xFF,0xFF,0xFF,0xFF,0xFF,0xFF,0xFF,0xFF,0xFF,0xFF,0xFF,0xFF,0xFF,0xFF,0xFF,0xFF,
0xFF,0xFF,0xFF,0xFF,0xFF,0xFF,0xFF,0xFF,0xFF,0xFF,0xFF,0xFF,0xFF,0xFF,0xFF,0xFF,0x1C,0xE7,0x69,0x52,0x61,0x10,0x61,0x10,0x61,0x10,0x61,0x10,0x61,0x10,0x61,0x10,0x61,
0x10,0x61,0x10,0x61,0x10,0x61,0x10,0x61,0x10,0x61,0x10,0x61,0x10,0x61,0x10,0xBE,0xF7,0xFF,0xFF,0xFF,0xFF,0xFF,0xFF,0xFF,0xFF,0xFF,0xFF,0xFF,0xFF,0xFF,0xFF,0xFF,0xFF,
0xFF,0xFF,0xFF,0xFF,0xFF,0xFF,0xFF,0xFF,0xFF,0xFF,0xFF,0xFF,0xFF,0xFF,0xFF,0xFF,0xFF,0xFF,0xA2,0x18,0x61,0x10,0x61,0x10,0x61,0x10,0x61,0x10,0x61,0x10,0x61,0x10,0x61,
0x10,0x61,0x10,0x61,0x10,0x61,0x10,0xFF,0xFF,0xFF,0xFF,0xFF,0xFF,0xFF,0xFF,0xFF,0xFF,0xFF,0xFF,0xFF,0xFF,0xFF,0xFF,0xFF,0xFF,0xFF,0xFF,0xFF,0xFF,0xFF,0xFF,0xFF,0xFF,
0xFF,0xFF,0xFF,0xFF,0x61,0x10,0x61,0x10,0x61,0x10,0x61,0x10,0x61,0x10,0x61,0x10,0x61,0x10,0x61,0x10,0x61,0x10,0x61,0x10,0x61,0x10,0x61,0x10,0x61,0x10,0x61,0x10,0x61,
0x10,0x61,0x10,0x61,0x10,0x61,0x10,0x61,0x10,0x61,0x10,0x61,0x10,0x61,0x10,0x61,0x10,0x61,0x10,0x61,0x10,0x61,0x10,0x61,0x10,0x61,0x10,0x61,0x10,0x61,0x10,0x61,0x10,
0x61,0x10,0x61,0x10,0x61,0x10,0x61,0x10,0x61,0x10,0x61,0x10,0x61,0x10,0x61,0x10,0x61,0x10,0x61,0x10,0x61,0x10,0x61,0x10,0x61,0x10,0x61,0x10,0x61,0x10,0x61,0x10,0x61,
0x10,0x61,0x10,0x61,0x10,0x61,0x10,0x61,0x10,0x61,0x10,0x61,0x10,0x61,0x10,0x61,0x10,0x61,0x10,0x61,0x10,0x61,0x10,0x61,0x10,0x61,0x10,0x61,0x10,0x61,0x10,0x61,0x10,
0x61,0x10,0x61,0x10,0x61,0x10,0x61,0x10,0x61,0x10,0x61,0x10,0x61,0x10,0x61,0x10,0x61,0x10,0x61,0x10,0x61,0x10,0x61,0x10,0x71,0x94,0xC2,0x18,0x61,0x10,0x61,0x10,0x82,
0x10,0x71,0x94,0x71,0x94,0x71,0x94,0x71,0x94,0x71,0x94,0x71,0x94,0x71,0x94,0x71,0x94,0x71,0x94,0x71,0x94,0x71,0x94,0x71,0x94,0x71,0x94,0x71,0x94,0x71,0x94,0x61,0x10,
0x61,0x10,0x61,0x10,0x61,0x10,0x61,0x10,0x61,0x10,0x61,0x10,0x61,0x10,0x61,0x10,0x61,0x10,0x61,0x10,0x61,0x10,0x61,0x10,0x61,0x10,0x61,0x10,0x61,0x10,0xA2,0x18,0x2C,
0x6B,0x30,0x8C,0x71,0x94,0x71,0x94,0x71,0x94,0x71,0x94,0x28,0x4A,0xC3,0x18,0x61,0x10,0x61,0x10,0x61,0x10,0x61,0x10,0x61,0x10,0x61,0x10,0x61,0x10,0x61,0x10,0x61,0x10,
0x61,0x10,0x61,0x10,0x61,0x10,0x61,0x10,0x61,0x10,0x61,0x10,0x61,0x10,0x82,0x10,0x71,0x94,0x71,0x94,0x71,0x94,0x71,0x94,0x71,0x94,0x71,0x94,0x71,0x94,0x71,0x94,0x71,
0x94,0x71,0x94,0x71,0x94,0x71,0x94,0x71,0x94,0x71,0x94,0x71,0x94,0x61,0x10,0x61,0x10,0x0C,0x63,0x71,0x94,0xC3,0x18,0x61,0x10,0x61,0x10,0x61,0x10,0x61,0x10,0x61,0x10,
0x61,0x10,0x61,0x10,0x61,0x10,0x61,0x10,0x61,0x10,0x61,0x10,0x61,0x10,0x61,0x10,0x61,0x10,0x61,0x10,0x61,0x10,0x61,0x10,0x61,0x10,0x61,0x10,0x61,0x10,0x61,0x10,0x61,
0x10,0x61,0x10,0x61,0x10,0x61,0x10,0x61,0x10,0x10,0x84,0xFF,0xFF,0xFF,0xFF,0xFF,0xFF,0xFF,0xFF,0xFF,0xFF,0xFF,0xFF,0xFF,0xFF,0xFF,0xFF,0xFF,0xFF,0xFF,0xFF,0xFF,0xFF,
0xFF,0xFF,0xFF,0xFF,0xFF,0xFF,0xFF,0xFF,0xFF,0xFF,0xFB,0xDE,0x61,0x10,0x61,0x10,0x61,0x10,0x61,0x10,0x61,0x10,0x61,0x10,0x61,0x10,0x61,0x10,0x61,0x10,0x61,0x10,0x61,
0x10,0x61,0x10,0x61,0x10,0x61,0x10,0x61,0x10,0x61,0x10,0x50,0x8C,0xFF,0xFF,0xFF,0xFF,0xFF,0xFF,0xFF,0xFF,0xFF,0xFF,0xFF,0xFF,0xFF,0xFF,0xFF,0xFF,0xFF,0xFF,0xFF,0xFF,
0xFF,0xFF,0xFF,0xFF,0xFF,0xFF,0xFF,0xFF,0xFF,0xFF,0xFF,0xFF,0xFF,0xFF,0x82,0x10,0x61,0x10,0x61,0x10,0x61,0x10,0x61,0x10,0x61,0x10,0x61,0x10,0x61,0x10,0x61,0x10,0x61,
0x10,0x61,0x10,0xFF,0xFF,0xFF,0xFF,0xFF,0xFF,0xFF,0xFF,0xFF,0xFF,0xFF,0xFF,0xFF,0xFF,0xFF,0xFF,0xFF,0xFF,0xFF,0xFF,0xFF,0xFF,0xFF,0xFF,0xFF,0xFF,0xFF,0xFF,0x1C,0xE7,
0x61,0x10,0x61,0x10,0x61,0x10,0x61,0x10,0x61,0x10,0x61,0x10,0x61,0x10,0x61,0x10,0xBA,0xD6,0xFF,0xFF,0xFF,0xFF,0xFF,0xFF,0xFF,0xFF,0xFF,0xFF,0xFF,0xFF,0xFF,0xFF,0xFF,
0xFF,0xFF,0xFF,0xFF,0xFF,0xFF,0xFF,0xFF,0xFF,0xFF,0xFF,0x71,0x8C,0x61,0x10,0x61,0x10,0x61,0x10,0x61,0x10,0x61,0x10,0x61,0x10,0x61,0x10,0x61,0x10,0x61,0x10,0x61,0x10,
0xFF,0xFF,0xFF,0xFF,0xFF,0xFF,0xFF,0xFF,0xFF,0xFF,0xFF,0xFF,0xFF,0xFF,0xFF,0xFF,0xFF,0xFF,0xFF,0xFF,0xFF,0xFF,0xFF,0xFF,0xFF,0xFF,0xFF,0xFF,0xFF,0xFF,0xFF,0xFF,0xFF,
0xFF,0xE3,0x18,0x61,0x10,0x61,0x10,0x61,0x10,0x61,0x10,0x61,0x10,0x61,0x10,0x61,0x10,0x61,0x10,0x61,0x10,0x61,0x10,0x61,0x10,0x61,0x10,0x61,0x10,0x61,0x10,0x61,0x10,
0xA6,0x39,0xFB,0xDE,0xFF,0xFF,0xFF,0xFF,0xFF,0xFF,0xFF,0xFF,0xFF,0xFF,0xFF,0xFF,0xFF,0xFF,0xFF,0xFF,0xFF,0xFF,0xFF,0xFF,0xFF,0xFF,0xFF,0xFF,0xFF,0xFF,0xFF,0xFF,0xFF,
0xFF,0xFF,0xFF,0x4D,0x6B,0x61,0x10,0x61,0x10,0x61,0x10,0x61,0x10,0x61,0x10,0x61,0x10,0x61,0x10,0x61,0x10,0x61,0x10,0x61,0x10,0xFF,0xFF,0xFF,0xFF,0xFF,0xFF,0xFF,0xFF,
0xFF,0xFF,0xFF,0xFF,0xFF,0xFF,0xFF,0xFF,0xFF,0xFF,0xFF,0xFF,0xFF,0xFF,0xFF,0xFF,0xFF,0xFF,0xFF,0xFF,0xFF,0xFF,0x61,0x10,0x61,0x10,0x61,0x10,0x61,0x10,0x61,0x10,0x61,
0x10,0x61,0x10,0x61,0x10,0x61,0x10,0x61,0x10,0x61,0x10,0x61,0x10,0x61,0x10,0x61,0x10,0x61,0x10,0x61,0x10,0x61,0x10,0x61,0x10,0x61,0x10,0x61,0x10,0x61,0x10,0x61,0x10,
0x61,0x10,0x61,0x10,0x61,0x10,0x61,0x10,0x61,0x10,0x61,0x10,0x61,0x10,0x61,0x10,0x61,0x10,0x61,0x10,0x61,0x10,0x61,0x10,0x61,0x10,0x61,0x10,0x61,0x10,0x61,0x10,0x61,
0x10,0x61,0x10,0x61,0x10,0x61,0x10,0x61,0x10,0x61,0x10,0x61,0x10,0x61,0x10,0x61,0x10,0x61,0x10,0x61,0x10,0x61,0x10,0x61,0x10,0x61,0x10,0x61,0x10,0x61,0x10,0x61,0x10,
0x61,0x10,0x61,0x10,0x61,0x10,0x61,0x10,0x61,0x10,0x61,0x10,0x61,0x10,0x61,0x10,0x61,0x10,0x61,0x10,0x61,0x10,0x61,0x10,0x61,0x10,0x61,0x10,0x61,0x10,0x61,0x10,0x61,
0x10,0x61,0x10,0x61,0x10,0x61,0x10,0x28,0x42,0x71,0x94,0x61,0x10,0x61,0x10,0x61,0x10,0x8E,0x73,0x71,0x94,0x71,0x94,0x71,0x94,0x71,0x94,0x71,0x94,0x71,0x94,0x71,0x94,
0x71,0x94,0x71,0x94,0x71,0x94,0x71,0x94,0x71,0x94,0x71,0x94,0x71,0x94,0x28,0x4A,0x61,0x10,0x61,0x10,0x61,0x10,0x61,0x10,0x61,0x10,0x61,0x10,0x61,0x10,0x61,0x10,0x61,
0x10,0x61,0x10,0x61,0x10,0x61,0x10,0x61,0x10,0x61,0x10,0xC2,0x18,0x71,0x8C,0x71,0x94,0x71,0x94,0x71,0x94,0x71,0x94,0x71,0x94,0x71,0x94,0x71,0x94,0x71,0x94,0x71,0x94,
0x71,0x94,0x69,0x52,0x61,0x10,0x61,0x10,0x61,0x10,0x61,0x10,0x61,0x10,0x61,0x10,0x61,0x10,0x61,0x10,0x61,0x10,0x61,0x10,0x61,0x10,0x61,0x10,0x61,0x10,0x61,0x10,0x61,
0x10,0x51,0x8C,0x71,0x94,0x71,0x94,0x71,0x94,0x71,0x94,0x71,0x94,0x71,0x94,0x71,0x94,0x71,0x94,0x71,0x94,0x71,0x94,0x71,0x94,0x71,0x94,0x71,0x94,0x71,0x94,0x61,0x10,
0x61,0x10,0x61,0x10,0x10,0x84,0xAE,0x73,0x61,0x10,0x61,0x10,0x61,0x10,0x61,0x10,0x61,0x10,0x61,0x10,0x61,0x10,0x61,0x10,0x61,0x10,0x61,0x10,0x61,0x10,0x61,0x10,0x61,
0x10,0x61,0x10,0x61,0x10,0x61,0x10,0x61,0x10,0x61,0x10,0x61,0x10,0x61,0x10,0x61,0x10,0x61,0x10,0x61,0x10,0x61,0x10,0x61,0x10,0x45,0x29,0xFF,0xFF,0xFF,0xFF,0xFF,0xFF,
0xFF,0xFF,0xFF,0xFF,0xFF,0xFF,0xFF,0xFF,0xFF,0xFF,0xFF,0xFF,0xFF,0xFF,0xFF,0xFF,0xFF,0xFF,0xFF,0xFF,0xFF,0xFF,0xFF,0xFF,0xFF,0xFF,0x79,0xCE,0x61,0x10,0x61,0x10,0x61,
0x10,0x61,0x10,0x61,0x10,0x61,0x10,0x61,0x10,0x61,0x10,0x61,0x10,0x61,0x10,0x61,0x10,0x61,0x10,0x61,0x10,0x61,0x10,0x61,0x10,0x61,0x10,0x61,0x10,0x61,0x10,0x61,0x10,
0x0C,0x63,0xFF,0xFF,0xFF,0xFF,0xFF,0xFF,0xFF,0xFF,0xFF,0xFF,0xFF,0xFF,0xFF,0xFF,0xFF,0xFF,0xFF,0xFF,0xFF,0xFF,0xFF,0xFF,0xFF,0xFF,0xFF,0xFF,0xFF,0xFF,0xFF,0xFF,0xD7,
0xBD,0x61,0x10,0x61,0x10,0x61,0x10,0x61,0x10,0x61,0x10,0x61,0x10,0x61,0x10,0x61,0x10,0x61,0x10,0x61,0x10,0xFF,0xFF,0xFF,0xFF,0xFF,0xFF,0xFF,0xFF,0xFF,0xFF,0xFF,0xFF,
0xFF,0xFF,0xFF,0xFF,0xFF,0xFF,0xFF,0xFF,0xFF,0xFF,0xFF,0xFF,0xFF,0xFF,0xFF,0xFF,0x1C,0xE7,0x61,0x10,0x61,0x10,0x61,0x10,0x61,0x10,0x61,0x10,0x61,0x10,0x61,0x10,0x61,
0x10,0xBA,0xD6,0xFF,0xFF,0xFF,0xFF,0xFF,0xFF,0xFF,0xFF,0xFF,0xFF,0xFF,0xFF,0xFF,0xFF,0xFF,0xFF,0xFF,0xFF,0xFF,0xFF,0xFF,0xFF,0xFF,0xFF,0xFF,0xFF,0x71,0x8C,0x61,0x10,
0x61,0x10,0x61,0x10,0x61,0x10,0x61,0x10,0x61,0x10,0x61,0x10,0x61,0x10,0x61,0x10,0x92,0x94,0xFF,0xFF,0xFF,0xFF,0xFF,0xFF,0xFF,0xFF,0xFF,0xFF,0xFF,0xFF,0xFF,0xFF,0xFF,
0xFF,0xFF,0xFF,0xFF,0xFF,0xFF,0xFF,0xFF,0xFF,0xFF,0xFF,0xFF,0xFF,0xFF,0xFF,0xFF,0xFF,0xF3,0x9C,0x61,0x10,0x61,0x10,0x61,0x10,0x61,0x10,0x61,0x10,0x61,0x10,0x61,0x10,
0x61,0x10,0x61,0x10,0x61,0x10,0x61,0x10,0x61,0x10,0x61,0x10,0x61,0x10,0x61,0x10,0x61,0x10,0x61,0x10,0x61,0x10,0xE3,0x18,0xFF,0xFF,0xFF,0xFF,0xFF,0xFF,0xFF,0xFF,0xFF,
0xFF,0xFF,0xFF,0xFF,0xFF,0xFF,0xFF,0xFF,0xFF,0xFF,0xFF,0xFF,0xFF,0xFF,0xFF,0xFF,0xFF,0xFF,0xFF,0xFF,0xFF,0xFF,0xFF,0xC7,0x39,0x61,0x10,0x61,0x10,0x61,0x10,0x61,0x10,
0x61,0x10,0x61,0x10,0x61,0x10,0x61,0x10,0x61,0x10,0xFF,0xFF,0xFF,0xFF,0xFF,0xFF,0xFF,0xFF,0xFF,0xFF,0xFF,0xFF,0xFF,0xFF,0xFF,0xFF,0xFF,0xFF,0xFF,0xFF,0xFF,0xFF,0xFF,
0xFF,0xFF,0xFF,0xFF,0xFF,0xFF,0xFF,0x61,0x10,0x61,0x10,0x61,0x10,0x61,0x10,0x61,0x10,0x61,0x10,0x61,0x10,0x61,0x10,0x61,0x10,0x61,0x10,0x61,0x10,0x61,0x10,0x61,0x10,
0x61,0x10,0x61,0x10,0x61,0x10,0x61,0x10,0x61,0x10,0x61,0x10,0x61,0x10,0x61,0x10,0x61,0x10,0x61,0x10,0x61,0x10,0x61,0x10,0x61,0x10,0x61,0x10,0x61,0x10,0x61,0x10,0x61,
0x10,0x61,0x10,0x61,0x10,0x61,0x10,0x61,0x10,0x61,0x10,0x61,0x10,0x61,0x10,0x61,0x10,0x61,0x10,0x61,0x10,0x61,0x10,0x61,0x10,0x61,0x10,0x61,0x10,0x61,0x10,0x61,0x10,
0x61,0x10,0x61,0x10,0x61,0x10,0x61,0x10,0x61,0x10,0x61,0x10,0x61,0x10,0x61,0x10,0x61,0x10,0x61,0x10,0x61,0x10,0x61,0x10,0x61,0x10,0x61,0x10,0x61,0x10,0x61,0x10,0x61,
0x10,0x61,0x10,0x61,0x10,0x61,0x10,0x61,0x10,0x61,0x10,0x61,0x10,0x61,0x10,0x61,0x10,0x61,0x10,0x61,0x10,0x61,0x10,0x61,0x10,0x6D,0x6B,0x71,0x94,0x61,0x10,0x61,0x10,
0x61,0x10,0x71,0x94,0x71,0x94,0x71,0x94,0x71,0x94,0x71,0x94,0x71,0x94,0x71,0x94,0x71,0x94,0x71,0x94,0x71,0x94,0x71,0x94,0x71,0x94,0x71,0x94,0x71,0x94,0x51,0x8C,0xA2,
0x18,0x61,0x10,0x61,0x10,0x61,0x10,0x61,0x10,0x61,0x10,0x61,0x10,0x61,0x10,0x61,0x10,0x61,0x10,0x61,0x10,0x61,0x10,0x61,0x10,0x61,0x10,0x86,0x31,0x10,0x84,0x71,0x94,
0x71,0x94,0x71,0x94,0x71,0x94,0x71,0x94,0x71,0x94,0x71,0x94,0x71,0x94,0x71,0x94,0x71,0x94,0x71,0x94,0x71,0x94,0xA2,0x18,0x61,0x10,0x61,0x10,0x61,0x10,0x61,0x10,0x61,
0x10,0x61,0x10,0x61,0x10,0x61,0x10,0x61,0x10,0x61,0x10,0x61,0x10,0x61,0x10,0x61,0x10,0x61,0x10,0x0C,0x63,0x71,0x94,0x71,0x94,0x71,0x94,0x71,0x94,0x71,0x94,0x71,0x94,
0x71,0x94,0x71,0x94,0x71,0x94,0x71,0x94,0x71,0x94,0x71,0x94,0x71,0x94,0x71,0x94,0x61,0x10,0x61,0x10,0x61,0x10,0xAA,0x52,0x71,0x94,0xE3,0x20,0x61,0x10,0x61,0x10,0x61,
0x10,0x61,0x10,0x61,0x10,0x61,0x10,0x61,0x10,0x61,0x10,0x61,0x10,0x61,0x10,0x61,0x10,0x61,0x10,0x61,0x10,0x61,0x10,0x61,0x10,0x61,0x10,0x61,0x10,0x61,0x10,0x61,0x10,
0x61,0x10,0x61,0x10,0x61,0x10,0x61,0x10,0x61,0x10,0x6D,0x6B,0xFF,0xFF,0xFF,0xFF,0xFF,0xFF,0xFF,0xFF,0xFF,0xFF,0xFF,0xFF,0xFF,0xFF,0xFF,0xFF,0xFF,0xFF,0xFF,0xFF,0xFF,
0xFF,0xFF,0xFF,0xFF,0xFF,0xFF,0xFF,0xFF,0xFF,0x3C,0xE7,0x04,0x21,0x61,0x10,0x61,0x10,0x61,0x10,0x61,0x10,0x61,0x10,0x61,0x10,0x61,0x10,0x61,0x10,0x61,0x10,0x61,0x10,
0x61,0x10,0x61,0x10,0x61,0x10,0x61,0x10,0x61,0x10,0x61,0x10,0x61,0x10,0x61,0x10,0x61,0x10,0x61,0x10,0xFF,0xFF,0xFF,0xFF,0xFF,0xFF,0xFF,0xFF,0xFF,0xFF,0xFF,0xFF,0xFF,
0xFF,0xFF,0xFF,0xFF,0xFF,0xFF,0xFF,0xFF,0xFF,0xFF,0xFF,0xFF,0xFF,0xFF,0xFF,0xFF,0xFF,0xDF,0xFF,0xE3,0x20,0x61,0x10,0x61,0x10,0x61,0x10,0x61,0x10,0x61,0x10,0x61,0x10,
0x61,0x10,0x61,0x10,0x61,0x10,0xFF,0xFF,0xFF,0xFF,0xFF,0xFF,0xFF,0xFF,0xFF,0xFF,0xFF,0xFF,0xFF,0xFF,0xFF,0xFF,0xFF,0xFF,0xFF,0xFF,0xFF,0xFF,0xFF,0xFF,0xFF,0xFF,0xFF,
0xFF,0x1C,0xE7,0x61,0x10,0x61,0x10,0x61,0x10,0x61,0x10,0x61,0x10,0x61,0x10,0x61,0x10,0x61,0x10,0xBA,0xD6,0xFF,0xFF,0xFF,0xFF,0xFF,0xFF,0xFF,0xFF,0xFF,0xFF,0xFF,0xFF,
0xFF,0xFF,0xFF,0xFF,0xFF,0xFF,0xFF,0xFF,0xFF,0xFF,0xFF,0xFF,0xFF,0xFF,0x71,0x8C,0x61,0x10,0x61,0x10,0x61,0x10,0x61,0x10,0x61,0x10,0x61,0x10,0x61,0x10,0x61,0x10,0x61,
0x10,0x3C,0xE7,0xFF,0xFF,0xFF,0xFF,0xFF,0xFF,0xFF,0xFF,0xFF,0xFF,0xFF,0xFF,0xFF,0xFF,0xFF,0xFF,0xFF,0xFF,0xFF,0xFF,0xFF,0xFF,0xFF,0xFF,0xFF,0xFF,0xFF,0xFF,0xFF,0xFF,
0xFF,0xFF,0x81,0x10,0x61,0x10,0x61,0x10,0x61,0x10,0x61,0x10,0x61,0x10,0x61,0x10,0x61,0x10,0x61,0x10,0x61,0x10,0x61,0x10,0x61,0x10,0x61,0x10,0x61,0x10,0x61,0x10,0x61,
0x10,0x61,0x10,0x61,0x10,0x61,0x10,0x61,0x10,0xFF,0xFF,0xFF,0xFF,0xFF,0xFF,0xFF,0xFF,0xFF,0xFF,0xFF,0xFF,0xFF,0xFF,0xFF,0xFF,0xFF,0xFF,0xFF,0xFF,0xFF,0xFF,0xFF,0xFF,
0xFF,0xFF,0xFF,0xFF,0xFF,0xFF,0xFF,0xFF,0x92,0x94,0x61,0x10,0x61,0x10,0x61,0x10,0x61,0x10,0x61,0x10,0x61,0x10,0x61,0x10,0x61,0x10,0x61,0x10,0xFF,0xFF,0xFF,0xFF,0xFF,
0xFF,0xFF,0xFF,0xFF,0xFF,0xFF,0xFF,0xFF,0xFF,0xFF,0xFF,0xFF,0xFF,0xFF,0xFF,0xFF,0xFF,0xFF,0xFF,0xFF,0xFF,0xFF,0xFF,0xFF,0xFF,0x61,0x10,0x61,0x10,0x61,0x10,0x61,0x10,
0x61,0x10,0x61,0x10,0x61,0x10,0x61,0x10,0x61,0x10,0x61,0x10,0x61,0x10,0x61,0x10,0x61,0x10,0x61,0x10,0x61,0x10,0x61,0x10,0x61,0x10,0x61,0x10,0x61,0x10,0x61,0x10,0x61,
0x10,0x61,0x10,0x61,0x10,0x61,0x10,0x61,0x10,0x61,0x10,0x61,0x10,0x61,0x10,0x61,0x10,0x61,0x10,0x61,0x10,0x61,0x10,0x61,0x10,0x61,0x10,0x61,0x10,0x61,0x10,0x61,0x10,
0x61,0x10,0x61,0x10,0x61,0x10,0x61,0x10,0x61,0x10,0x61,0x10,0x61,0x10,0x61,0x10,0x61,0x10,0x61,0x10,0x61,0x10,0x61,0x10,0x61,0x10,0x61,0x10,0x61,0x10,0x61,0x10,0x61,
0x10,0x61,0x10,0x61,0x10,0x61,0x10,0x61,0x10,0x61,0x10,0x61,0x10,0x61,0x10,0x61,0x10,0x61,0x10,0x61,0x10,0x61,0x10,0x61,0x10,0x61,0x10,0x61,0x10,0x61,0x10,0x61,0x10,
0x61,0x10,0x61,0x10,0x61,0x10,0x61,0x10,0xE7,0x41,0x71,0x94,0x71,0x94,0x61,0x10,0x61,0x10,0x61,0x10,0x71,0x94,0x71,0x94,0x71,0x94,0x71,0x94,0x71,0x94,0x71,0x94,0x71,
0x94,0x71,0x94,0x71,0x94,0x71,0x94,0x71,0x94,0x71,0x94,0x71,0x94,0x71,0x94,0xE7,0x41,0x61,0x10,0x61,0x10,0x61,0x10,0x61,0x10,0x61,0x10,0x61,0x10,0x61,0x10,0x61,0x10,
0x61,0x10,0x61,0x10,0x61,0x10,0x61,0x10,0x61,0x10,0x71,0x94,0x71,0x94,0x71,0x94,0x71,0x94,0x71,0x94,0x71,0x94,0x71,0x94,0x71,0x94,0x71,0x94,0x71,0x94,0x71,0x94,0x71,
0x94,0x71,0x94,0x71,0x94,0x71,0x94,0x71,0x94,0xA2,0x10,0x61,0x10,0x61,0x10,0x61,0x10,0x61,0x10,0x61,0x10,0x61,0x10,0x61,0x10,0x61,0x10,0x61,0x10,0x61,0x10,0x61,0x10,
0x61,0x10,0x61,0x10,0x82,0x10,0x71,0x94,0x71,0x94,0x71,0x94,0x71,0x94,0x71,0x94,0x71,0x94,0x71,0x94,0x71,0x94,0x71,0x94,0x71,0x94,0x71,0x94,0x71,0x94,0x71,0x94,0x71,
0x94,0x86,0x31,0x61,0x10,0x61,0x10,0x61,0x10,0x71,0x94,0x8E,0x73,0x61,0x10,0x61,0x10,0x61,0x10,0x61,0x10,0x61,0x10,0x61,0x10,0x61,0x10,0x61,0x10,0x61,0x10,0x61,0x10,
0x61,0x10,0x61,0x10,0x61,0x10,0x61,0x10,0x61,0x10,0x61,0x10,0x61,0x10,0x61,0x10,0x61,0x10,0x61,0x10,0x61,0x10,0x61,0x10,0x61,0x10,0x61,0x10,0x1C,0xE7,0xFF,0xFF,0xFF,
0xFF,0xFF,0xFF,0xFF,0xFF,0xFF,0xFF,0xFF,0xFF,0xFF,0xFF,0xFF,0xFF,0xFF,0xFF,0xFF,0xFF,0xFF,0xFF,0xFF,0xFF,0xFF,0xFF,0xFF,0xFF,0xFF,0xFF,0x61,0x10,0x61,0x10,0x61,0x10,
0x61,0x10,0x61,0x10,0x61,0x10,0x61,0x10,0x61,0x10,0x61,0x10,0x61,0x10,0x61,0x10,0x61,0x10,0x61,0x10,0x61,0x10,0x61,0x10,0x61,0x10,0x61,0x10,0x61,0x10,0x61,0x10,0x61,
0x10,0x61,0x10,0x61,0x10,0x1C,0xE7,0xFF,0xFF,0xFF,0xFF,0xFF,0xFF,0xFF,0xFF,0xFF,0xFF,0xFF,0xFF,0xFF,0xFF,0xFF,0xFF,0xFF,0xFF,0xFF,0xFF,0xFF,0xFF,0xFF,0xFF,0xFF,0xFF,
0xFF,0xFF,0xFF,0xFF,0xD7,0xBD,0x61,0x10,0x61,0x10,0x61,0x10,0x61,0x10,0x61,0x10,0x61,0x10,0x61,0x10,0x61,0x10,0x61,0x10,0xFF,0xFF,0xFF,0xFF,0xFF,0xFF,0xFF,0xFF,0xFF,
0xFF,0xFF,0xFF,0xFF,0xFF,0xFF,0xFF,0xFF,0xFF,0xFF,0xFF,0xFF,0xFF,0xFF,0xFF,0xFF,0xFF,0xFF,0xFF,0x1C,0xE7,0x61,0x10,0x61,0x10,0x61,0x10,0x61,0x10,0x61,0x10,0x61,0x10,
0x61,0x10,0x61,0x10,0xBA,0xD6,0xFF,0xFF,0xFF,0xFF,0xFF,0xFF,0xFF,0xFF,0xFF,0xFF,0xFF,0xFF,0xFF,0xFF,0xFF,0xFF,0xFF,0xFF,0xFF,0xFF,0xFF,0xFF,0xFF,0xFF,0xFF,0xFF,0x71,
0x8C,0x61,0x10,0x61,0x10,0x61,0x10,0x61,0x10,0x61,0x10,0x61,0x10,0x61,0x10,0x61,0x10,0x51,0x8C,0xFF,0xFF,0xFF,0xFF,0xFF,0xFF,0xFF,0xFF,0xFF,0xFF,0xFF,0xFF,0xFF,0xFF,
0xFF,0xFF,0xFF,0xFF,0xFF,0xFF,0xFF,0xFF,0xFF,0xFF,0xFF,0xFF,0xFF,0xFF,0xFF,0xFF,0xFF,0xFF,0x69,0x4A,0x61,0x10,0x61,0x10,0x61,0x10,0x61,0x10,0x61,0x10,0x61,0x10,0x61,
0x10,0x61,0x10,0x61,0x10,0x61,0x10,0x61,0x10,0x61,0x10,0x61,0x10,0x61,0x10,0x61,0x10,0x61,0x10,0x61,0x10,0x61,0x10,0x61,0x10,0x61,0x10,0xCF,0x7B,0xFF,0xFF,0xFF,0xFF,
0xFF,0xFF,0xFF,0xFF,0xFF,0xFF,0xFF,0xFF,0xFF,0xFF,0xFF,0xFF,0xFF,0xFF,0xFF,0xFF,0xFF,0xFF,0xFF,0xFF,0xFF,0xFF,0xFF,0xFF,0xFF,0xFF,0xFF,0xFF,0x61,0x10,0x61,0x10,0x61,
0x10,0x61,0x10,0x61,0x10,0x61,0x10,0x61,0x10,0x61,0x10,0x61,0x10,0xFF,0xFF,0xFF,0xFF,0xFF,0xFF,0xFF,0xFF,0xFF,0xFF,0xFF,0xFF,0xFF,0xFF,0xFF,0xFF,0xFF,0xFF,0xFF,0xFF,
0xFF,0xFF,0xFF,0xFF,0xFF,0xFF,0xFF,0xFF,0xFF,0xFF,0x61,0x10,0x61,0x10,0x61,0x10,0x61,0x10,0x61,0x10,0x61,0x10,0x61,0x10,0x61,0x10,0x61,0x10,0x61,0x10,0x61,0x10,0x61,
0x10,0x61,0x10,0x61,0x10,0x61,0x10,0x61,0x10,0x61,0x10,0x61,0x10,0x61,0x10,0x61,0x10,0x61,0x10,0x61,0x10,0x61,0x10,0x61,0x10,0x61,0x10,0x61,0x10,0x61,0x10,0x61,0x10,
0x61,0x10,0x61,0x10,0x61,0x10,0x61,0x10,0x61,0x10,0x61,0x10,0x61,0x10,0x61,0x10,0x61,0x10,0x61,0x10,0x61,0x10,0x61,0x10,0x61,0x10,0x61,0x10,0x61,0x10,0x61,0x10,0x61,
0x10,0x61,0x10,0x61,0x10,0x61,0x10,0x61,0x10,0x61,0x10,0x61,0x10,0x61,0x10,0x61,0x10,0x61,0x10,0x61,0x10,0x61,0x10,0x61,0x10,0x61,0x10,0x61,0x10,0x61,0x10,0x61,0x10,
0x61,0x10,0x61,0x10,0x61,0x10,0x61,0x10,0x61,0x10,0x61,0x10,0x61,0x10,0x61,0x10,0x61,0x10,0x61,0x10,0x61,0x10,0x61,0x10,0x61,0x10,0x0C,0x63,0x71,0x94,0x31,0x8C,0x61,
0x10,0x61,0x10,0x24,0x21,0x71,0x94,0x71,0x94,0x71,0x94,0x71,0x94,0x71,0x94,0x71,0x94,0x71,0x94,0x71,0x94,0x71,0x94,0x71,0x94,0x71,0x94,0x71,0x94,0x71,0x94,0x71,0x94,
0xE3,0x18,0x61,0x10,0x61,0x10,0x61,0x10,0x61,0x10,0x61,0x10,0x61,0x10,0x61,0x10,0x61,0x10,0x61,0x10,0x61,0x10,0x61,0x10,0x61,0x10,0x61,0x10,0x71,0x94,0x71,0x94,0x71,
0x94,0x71,0x94,0x71,0x94,0x71,0x94,0x71,0x94,0x71,0x94,0x71,0x94,0x71,0x94,0x71,0x94,0x71,0x94,0x71,0x94,0x71,0x94,0x71,0x94,0x71,0x94,0x4D,0x6B,0x61,0x10,0x61,0x10,
0x61,0x10,0x61,0x10,0x61,0x10,0x61,0x10,0x61,0x10,0x61,0x10,0x61,0x10,0x61,0x10,0x61,0x10,0x61,0x10,0x61,0x10,0x61,0x10,0x71,0x94,0x71,0x94,0x71,0x94,0x71,0x94,0x71,
0x94,0x71,0x94,0x71,0x94,0x71,0x94,0x71,0x94,0x71,0x94,0x71,0x94,0x71,0x94,0x71,0x94,0x71,0x94,0xAA,0x5A,0x61,0x10,0x61,0x10,0x61,0x10,0x71,0x94,0x71,0x8C,0x61,0x10,
0x61,0x10,0x61,0x10,0x61,0x10,0x61,0x10,0x61,0x10,0x61,0x10,0x61,0x10,0x61,0x10,0x61,0x10,0x61,0x10,0x61,0x10,0x61,0x10,0x61,0x10,0x61,0x10,0x61,0x10,0x61,0x10,0x61,
0x10,0x61,0x10,0x61,0x10,0x61,0x10,0x61,0x10,0x61,0x10,0x61,0x10,0xFF,0xFF,0xFF,0xFF,0xFF,0xFF,0xFF,0xFF,0xFF,0xFF,0xFF,0xFF,0xFF,0xFF,0xFF,0xFF,0xFF,0xFF,0xFF,0xFF,
0xFF,0xFF,0xFF,0xFF,0xFF,0xFF,0xFF,0xFF,0xFF,0xFF,0xFF,0xFF,0x61,0x10,0x61,0x10,0x61,0x10,0x61,0x10,0x61,0x10,0x61,0x10,0x61,0x10,0x61,0x10,0x61,0x10,0x61,0x10,0x61,
0x10,0x61,0x10,0x61,0x10,0x61,0x10,0x61,0x10,0x61,0x10,0x61,0x10,0x61,0x10,0x61,0x10,0x61,0x10,0x61,0x10,0x61,0x10,0x0C,0x63,0xFF,0xFF,0xFF,0xFF,0xFF,0xFF,0xFF,0xFF,
0xFF,0xFF,0xFF,0xFF,0xFF,0xFF,0xFF,0xFF,0xFF,0xFF,0xFF,0xFF,0xFF,0xFF,0xFF,0xFF,0xFF,0xFF,0xFF,0xFF,0xFF,0xFF,0xBE,0xF7,0x61,0x10,0x61,0x10,0x61,0x10,0x61,0x10,0x61,
0x10,0x61,0x10,0x61,0x10,0x61,0x10,0x61,0x10,0xFF,0xFF,0xFF,0xFF,0xFF,0xFF,0xFF,0xFF,0xFF,0xFF,0xFF,0xFF,0xFF,0xFF,0xFF,0xFF,0xFF,0xFF,0xFF,0xFF,0xFF,0xFF,0xFF,0xFF,
0xFF,0xFF,0xFF,0xFF,0x1C,0xE7,0x61,0x10,0x61,0x10,0x61,0x10,0x61,0x10,0x61,0x10,0x61,0x10,0x61,0x10,0x61,0x10,0xBA,0xD6,0xFF,0xFF,0xFF,0xFF,0xFF,0xFF,0xFF,0xFF,0xFF,
0xFF,0xFF,0xFF,0xFF,0xFF,0xFF,0xFF,0xFF,0xFF,0xFF,0xFF,0xFF,0xFF,0xFF,0xFF,0xFF,0xFF,0x71,0x8C,0x61,0x10,0x61,0x10,0x61,0x10,0x61,0x10,0x61,0x10,0x61,0x10,0x61,0x10,
0x61,0x10,0xBA,0xD6,0xFF,0xFF,0xFF,0xFF,0xFF,0xFF,0xFF,0xFF,0xFF,0xFF,0xFF,0xFF,0xFF,0xFF,0xFF,0xFF,0xFF,0xFF,0xFF,0xFF,0xFF,0xFF,0xFF,0xFF,0xFF,0xFF,0xFF,0xFF,0xFF,
0xFF,0x75,0xAD,0x61,0x10,0x61,0x10,0x61,0x10,0x61,0x10,0x61,0x10,0x61,0x10,0x61,0x10,0x61,0x10,0x61,0x10,0x61,0x10,0x61,0x10,0x61,0x10,0x61,0x10,0x61,0x10,0x61,0x10,
0x61,0x10,0x61,0x10,0x61,0x10,0x61,0x10,0x61,0x10,0x61,0x10,0x82,0x10,0xFF,0xFF,0xFF,0xFF,0xFF,0xFF,0xFF,0xFF,0xFF,0xFF,0xFF,0xFF,0xFF,0xFF,0xFF,0xFF,0xFF,0xFF,0xFF,
0xFF,0xFF,0xFF,0xFF,0xFF,0xFF,0xFF,0xFF,0xFF,0xFF,0xFF,0xFF,0xFF,0x61,0x10,0x61,0x10,0x61,0x10,0x61,0x10,0x61,0x10,0x61,0x10,0x61,0x10,0x61,0x10,0x61,0x10,0xFF,0xFF,
0xFF,0xFF,0xFF,0xFF,0xFF,0xFF,0xFF,0xFF,0xFF,0xFF,0xFF,0xFF,0xFF,0xFF,0xFF,0xFF,0xFF,0xFF,0xFF,0xFF,0xFF,0xFF,0xFF,0xFF,0xFF,0xFF,0xFF,0xFF,0x61,0x10,0x61,0x10,0x61,
0x10,0x61,0x10,0x61,0x10,0x61,0x10,0x61,0x10,0x61,0x10,0x61,0x10,0x61,0x10,0x61,0x10,0x61,0x10,0x61,0x10,0x61,0x10,0x61,0x10,0x61,0x10,0x61,0x10,0x61,0x10,0x61,0x10,
0x61,0x10,0x61,0x10,0x61,0x10,0x61,0x10,0x61,0x10,0x61,0x10,0x61,0x10,0x61,0x10,0x61,0x10,0x61,0x10,0x61,0x10,0x61,0x10,0x61,0x10,0x61,0x10,0x61,0x10,0x61,0x10,0x61,
0x10,0x61,0x10,0x61,0x10,0x61,0x10,0x61,0x10,0x61,0x10,0x61,0x10,0x61,0x10,0x61,0x10,0x61,0x10,0x61,0x10,0x61,0x10,0x61,0x10,0x61,0x10,0x61,0x10,0x61,0x10,0x61,0x10,
0x61,0x10,0x61,0x10,0x61,0x10,0x61,0x10,0x61,0x10,0x61,0x10,0x61,0x10,0x61,0x10,0x61,0x10,0x61,0x10,0x61,0x10,0x61,0x10,0x61,0x10,0x61,0x10,0x61,0x10,0x61,0x10,0x61,
0x10,0x61,0x10,0x61,0x10,0x61,0x10,0x61,0x10,0x61,0x10,0x71,0x94,0x71,0x94,0x08,0x42,0x61,0x10,0x61,0x10,0xAE,0x7B,0x71,0x94,0x71,0x94,0x71,0x94,0x71,0x94,0x71,0x94,
0x71,0x94,0x71,0x94,0x71,0x94,0x71,0x94,0x71,0x94,0x71,0x94,0x71,0x94,0x71,0x94,0xEB,0x62,0x61,0x10,0x61,0x10,0x61,0x10,0x61,0x10,0x61,0x10,0x61,0x10,0x61,0x10,0x61,
0x10,0x61,0x10,0x61,0x10,0x61,0x10,0x61,0x10,0x61,0x10,0xEF,0x7B,0x71,0x94,0x71,0x94,0x71,0x94,0x71,0x94,0x71,0x94,0x71,0x94,0x71,0x94,0x71,0x94,0x71,0x94,0x71,0x94,
0x71,0x94,0x71,0x94,0x71,0x94,0x71,0x94,0x71,0x94,0x71,0x94,0x71,0x94,0x30,0x84,0xA2,0x18,0x61,0x10,0x61,0x10,0x61,0x10,0x61,0x10,0x61,0x10,0x61,0x10,0x61,0x10,0x61,
0x10,0x61,0x10,0x61,0x10,0x61,0x10,0x61,0x10,0x71,0x94,0x71,0x94,0x71,0x94,0x71,0x94,0x71,0x94,0x71,0x94,0x71,0x94,0x71,0x94,0x71,0x94,0x71,0x94,0x71,0x94,0x71,0x94,
0x71,0x94,0x71,0x94,0x71,0x94,0x04,0x21,0x61,0x10,0x61,0x10,0x71,0x94,0x71,0x94,0x61,0x10,0x61,0x10,0x61,0x10,0x61,0x10,0x61,0x10,0x61,0x10,0x61,0x10,0x61,0x10,0x61,
0x10,0x61,0x10,0x61,0x10,0x61,0x10,0x61,0x10,0x61,0x10,0x61,0x10,0x61,0x10,0x61,0x10,0x61,0x10,0x61,0x10,0x61,0x10,0x61,0x10,0x61,0x10,0x61,0x10,0x61,0x10,0xFF,0xFF,
0xFF,0xFF,0xFF,0xFF,0xFF,0xFF,0xFF,0xFF,0xFF,0xFF,0xFF,0xFF,0xFF,0xFF,0xFF,0xFF,0xFF,0xFF,0xFF,0xFF,0xFF,0xFF,0xFF,0xFF,0xFF,0xFF,0xFF,0xFF,0xFF,0xFF,0x61,0x10,0x61,
0x10,0x61,0x10,0x61,0x10,0x61,0x10,0x61,0x10,0x61,0x10,0x61,0x10,0x61,0x10,0x61,0x10,0x61,0x10,0x61,0x10,0x61,0x10,0x61,0x10,0x61,0x10,0x61,0x10,0x61,0x10,0x61,0x10,
0x61,0x10,0x61,0x10,0x61,0x10,0x61,0x10,0x61,0x10,0x8A,0x52,0xFF,0xFF,0xFF,0xFF,0xFF,0xFF,0xFF,0xFF,0xFF,0xFF,0xFF,0xFF,0xFF,0xFF,0xFF,0xFF,0xFF,0xFF,0xFF,0xFF,0xFF,
0xFF,0xFF,0xFF,0xFF,0xFF,0xFF,0xFF,0xFF,0xFF,0x61,0x10,0x61,0x10,0x61,0x10,0x61,0x10,0x61,0x10,0x61,0x10,0x61,0x10,0x61,0x10,0x61,0x10,0xFF,0xFF,0xFF,0xFF,0xFF,0xFF,
0xFF,0xFF,0xFF,0xFF,0xFF,0xFF,0xFF,0xFF,0xFF,0xFF,0xFF,0xFF,0xFF,0xFF,0xFF,0xFF,0xFF,0xFF,0xFF,0xFF,0xFF,0xFF,0x1C,0xE7,0x61,0x10,0x61,0x10,0x61,0x10,0x61,0x10,0x61,
0x10,0x61,0x10,0x61,0x10,0x61,0x10,0xBA,0xD6,0xFF,0xFF,0xFF,0xFF,0xFF,0xFF,0xFF,0xFF,0xFF,0xFF,0xFF,0xFF,0xFF,0xFF,0xFF,0xFF,0xFF,0xFF,0xFF,0xFF,0xFF,0xFF,0xFF,0xFF,
0xFF,0xFF,0x71,0x8C,0x61,0x10,0x61,0x10,0x61,0x10,0x61,0x10,0x61,0x10,0x61,0x10,0x61,0x10,0x61,0x10,0xFF,0xFF,0xFF,0xFF,0xFF,0xFF,0xFF,0xFF,0xFF,0xFF,0xFF,0xFF,0xFF,
0xFF,0xFF,0xFF,0xFF,0xFF,0xFF,0xFF,0xFF,0xFF,0xFF,0xFF,0xFF,0xFF,0xFF,0xFF,0xFF,0xFF,0x34,0xA5,0x61,0x10,0x61,0x10,0x61,0x10,0x61,0x10,0x61,0x10,0x61,0x10,0x61,0x10,
0x61,0x10,0x61,0x10,0x61,0x10,0x61,0x10,0x61,0x10,0x61,0x10,0x61,0x10,0x61,0x10,0x61,0x10,0x61,0x10,0x61,0x10,0x61,0x10,0x61,0x10,0x61,0x10,0x61,0x10,0x61,0x10,0x9A,
0xD6,0xFF,0xFF,0xFF,0xFF,0xFF,0xFF,0xFF,0xFF,0xFF,0xFF,0xFF,0xFF,0xFF,0xFF,0xFF,0xFF,0xFF,0xFF,0xFF,0xFF,0xFF,0xFF,0xFF,0xFF,0xFF,0xFF,0xFF,0xFF,0xFF,0xFF,0xC3,0x18,
0x61,0x10,0x61,0x10,0x61,0x10,0x61,0x10,0x61,0x10,0x61,0x10,0x61,0x10,0x61,0x10,0xFF,0xFF,0xFF,0xFF,0xFF,0xFF,0xFF,0xFF,0xFF,0xFF,0xFF,0xFF,0xFF,0xFF,0xFF,0xFF,0xFF,
0xFF,0xFF,0xFF,0xFF,0xFF,0xFF,0xFF,0xFF,0xFF,0xFF,0xFF,0xFF,0xFF,0x61,0x10,0x61,0x10,0x61,0x10,0x61,0x10,0x61,0x10,0x61,0x10,0x61,0x10,0x61,0x10,0x61,0x10,0x61,0x10,
0x61,0x10,0x61,0x10,0x61,0x10,0x61,0x10,0x61,0x10,0x61,0x10,0x61,0x10,0x61,0x10,0x61,0x10,0x61,0x10,0x61,0x10,0x61,0x10,0x61,0x10,0x61,0x10,0x61,0x10,0x61,0x10,0x61,
0x10,0x61,0x10,0x61,0x10,0x61,0x10,0x61,0x10,0x61,0x10,0x61,0x10,0x61,0x10,0x61,0x10,0x61,0x10,0x61,0x10,0x61,0x10,0x61,0x10,0x61,0x10,0x61,0x10,0x61,0x10,0x61,0x10,
0x61,0x10,0x61,0x10,0x61,0x10,0x61,0x10,0x61,0x10,0x61,0x10,0x61,0x10,0x61,0x10,0x61,0x10,0x61,0x10,0x61,0x10,0x61,0x10,0x61,0x10,0x61,0x10,0x61,0x10,0x61,0x10,0x61,
0x10,0x61,0x10,0x61,0x10,0x61,0x10,0x61,0x10,0x61,0x10,0x61,0x10,0x61,0x10,0x61,0x10,0x61,0x10,0x61,0x10,0x61,0x10,0x61,0x10,0x61,0x10,0x61,0x10,0x71,0x94,0x71,0x94,
0xE3,0x20,0x61,0x10,0xA2,0x18,0x71,0x8C,0x71,0x94,0x71,0x94,0x71,0x94,0x71,0x94,0x71,0x94,0x71,0x94,0x71,0x94,0x71,0x94,0x71,0x94,0x71,0x94,0x71,0x94,0x71,0x94,0x71,
0x94,0x28,0x4A,0x61,0x10,0x61,0x10,0x61,0x10,0x61,0x10,0x61,0x10,0x61,0x10,0x61,0x10,0x61,0x10,0x61,0x10,0x61,0x10,0x61,0x10,0x61,0x10,0x61,0x10,0x71,0x94,0x71,0x94,
0x71,0x94,0x71,0x94,0x71,0x94,0x71,0x94,0x71,0x94,0x71,0x94,0x71,0x94,0x71,0x94,0x71,0x94,0x71,0x94,0x71,0x94,0x71,0x94,0x71,0x94,0x71,0x94,0x71,0x94,0x71,0x94,0x71,
0x94,0x49,0x4A,0x61,0x10,0x61,0x10,0x61,0x10,0x61,0x10,0x61,0x10,0x61,0x10,0x61,0x10,0x61,0x10,0x61,0x10,0x61,0x10,0x61,0x10,0x61,0x10,0x71,0x8C,0x71,0x94,0x71,0x94,
0x71,0x94,0x71,0x94,0x71,0x94,0x71,0x94,0x71,0x94,0x71,0x94,0x71,0x94,0x71,0x94,0x71,0x94,0x71,0x94,0x71,0x94,0x71,0x94,0x28,0x4A,0x61,0x10,0x61,0x10,0x71,0x94,0x71,
0x94,0x61,0x10,0x61,0x10,0x61,0x10,0x61,0x10,0x61,0x10,0x61,0x10,0x61,0x10,0x61,0x10,0x61,0x10,0x61,0x10,0x61,0x10,0x61,0x10,0x61,0x10,0x61,0x10,0x61,0x10,0x61,0x10,
0x61,0x10,0x61,0x10,0x61,0x10,0x61,0x10,0x61,0x10,0x61,0x10,0x61,0x10,0x61,0x10,0xFF,0xFF,0xFF,0xFF,0xFF,0xFF,0xFF,0xFF,0xFF,0xFF,0xFF,0xFF,0xFF,0xFF,0xFF,0xFF,0xFF,
0xFF,0xFF,0xFF,0xFF,0xFF,0xFF,0xFF,0xFF,0xFF,0xFF,0xFF,0xFF,0xFF,0x79,0xCE,0x61,0x10,0x61,0x10,0x61,0x10,0x61,0x10,0x61,0x10,0x61,0x10,0x61,0x10,0x61,0x10,0x61,0x10,
0x61,0x10,0x61,0x10,0x61,0x10,0x61,0x10,0x61,0x10,0x61,0x10,0x61,0x10,0x61,0x10,0x61,0x10,0x61,0x10,0x61,0x10,0x61,0x10,0x61,0x10,0x61,0x10,0x61,0x10,0xFF,0xFF,0xFF,
0xFF,0xFF,0xFF,0xFF,0xFF,0xFF,0xFF,0xFF,0xFF,0xFF,0xFF,0xFF,0xFF,0xFF,0xFF,0xFF,0xFF,0xFF,0xFF,0xFF,0xFF,0xFF,0xFF,0xFF,0xFF,0xFF,0xFF,0x61,0x10,0x61,0x10,0x61,0x10,
0x61,0x10,0x61,0x10,0x61,0x10,0x61,0x10,0x61,0x10,0x61,0x10,0xFF,0xFF,0xFF,0xFF,0xFF,0xFF,0xFF,0xFF,0xFF,0xFF,0xFF,0xFF,0xFF,0xFF,0xFF,0xFF,0xFF,0xFF,0xFF,0xFF,0xFF,
0xFF,0xFF,0xFF,0xFF,0xFF,0xFF,0xFF,0x1C,0xE7,0x61,0x10,0x61,0x10,0x61,0x10,0x61,0x10,0x61,0x10,0x61,0x10,0x61,0x10,0x61,0x10,0xBA,0xD6,0xFF,0xFF,0xFF,0xFF,0xFF,0xFF,
0xFF,0xFF,0xFF,0xFF,0xFF,0xFF,0xFF,0xFF,0xFF,0xFF,0xFF,0xFF,0xFF,0xFF,0xFF,0xFF,0xFF,0xFF,0xFF,0xFF,0x71,0x8C,0x61,0x10,0x61,0x10,0x61,0x10,0x61,0x10,0x61,0x10,0x61,
0x10,0x61,0x10,0x61,0x10,0xFF,0xFF,0xFF,0xFF,0xFF,0xFF,0xFF,0xFF,0xFF,0xFF,0xFF,0xFF,0xFF,0xFF,0xFF,0xFF,0xFF,0xFF,0xFF,0xFF,0xFF,0xFF,0xFF,0xFF,0xFF,0xFF,0xFF,0xFF,
0xFF,0xFF,0xC6,0x39,0x61,0x10,0x61,0x10,0x61,0x10,0x61,0x10,0x61,0x10,0x61,0x10,0x61,0x10,0x61,0x10,0x61,0x10,0x61,0x10,0x61,0x10,0x61,0x10,0x61,0x10,0x61,0x10,0x61,
0x10,0x61,0x10,0x61,0x10,0x61,0x10,0x61,0x10,0x61,0x10,0x61,0x10,0x61,0x10,0x61,0x10,0x6D,0x6B,0xFF,0xFF,0xFF,0xFF,0xFF,0xFF,0xFF,0xFF,0xFF,0xFF,0xFF,0xFF,0xFF,0xFF,
0xFF,0xFF,0xFF,0xFF,0xFF,0xFF,0xFF,0xFF,0xFF,0xFF,0xFF,0xFF,0xFF,0xFF,0xFF,0xFF,0x8A,0x52,0x61,0x10,0x61,0x10,0x61,0x10,0x61,0x10,0x61,0x10,0x61,0x10,0x61,0x10,0x61,
0x10,0xFF,0xFF,0xFF,0xFF,0xFF,0xFF,0xFF,0xFF,0xFF,0xFF,0xFF,0xFF,0xFF,0xFF,0xFF,0xFF,0xFF,0xFF,0xFF,0xFF,0xFF,0xFF,0xFF,0xFF,0xFF,0xFF,0xFF,0xFF,0xFF,0xFF,0x61,0x10,
0x61,0x10,0x61,0x10,0x61,0x10,0x61,0x10,0x61,0x10,0x61,0x10,0x61,0x10,0x61,0x10,0x61,0x10,0x61,0x10,0x61,0x10,0x61,0x10,0x61,0x10,0x61,0x10,0x61,0x10,0x61,0x10,0x61,
0x10,0x61,0x10,0x61,0x10,0x61,0x10,0x61,0x10,0x61,0x10,0x61,0x10,0x61,0x10,0x61,0x10,0x61,0x10,0x61,0x10,0x61,0x10,0x61,0x10,0x61,0x10,0x61,0x10,0x61,0x10,0x61,0x10,
0x61,0x10,0x61,0x10,0x61,0x10,0x61,0x10,0x61,0x10,0x61,0x10,0x61,0x10,0x61,0x10,0x61,0x10,0x61,0x10,0x61,0x10,0x61,0x10,0x61,0x10,0x61,0x10,0x61,0x10,0x61,0x10,0x61,
0x10,0x61,0x10,0x61,0x10,0x61,0x10,0x61,0x10,0x61,0x10,0x61,0x10,0x61,0x10,0x61,0x10,0x61,0x10,0x61,0x10,0x61,0x10,0x61,0x10,0x61,0x10,0x61,0x10,0x61,0x10,0x61,0x10,
0x61,0x10,0x61,0x10,0x61,0x10,0x61,0x10,0x61,0x10,0x61,0x10,0x61,0x10,0x71,0x94,0x71,0x94,0x61,0x10,0x61,0x10,0xCB,0x5A,0x71,0x94,0x71,0x94,0x71,0x94,0x71,0x94,0x71,
0x94,0x71,0x94,0x71,0x94,0x71,0x94,0x71,0x94,0x71,0x94,0x71,0x94,0x71,0x94,0x71,0x94,0x71,0x94,0x04,0x21,0x61,0x10,0x61,0x10,0x61,0x10,0x61,0x10,0x61,0x10,0x61,0x10,
0x61,0x10,0x61,0x10,0x61,0x10,0x61,0x10,0x61,0x10,0x61,0x10,0x65,0x31,0x71,0x94,0x71,0x94,0x71,0x94,0x71,0x94,0x71,0x94,0x71,0x94,0x71,0x94,0x71,0x94,0x71,0x94,0x71,
0x94,0x71,0x94,0x71,0x94,0x71,0x94,0x71,0x94,0x71,0x94,0x71,0x94,0x71,0x94,0x71,0x94,0x71,0x94,0x71,0x94,0x61,0x10,0x61,0x10,0x61,0x10,0x61,0x10,0x61,0x10,0x61,0x10,
0x61,0x10,0x61,0x10,0x61,0x10,0x61,0x10,0x61,0x10,0x61,0x10,0x8E,0x73,0x71,0x94,0x71,0x94,0x71,0x94,0x71,0x94,0x71,0x94,0x71,0x94,0x71,0x94,0x71,0x94,0x71,0x94,0x71,
0x94,0x71,0x94,0x71,0x94,0x71,0x94,0x71,0x94,0x30,0x8C,0x61,0x10,0x61,0x10,0x71,0x94,0x71,0x94,0x86,0x31,0x61,0x10,0x61,0x10,0x61,0x10,0x61,0x10,0x61,0x10,0x61,0x10,
0x61,0x10,0x61,0x10,0x61,0x10,0x61,0x10,0x61,0x10,0x61,0x10,0x61,0x10,0x61,0x10,0x61,0x10,0x61,0x10,0x61,0x10,0x61,0x10,0x61,0x10,0x61,0x10,0x61,0x10,0x61,0x10,0x61,
0x10,0xFF,0xFF,0xFF,0xFF,0xFF,0xFF,0xFF,0xFF,0xFF,0xFF,0xFF,0xFF,0xFF,0xFF,0xFF,0xFF,0xFF,0xFF,0xFF,0xFF,0xFF,0xFF,0xFF,0xFF,0xFF,0xFF,0xFF,0xFF,0xFF,0xFF,0x86,0x31,
0x61,0x10,0x61,0x10,0x61,0x10,0x61,0x10,0x61,0x10,0x61,0x10,0x61,0x10,0x61,0x10,0x61,0x10,0x61,0x10,0x61,0x10,0x61,0x10,0x61,0x10,0x61,0x10,0x61,0x10,0x61,0x10,0x61,
0x10,0x61,0x10,0x61,0x10,0x61,0x10,0x61,0x10,0x61,0x10,0x61,0x10,0x61,0x10,0xFF,0xFF,0xFF,0xFF,0xFF,0xFF,0xFF,0xFF,0xFF,0xFF,0xFF,0xFF,0xFF,0xFF,0xFF,0xFF,0xFF,0xFF,
0xFF,0xFF,0xFF,0xFF,0xFF,0xFF,0xFF,0xFF,0xFF,0xFF,0xFF,0xFF,0x48,0x4A,0x61,0x10,0x61,0x10,0x61,0x10,0x61,0x10,0x61,0x10,0x61,0x10,0x61,0x10,0x61,0x10,0xFF,0xFF,0xFF,
0xFF,0xFF,0xFF,0xFF,0xFF,0xFF,0xFF,0xFF,0xFF,0xFF,0xFF,0xFF,0xFF,0xFF,0xFF,0xFF,0xFF,0xFF,0xFF,0xFF,0xFF,0xFF,0xFF,0xFF,0xFF,0x1C,0xE7,0x61,0x10,0x61,0x10,0x61,0x10,
0x61,0x10,0x61,0x10,0x61,0x10,0x61,0x10,0x61,0x10,0xBA,0xD6,0xFF,0xFF,0xFF,0xFF,0xFF,0xFF,0xFF,0xFF,0xFF,0xFF,0xFF,0xFF,0xFF,0xFF,0xFF,0xFF,0xFF,0xFF,0xFF,0xFF,0xFF,
0xFF,0xFF,0xFF,0xFF,0xFF,0x71,0x8C,0x61,0x10,0x61,0x10,0x61,0x10,0x61,0x10,0x61,0x10,0x61,0x10,0x61,0x10,0x61,0x10,0xFF,0xFF,0xFF,0xFF,0xFF,0xFF,0xFF,0xFF,0xFF,0xFF,
0xFF,0xFF,0xFF,0xFF,0xFF,0xFF,0xFF,0xFF,0xFF,0xFF,0xFF,0xFF,0xFF,0xFF,0xFF,0xFF,0xFF,0xFF,0xFF,0xFF,0x61,0x10,0x61,0x10,0x61,0x10,0x61,0x10,0x61,0x10,0x61,0x10,0x61,
0x10,0x61,0x10,0x61,0x10,0x61,0x10,0x61,0x10,0x61,0x10,0x61,0x10,0x61,0x10,0x61,0x10,0x61,0x10,0x61,0x10,0x61,0x10,0x61,0x10,0x61,0x10,0x61,0x10,0x61,0x10,0x61,0x10,
0x61,0x10,0x61,0x10,0x14,0xA5,0xFF,0xFF,0xFF,0xFF,0xFF,0xFF,0xFF,0xFF,0xFF,0xFF,0xFF,0xFF,0xFF,0xFF,0xFF,0xFF,0xFF,0xFF,0xFF,0xFF,0xFF,0xFF,0xFF,0xFF,0xFF,0xFF,0xFF,
0xFF,0xD7,0xBD,0x61,0x10,0x61,0x10,0x61,0x10,0x61,0x10,0x61,0x10,0x61,0x10,0x61,0x10,0x61,0x10,0xFF,0xFF,0xFF,0xFF,0xFF,0xFF,0xFF,0xFF,0xFF,0xFF,0xFF,0xFF,0xFF,0xFF,
0xFF,0xFF,0xFF,0xFF,0xFF,0xFF,0xFF,0xFF,0xFF,0xFF,0xFF,0xFF,0xFF,0xFF,0xFF,0xFF,0x61,0x10,0x61,0x10,0x61,0x10,0x61,0x10,0x61,0x10,0x61,0x10,0x61,0x10,0x61,0x10,0x61,
0x10,0x61,0x10,0x61,0x10,0x61,0x10,0x61,0x10,0x61,0x10,0x61,0x10,0x61,0x10,0x61,0x10,0x61,0x10,0x61,0x10,0x61,0x10,0x61,0x10,0x61,0x10,0x61,0x10,0x61,0x10,0x61,0x10,
0x61,0x10,0x61,0x10,0x61,0x10,0x61,0x10,0x61,0x10,0x61,0x10,0x61,0x10,0x61,0x10,0x61,0x10,0x61,0x10,0x61,0x10,0x61,0x10,0x61,0x10,0x61,0x10,0x61,0x10,0x61,0x10,0x61,
0x10,0x61,0x10,0x61,0x10,0x61,0x10,0x61,0x10,0x61,0x10,0x61,0x10,0x61,0x10,0x61,0x10,0x61,0x10,0x61,0x10,0x61,0x10,0x61,0x10,0x61,0x10,0x61,0x10,0x61,0x10,0x61,0x10,
0x61,0x10,0x61,0x10,0x61,0x10,0x61,0x10,0x61,0x10,0x61,0x10,0x61,0x10,0x61,0x10,0x61,0x10,0x61,0x10,0x61,0x10,0x61,0x10,0x61,0x10,0x61,0x10,0x61,0x10,0x61,0x10,0x71,
0x94,0x71,0x94,0x61,0x10,0x61,0x10,0xCF,0x7B,0x71,0x94,0x71,0x94,0x71,0x94,0x71,0x94,0x71,0x94,0x71,0x94,0x71,0x94,0x71,0x94,0x71,0x94,0x71,0x94,0x71,0x94,0x71,0x94,
0x71,0x94,0x71,0x94,0x82,0x10,0x61,0x10,0x61,0x10,0x61,0x10,0x61,0x10,0x61,0x10,0x61,0x10,0x61,0x10,0x61,0x10,0x61,0x10,0x61,0x10,0x61,0x10,0x61,0x10,0x8A,0x52,0x71,
0x94,0x71,0x94,0x71,0x94,0x71,0x94,0x71,0x94,0x71,0x94,0x71,0x94,0x71,0x94,0x71,0x94,0x71,0x94,0x71,0x94,0x71,0x94,0x71,0x94,0x71,0x94,0x71,0x94,0x71,0x94,0x71,0x94,
0x71,0x94,0x71,0x94,0x71,0x94,0x61,0x10,0x61,0x10,0x61,0x10,0x61,0x10,0x61,0x10,0x61,0x10,0x61,0x10,0x61,0x10,0x61,0x10,0x61,0x10,0x61,0x10,0x61,0x10,0x0C,0x63,0x71,
0x94,0x71,0x94,0x71,0x94,0x71,0x94,0x71,0x94,0x71,0x94,0x71,0x94,0x71,0x94,0x71,0x94,0x71,0x94,0x71,0x94,0x71,0x94,0x71,0x94,0x71,0x94,0x71,0x94,0x61,0x10,0x61,0x10,
0x71,0x94,0x71,0x94,0x69,0x4A,0x61,0x10,0x61,0x10,0x61,0x10,0x61,0x10,0x61,0x10,0x61,0x10,0x61,0x10,0x61,0x10,0x61,0x10,0x61,0x10,0x61,0x10,0x61,0x10,0x61,0x10,0x61,
0x10,0x61,0x10,0x61,0x10,0x61,0x10,0x61,0x10,0x61,0x10,0x61,0x10,0x61,0x10,0x61,0x10,0x61,0x10,0xFF,0xFF,0xFF,0xFF,0xFF,0xFF,0xFF,0xFF,0xFF,0xFF,0xFF,0xFF,0xFF,0xFF,
0xFF,0xFF,0xFF,0xFF,0xFF,0xFF,0xFF,0xFF,0xFF,0xFF,0xFF,0xFF,0xFF,0xFF,0x3C,0xE7,0x61,0x10,0x61,0x10,0x61,0x10,0x61,0x10,0x61,0x10,0x61,0x10,0x61,0x10,0x61,0x10,0x61,
0x10,0x61,0x10,0x61,0x10,0x61,0x10,0x61,0x10,0x61,0x10,0x61,0x10,0x61,0x10,0x61,0x10,0x61,0x10,0x61,0x10,0x61,0x10,0x61,0x10,0x61,0x10,0x61,0x10,0x61,0x10,0x61,0x10,
0x79,0xCE,0xFF,0xFF,0xFF,0xFF,0xFF,0xFF,0xFF,0xFF,0xFF,0xFF,0xFF,0xFF,0xFF,0xFF,0xFF,0xFF,0xFF,0xFF,0xFF,0xFF,0xFF,0xFF,0xFF,0xFF,0xFF,0xFF,0xFF,0xFF,0xEF,0x7B,0x61,
0x10,0x61,0x10,0x61,0x10,0x61,0x10,0x61,0x10,0x61,0x10,0x61,0x10,0x61,0x10,0xFF,0xFF,0xFF,0xFF,0xFF,0xFF,0xFF,0xFF,0xFF,0xFF,0xFF,0xFF,0xFF,0xFF,0xFF,0xFF,0xFF,0xFF,
0xFF,0xFF,0xFF,0xFF,0xFF,0xFF,0xFF,0xFF,0xFF,0xFF,0x1C,0xE7,0x61,0x10,0x61,0x10,0x61,0x10,0x61,0x10,0x61,0x10,0x61,0x10,0x61,0x10,0x61,0x10,0xBA,0xD6,0xFF,0xFF,0xFF,
0xFF,0xFF,0xFF,0xFF,0xFF,0xFF,0xFF,0xFF,0xFF,0xFF,0xFF,0xFF,0xFF,0xFF,0xFF,0xFF,0xFF,0xFF,0xFF,0xFF,0xFF,0xFF,0xFF,0x71,0x8C,0x61,0x10,0x61,0x10,0x61,0x10,0x61,0x10,
0x61,0x10,0x61,0x10,0x61,0x10,0x61,0x10,0xFF,0xFF,0xFF,0xFF,0xFF,0xFF,0xFF,0xFF,0xFF,0xFF,0xFF,0xFF,0xFF,0xFF,0xFF,0xFF,0xFF,0xFF,0xFF,0xFF,0xFF,0xFF,0xFF,0xFF,0xFF,
0xFF,0xFF,0xFF,0xFF,0xFF,0x61,0x10,0x61,0x10,0x61,0x10,0x61,0x10,0x61,0x10,0x61,0x10,0x61,0x10,0x61,0x10,0x61,0x10,0x61,0x10,0x61,0x10,0x61,0x10,0x61,0x10,0x61,0x10,
0x61,0x10,0x61,0x10,0x61,0x10,0x61,0x10,0x61,0x10,0x61,0x10,0x61,0x10,0x61,0x10,0x61,0x10,0x61,0x10,0x61,0x10,0x8A,0x52,0xFF,0xFF,0xFF,0xFF,0xFF,0xFF,0xFF,0xFF,0xFF,
0xFF,0xFF,0xFF,0xFF,0xFF,0xFF,0xFF,0xFF,0xFF,0xFF,0xFF,0xFF,0xFF,0xFF,0xFF,0xFF,0xFF,0xFF,0xFF,0x7D,0xEF,0x61,0x10,0x61,0x10,0x61,0x10,0x61,0x10,0x61,0x10,0x61,0x10,
0x61,0x10,0x61,0x10,0xFF,0xFF,0xFF,0xFF,0xFF,0xFF,0xFF,0xFF,0xFF,0xFF,0xFF,0xFF,0xFF,0xFF,0xFF,0xFF,0xFF,0xFF,0xFF,0xFF,0xFF,0xFF,0xFF,0xFF,0xFF,0xFF,0xFF,0xFF,0xFF,
0xFF,0x61,0x10,0x61,0x10,0x61,0x10,0x61,0x10,0x61,0x10,0x61,0x10,0x61,0x10,0x61,0x10,0x61,0x10,0x61,0x10,0x61,0x10,0x61,0x10,0x61,0x10,0x61,0x10,0x61,0x10,0x61,0x10,
0x61,0x10,0x61,0x10,0x61,0x10,0x61,0x10,0x61,0x10,0x61,0x10,0x61,0x10,0x61,0x10,0x61,0x10,0x61,0x10,0x61,0x10,0x61,0x10,0x61,0x10,0x61,0x10,0x61,0x10,0x61,0x10,0x61,
0x10,0x61,0x10,0x61,0x10,0x61,0x10,0x61,0x10,0x61,0x10,0x61,0x10,0x61,0x10,0x61,0x10,0x61,0x10,0x61,0x10,0x61,0x10,0x61,0x10,0x61,0x10,0x61,0x10,0x61,0x10,0x61,0x10,
0x61,0x10,0x61,0x10,0x61,0x10,0x61,0x10,0x61,0x10,0x61,0x10,0x61,0x10,0x61,0x10,0x61,0x10,0x61,0x10,0x61,0x10,0x61,0x10,0x61,0x10,0x61,0x10,0x61,0x10,0x61,0x10,0x61,
0x10,0x61,0x10,0x61,0x10,0x61,0x10,0x61,0x10,0x61,0x10,0x61,0x10,0x61,0x10,0x61,0x10,0x71,0x94,0x6E,0x73,0x61,0x10,0xAA,0x5A,0x71,0x94,0x71,0x94,0x71,0x94,0x71,0x94,
0x71,0x94,0x71,0x94,0x71,0x94,0x71,0x94,0x71,0x94,0x71,0x94,0x71,0x94,0x71,0x94,0x71,0x94,0x71,0x94,0x71,0x94,0x61,0x10,0x61,0x10,0x61,0x10,0x61,0x10,0x61,0x10,0x61,
0x10,0x61,0x10,0x61,0x10,0x61,0x10,0x61,0x10,0x61,0x10,0x61,0x10,0x61,0x10,0xEF,0x83,0x71,0x94,0x71,0x94,0x71,0x94,0x71,0x94,0x71,0x94,0x71,0x94,0x71,0x94,0x71,0x94,
0x71,0x94,0x71,0x94,0x71,0x94,0x71,0x94,0x71,0x94,0x71,0x94,0x71,0x94,0x71,0x94,0x71,0x94,0x71,0x94,0x71,0x94,0x71,0x94,0x61,0x10,0x61,0x10,0x61,0x10,0x61,0x10,0x61,
0x10,0x61,0x10,0x61,0x10,0x61,0x10,0x61,0x10,0x61,0x10,0x61,0x10,0x61,0x10,0xAA,0x5A,0x71,0x94,0x71,0x94,0x71,0x94,0x71,0x94,0x71,0x94,0x71,0x94,0x71,0x94,0x71,0x94,
0x71,0x94,0x71,0x94,0x71,0x94,0x71,0x94,0x71,0x94,0x71,0x94,0x71,0x94,0x61,0x10,0x61,0x10,0xE7,0x41,0x71,0x94,0x71,0x94,0x04,0x21,0x61,0x10,0x61,0x10,0x61,0x10,0x61,
0x10,0x61,0x10,0x61,0x10,0x61,0x10,0x61,0x10,0x61,0x10,0x61,0x10,0x61,0x10,0x61,0x10,0x61,0x10,0x61,0x10,0x61,0x10,0x61,0x10,0x61,0x10,0x61,0x10,0x61,0x10,0x61,0x10,
0x61,0x10,0x61,0x10,0xFF,0xFF,0xFF,0xFF,0xFF,0xFF,0xFF,0xFF,0xFF,0xFF,0xFF,0xFF,0xFF,0xFF,0xFF,0xFF,0xFF,0xFF,0xFF,0xFF,0xFF,0xFF,0xFF,0xFF,0xFF,0xFF,0xFF,0xFF,0xA6,
0x39,0x61,0x10,0x61,0x10,0x61,0x10,0x61,0x10,0x61,0x10,0x61,0x10,0x61,0x10,0x61,0x10,0x61,0x10,0x61,0x10,0x61,0x10,0x61,0x10,0x61,0x10,0x61,0x10,0x61,0x10,0x61,0x10,
0x61,0x10,0x61,0x10,0x61,0x10,0x61,0x10,0x61,0x10,0x61,0x10,0x61,0x10,0x61,0x10,0x61,0x10,0x61,0x10,0xDB,0xDE,0xFF,0xFF,0xFF,0xFF,0xFF,0xFF,0xFF,0xFF,0xFF,0xFF,0xFF,
0xFF,0xFF,0xFF,0xFF,0xFF,0xFF,0xFF,0xFF,0xFF,0xFF,0xFF,0xFF,0xFF,0xFF,0xFF,0xFF,0xFF,0xA2,0x18,0x61,0x10,0x61,0x10,0x61,0x10,0x61,0x10,0x61,0x10,0x61,0x10,0x61,0x10,
0xFF,0xFF,0xFF,0xFF,0xFF,0xFF,0xFF,0xFF,0xFF,0xFF,0xFF,0xFF,0xFF,0xFF,0xFF,0xFF,0xFF,0xFF,0xFF,0xFF,0xFF,0xFF,0xFF,0xFF,0xFF,0xFF,0xFF,0xFF,0x1C,0xE7,0x61,0x10,0x61,
0x10,0x61,0x10,0x61,0x10,0x61,0x10,0x61,0x10,0x61,0x10,0x61,0x10,0xBA,0xD6,0xFF,0xFF,0xFF,0xFF,0xFF,0xFF,0xFF,0xFF,0xFF,0xFF,0xFF,0xFF,0xFF,0xFF,0xFF,0xFF,0xFF,0xFF,
0xFF,0xFF,0xFF,0xFF,0xFF,0xFF,0xFF,0xFF,0x71,0x8C,0x61,0x10,0x61,0x10,0x61,0x10,0x61,0x10,0x61,0x10,0x61,0x10,0x61,0x10,0x61,0x10,0xFF,0xFF,0xFF,0xFF,0xFF,0xFF,0xFF,
0xFF,0xFF,0xFF,0xFF,0xFF,0xFF,0xFF,0xFF,0xFF,0xFF,0xFF,0xFF,0xFF,0xFF,0xFF,0xFF,0xFF,0xFF,0xFF,0xFF,0xFF,0xFF,0xFF,0x61,0x10,0x61,0x10,0x61,0x10,0x61,0x10,0x61,0x10,
0x61,0x10,0x61,0x10,0x61,0x10,0x61,0x10,0x61,0x10,0x61,0x10,0x61,0x10,0x61,0x10,0x61,0x10,0x61,0x10,0x61,0x10,0x61,0x10,0x61,0x10,0x61,0x10,0x61,0x10,0x61,0x10,0x61,
0x10,0x61,0x10,0x61,0x10,0x61,0x10,0x61,0x10,0x4C,0x6B,0xFF,0xFF,0xFF,0xFF,0xFF,0xFF,0xFF,0xFF,0xFF,0xFF,0xFF,0xFF,0xFF,0xFF,0xFF,0xFF,0xFF,0xFF,0xFF,0xFF,0xFF,0xFF,
0xFF,0xFF,0xFF,0xFF,0xFF,0xFF,0x71,0x8C,0x61,0x10,0x61,0x10,0x61,0x10,0x61,0x10,0x61,0x10,0x61,0x10,0x61,0x10,0xFF,0xFF,0xFF,0xFF,0xFF,0xFF,0xFF,0xFF,0xFF,0xFF,0xFF,
0xFF,0xFF,0xFF,0xFF,0xFF,0xFF,0xFF,0xFF,0xFF,0xFF,0xFF,0xFF,0xFF,0xFF,0xFF,0xFF,0xFF,0xFF,0xFF,0x61,0x10,0x61,0x10,0x61,0x10,0x61,0x10,0x61,0x10,0x61,0x10,0x61,0x10,
0x61,0x10,0x61,0x10,0x61,0x10,0x61,0x10,0x61,0x10,0x61,0x10,0x61,0x10,0x61,0x10,0x61,0x10,0x61,0x10,0x61,0x10,0x61,0x10,0x61,0x10,0x61,0x10,0x61,0x10,0x61,0x10,0x61,
0x10,0x61,0x10,0x61,0x10,0x61,0x10,0x61,0x10,0x61,0x10,0x61,0x10,0x61,0x10,0x61,0x10,0x61,0x10,0x61,0x10,0x61,0x10,0x61,0x10,0x61,0x10,0x61,0x10,0x61,0x10,0x61,0x10,
0x61,0x10,0x61,0x10,0x61,0x10,0x61,0x10,0x61,0x10,0x61,0x10,0x61,0x10,0x61,0x10,0x61,0x10,0x61,0x10,0x61,0x10,0x61,0x10,0x61,0x10,0x61,0x10,0x61,0x10,0x61,0x10,0x61,
0x10,0x61,0x10,0x61,0x10,0x61,0x10,0x61,0x10,0x61,0x10,0x61,0x10,0x61,0x10,0x61,0x10,0x61,0x10,0x61,0x10,0x61,0x10,0x61,0x10,0x61,0x10,0x61,0x10,0x61,0x10,0x61,0x10,
0x61,0x10,0x71,0x94,0xCB,0x5A,0x61,0x10,0x4D,0x6B,0x71,0x94,0x71,0x94,0x71,0x94,0x71,0x94,0x71,0x94,0x71,0x94,0x71,0x94,0x71,0x94,0x71,0x94,0x71,0x94,0x71,0x94,0x71,
0x94,0x71,0x94,0x71,0x94,0x71,0x94,0x61,0x10,0x61,0x10,0x61,0x10,0x61,0x10,0x61,0x10,0x61,0x10,0x61,0x10,0x61,0x10,0x61,0x10,0x61,0x10,0x61,0x10,0x61,0x10,0x61,0x10,
0xEF,0x83,0x71,0x94,0x71,0x94,0x71,0x94,0x71,0x94,0x71,0x94,0x71,0x94,0x71,0x94,0x71,0x94,0x71,0x94,0x71,0x94,0x71,0x94,0x71,0x94,0x71,0x94,0x71,0x94,0x71,0x94,0x71,
0x94,0x71,0x94,0x71,0x94,0x71,0x94,0x71,0x94,0x61,0x10,0x61,0x10,0x61,0x10,0x61,0x10,0x61,0x10,0x61,0x10,0x61,0x10,0x61,0x10,0x61,0x10,0x61,0x10,0x61,0x10,0x61,0x10,
0xCB,0x5A,0x71,0x94,0x71,0x94,0x71,0x94,0x71,0x94,0x71,0x94,0x71,0x94,0x71,0x94,0x71,0x94,0x71,0x94,0x71,0x94,0x71,0x94,0x71,0x94,0x71,0x94,0x71,0x94,0x71,0x94,0xA2,
0x18,0x61,0x10,0x65,0x31,0x71,0x94,0x71,0x94,0x86,0x31,0x61,0x10,0x61,0x10,0x61,0x10,0x61,0x10,0x61,0x10,0x61,0x10,0x61,0x10,0x61,0x10,0x61,0x10,0x61,0x10,0x61,0x10,
0x61,0x10,0x61,0x10,0x61,0x10,0x61,0x10,0x61,0x10,0x61,0x10,0x61,0x10,0x61,0x10,0x61,0x10,0x61,0x10,0x61,0x10,0xFF,0xFF,0xFF,0xFF,0xFF,0xFF,0xFF,0xFF,0xFF,0xFF,0xFF,
0xFF,0xFF,0xFF,0xFF,0xFF,0xFF,0xFF,0xFF,0xFF,0xFF,0xFF,0xFF,0xFF,0xFF,0xFF,0xFF,0xFF,0xE3,0x20,0x61,0x10,0x61,0x10,0x61,0x10,0x61,0x10,0x61,0x10,0x61,0x10,0x61,0x10,
0x61,0x10,0x61,0x10,0x61,0x10,0x61,0x10,0x61,0x10,0x61,0x10,0x61,0x10,0x61,0x10,0x61,0x10,0x61,0x10,0x61,0x10,0x61,0x10,0x61,0x10,0x61,0x10,0x61,0x10,0x61,0x10,0x61,
0x10,0x61,0x10,0x61,0x10,0x75,0xB5,0xFF,0xFF,0xFF,0xFF,0xFF,0xFF,0xFF,0xFF,0xFF,0xFF,0xFF,0xFF,0xFF,0xFF,0xFF,0xFF,0xFF,0xFF,0xFF,0xFF,0xFF,0xFF,0xFF,0xFF,0xFF,0xFF,
0xFF,0xFF,0xC7,0x39,0x61,0x10,0x61,0x10,0x61,0x10,0x61,0x10,0x61,0x10,0x61,0x10,0x61,0x10,0xFF,0xFF,0xFF,0xFF,0xFF,0xFF,0xFF,0xFF,0xFF,0xFF,0xFF,0xFF,0xFF,0xFF,0xFF,
0xFF,0xFF,0xFF,0xFF,0xFF,0xFF,0xFF,0xFF,0xFF,0xFF,0xFF,0xFF,0xFF,0x1C,0xE7,0x61,0x10,0x61,0x10,0x61,0x10,0x61,0x10,0x61,0x10,0x61,0x10,0x61,0x10,0x61,0x10,0xBA,0xD6,
0xFF,0xFF,0xFF,0xFF,0xFF,0xFF,0xFF,0xFF,0xFF,0xFF,0xFF,0xFF,0xFF,0xFF,0xFF,0xFF,0xFF,0xFF,0xFF,0xFF,0xFF,0xFF,0xFF,0xFF,0xFF,0xFF,0x71,0x8C,0x61,0x10,0x61,0x10,0x61,
0x10,0x61,0x10,0x61,0x10,0x61,0x10,0x61,0x10,0x61,0x10,0xFF,0xFF,0xFF,0xFF,0xFF,0xFF,0xFF,0xFF,0xFF,0xFF,0xFF,0xFF,0xFF,0xFF,0xFF,0xFF,0xFF,0xFF,0xFF,0xFF,0xFF,0xFF,
0xFF,0xFF,0xFF,0xFF,0xFF,0xFF,0xDF,0xFF,0x61,0x10,0x61,0x10,0x61,0x10,0x61,0x10,0x61,0x10,0x61,0x10,0x61,0x10,0x61,0x10,0x61,0x10,0x61,0x10,0x61,0x10,0x61,0x10,0x61,
0x10,0x61,0x10,0x61,0x10,0x61,0x10,0x61,0x10,0x61,0x10,0x61,0x10,0x61,0x10,0x61,0x10,0x61,0x10,0x61,0x10,0x61,0x10,0x61,0x10,0x61,0x10,0xE7,0x39,0xFF,0xFF,0xFF,0xFF,
0xFF,0xFF,0xFF,0xFF,0xFF,0xFF,0xFF,0xFF,0xFF,0xFF,0xFF,0xFF,0xFF,0xFF,0xFF,0xFF,0xFF,0xFF,0xFF,0xFF,0xFF,0xFF,0xFF,0xFF,0x75,0xB5,0x61,0x10,0x61,0x10,0x61,0x10,0x61,
0x10,0x61,0x10,0x61,0x10,0x61,0x10,0xFF,0xFF,0xFF,0xFF,0xFF,0xFF,0xFF,0xFF,0xFF,0xFF,0xFF,0xFF,0xFF,0xFF,0xFF,0xFF,0xFF,0xFF,0xFF,0xFF,0xFF,0xFF,0xFF,0xFF,0xFF,0xFF,
0xFF,0xFF,0xFF,0xFF,0x61,0x10,0x61,0x10,0x61,0x10,0x61,0x10,0x61,0x10,0x61,0x10,0x61,0x10,0x61,0x10,0x61,0x10,0x61,0x10,0x61,0x10,0x61,0x10,0x61,0x10,0x61,0x10,0x61,
0x10,0x61,0x10,0x61,0x10,0x61,0x10,0x61,0x10,0x61,0x10,0x61,0x10,0x61,0x10,0x61,0x10,0x61,0x10,0x61,0x10,0x61,0x10,0x61,0x10,0x61,0x10,0x61,0x10,0x61,0x10,0x61,0x10,
0x61,0x10,0x61,0x10,0x61,0x10,0x61,0x10,0x61,0x10,0x61,0x10,0x61,0x10,0x61,0x10,0x61,0x10,0x61,0x10,0x61,0x10,0x61,0x10,0x61,0x10,0x61,0x10,0x61,0x10,0x61,0x10,0x61,
0x10,0x61,0x10,0x61,0x10,0x61,0x10,0x61,0x10,0x61,0x10,0x61,0x10,0x61,0x10,0x61,0x10,0x61,0x10,0x61,0x10,0x61,0x10,0x61,0x10,0x61,0x10,0x61,0x10,0x61,0x10,0x61,0x10,
0x61,0x10,0x61,0x10,0x61,0x10,0x61,0x10,0x61,0x10,0x61,0x10,0x61,0x10,0x61,0x10,0x61,0x10,0xE3,0x18,0x71,0x94,0x08,0x42,0x61,0x10,0x31,0x8C,0x71,0x94,0x71,0x94,0x71,
0x94,0x71,0x94,0x71,0x94,0x71,0x94,0x71,0x94,0x71,0x94,0x71,0x94,0x71,0x94,0x71,0x94,0x71,0x94,0x71,0x94,0x71,0x94,0x71,0x94,0x61,0x10,0x61,0x10,0x61,0x10,0x61,0x10,
0x61,0x10,0x61,0x10,0x61,0x10,0x61,0x10,0x61,0x10,0x61,0x10,0x61,0x10,0x61,0x10,0x61,0x10,0xEF,0x83,0x71,0x94,0x71,0x94,0x71,0x94,0x71,0x94,0x71,0x94,0x71,0x94,0x71,
0x94,0x71,0x94,0x71,0x94,0x71,0x94,0x71,0x94,0x71,0x94,0x71,0x94,0x71,0x94,0x71,0x94,0x71,0x94,0x71,0x94,0x71,0x94,0x71,0x94,0x71,0x94,0x61,0x10,0x61,0x10,0x61,0x10,
0x61,0x10,0x61,0x10,0x61,0x10,0x61,0x10,0x61,0x10,0x61,0x10,0x61,0x10,0x61,0x10,0x61,0x10,0x8E,0x73,0x71,0x94,0x71,0x94,0x71,0x94,0x71,0x94,0x71,0x94,0x71,0x94,0x71,
0x94,0x71,0x94,0x71,0x94,0x71,0x94,0x71,0x94,0x71,0x94,0x71,0x94,0x71,0x94,0x71,0x94,0xC7,0x39,0x61,0x10,0x61,0x10,0x51,0x8C,0x71,0x94,0x69,0x52,0x61,0x10,0x61,0x10,
0x61,0x10,0x61,0x10,0x61,0x10,0x61,0x10,0x61,0x10,0x61,0x10,0x61,0x10,0x61,0x10,0x61,0x10,0x61,0x10,0x61,0x10,0x61,0x10,0x61,0x10,0x61,0x10,0x61,0x10,0x61,0x10,0x61,
0x10,0x61,0x10,0x61,0x10,0x61,0x10,0xFF,0xFF,0xFF,0xFF,0xFF,0xFF,0xFF,0xFF,0xFF,0xFF,0xFF,0xFF,0xFF,0xFF,0xFF,0xFF,0xFF,0xFF,0xFF,0xFF,0xFF,0xFF,0xFF,0xFF,0xFF,0xFF,
0xDB,0xDE,0x61,0x10,0x61,0x10,0x61,0x10,0x61,0x10,0x61,0x10,0x61,0x10,0x61,0x10,0x61,0x10,0x61,0x10,0x61,0x10,0x61,0x10,0x61,0x10,0x61,0x10,0x61,0x10,0x61,0x10,0x61,
0x10,0x61,0x10,0x61,0x10,0x61,0x10,0x61,0x10,0x61,0x10,0x61,0x10,0x61,0x10,0x61,0x10,0x61,0x10,0x61,0x10,0x61,0x10,0x6D,0x73,0xFF,0xFF,0xFF,0xFF,0xFF,0xFF,0xFF,0xFF,
0xFF,0xFF,0xFF,0xFF,0xFF,0xFF,0xFF,0xFF,0xFF,0xFF,0xFF,0xFF,0xFF,0xFF,0xFF,0xFF,0xFF,0xFF,0xFF,0xFF,0x0C,0x63,0x61,0x10,0x61,0x10,0x61,0x10,0x61,0x10,0x61,0x10,0x61,
0x10,0x61,0x10,0xFF,0xFF,0xFF,0xFF,0xFF,0xFF,0xFF,0xFF,0xFF,0xFF,0xFF,0xFF,0xFF,0xFF,0xFF,0xFF,0xFF,0xFF,0xFF,0xFF,0xFF,0xFF,0xFF,0xFF,0xFF,0xFF,0xFF,0xFF,0x1C,0xE7,
0x61,0x10,0x61,0x10,0x61,0x10,0x61,0x10,0x61,0x10,0x61,0x10,0x61,0x10,0x61,0x10,0xBA,0xD6,0xFF,0xFF,0xFF,0xFF,0xFF,0xFF,0xFF,0xFF,0xFF,0xFF,0xFF,0xFF,0xFF,0xFF,0xFF,
0xFF,0xFF,0xFF,0xFF,0xFF,0xFF,0xFF,0xFF,0xFF,0xFF,0xFF,0x71,0x8C,0x61,0x10,0x61,0x10,0x61,0x10,0x61,0x10,0x61,0x10,0x61,0x10,0x61,0x10,0xC2,0x18,0xFF,0xFF,0xFF,0xFF,
0xFF,0xFF,0xFF,0xFF,0xFF,0xFF,0xFF,0xFF,0xFF,0xFF,0xFF,0xFF,0xFF,0xFF,0xFF,0xFF,0xFF,0xFF,0xFF,0xFF,0xFF,0xFF,0xFF,0xFF,0xD7,0xBD,0x61,0x10,0x61,0x10,0x61,0x10,0x61,
0x10,0x61,0x10,0x61,0x10,0x61,0x10,0x61,0x10,0x61,0x10,0x61,0x10,0x61,0x10,0x61,0x10,0x61,0x10,0x61,0x10,0x61,0x10,0x61,0x10,0x61,0x10,0x61,0x10,0x61,0x10,0x61,0x10,
0x61,0x10,0x61,0x10,0x61,0x10,0x61,0x10,0x61,0x10,0x61,0x10,0x61,0x10,0xFF,0xFF,0xFF,0xFF,0xFF,0xFF,0xFF,0xFF,0xFF,0xFF,0xFF,0xFF,0xFF,0xFF,0xFF,0xFF,0xFF,0xFF,0xFF,
0xFF,0xFF,0xFF,0xFF,0xFF,0xFF,0xFF,0xFF,0xFF,0xFB,0xDE,0x61,0x10,0x61,0x10,0x61,0x10,0x61,0x10,0x61,0x10,0x61,0x10,0x61,0x10,0xFF,0xFF,0xFF,0xFF,0xFF,0xFF,0xFF,0xFF,
0xFF,0xFF,0xFF,0xFF,0xFF,0xFF,0xFF,0xFF,0xFF,0xFF,0xFF,0xFF,0xFF,0xFF,0xFF,0xFF,0xFF,0xFF,0xFF,0xFF,0xFF,0xFF,0x61,0x10,0x61,0x10,0x61,0x10,0x61,0x10,0x61,0x10,0x61,
0x10,0x61,0x10,0x61,0x10,0x61,0x10,0x61,0x10,0x61,0x10,0x61,0x10,0x61,0x10,0x61,0x10,0x61,0x10,0x61,0x10,0x61,0x10,0x61,0x10,0x61,0x10,0x61,0x10,0x61,0x10,0x61,0x10,
0x61,0x10,0x61,0x10,0x61,0x10,0x61,0x10,0x61,0x10,0x61,0x10,0x61,0x10,0x61,0x10,0x61,0x10,0x61,0x10,0x61,0x10,0x61,0x10,0x61,0x10,0x61,0x10,0x61,0x10,0x61,0x10,0x61,
0x10,0x61,0x10,0x61,0x10,0x61,0x10,0x61,0x10,0x61,0x10,0x61,0x10,0x61,0x10,0x61,0x10,0x61,0x10,0x61,0x10,0x61,0x10,0x61,0x10,0x61,0x10,0x61,0x10,0x61,0x10,0x61,0x10,
0x61,0x10,0x61,0x10,0x61,0x10,0x61,0x10,0x61,0x10,0x61,0x10,0x61,0x10,0x61,0x10,0x61,0x10,0x61,0x10,0x61,0x10,0x61,0x10,0x61,0x10,0x61,0x10,0x61,0x10,0x61,0x10,0x61,
0x10,0x61,0x10,0x45,0x29,0x71,0x94,0x86,0x31,0x61,0x10,0x71,0x94,0x71,0x94,0x71,0x94,0x71,0x94,0x71,0x94,0x71,0x94,0x71,0x94,0x71,0x94,0x71,0x94,0x71,0x94,0x71,0x94,
0x71,0x94,0x71,0x94,0x71,0x94,0x71,0x94,0x71,0x94,0x61,0x10,0x61,0x10,0x61,0x10,0x61,0x10,0x61,0x10,0x61,0x10,0x61,0x10,0x61,0x10,0x61,0x10,0x61,0x10,0x61,0x10,0x61,
0x10,0x61,0x10,0xEF,0x83,0x71,0x94,0x71,0x94,0x71,0x94,0x71,0x94,0x71,0x94,0x71,0x94,0x71,0x94,0x71,0x94,0x71,0x94,0x71,0x94,0x71,0x94,0x71,0x94,0x71,0x94,0x71,0x94,
0x71,0x94,0x71,0x94,0x71,0x94,0x71,0x94,0x71,0x94,0xEF,0x83,0x61,0x10,0x61,0x10,0x61,0x10,0x61,0x10,0x61,0x10,0x61,0x10,0x61,0x10,0x61,0x10,0x61,0x10,0x61,0x10,0x61,
0x10,0x61,0x10,0x10,0x84,0x71,0x94,0x71,0x94,0x71,0x94,0x71,0x94,0x71,0x94,0x71,0x94,0x71,0x94,0x71,0x94,0x71,0x94,0x71,0x94,0x71,0x94,0x71,0x94,0x71,0x94,0x71,0x94,
0x71,0x94,0x49,0x4A,0x61,0x10,0x61,0x10,0x10,0x84,0x71,0x94,0xCB,0x5A,0x61,0x10,0x61,0x10,0x61,0x10,0x61,0x10,0x61,0x10,0x61,0x10,0x61,0x10,0x61,0x10,0x61,0x10,0x61,
0x10,0x61,0x10,0x61,0x10,0x61,0x10,0x61,0x10,0x61,0x10,0x61,0x10,0x61,0x10,0x61,0x10,0x61,0x10,0x61,0x10,0x61,0x10,0x61,0x10,0xFF,0xFF,0xFF,0xFF,0xFF,0xFF,0xFF,0xFF,
0xFF,0xFF,0xFF,0xFF,0xFF,0xFF,0xFF,0xFF,0xFF,0xFF,0xFF,0xFF,0xFF,0xFF,0xFF,0xFF,0xFF,0xFF,0x18,0xC6,0x61,0x10,0x61,0x10,0x61,0x10,0x61,0x10,0x61,0x10,0x61,0x10,0x61,
0x10,0x61,0x10,0x61,0x10,0x61,0x10,0x61,0x10,0x61,0x10,0x61,0x10,0x61,0x10,0x61,0x10,0x61,0x10,0x61,0x10,0x61,0x10,0x61,0x10,0x61,0x10,0x61,0x10,0x61,0x10,0x61,0x10,
0x61,0x10,0x61,0x10,0x61,0x10,0x61,0x10,0x69,0x4A,0xFF,0xFF,0xFF,0xFF,0xFF,0xFF,0xFF,0xFF,0xFF,0xFF,0xFF,0xFF,0xFF,0xFF,0xFF,0xFF,0xFF,0xFF,0xFF,0xFF,0xFF,0xFF,0xFF,
0xFF,0xFF,0xFF,0xFF,0xFF,0xAE,0x73,0x61,0x10,0x61,0x10,0x61,0x10,0x61,0x10,0x61,0x10,0x61,0x10,0x61,0x10,0xFF,0xFF,0xFF,0xFF,0xFF,0xFF,0xFF,0xFF,0xFF,0xFF,0xFF,0xFF,
0xFF,0xFF,0xFF,0xFF,0xFF,0xFF,0xFF,0xFF,0xFF,0xFF,0xFF,0xFF,0xFF,0xFF,0xFF,0xFF,0x1C,0xE7,0x61,0x10,0x61,0x10,0x61,0x10,0x61,0x10,0x61,0x10,0x61,0x10,0x61,0x10,0x61,
0x10,0xBA,0xD6,0xFF,0xFF,0xFF,0xFF,0xFF,0xFF,0xFF,0xFF,0xFF,0xFF,0xFF,0xFF,0xFF,0xFF,0xFF,0xFF,0xFF,0xFF,0xFF,0xFF,0xFF,0xFF,0xFF,0xFF,0xFF,0xFF,0x71,0x8C,0x61,0x10,
0x61,0x10,0x61,0x10,0x61,0x10,0x61,0x10,0x61,0x10,0x61,0x10,0x85,0x31,0xFF,0xFF,0xFF,0xFF,0xFF,0xFF,0xFF,0xFF,0xFF,0xFF,0xFF,0xFF,0xFF,0xFF,0xFF,0xFF,0xFF,0xFF,0xFF,
0xFF,0xFF,0xFF,0xFF,0xFF,0xFF,0xFF,0xFF,0xFF,0x14,0xA5,0x61,0x10,0x61,0x10,0x61,0x10,0x61,0x10,0x61,0x10,0x61,0x10,0x61,0x10,0x61,0x10,0x61,0x10,0x61,0x10,0x61,0x10,
0x61,0x10,0x61,0x10,0x61,0x10,0x61,0x10,0x61,0x10,0x61,0x10,0x61,0x10,0x61,0x10,0x61,0x10,0x61,0x10,0x61,0x10,0x61,0x10,0x61,0x10,0x61,0x10,0x61,0x10,0x61,0x10,0xFF,
0xFF,0xFF,0xFF,0xFF,0xFF,0xFF,0xFF,0xFF,0xFF,0xFF,0xFF,0xFF,0xFF,0xFF,0xFF,0xFF,0xFF,0xFF,0xFF,0xFF,0xFF,0xFF,0xFF,0xFF,0xFF,0xFF,0xFF,0x5D,0xEF,0x61,0x10,0x61,0x10,
0x61,0x10,0x61,0x10,0x61,0x10,0x61,0x10,0x61,0x10,0xFF,0xFF,0xFF,0xFF,0xFF,0xFF,0xFF,0xFF,0xFF,0xFF,0xFF,0xFF,0xFF,0xFF,0xFF,0xFF,0xFF,0xFF,0xFF,0xFF,0xFF,0xFF,0xFF,
0xFF,0xFF,0xFF,0xFF,0xFF,0xFF,0xFF,0x61,0x10,0x61,0x10,0x61,0x10,0x61,0x10,0x61,0x10,0x61,0x10,0x61,0x10,0x61,0x10,0x61,0x10,0x61,0x10,0x61,0x10,0x61,0x10,0x61,0x10,
0x61,0x10,0x61,0x10,0x61,0x10,0x61,0x10,0x61,0x10,0x61,0x10,0x61,0x10,0x61,0x10,0x61,0x10,0x61,0x10,0x61,0x10,0x61,0x10,0x61,0x10,0x61,0x10,0x61,0x10,0x61,0x10,0x61,
0x10,0x61,0x10,0x61,0x10,0x61,0x10,0x61,0x10,0x61,0x10,0x61,0x10,0x61,0x10,0x61,0x10,0x61,0x10,0x61,0x10,0x61,0x10,0x61,0x10,0x61,0x10,0x61,0x10,0x61,0x10,0x61,0x10,
0x61,0x10,0x61,0x10,0x61,0x10,0x61,0x10,0x61,0x10,0x61,0x10,0x61,0x10,0x61,0x10,0x61,0x10,0x61,0x10,0x61,0x10,0x61,0x10,0x61,0x10,0x61,0x10,0x61,0x10,0x61,0x10,0x61,
0x10,0x61,0x10,0x61,0x10,0x61,0x10,0x61,0x10,0x61,0x10,0x61,0x10,0x61,0x10,0x61,0x10,0x61,0x10,0x61,0x10,0xE7,0x41,0x71,0x94,0xE3,0x20,0x61,0x10,0x71,0x94,0x71,0x94,
0x71,0x94,0x71,0x94,0x71,0x94,0x71,0x94,0x71,0x94,0x71,0x94,0x71,0x94,0x71,0x94,0x71,0x94,0x71,0x94,0x71,0x94,0x71,0x94,0x71,0x94,0x71,0x94,0x61,0x10,0x61,0x10,0x61,
0x10,0x61,0x10,0x61,0x10,0x61,0x10,0x61,0x10,0x61,0x10,0x61,0x10,0x61,0x10,0x61,0x10,0x61,0x10,0x61,0x10,0xEF,0x83,0x71,0x94,0x71,0x94,0x71,0x94,0x71,0x94,0x71,0x94,
0x71,0x94,0x71,0x94,0x71,0x94,0x71,0x94,0x71,0x94,0x71,0x94,0x71,0x94,0x71,0x94,0x71,0x94,0x71,0x94,0x71,0x94,0x71,0x94,0x71,0x94,0x30,0x8C,0xC2,0x18,0x61,0x10,0x61,
0x10,0x61,0x10,0x61,0x10,0x61,0x10,0x61,0x10,0x61,0x10,0x61,0x10,0x61,0x10,0x61,0x10,0x61,0x10,0x61,0x10,0x71,0x94,0x71,0x94,0x71,0x94,0x71,0x94,0x71,0x94,0x71,0x94,
0x71,0x94,0x71,0x94,0x71,0x94,0x71,0x94,0x71,0x94,0x71,0x94,0x71,0x94,0x71,0x94,0x71,0x94,0x71,0x94,0xEB,0x5A,0x61,0x10,0x61,0x10,0x6D,0x73,0x71,0x94,0x4D,0x6B,0x61,
0x10,0x61,0x10,0x61,0x10,0x61,0x10,0x61,0x10,0x61,0x10,0x61,0x10,0x61,0x10,0x61,0x10,0x61,0x10,0x61,0x10,0x61,0x10,0x61,0x10,0x61,0x10,0x61,0x10,0x61,0x10,0x61,0x10,
0x61,0x10,0x61,0x10,0x61,0x10,0x61,0x10,0x45,0x29,0xFF,0xFF,0xFF,0xFF,0xFF,0xFF,0xFF,0xFF,0xFF,0xFF,0xFF,0xFF,0xFF,0xFF,0xFF,0xFF,0xFF,0xFF,0xFF,0xFF,0xFF,0xFF,0xFF,
0xFF,0xFF,0xFF,0x55,0xAD,0x61,0x10,0x61,0x10,0x61,0x10,0x61,0x10,0x61,0x10,0x61,0x10,0x61,0x10,0x61,0x10,0x61,0x10,0x61,0x10,0x61,0x10,0x61,0x10,0x61,0x10,0x61,0x10,
0x61,0x10,0x61,0x10,0x61,0x10,0x61,0x10,0x61,0x10,0x61,0x10,0x61,0x10,0x61,0x10,0x61,0x10,0x61,0x10,0x61,0x10,0x61,0x10,0x61,0x10,0x03,0x21,0xFF,0xFF,0xFF,0xFF,0xFF,
0xFF,0xFF,0xFF,0xFF,0xFF,0xFF,0xFF,0xFF,0xFF,0xFF,0xFF,0xFF,0xFF,0xFF,0xFF,0xFF,0xFF,0xFF,0xFF,0xFF,0xFF,0xFF,0xFF,0x71,0x8C,0x61,0x10,0x61,0x10,0x61,0x10,0x61,0x10,
0x61,0x10,0x61,0x10,0x61,0x10,0xFF,0xFF,0xFF,0xFF,0xFF,0xFF,0xFF,0xFF,0xFF,0xFF,0xFF,0xFF,0xFF,0xFF,0xFF,0xFF,0xFF,0xFF,0xFF,0xFF,0xFF,0xFF,0xFF,0xFF,0xFF,0xFF,0xFF,
0xFF,0x1C,0xE7,0x61,0x10,0x61,0x10,0x61,0x10,0x61,0x10,0x61,0x10,0x61,0x10,0x61,0x10,0x61,0x10,0xBA,0xD6,0xFF,0xFF,0xFF,0xFF,0xFF,0xFF,0xFF,0xFF,0xFF,0xFF,0xFF,0xFF,
0xFF,0xFF,0xFF,0xFF,0xFF,0xFF,0xFF,0xFF,0xFF,0xFF,0xFF,0xFF,0xFF,0xFF,0x71,0x8C,0x61,0x10,0x61,0x10,0x61,0x10,0x61,0x10,0x61,0x10,0x61,0x10,0x61,0x10,0x69,0x4A,0xFF,
0xFF,0xFF,0xFF,0xFF,0xFF,0xFF,0xFF,0xFF,0xFF,0xFF,0xFF,0xFF,0xFF,0xFF,0xFF,0xFF,0xFF,0xFF,0xFF,0xFF,0xFF,0xFF,0xFF,0xFF,0xFF,0xFF,0xFF,0x8E,0x73,0x61,0x10,0x61,0x10,
0x61,0x10,0x61,0x10,0x61,0x10,0x61,0x10,0x61,0x10,0x61,0x10,0x61,0x10,0x61,0x10,0x61,0x10,0x61,0x10,0x61,0x10,0x61,0x10,0x61,0x10,0x61,0x10,0x61,0x10,0x61,0x10,0x61,
0x10,0x61,0x10,0x61,0x10,0x61,0x10,0x61,0x10,0x61,0x10,0x61,0x10,0x61,0x10,0x61,0x10,0xFF,0xFF,0xFF,0xFF,0xFF,0xFF,0xFF,0xFF,0xFF,0xFF,0xFF,0xFF,0xFF,0xFF,0xFF,0xFF,
0xFF,0xFF,0xFF,0xFF,0xFF,0xFF,0xFF,0xFF,0xFF,0xFF,0xFF,0xFF,0xFF,0xFF,0x61,0x10,0x61,0x10,0x61,0x10,0x61,0x10,0x61,0x10,0x61,0x10,0x61,0x10,0xFF,0xFF,0xFF,0xFF,0xFF,
0xFF,0xFF,0xFF,0xFF,0xFF,0xFF,0xFF,0xFF,0xFF,0xFF,0xFF,0xFF,0xFF,0xFF,0xFF,0xFF,0xFF,0xFF,0xFF,0xFF,0xFF,0xFF,0xFF,0xFF,0xFF,0x61,0x10,0x61,0x10,0x61,0x10,0x61,0x10,
0x61,0x10,0x61,0x10,0x61,0x10,0x61,0x10,0x61,0x10,0x61,0x10,0x61,0x10,0x61,0x10,0x61,0x10,0x61,0x10,0x61,0x10,0x61,0x10,0x61,0x10,0x61,0x10,0x61,0x10,0x61,0x10,0x61,
0x10,0x61,0x10,0x61,0x10,0x61,0x10,0x61,0x10,0x61,0x10,0x61,0x10,0x61,0x10,0x61,0x10,0x61,0x10,0x61,0x10,0x61,0x10,0x61,0x10,0x61,0x10,0x61,0x10,0x61,0x10,0x61,0x10,
0x61,0x10,0x61,0x10,0x61,0x10,0x61,0x10,0x61,0x10,0x61,0x10,0x61,0x10,0x61,0x10,0x61,0x10,0x61,0x10,0x61,0x10,0x61,0x10,0x61,0x10,0x61,0x10,0x61,0x10,0x61,0x10,0x61,
0x10,0x61,0x10,0x61,0x10,0x61,0x10,0x61,0x10,0x61,0x10,0x61,0x10,0x61,0x10,0x61,0x10,0x61,0x10,0x61,0x10,0x61,0x10,0x61,0x10,0x61,0x10,0x61,0x10,0x61,0x10,0x61,0x10,
0x61,0x10,0x61,0x10,0x61,0x10,0x08,0x42,0x71,0x94,0xA2,0x18,0x61,0x10,0x71,0x94,0x71,0x94,0x71,0x94,0x71,0x94,0x71,0x94,0x71,0x94,0x71,0x94,0x71,0x94,0x71,0x94,0x71,
0x94,0x71,0x94,0x71,0x94,0x71,0x94,0x71,0x94,0x71,0x94,0x71,0x94,0x61,0x10,0x61,0x10,0x61,0x10,0x61,0x10,0x61,0x10,0x61,0x10,0x61,0x10,0x61,0x10,0x61,0x10,0x61,0x10,
0x61,0x10,0x61,0x10,0x61,0x10,0xEF,0x83,0x71,0x94,0x71,0x94,0x71,0x94,0x71,0x94,0x71,0x94,0x71,0x94,0x71,0x94,0x71,0x94,0x71,0x94,0x71,0x94,0x71,0x94,0x71,0x94,0x71,
0x94,0x71,0x94,0x71,0x94,0x71,0x94,0x71,0x94,0x71,0x94,0x28,0x42,0x61,0x10,0x61,0x10,0x61,0x10,0x61,0x10,0x61,0x10,0x61,0x10,0x61,0x10,0x61,0x10,0x61,0x10,0x61,0x10,
0x61,0x10,0x61,0x10,0x61,0x10,0x71,0x94,0x71,0x94,0x71,0x94,0x71,0x94,0x71,0x94,0x71,0x94,0x71,0x94,0x71,0x94,0x71,0x94,0x71,0x94,0x71,0x94,0x71,0x94,0x71,0x94,0x71,
0x94,0x71,0x94,0x71,0x94,0x2C,0x63,0x61,0x10,0x61,0x10,0x4D,0x6B,0x71,0x94,0x8E,0x73,0x61,0x10,0x61,0x10,0x61,0x10,0x61,0x10,0x61,0x10,0x61,0x10,0x61,0x10,0x61,0x10,
0x61,0x10,0x61,0x10,0x61,0x10,0x61,0x10,0x61,0x10,0x61,0x10,0x61,0x10,0x61,0x10,0x61,0x10,0x61,0x10,0x61,0x10,0x61,0x10,0x61,0x10,0xA6,0x31,0xFF,0xFF,0xFF,0xFF,0xFF,
0xFF,0xFF,0xFF,0xFF,0xFF,0xFF,0xFF,0xFF,0xFF,0xFF,0xFF,0xFF,0xFF,0xFF,0xFF,0xFF,0xFF,0xFF,0xFF,0xFF,0xFF,0xF3,0x9C,0x61,0x10,0x61,0x10,0x61,0x10,0x61,0x10,0x61,0x10,
0x61,0x10,0x61,0x10,0x61,0x10,0x61,0x10,0x61,0x10,0x61,0x10,0x61,0x10,0x61,0x10,0x61,0x10,0x61,0x10,0x61,0x10,0x61,0x10,0x61,0x10,0x61,0x10,0x61,0x10,0x61,0x10,0x61,
0x10,0x61,0x10,0x61,0x10,0x61,0x10,0x61,0x10,0x61,0x10,0xA2,0x10,0xFF,0xFF,0xFF,0xFF,0xFF,0xFF,0xFF,0xFF,0xFF,0xFF,0xFF,0xFF,0xFF,0xFF,0xFF,0xFF,0xFF,0xFF,0xFF,0xFF,
0xFF,0xFF,0xFF,0xFF,0xFF,0xFF,0xFF,0xFF,0xD3,0x9C,0x61,0x10,0x61,0x10,0x61,0x10,0x61,0x10,0x61,0x10,0x61,0x10,0x61,0x10,0xFF,0xFF,0xFF,0xFF,0xFF,0xFF,0xFF,0xFF,0xFF,
0xFF,0xFF,0xFF,0xFF,0xFF,0xFF,0xFF,0xFF,0xFF,0xFF,0xFF,0xFF,0xFF,0xFF,0xFF,0xFF,0xFF,0xFF,0xFF,0x1C,0xE7,0x61,0x10,0x61,0x10,0x61,0x10,0x61,0x10,0x61,0x10,0x61,0x10,
0x61,0x10,0x61,0x10,0xBA,0xD6,0xFF,0xFF,0xFF,0xFF,0xFF,0xFF,0xFF,0xFF,0xFF,0xFF,0xFF,0xFF,0xFF,0xFF,0xFF,0xFF,0xFF,0xFF,0xFF,0xFF,0xFF,0xFF,0xFF,0xFF,0xFF,0xFF,0x71,
0x8C,0x61,0x10,0x61,0x10,0x61,0x10,0x61,0x10,0x61,0x10,0x61,0x10,0x61,0x10,0xAA,0x52,0xFF,0xFF,0xFF,0xFF,0xFF,0xFF,0xFF,0xFF,0xFF,0xFF,0xFF,0xFF,0xFF,0xFF,0xFF,0xFF,
0xFF,0xFF,0xFF,0xFF,0xFF,0xFF,0xFF,0xFF,0xFF,0xFF,0xFF,0xFF,0xCB,0x5A,0x61,0x10,0x61,0x10,0x61,0x10,0x61,0x10,0x61,0x10,0x61,0x10,0x61,0x10,0x61,0x10,0x61,0x10,0x61,
0x10,0x61,0x10,0x61,0x10,0x61,0x10,0x61,0x10,0x61,0x10,0x61,0x10,0x61,0x10,0x61,0x10,0x61,0x10,0x61,0x10,0x61,0x10,0x61,0x10,0x61,0x10,0x61,0x10,0x61,0x10,0x61,0x10,
0x61,0x10,0xFF,0xFF,0xFF,0xFF,0xFF,0xFF,0xFF,0xFF,0xFF,0xFF,0xFF,0xFF,0xFF,0xFF,0xFF,0xFF,0xFF,0xFF,0xFF,0xFF,0xFF,0xFF,0xFF,0xFF,0xFF,0xFF,0xFF,0xFF,0xFF,0xFF,0x61,
0x10,0x61,0x10,0x61,0x10,0x61,0x10,0x61,0x10,0x61,0x10,0x61,0x10,0xFF,0xFF,0xFF,0xFF,0xFF,0xFF,0xFF,0xFF,0xFF,0xFF,0xFF,0xFF,0xFF,0xFF,0xFF,0xFF,0xFF,0xFF,0xFF,0xFF,
0xFF,0xFF,0xFF,0xFF,0xFF,0xFF,0xFF,0xFF,0xFF,0xFF,0x61,0x10,0x61,0x10,0x61,0x10,0x61,0x10,0x61,0x10,0x61,0x10,0x61,0x10,0x61,0x10,0x61,0x10,0x61,0x10,0x61,0x10,0x61,
0x10,0x61,0x10,0x61,0x10,0x61,0x10,0x61,0x10,0x61,0x10,0x61,0x10,0x61,0x10,0x61,0x10,0x61,0x10,0x61,0x10,0x61,0x10,0x61,0x10,0x61,0x10,0x61,0x10,0x61,0x10,0x61,0x10,
0x61,0x10,0x61,0x10,0x61,0x10,0x61,0x10,0x61,0x10,0x61,0x10,0x61,0x10,0x61,0x10,0x61,0x10,0x61,0x10,0x61,0x10,0x61,0x10,0x61,0x10,0x61,0x10,0x61,0x10,0x61,0x10,0x61,
0x10,0x61,0x10,0x61,0x10,0x61,0x10,0x61,0x10,0x61,0x10,0x61,0x10,0x61,0x10,0x61,0x10,0x61,0x10,0x61,0x10,0x61,0x10,0x61,0x10,0x61,0x10,0x61,0x10,0x61,0x10,0x61,0x10,
0x61,0x10,0x61,0x10,0x61,0x10,0x61,0x10,0x61,0x10,0x61,0x10,0x61,0x10,0x61,0x10,0x61,0x10,0x61,0x10,0x61,0x10,0x61,0x10,0x49,0x4A,0x71,0x94,0x61,0x10,0x61,0x10,0x71,
0x94,0x71,0x94,0x71,0x94,0x71,0x94,0x71,0x94,0x71,0x94,0x71,0x94,0x71,0x94,0x71,0x94,0x71,0x94,0x71,0x94,0x71,0x94,0x71,0x94,0x71,0x94,0x71,0x94,0x71,0x94,0x61,0x10,
0x61,0x10,0x61,0x10,0x61,0x10,0x61,0x10,0x61,0x10,0x61,0x10,0x61,0x10,0x61,0x10,0x61,0x10,0x61,0x10,0x61,0x10,0x61,0x10,0xEF,0x83,0x71,0x94,0x71,0x94,0x71,0x94,0x71,
0x94,0x71,0x94,0x71,0x94,0x71,0x94,0x71,0x94,0x71,0x94,0x71,0x94,0x71,0x94,0x71,0x94,0x71,0x94,0x71,0x94,0x71,0x94,0x71,0x94,0x71,0x94,0xC2,0x18,0x61,0x10,0x61,0x10,
0x61,0x10,0x61,0x10,0x61,0x10,0x61,0x10,0x61,0x10,0x61,0x10,0x61,0x10,0x61,0x10,0x61,0x10,0x61,0x10,0x61,0x10,0x82,0x10,0x71,0x94,0x71,0x94,0x71,0x94,0x71,0x94,0x71,
0x94,0x71,0x94,0x71,0x94,0x71,0x94,0x71,0x94,0x71,0x94,0x71,0x94,0x71,0x94,0x71,0x94,0x71,0x94,0x71,0x94,0x71,0x94,0x4D,0x6B,0x61,0x10,0x61,0x10,0x0C,0x63,0x71,0x94,
0xAF,0x7B,0x61,0x10,0x61,0x10,0x61,0x10,0x61,0x10,0x61,0x10,0x61,0x10,0x61,0x10,0x61,0x10,0x61,0x10,0x61,0x10,0x61,0x10,0x61,0x10,0x61,0x10,0x61,0x10,0x61,0x10,0x61,
0x10,0x61,0x10,0x61,0x10,0x61,0x10,0x61,0x10,0x61,0x10,0xE7,0x39,0xFF,0xFF,0xFF,0xFF,0xFF,0xFF,0xFF,0xFF,0xFF,0xFF,0xFF,0xFF,0xFF,0xFF,0xFF,0xFF,0xFF,0xFF,0xFF,0xFF,
0xFF,0xFF,0xFF,0xFF,0xFF,0xFF,0x71,0x8C,0x61,0x10,0x61,0x10,0x61,0x10,0x61,0x10,0x61,0x10,0x61,0x10,0x61,0x10,0x61,0x10,0x61,0x10,0x61,0x10,0x61,0x10,0x61,0x10,0x61,
0x10,0x61,0x10,0x61,0x10,0x61,0x10,0x61,0x10,0x61,0x10,0x61,0x10,0x61,0x10,0x61,0x10,0x61,0x10,0x61,0x10,0x61,0x10,0x61,0x10,0x61,0x10,0x61,0x10,0x61,0x10,0xFF,0xFF,
0xFF,0xFF,0xFF,0xFF,0xFF,0xFF,0xFF,0xFF,0xFF,0xFF,0xFF,0xFF,0xFF,0xFF,0xFF,0xFF,0xFF,0xFF,0xFF,0xFF,0xFF,0xFF,0xFF,0xFF,0xFF,0xFF,0x55,0xAD,0x61,0x10,0x61,0x10,0x61,
0x10,0x61,0x10,0x61,0x10,0x61,0x10,0x61,0x10,0xFF,0xFF,0xFF,0xFF,0xFF,0xFF,0xFF,0xFF,0xFF,0xFF,0xFF,0xFF,0xFF,0xFF,0xFF,0xFF,0xFF,0xFF,0xFF,0xFF,0xFF,0xFF,0xFF,0xFF,
0xFF,0xFF,0xFF,0xFF,0x1C,0xE7,0x61,0x10,0x61,0x10,0x61,0x10,0x61,0x10,0x61,0x10,0x61,0x10,0x61,0x10,0x61,0x10,0xBA,0xD6,0xFF,0xFF,0xFF,0xFF,0xFF,0xFF,0xFF,0xFF,0xFF,
0xFF,0xFF,0xFF,0xFF,0xFF,0xFF,0xFF,0xFF,0xFF,0xFF,0xFF,0xFF,0xFF,0xFF,0xFF,0xFF,0xFF,0x71,0x8C,0x61,0x10,0x61,0x10,0x61,0x10,0x61,0x10,0x61,0x10,0x61,0x10,0x61,0x10,
0x0C,0x63,0xFF,0xFF,0xFF,0xFF,0xFF,0xFF,0xFF,0xFF,0xFF,0xFF,0xFF,0xFF,0xFF,0xFF,0xFF,0xFF,0xFF,0xFF,0xFF,0xFF,0xFF,0xFF,0xFF,0xFF,0xFF,0xFF,0xFF,0xFF,0x28,0x42,0x61,
0x10,0x61,0x10,0x61,0x10,0x61,0x10,0x61,0x10,0x61,0x10,0x61,0x10,0x61,0x10,0x61,0x10,0x61,0x10,0x61,0x10,0x61,0x10,0x61,0x10,0x61,0x10,0x61,0x10,0x61,0x10,0x61,0x10,
0x61,0x10,0x61,0x10,0x61,0x10,0x61,0x10,0x61,0x10,0x61,0x10,0x61,0x10,0x61,0x10,0x61,0x10,0x61,0x10,0xFF,0xFF,0xFF,0xFF,0xFF,0xFF,0xFF,0xFF,0xFF,0xFF,0xFF,0xFF,0xFF,
0xFF,0xFF,0xFF,0xFF,0xFF,0xFF,0xFF,0xFF,0xFF,0xFF,0xFF,0xFF,0xFF,0xFF,0xFF,0xFF,0xFF,0x61,0x10,0x61,0x10,0x61,0x10,0x61,0x10,0x61,0x10,0x61,0x10,0x61,0x10,0xFF,0xFF,
0xFF,0xFF,0xFF,0xFF,0xFF,0xFF,0xFF,0xFF,0xFF,0xFF,0xFF,0xFF,0xFF,0xFF,0xFF,0xFF,0xFF,0xFF,0xFF,0xFF,0xFF,0xFF,0xFF,0xFF,0xFF,0xFF,0xFF,0xFF,0x61,0x10,0x61,0x10,0x61,
0x10,0x61,0x10,0x61,0x10,0x61,0x10,0x61,0x10,0x61,0x10,0x61,0x10,0x61,0x10,0x61,0x10,0x61,0x10,0x61,0x10,0x61,0x10,0x61,0x10,0x61,0x10,0x61,0x10,0x61,0x10,0x61,0x10,
0x61,0x10,0x61,0x10,0x61,0x10,0x61,0x10,0x61,0x10,0x61,0x10,0x61,0x10,0x61,0x10,0x61,0x10,0x61,0x10,0x61,0x10,0x61,0x10,0x61,0x10,0x61,0x10,0x61,0x10,0x61,0x10,0x61,
0x10,0x61,0x10,0x61,0x10,0x61,0x10,0x61,0x10,0x61,0x10,0x61,0x10,0x61,0x10,0x61,0x10,0x61,0x10,0x61,0x10,0x61,0x10,0x61,0x10,0x61,0x10,0x61,0x10,0x61,0x10,0x61,0x10,
0x61,0x10,0x61,0x10,0x61,0x10,0x61,0x10,0x61,0x10,0x61,0x10,0x61,0x10,0x61,0x10,0x61,0x10,0x61,0x10,0x61,0x10,0x61,0x10,0x61,0x10,0x61,0x10,0x61,0x10,0x61,0x10,0x61,
0x10,0x61,0x10,0x61,0x10,0x61,0x10,0x61,0x10,0x8A,0x52,0x71,0x94,0x61,0x10,0x61,0x10,0x71,0x94,0x71,0x94,0x71,0x94,0x71,0x94,0x71,0x94,0x71,0x94,0x71,0x94,0x71,0x94,
0x71,0x94,0x71,0x94,0x71,0x94,0x71,0x94,0x71,0x94,0x71,0x94,0x71,0x94,0x71,0x94,0x61,0x10,0x61,0x10,0x61,0x10,0x61,0x10,0x61,0x10,0x61,0x10,0x61,0x10,0x61,0x10,0x61,
0x10,0x61,0x10,0x61,0x10,0x61,0x10,0x61,0x10,0xEF,0x83,0x71,0x94,0x71,0x94,0x71,0x94,0x71,0x94,0x71,0x94,0x71,0x94,0x71,0x94,0x71,0x94,0x71,0x94,0x71,0x94,0x71,0x94,
0x71,0x94,0x71,0x94,0x71,0x94,0x71,0x94,0x71,0x94,0xEF,0x83,0x61,0x10,0x61,0x10,0x61,0x10,0x61,0x10,0x61,0x10,0x61,0x10,0x61,0x10,0x61,0x10,0x61,0x10,0x61,0x10,0x61,
0x10,0x61,0x10,0x61,0x10,0x61,0x10,0x86,0x31,0x71,0x94,0x71,0x94,0x71,0x94,0x71,0x94,0x71,0x94,0x71,0x94,0x71,0x94,0x71,0x94,0x71,0x94,0x71,0x94,0x71,0x94,0x71,0x94,
0x71,0x94,0x71,0x94,0x71,0x94,0x71,0x94,0x6D,0x73,0x61,0x10,0x61,0x10,0x0C,0x63,0x71,0x94,0xAF,0x7B,0x61,0x10,0x61,0x10,0x61,0x10,0x61,0x10,0x61,0x10,0x61,0x10,0x61,
0x10,0x61,0x10,0x61,0x10,0x61,0x10,0x61,0x10,0x61,0x10,0x61,0x10,0x61,0x10,0x61,0x10,0x61,0x10,0x61,0x10,0x61,0x10,0x61,0x10,0x61,0x10,0x61,0x10,0x28,0x4A,0xFF,0xFF,
0xFF,0xFF,0xFF,0xFF,0xFF,0xFF,0xFF,0xFF,0xFF,0xFF,0xFF,0xFF,0xFF,0xFF,0xFF,0xFF,0xFF,0xFF,0xFF,0xFF,0xFF,0xFF,0xFF,0xFF,0x71,0x8C,0x61,0x10,0x61,0x10,0x61,0x10,0x61,
0x10,0x61,0x10,0x61,0x10,0x61,0x10,0x61,0x10,0x61,0x10,0x61,0x10,0x61,0x10,0x61,0x10,0x61,0x10,0x61,0x10,0x61,0x10,0x61,0x10,0x61,0x10,0x61,0x10,0x61,0x10,0x61,0x10,
0x61,0x10,0x61,0x10,0x61,0x10,0x61,0x10,0x61,0x10,0x61,0x10,0x61,0x10,0x61,0x10,0xFF,0xFF,0xFF,0xFF,0xFF,0xFF,0xFF,0xFF,0xFF,0xFF,0xFF,0xFF,0xFF,0xFF,0xFF,0xFF,0xFF,
0xFF,0xFF,0xFF,0xFF,0xFF,0xFF,0xFF,0xFF,0xFF,0xFF,0xFF,0x55,0xAD,0x61,0x10,0x61,0x10,0x61,0x10,0x61,0x10,0x61,0x10,0x61,0x10,0x61,0x10,0xFF,0xFF,0xFF,0xFF,0xFF,0xFF,
0xFF,0xFF,0xFF,0xFF,0xFF,0xFF,0xFF,0xFF,0xFF,0xFF,0xFF,0xFF,0xFF,0xFF,0xFF,0xFF,0xFF,0xFF,0xFF,0xFF,0xFF,0xFF,0x1C,0xE7,0x61,0x10,0x61,0x10,0x61,0x10,0x61,0x10,0x61,
0x10,0x61,0x10,0x61,0x10,0x61,0x10,0xBA,0xD6,0xFF,0xFF,0xFF,0xFF,0xFF,0xFF,0xFF,0xFF,0xFF,0xFF,0xFF,0xFF,0xFF,0xFF,0xFF,0xFF,0xFF,0xFF,0xFF,0xFF,0xFF,0xFF,0xFF,0xFF,
0xFF,0xFF,0x71,0x8C,0x61,0x10,0x61,0x10,0x61,0x10,0x61,0x10,0x61,0x10,0x61,0x10,0x61,0x10,0x0C,0x63,0xFF,0xFF,0xFF,0xFF,0xFF,0xFF,0xFF,0xFF,0xFF,0xFF,0xFF,0xFF,0xFF,
0xFF,0xFF,0xFF,0xFF,0xFF,0xFF,0xFF,0xFF,0xFF,0xFF,0xFF,0xFF,0xFF,0xFF,0xFF,0xC6,0x39,0x61,0x10,0x61,0x10,0x61,0x10,0x61,0x10,0x61,0x10,0x61,0x10,0x61,0x10,0x61,0x10,
0x61,0x10,0x61,0x10,0x61,0x10,0x61,0x10,0x61,0x10,0x61,0x10,0x61,0x10,0x61,0x10,0x61,0x10,0x61,0x10,0x61,0x10,0x61,0x10,0x61,0x10,0x61,0x10,0x61,0x10,0x61,0x10,0x61,
0x10,0x61,0x10,0x61,0x10,0xFF,0xFF,0xFF,0xFF,0xFF,0xFF,0xFF,0xFF,0xFF,0xFF,0xFF,0xFF,0xFF,0xFF,0xFF,0xFF,0xFF,0xFF,0xFF,0xFF,0xFF,0xFF,0xFF,0xFF,0xFF,0xFF,0xFF,0xFF,
0xFF,0xFF,0x61,0x10,0x61,0x10,0x61,0x10,0x61,0x10,0x61,0x10,0x61,0x10,0x61,0x10,0xFF,0xFF,0xFF,0xFF,0xFF,0xFF,0xFF,0xFF,0xFF,0xFF,0xFF,0xFF,0xFF,0xFF,0xFF,0xFF,0xFF,
0xFF,0xFF,0xFF,0xFF,0xFF,0xFF,0xFF,0xFF,0xFF,0xFF,0xFF,0xFF,0xFF,0x61,0x10,0x61,0x10,0x61,0x10,0x61,0x10,0x61,0x10,0x61,0x10,0x61,0x10,0x61,0x10,0x61,0x10,0x61,0x10,
0x61,0x10,0x61,0x10,0x61,0x10,0x61,0x10,0x61,0x10,0x61,0x10,0x61,0x10,0x61,0x10,0x61,0x10,0x61,0x10,0x61,0x10,0x61,0x10,0x61,0x10,0x61,0x10,0x61,0x10,0x61,0x10,0x61,
0x10,0x61,0x10,0x61,0x10,0x61,0x10,0x61,0x10,0x61,0x10,0x61,0x10,0x61,0x10,0x61,0x10,0x61,0x10,0x61,0x10,0x61,0x10,0x61,0x10,0x61,0x10,0x61,0x10,0x61,0x10,0x61,0x10,
0x61,0x10,0x61,0x10,0x61,0x10,0x61,0x10,0x61,0x10,0x61,0x10,0x61,0x10,0x61,0x10,0x61,0x10,0x61,0x10,0x61,0x10,0x61,0x10,0x61,0x10,0x61,0x10,0x61,0x10,0x61,0x10,0x61,
0x10,0x61,0x10,0x61,0x10,0x61,0x10,0x61,0x10,0x61,0x10,0x61,0x10,0x61,0x10,0x61,0x10,0x61,0x10,0x61,0x10,0x61,0x10,0x61,0x10,0x61,0x10,0x49,0x4A,0x71,0x94,0x61,0x10,
0x61,0x10,0x71,0x94,0x71,0x94,0x71,0x94,0x71,0x94,0x71,0x94,0x71,0x94,0x71,0x94,0x71,0x94,0x71,0x94,0x71,0x94,0x71,0x94,0x71,0x94,0x71,0x94,0x71,0x94,0x71,0x94,0x71,
0x94,0x61,0x10,0x61,0x10,0x61,0x10,0x61,0x10,0x61,0x10,0x61,0x10,0x61,0x10,0x61,0x10,0x61,0x10,0x61,0x10,0x61,0x10,0x61,0x10,0x61,0x10,0xEF,0x83,0x71,0x94,0x71,0x94,
0x71,0x94,0x71,0x94,0x71,0x94,0x71,0x94,0x71,0x94,0x71,0x94,0x71,0x94,0x71,0x94,0x71,0x94,0x71,0x94,0x71,0x94,0x71,0x94,0x71,0x94,0x8A,0x52,0x61,0x10,0x61,0x10,0x61,
0x10,0x61,0x10,0x61,0x10,0x61,0x10,0x61,0x10,0x61,0x10,0x61,0x10,0x61,0x10,0x61,0x10,0x61,0x10,0x61,0x10,0x61,0x10,0x61,0x10,0x51,0x8C,0x71,0x94,0x71,0x94,0x71,0x94,
0x71,0x94,0x71,0x94,0x71,0x94,0x71,0x94,0x71,0x94,0x71,0x94,0x71,0x94,0x71,0x94,0x71,0x94,0x71,0x94,0x71,0x94,0x71,0x94,0x71,0x94,0x4D,0x6B,0x61,0x10,0x61,0x10,0x0C,
0x63,0x71,0x94,0xAF,0x7B,0x61,0x10,0x61,0x10,0x61,0x10,0x61,0x10,0x61,0x10,0x61,0x10,0x61,0x10,0x61,0x10,0x61,0x10,0x61,0x10,0x61,0x10,0x61,0x10,0x61,0x10,0x61,0x10,
0x61,0x10,0x61,0x10,0x61,0x10,0x61,0x10,0x61,0x10,0x61,0x10,0x61,0x10,0x28,0x4A,0xFF,0xFF,0xFF,0xFF,0xFF,0xFF,0xFF,0xFF,0xFF,0xFF,0xFF,0xFF,0xFF,0xFF,0xFF,0xFF,0xFF,
0xFF,0xFF,0xFF,0xFF,0xFF,0xFF,0xFF,0xFF,0xFF,0x71,0x8C,0x61,0x10,0x61,0x10,0x61,0x10,0x61,0x10,0x61,0x10,0x61,0x10,0x61,0x10,0x61,0x10,0x61,0x10,0x61,0x10,0x61,0x10,
0x61,0x10,0x61,0x10,0x61,0x10,0x61,0x10,0x61,0x10,0x61,0x10,0x61,0x10,0x61,0x10,0x61,0x10,0x61,0x10,0x61,0x10,0x61,0x10,0x61,0x10,0x61,0x10,0x61,0x10,0x61,0x10,0x61,
0x10,0xFF,0xFF,0xFF,0xFF,0xFF,0xFF,0xFF,0xFF,0xFF,0xFF,0xFF,0xFF,0xFF,0xFF,0xFF,0xFF,0xFF,0xFF,0xFF,0xFF,0xFF,0xFF,0xFF,0xFF,0xFF,0xFF,0xFF,0xFF,0x55,0xAD,0x61,0x10,
0x61,0x10,0x61,0x10,0x61,0x10,0x61,0x10,0x61,0x10,0x61,0x10,0xFF,0xFF,0xFF,0xFF,0xFF,0xFF,0xFF,0xFF,0xFF,0xFF,0xFF,0xFF,0xFF,0xFF,0xFF,0xFF,0xFF,0xFF,0xFF,0xFF,0xFF,
0xFF,0xFF,0xFF,0xFF,0xFF,0xFF,0xFF,0x1C,0xE7,0x61,0x10,0x61,0x10,0x61,0x10,0x61,0x10,0x61,0x10,0x61,0x10,0x61,0x10,0x61,0x10,0xBA,0xD6,0xFF,0xFF,0xFF,0xFF,0xFF,0xFF,
0xFF,0xFF,0xFF,0xFF,0xFF,0xFF,0xFF,0xFF,0xFF,0xFF,0xFF,0xFF,0xFF,0xFF,0xFF,0xFF,0xFF,0xFF,0xFF,0xFF,0x71,0x8C,0x61,0x10,0x61,0x10,0x61,0x10,0x61,0x10,0x61,0x10,0x61,
0x10,0x61,0x10,0x0C,0x63,0xFF,0xFF,0xFF,0xFF,0xFF,0xFF,0xFF,0xFF,0xFF,0xFF,0xFF,0xFF,0xFF,0xFF,0xFF,0xFF,0xFF,0xFF,0xFF,0xFF,0xFF,0xFF,0xFF,0xFF,0xFF,0xFF,0xFF,0xFF,
0x08,0x42,0x61,0x10,0x61,0x10,0x61,0x10,0x61,0x10,0x61,0x10,0x61,0x10,0x61,0x10,0x61,0x10,0x61,0x10,0x61,0x10,0x61,0x10,0x61,0x10,0x61,0x10,0x61,0x10,0x61,0x10,0x61,
0x10,0x61,0x10,0x61,0x10,0x61,0x10,0x61,0x10,0x61,0x10,0x61,0x10,0x61,0x10,0x61,0x10,0x61,0x10,0x61,0x10,0x61,0x10,0xFF,0xFF,0xFF,0xFF,0xFF,0xFF,0xFF,0xFF,0xFF,0xFF,
0xFF,0xFF,0xFF,0xFF,0xFF,0xFF,0xFF,0xFF,0xFF,0xFF,0xFF,0xFF,0xFF,0xFF,0xFF,0xFF,0xFF,0xFF,0xFF,0xFF,0x61,0x10,0x61,0x10,0x61,0x10,0x61,0x10,0x61,0x10,0x61,0x10,0x61,
0x10,0xFF,0xFF,0xFF,0xFF,0xFF,0xFF,0xFF,0xFF,0xFF,0xFF,0xFF,0xFF,0xFF,0xFF,0xFF,0xFF,0xFF,0xFF,0xFF,0xFF,0xFF,0xFF,0xFF,0xFF,0xFF,0xFF,0xFF,0xFF,0xFF,0xFF,0x61,0x10,
0x61,0x10,0x61,0x10,0x61,0x10,0x61,0x10,0x61,0x10,0x61,0x10,0x61,0x10,0x61,0x10,0x61,0x10,0x61,0x10,0x61,0x10,0x61,0x10,0x61,0x10,0x61,0x10,0x61,0x10,0x61,0x10,0x61,
0x10,0x61,0x10,0x61,0x10,0x61,0x10,0x61,0x10,0x61,0x10,0x61,0x10,0x61,0x10,0x61,0x10,0x61,0x10,0x61,0x10,0x61,0x10,0x61,0x10,0x61,0x10,0x61,0x10,0x61,0x10,0x61,0x10,
0x61,0x10,0x61,0x10,0x61,0x10,0x61,0x10,0x61,0x10,0x61,0x10,0x61,0x10,0x61,0x10,0x61,0x10,0x61,0x10,0x61,0x10,0x61,0x10,0x61,0x10,0x61,0x10,0x61,0x10,0x61,0x10,0x61,
0x10,0x61,0x10,0x61,0x10,0x61,0x10,0x61,0x10,0x61,0x10,0x61,0x10,0x61,0x10,0x61,0x10,0x61,0x10,0x61,0x10,0x61,0x10,0x61,0x10,0x61,0x10,0x61,0x10,0x61,0x10,0x61,0x10,
0x61,0x10,0x61,0x10,0x61,0x10,0x61,0x10,0x61,0x10,0x61,0x10,0x49,0x4A,0x71,0x94,0x82,0x10,0x61,0x10,0x71,0x94,0x71,0x94,0x71,0x94,0x71,0x94,0x71,0x94,0x71,0x94,0x71,
0x94,0x71,0x94,0x71,0x94,0x71,0x94,0x71,0x94,0x71,0x94,0x71,0x94,0x71,0x94,0x71,0x94,0x71,0x94,0x61,0x10,0x61,0x10,0x61,0x10,0x61,0x10,0x61,0x10,0x61,0x10,0x61,0x10,
0x61,0x10,0x61,0x10,0x61,0x10,0x61,0x10,0x61,0x10,0x61,0x10,0xEF,0x83,0x71,0x94,0x71,0x94,0x71,0x94,0x71,0x94,0x71,0x94,0x71,0x94,0x71,0x94,0x71,0x94,0x71,0x94,0x71,
0x94,0x71,0x94,0x71,0x94,0x71,0x94,0x51,0x8C,0x0C,0x63,0x61,0x10,0x61,0x10,0x61,0x10,0x61,0x10,0x61,0x10,0x61,0x10,0x61,0x10,0x61,0x10,0x61,0x10,0x61,0x10,0x61,0x10,
0x61,0x10,0x61,0x10,0x61,0x10,0x61,0x10,0x61,0x10,0x71,0x94,0x71,0x94,0x71,0x94,0x71,0x94,0x71,0x94,0x71,0x94,0x71,0x94,0x71,0x94,0x71,0x94,0x71,0x94,0x71,0x94,0x71,
0x94,0x71,0x94,0x71,0x94,0x71,0x94,0x71,0x94,0x71,0x94,0x4D,0x6B,0x61,0x10,0x61,0x10,0x0C,0x63,0x71,0x94,0xAF,0x7B,0x61,0x10,0x61,0x10,0x61,0x10,0x61,0x10,0x61,0x10,
0x61,0x10,0x61,0x10,0x61,0x10,0x61,0x10,0x61,0x10,0x61,0x10,0x61,0x10,0x61,0x10,0x61,0x10,0x61,0x10,0x61,0x10,0x61,0x10,0x61,0x10,0x61,0x10,0x61,0x10,0x61,0x10,0x28,
0x4A,0xFF,0xFF,0xFF,0xFF,0xFF,0xFF,0xFF,0xFF,0xFF,0xFF,0xFF,0xFF,0xFF,0xFF,0xFF,0xFF,0xFF,0xFF,0xFF,0xFF,0xFF,0xFF,0xFF,0xFF,0xFF,0xFF,0xB2,0x94,0x61,0x10,0x61,0x10,
0x61,0x10,0x61,0x10,0x61,0x10,0x61,0x10,0x61,0x10,0x61,0x10,0x61,0x10,0x61,0x10,0x61,0x10,0x61,0x10,0x61,0x10,0x61,0x10,0x61,0x10,0x61,0x10,0x61,0x10,0x61,0x10,0x61,
0x10,0x61,0x10,0x61,0x10,0x61,0x10,0x61,0x10,0x61,0x10,0x61,0x10,0x61,0x10,0x61,0x10,0x61,0x10,0xFF,0xFF,0xFF,0xFF,0xFF,0xFF,0xFF,0xFF,0xFF,0xFF,0xFF,0xFF,0xFF,0xFF,
0xFF,0xFF,0xFF,0xFF,0xFF,0xFF,0xFF,0xFF,0xFF,0xFF,0xFF,0xFF,0xFF,0xFF,0xF3,0x9C,0x61,0x10,0x61,0x10,0x61,0x10,0x61,0x10,0x61,0x10,0x61,0x10,0x61,0x10,0xFF,0xFF,0xFF,
0xFF,0xFF,0xFF,0xFF,0xFF,0xFF,0xFF,0xFF,0xFF,0xFF,0xFF,0xFF,0xFF,0xFF,0xFF,0xFF,0xFF,0xFF,0xFF,0xFF,0xFF,0xFF,0xFF,0xFF,0xFF,0x1C,0xE7,0x61,0x10,0x61,0x10,0x61,0x10,
0x61,0x10,0x61,0x10,0x61,0x10,0x61,0x10,0x61,0x10,0xBA,0xD6,0xFF,0xFF,0xFF,0xFF,0xFF,0xFF,0xFF,0xFF,0xFF,0xFF,0xFF,0xFF,0xFF,0xFF,0xFF,0xFF,0xFF,0xFF,0xFF,0xFF,0xFF,
0xFF,0xFF,0xFF,0xFF,0xFF,0x71,0x8C,0x61,0x10,0x61,0x10,0x61,0x10,0x61,0x10,0x61,0x10,0x61,0x10,0x61,0x10,0xEB,0x62,0xFF,0xFF,0xFF,0xFF,0xFF,0xFF,0xFF,0xFF,0xFF,0xFF,
0xFF,0xFF,0xFF,0xFF,0xFF,0xFF,0xFF,0xFF,0xFF,0xFF,0xFF,0xFF,0xFF,0xFF,0xFF,0xFF,0xFF,0xFF,0x69,0x4A,0x61,0x10,0x61,0x10,0x61,0x10,0x61,0x10,0x61,0x10,0x61,0x10,0x61,
0x10,0x61,0x10,0x61,0x10,0x61,0x10,0x61,0x10,0x61,0x10,0x61,0x10,0x61,0x10,0x61,0x10,0x61,0x10,0x61,0x10,0x61,0x10,0x61,0x10,0x61,0x10,0x61,0x10,0x61,0x10,0x61,0x10,
0x61,0x10,0x61,0x10,0x61,0x10,0x61,0x10,0xFF,0xFF,0xFF,0xFF,0xFF,0xFF,0xFF,0xFF,0xFF,0xFF,0xFF,0xFF,0xFF,0xFF,0xFF,0xFF,0xFF,0xFF,0xFF,0xFF,0xFF,0xFF,0xFF,0xFF,0xFF,
0xFF,0xFF,0xFF,0xFF,0xFF,0x61,0x10,0x61,0x10,0x61,0x10,0x61,0x10,0x61,0x10,0x61,0x10,0x61,0x10,0xFF,0xFF,0xFF,0xFF,0xFF,0xFF,0xFF,0xFF,0xFF,0xFF,0xFF,0xFF,0xFF,0xFF,
0xFF,0xFF,0xFF,0xFF,0xFF,0xFF,0xFF,0xFF,0xFF,0xFF,0xFF,0xFF,0xFF,0xFF,0xFF,0xFF,0x61,0x10,0x61,0x10,0x61,0x10,0x61,0x10,0x61,0x10,0x61,0x10,0x61,0x10,0x61,0x10,0x61,
0x10,0x61,0x10,0x61,0x10,0x61,0x10,0x61,0x10,0x61,0x10,0x61,0x10,0x61,0x10,0x61,0x10,0x61,0x10,0x61,0x10,0x61,0x10,0x61,0x10,0x61,0x10,0x61,0x10,0x61,0x10,0x61,0x10,
0x61,0x10,0x61,0x10,0x61,0x10,0x61,0x10,0x61,0x10,0x61,0x10,0x61,0x10,0x61,0x10,0x61,0x10,0x61,0x10,0x61,0x10,0x61,0x10,0x61,0x10,0x61,0x10,0x61,0x10,0x61,0x10,0x61,
0x10,0x61,0x10,0x61,0x10,0x61,0x10,0x61,0x10,0x61,0x10,0x61,0x10,0x61,0x10,0x61,0x10,0x61,0x10,0x61,0x10,0x61,0x10,0x61,0x10,0x61,0x10,0x61,0x10,0x61,0x10,0x61,0x10,
0x61,0x10,0x61,0x10,0x61,0x10,0x61,0x10,0x61,0x10,0x61,0x10,0x61,0x10,0x61,0x10,0x61,0x10,0x61,0x10,0x61,0x10,0x61,0x10,0x61,0x10,0x61,0x10,0x61,0x10,0xE7,0x39,0x71,
0x94,0x03,0x21,0x61,0x10,0x71,0x94,0x71,0x94,0x71,0x94,0x71,0x94,0x71,0x94,0x71,0x94,0x71,0x94,0x71,0x94,0x71,0x94,0x71,0x94,0x71,0x94,0x71,0x94,0x71,0x94,0x71,0x94,
0x71,0x94,0x71,0x94,0x61,0x10,0x61,0x10,0x61,0x10,0x61,0x10,0x61,0x10,0x61,0x10,0x61,0x10,0x61,0x10,0x61,0x10,0x61,0x10,0x61,0x10,0x61,0x10,0x61,0x10,0xEF,0x83,0x71,
0x94,0x71,0x94,0x71,0x94,0x71,0x94,0x71,0x94,0x71,0x94,0x71,0x94,0x71,0x94,0xCB,0x5A,0x28,0x4A,0xC7,0x39,0x24,0x29,0x61,0x10,0x61,0x10,0x61,0x10,0x61,0x10,0x61,0x10,
0x61,0x10,0x61,0x10,0x61,0x10,0x61,0x10,0x61,0x10,0x61,0x10,0x61,0x10,0x61,0x10,0x61,0x10,0x61,0x10,0x61,0x10,0x61,0x10,0x61,0x10,0xE7,0x41,0x71,0x94,0x71,0x94,0x71,
0x94,0x71,0x94,0x71,0x94,0x71,0x94,0x71,0x94,0x71,0x94,0x71,0x94,0x71,0x94,0x71,0x94,0x71,0x94,0x71,0x94,0x71,0x94,0x71,0x94,0x71,0x94,0x71,0x94,0xCB,0x5A,0x61,0x10,
0x61,0x10,0x6E,0x73,0x71,0x94,0x4D,0x6B,0x61,0x10,0x61,0x10,0x61,0x10,0x61,0x10,0x61,0x10,0x61,0x10,0x61,0x10,0x61,0x10,0x61,0x10,0x61,0x10,0x61,0x10,0x61,0x10,0x61,
0x10,0x61,0x10,0x61,0x10,0x61,0x10,0x61,0x10,0x61,0x10,0x61,0x10,0x61,0x10,0x61,0x10,0x28,0x4A,0xFF,0xFF,0xFF,0xFF,0xFF,0xFF,0xFF,0xFF,0xFF,0xFF,0xFF,0xFF,0xFF,0xFF,
0xFF,0xFF,0xFF,0xFF,0xFF,0xFF,0xFF,0xFF,0xFF,0xFF,0xFF,0xFF,0xB6,0xB5,0x61,0x10,0x61,0x10,0x61,0x10,0x61,0x10,0x61,0x10,0x61,0x10,0x61,0x10,0x61,0x10,0x61,0x10,0x61,
0x10,0x61,0x10,0x61,0x10,0x61,0x10,0x61,0x10,0x61,0x10,0x61,0x10,0x61,0x10,0x61,0x10,0x61,0x10,0x61,0x10,0x61,0x10,0x61,0x10,0x61,0x10,0x61,0x10,0x61,0x10,0x61,0x10,
0x61,0x10,0xE3,0x20,0xFF,0xFF,0xFF,0xFF,0xFF,0xFF,0xFF,0xFF,0xFF,0xFF,0xFF,0xFF,0xFF,0xFF,0xFF,0xFF,0xFF,0xFF,0xFF,0xFF,0xFF,0xFF,0xFF,0xFF,0xFF,0xFF,0xFF,0xFF,0xB2,
0x94,0x61,0x10,0x61,0x10,0x61,0x10,0x61,0x10,0x61,0x10,0x61,0x10,0x61,0x10,0xFF,0xFF,0xFF,0xFF,0xFF,0xFF,0xFF,0xFF,0xFF,0xFF,0xFF,0xFF,0xFF,0xFF,0xFF,0xFF,0xFF,0xFF,
0xFF,0xFF,0xFF,0xFF,0xFF,0xFF,0xFF,0xFF,0xFF,0xFF,0x1C,0xE7,0x61,0x10,0x61,0x10,0x61,0x10,0x61,0x10,0x61,0x10,0x61,0x10,0x61,0x10,0x61,0x10,0xBA,0xD6,0xFF,0xFF,0xFF,
0xFF,0xFF,0xFF,0xFF,0xFF,0xFF,0xFF,0xFF,0xFF,0xFF,0xFF,0xFF,0xFF,0xFF,0xFF,0xFF,0xFF,0xFF,0xFF,0xFF,0xFF,0xFF,0xFF,0x71,0x8C,0x61,0x10,0x61,0x10,0x61,0x10,0x61,0x10,
0x61,0x10,0x61,0x10,0x61,0x10,0x69,0x52,0xFF,0xFF,0xFF,0xFF,0xFF,0xFF,0xFF,0xFF,0xFF,0xFF,0xFF,0xFF,0xFF,0xFF,0xFF,0xFF,0xFF,0xFF,0xFF,0xFF,0xFF,0xFF,0xFF,0xFF,0xFF,
0xFF,0xFF,0xFF,0x6D,0x73,0x61,0x10,0x61,0x10,0x61,0x10,0x61,0x10,0x61,0x10,0x61,0x10,0x61,0x10,0x61,0x10,0x61,0x10,0x61,0x10,0x61,0x10,0x61,0x10,0x61,0x10,0x61,0x10,
0x61,0x10,0x61,0x10,0x61,0x10,0x61,0x10,0x61,0x10,0x61,0x10,0x61,0x10,0x61,0x10,0x61,0x10,0x61,0x10,0x61,0x10,0x61,0x10,0x61,0x10,0xFF,0xFF,0xFF,0xFF,0xFF,0xFF,0xFF,
0xFF,0xFF,0xFF,0xFF,0xFF,0xFF,0xFF,0xFF,0xFF,0xFF,0xFF,0xFF,0xFF,0xFF,0xFF,0xFF,0xFF,0xFF,0xFF,0xFF,0xFF,0xFF,0xFF,0x61,0x10,0x61,0x10,0x61,0x10,0x61,0x10,0x61,0x10,
0x61,0x10,0x61,0x10,0xFF,0xFF,0xFF,0xFF,0xFF,0xFF,0xFF,0xFF,0xFF,0xFF,0xFF,0xFF,0xFF,0xFF,0xFF,0xFF,0xFF,0xFF,0xFF,0xFF,0xFF,0xFF,0xFF,0xFF,0xFF,0xFF,0xFF,0xFF,0xFF,
0xFF,0x61,0x10,0x61,0x10,0x61,0x10,0x61,0x10,0x61,0x10,0x61,0x10,0x61,0x10,0x61,0x10,0x61,0x10,0x61,0x10,0x61,0x10,0x61,0x10,0x61,0x10,0x61,0x10,0x61,0x10,0x61,0x10,
0x61,0x10,0x61,0x10,0x61,0x10,0x61,0x10,0x61,0x10,0x61,0x10,0x61,0x10,0x61,0x10,0x61,0x10,0x61,0x10,0x61,0x10,0x61,0x10,0x61,0x10,0x61,0x10,0x61,0x10,0x61,0x10,0x61,
0x10,0x61,0x10,0x61,0x10,0x61,0x10,0x61,0x10,0x61,0x10,0x61,0x10,0x61,0x10,0x61,0x10,0x61,0x10,0x61,0x10,0x61,0x10,0x61,0x10,0x61,0x10,0x61,0x10,0x61,0x10,0x61,0x10,
0x61,0x10,0x61,0x10,0x61,0x10,0x61,0x10,0x61,0x10,0x61,0x10,0x61,0x10,0x61,0x10,0x61,0x10,0x61,0x10,0x61,0x10,0x61,0x10,0x61,0x10,0x61,0x10,0x61,0x10,0x61,0x10,0x61,
0x10,0x61,0x10,0x61,0x10,0x61,0x10,0x61,0x10,0x61,0x10,0x61,0x10,0x61,0x10,0x45,0x29,0x71,0x94,0x86,0x31,0x61,0x10,0x71,0x94,0x71,0x94,0x71,0x94,0x71,0x94,0x71,0x94,
0x71,0x94,0x71,0x94,0x71,0x94,0x71,0x94,0x71,0x94,0x71,0x94,0x71,0x94,0x71,0x94,0x71,0x94,0x71,0x94,0x71,0x94,0x61,0x10,0x61,0x10,0x61,0x10,0x61,0x10,0x61,0x10,0x61,
0x10,0x61,0x10,0x61,0x10,0x61,0x10,0x61,0x10,0x61,0x10,0x61,0x10,0x61,0x10,0xEF,0x83,0x71,0x94,0x71,0x94,0x71,0x94,0x71,0x94,0x71,0x94,0x71,0x94,0x86,0x31,0x61,0x10,
0x61,0x10,0x61,0x10,0x61,0x10,0x61,0x10,0x61,0x10,0x61,0x10,0x61,0x10,0x61,0x10,0x61,0x10,0x61,0x10,0x61,0x10,0x61,0x10,0x61,0x10,0x61,0x10,0x61,0x10,0x61,0x10,0x61,
0x10,0x61,0x10,0x61,0x10,0x61,0x10,0x61,0x10,0x61,0x10,0x71,0x94,0x71,0x94,0x71,0x94,0x71,0x94,0x71,0x94,0x71,0x94,0x71,0x94,0x71,0x94,0x71,0x94,0x71,0x94,0x71,0x94,
0x71,0x94,0x71,0x94,0x71,0x94,0x71,0x94,0x71,0x94,0x71,0x94,0x71,0x94,0x49,0x4A,0x61,0x10,0x61,0x10,0x30,0x84,0x71,0x94,0xCB,0x5A,0x61,0x10,0x61,0x10,0x61,0x10,0x61,
0x10,0x61,0x10,0x61,0x10,0x61,0x10,0x61,0x10,0x61,0x10,0x61,0x10,0x61,0x10,0x61,0x10,0x61,0x10,0x61,0x10,0x61,0x10,0x61,0x10,0x61,0x10,0x61,0x10,0x61,0x10,0x61,0x10,
0x61,0x10,0x28,0x4A,0xFF,0xFF,0xFF,0xFF,0xFF,0xFF,0xFF,0xFF,0xFF,0xFF,0xFF,0xFF,0xFF,0xFF,0xFF,0xFF,0xFF,0xFF,0xFF,0xFF,0xFF,0xFF,0xFF,0xFF,0xFF,0xFF,0x1C,0xE7,0x61,
0x10,0x61,0x10,0x61,0x10,0x61,0x10,0x61,0x10,0x61,0x10,0x61,0x10,0x61,0x10,0x61,0x10,0x61,0x10,0x61,0x10,0x61,0x10,0x61,0x10,0x61,0x10,0x61,0x10,0x61,0x10,0x61,0x10,
0x61,0x10,0x61,0x10,0x61,0x10,0x61,0x10,0x61,0x10,0x61,0x10,0x61,0x10,0x61,0x10,0x61,0x10,0x61,0x10,0x49,0x4A,0xFF,0xFF,0xFF,0xFF,0xFF,0xFF,0xFF,0xFF,0xFF,0xFF,0xFF,
0xFF,0xFF,0xFF,0xFF,0xFF,0xFF,0xFF,0xFF,0xFF,0xFF,0xFF,0xFF,0xFF,0xFF,0xFF,0xFF,0xFF,0xCE,0x7B,0x61,0x10,0x61,0x10,0x61,0x10,0x61,0x10,0x61,0x10,0x61,0x10,0x61,0x10,
0xFF,0xFF,0xFF,0xFF,0xFF,0xFF,0xFF,0xFF,0xFF,0xFF,0xFF,0xFF,0xFF,0xFF,0xFF,0xFF,0xFF,0xFF,0xFF,0xFF,0xFF,0xFF,0xFF,0xFF,0xFF,0xFF,0xFF,0xFF,0x1C,0xE7,0x61,0x10,0x61,
0x10,0x61,0x10,0x61,0x10,0x61,0x10,0x61,0x10,0x61,0x10,0x61,0x10,0xBA,0xD6,0xFF,0xFF,0xFF,0xFF,0xFF,0xFF,0xFF,0xFF,0xFF,0xFF,0xFF,0xFF,0xFF,0xFF,0xFF,0xFF,0xFF,0xFF,
0xFF,0xFF,0xFF,0xFF,0xFF,0xFF,0xFF,0xFF,0x71,0x8C,0x61,0x10,0x61,0x10,0x61,0x10,0x61,0x10,0x61,0x10,0x61,0x10,0x61,0x10,0x86,0x31,0xFF,0xFF,0xFF,0xFF,0xFF,0xFF,0xFF,
0xFF,0xFF,0xFF,0xFF,0xFF,0xFF,0xFF,0xFF,0xFF,0xFF,0xFF,0xFF,0xFF,0xFF,0xFF,0xFF,0xFF,0xFF,0xFF,0xFF,0xFF,0xF3,0x9C,0x61,0x10,0x61,0x10,0x61,0x10,0x61,0x10,0x61,0x10,
0x61,0x10,0x61,0x10,0x61,0x10,0x61,0x10,0x61,0x10,0x61,0x10,0x61,0x10,0x61,0x10,0x61,0x10,0x61,0x10,0x61,0x10,0x61,0x10,0x61,0x10,0x61,0x10,0x61,0x10,0x61,0x10,0x61,
0x10,0x61,0x10,0x61,0x10,0x61,0x10,0x61,0x10,0x61,0x10,0xFF,0xFF,0xFF,0xFF,0xFF,0xFF,0xFF,0xFF,0xFF,0xFF,0xFF,0xFF,0xFF,0xFF,0xFF,0xFF,0xFF,0xFF,0xFF,0xFF,0xFF,0xFF,
0xFF,0xFF,0xFF,0xFF,0xFF,0xFF,0x5D,0xEF,0x61,0x10,0x61,0x10,0x61,0x10,0x61,0x10,0x61,0x10,0x61,0x10,0x61,0x10,0xFF,0xFF,0xFF,0xFF,0xFF,0xFF,0xFF,0xFF,0xFF,0xFF,0xFF,
0xFF,0xFF,0xFF,0xFF,0xFF,0xFF,0xFF,0xFF,0xFF,0xFF,0xFF,0xFF,0xFF,0xFF,0xFF,0xFF,0xFF,0xFF,0xFF,0x61,0x10,0x61,0x10,0x61,0x10,0x61,0x10,0x61,0x10,0x61,0x10,0x61,0x10,
0x61,0x10,0x61,0x10,0x61,0x10,0x61,0x10,0x61,0x10,0x61,0x10,0x61,0x10,0x61,0x10,0x61,0x10,0x61,0x10,0x61,0x10,0x61,0x10,0x61,0x10,0x61,0x10,0x61,0x10,0x61,0x10,0x61,
0x10,0x61,0x10,0x61,0x10,0x61,0x10,0x61,0x10,0x61,0x10,0x61,0x10,0x61,0x10,0x61,0x10,0x61,0x10,0x61,0x10,0x61,0x10,0x61,0x10,0x61,0x10,0x61,0x10,0x61,0x10,0x61,0x10,
0x61,0x10,0x61,0x10,0x61,0x10,0x61,0x10,0x61,0x10,0x61,0x10,0x61,0x10,0x61,0x10,0x61,0x10,0x61,0x10,0x61,0x10,0x61,0x10,0x61,0x10,0x61,0x10,0x61,0x10,0x61,0x10,0x61,
0x10,0x61,0x10,0x61,0x10,0x61,0x10,0x61,0x10,0x61,0x10,0x61,0x10,0x61,0x10,0x61,0x10,0x61,0x10,0x61,0x10,0x61,0x10,0x61,0x10,0x61,0x10,0x61,0x10,0x61,0x10,0x61,0x10,
0xE3,0x18,0x71,0x94,0x08,0x42,0x61,0x10,0x30,0x84,0x71,0x94,0x71,0x94,0x71,0x94,0x71,0x94,0x71,0x94,0x71,0x94,0x71,0x94,0x71,0x94,0x71,0x94,0x71,0x94,0x71,0x94,0x71,
0x94,0x71,0x94,0x71,0x94,0x71,0x94,0x61,0x10,0x61,0x10,0x61,0x10,0x61,0x10,0x61,0x10,0x61,0x10,0x61,0x10,0x61,0x10,0x61,0x10,0x61,0x10,0x61,0x10,0x61,0x10,0x61,0x10,
0xEF,0x83,0x71,0x94,0x71,0x94,0x71,0x94,0x71,0x94,0x71,0x94,0x51,0x8C,0x61,0x10,0x61,0x10,0x61,0x10,0x61,0x10,0x61,0x10,0x61,0x10,0x61,0x10,0x61,0x10,0x61,0x10,0x61,
0x10,0x61,0x10,0x61,0x10,0x61,0x10,0x61,0x10,0x61,0x10,0x61,0x10,0x61,0x10,0x61,0x10,0x61,0x10,0x61,0x10,0x61,0x10,0x61,0x10,0x61,0x10,0xE3,0x20,0x71,0x94,0x71,0x94,
0x71,0x94,0x71,0x94,0x71,0x94,0x71,0x94,0x71,0x94,0x71,0x94,0x71,0x94,0x71,0x94,0x71,0x94,0x71,0x94,0x71,0x94,0x71,0x94,0x71,0x94,0x71,0x94,0x71,0x94,0x71,0x94,0xC7,
0x39,0x61,0x10,0x81,0x10,0x71,0x8C,0x71,0x94,0x69,0x52,0x61,0x10,0x61,0x10,0x61,0x10,0x61,0x10,0x61,0x10,0x61,0x10,0x61,0x10,0x61,0x10,0x61,0x10,0x61,0x10,0x61,0x10,
0x61,0x10,0x61,0x10,0x61,0x10,0x61,0x10,0x61,0x10,0x61,0x10,0x61,0x10,0x61,0x10,0x61,0x10,0x61,0x10,0x28,0x4A,0xFF,0xFF,0xFF,0xFF,0xFF,0xFF,0xFF,0xFF,0xFF,0xFF,0xFF,
0xFF,0xFF,0xFF,0xFF,0xFF,0xFF,0xFF,0xFF,0xFF,0xFF,0xFF,0xFF,0xFF,0xFF,0xFF,0xDF,0xFF,0x82,0x10,0x61,0x10,0x61,0x10,0x61,0x10,0x61,0x10,0x61,0x10,0x61,0x10,0x61,0x10,
0x61,0x10,0x61,0x10,0x61,0x10,0x61,0x10,0x61,0x10,0x61,0x10,0x61,0x10,0x61,0x10,0x61,0x10,0x61,0x10,0x61,0x10,0x61,0x10,0x61,0x10,0x61,0x10,0x61,0x10,0x61,0x10,0x61,
0x10,0x61,0x10,0x61,0x10,0x4D,0x6B,0xFF,0xFF,0xFF,0xFF,0xFF,0xFF,0xFF,0xFF,0xFF,0xFF,0xFF,0xFF,0xFF,0xFF,0xFF,0xFF,0xFF,0xFF,0xFF,0xFF,0xFF,0xFF,0xFF,0xFF,0xFF,0xFF,
0xFF,0xFF,0x6D,0x6B,0x61,0x10,0x61,0x10,0x61,0x10,0x61,0x10,0x61,0x10,0x61,0x10,0x61,0x10,0xFF,0xFF,0xFF,0xFF,0xFF,0xFF,0xFF,0xFF,0xFF,0xFF,0xFF,0xFF,0xFF,0xFF,0xFF,
0xFF,0xFF,0xFF,0xFF,0xFF,0xFF,0xFF,0xFF,0xFF,0xFF,0xFF,0xFF,0xFF,0x1C,0xE7,0x61,0x10,0x61,0x10,0x61,0x10,0x61,0x10,0x61,0x10,0x61,0x10,0x61,0x10,0x61,0x10,0xBA,0xD6,
0xFF,0xFF,0xFF,0xFF,0xFF,0xFF,0xFF,0xFF,0xFF,0xFF,0xFF,0xFF,0xFF,0xFF,0xFF,0xFF,0xFF,0xFF,0xFF,0xFF,0xFF,0xFF,0xFF,0xFF,0xFF,0xFF,0x71,0x8C,0x61,0x10,0x61,0x10,0x61,
0x10,0x61,0x10,0x61,0x10,0x61,0x10,0x61,0x10,0xE3,0x18,0xFF,0xFF,0xFF,0xFF,0xFF,0xFF,0xFF,0xFF,0xFF,0xFF,0xFF,0xFF,0xFF,0xFF,0xFF,0xFF,0xFF,0xFF,0xFF,0xFF,0xFF,0xFF,
0xFF,0xFF,0xFF,0xFF,0xFF,0xFF,0xB6,0xB5,0x61,0x10,0x61,0x10,0x61,0x10,0x61,0x10,0x61,0x10,0x61,0x10,0x61,0x10,0x61,0x10,0x61,0x10,0x61,0x10,0x61,0x10,0x61,0x10,0x61,
0x10,0x61,0x10,0x61,0x10,0x61,0x10,0x61,0x10,0x61,0x10,0x61,0x10,0x61,0x10,0x61,0x10,0x61,0x10,0x61,0x10,0x61,0x10,0x61,0x10,0x61,0x10,0x61,0x10,0xFF,0xFF,0xFF,0xFF,
0xFF,0xFF,0xFF,0xFF,0xFF,0xFF,0xFF,0xFF,0xFF,0xFF,0xFF,0xFF,0xFF,0xFF,0xFF,0xFF,0xFF,0xFF,0xFF,0xFF,0xFF,0xFF,0xFF,0xFF,0xFB,0xDE,0x61,0x10,0x61,0x10,0x61,0x10,0x61,
0x10,0x61,0x10,0x61,0x10,0x61,0x10,0xFF,0xFF,0xFF,0xFF,0xFF,0xFF,0xFF,0xFF,0xFF,0xFF,0xFF,0xFF,0xFF,0xFF,0xFF,0xFF,0xFF,0xFF,0xFF,0xFF,0xFF,0xFF,0xFF,0xFF,0xFF,0xFF,
0xFF,0xFF,0xFF,0xFF,0x61,0x10,0x61,0x10,0x61,0x10,0x61,0x10,0x61,0x10,0x61,0x10,0x61,0x10,0x61,0x10,0x61,0x10,0x61,0x10,0x61,0x10,0x61,0x10,0x61,0x10,0x61,0x10,0x61,
0x10,0x61,0x10,0x61,0x10,0x61,0x10,0x61,0x10,0x61,0x10,0x61,0x10,0x61,0x10,0x61,0x10,0x61,0x10,0x61,0x10,0x61,0x10,0x61,0x10,0x61,0x10,0x61,0x10,0x61,0x10,0x61,0x10,
0x61,0x10,0x61,0x10,0x61,0x10,0x61,0x10,0x61,0x10,0x61,0x10,0x61,0x10,0x61,0x10,0x61,0x10,0x61,0x10,0x61,0x10,0x61,0x10,0x61,0x10,0x61,0x10,0x61,0x10,0x61,0x10,0x61,
0x10,0x61,0x10,0x61,0x10,0x61,0x10,0x61,0x10,0x61,0x10,0x61,0x10,0x61,0x10,0x61,0x10,0x61,0x10,0x61,0x10,0x61,0x10,0x61,0x10,0x61,0x10,0x61,0x10,0x61,0x10,0x61,0x10,
0x61,0x10,0x61,0x10,0x61,0x10,0x61,0x10,0x61,0x10,0x61,0x10,0x61,0x10,0x61,0x10,0x61,0x10,0x61,0x10,0x71,0x94,0xEB,0x5A,0x61,0x10,0x2C,0x6B,0x71,0x94,0x71,0x94,0x71,
0x94,0x71,0x94,0x71,0x94,0x71,0x94,0x71,0x94,0x71,0x94,0x71,0x94,0x71,0x94,0x71,0x94,0x71,0x94,0x71,0x94,0x71,0x94,0x71,0x94,0x61,0x10,0x61,0x10,0x61,0x10,0x61,0x10,
0x61,0x10,0x61,0x10,0x61,0x10,0x61,0x10,0x61,0x10,0x61,0x10,0x61,0x10,0x61,0x10,0x61,0x10,0xEF,0x83,0x71,0x94,0x71,0x94,0x71,0x94,0x71,0x94,0x71,0x94,0x82,0x10,0x61,
0x10,0x61,0x10,0x61,0x10,0x61,0x10,0x61,0x10,0x61,0x10,0x61,0x10,0x61,0x10,0x61,0x10,0x61,0x10,0x61,0x10,0x61,0x10,0x61,0x10,0x61,0x10,0x61,0x10,0x61,0x10,0x61,0x10,
0x61,0x10,0x61,0x10,0x61,0x10,0x61,0x10,0x61,0x10,0x69,0x52,0x71,0x94,0x71,0x94,0x71,0x94,0x71,0x94,0x71,0x94,0x71,0x94,0x71,0x94,0x71,0x94,0x71,0x94,0x71,0x94,0x71,
0x94,0x71,0x94,0x71,0x94,0x71,0x94,0x71,0x94,0x71,0x94,0x71,0x94,0x71,0x94,0x71,0x94,0xA2,0x18,0x61,0x10,0x65,0x31,0x71,0x94,0x71,0x94,0x86,0x31,0x61,0x10,0x61,0x10,
0x61,0x10,0x61,0x10,0x61,0x10,0x61,0x10,0x61,0x10,0x61,0x10,0x61,0x10,0x61,0x10,0x61,0x10,0x61,0x10,0x61,0x10,0x61,0x10,0x61,0x10,0x61,0x10,0x61,0x10,0x61,0x10,0x61,
0x10,0x61,0x10,0x61,0x10,0x28,0x4A,0xFF,0xFF,0xFF,0xFF,0xFF,0xFF,0xFF,0xFF,0xFF,0xFF,0xFF,0xFF,0xFF,0xFF,0xFF,0xFF,0xFF,0xFF,0xFF,0xFF,0xFF,0xFF,0xFF,0xFF,0xFF,0xFF,
0xFF,0xFF,0x8A,0x52,0x61,0x10,0x61,0x10,0x61,0x10,0x61,0x10,0x61,0x10,0x61,0x10,0x61,0x10,0x61,0x10,0x61,0x10,0x61,0x10,0x61,0x10,0x61,0x10,0x61,0x10,0x61,0x10,0x61,
0x10,0x61,0x10,0x61,0x10,0x61,0x10,0x61,0x10,0x61,0x10,0x61,0x10,0x61,0x10,0x61,0x10,0x61,0x10,0x61,0x10,0x61,0x10,0x55,0xAD,0xFF,0xFF,0xFF,0xFF,0xFF,0xFF,0xFF,0xFF,
0xFF,0xFF,0xFF,0xFF,0xFF,0xFF,0xFF,0xFF,0xFF,0xFF,0xFF,0xFF,0xFF,0xFF,0xFF,0xFF,0xFF,0xFF,0xFF,0xFF,0x08,0x42,0x61,0x10,0x61,0x10,0x61,0x10,0x61,0x10,0x61,0x10,0x61,
0x10,0x61,0x10,0xFF,0xFF,0xFF,0xFF,0xFF,0xFF,0xFF,0xFF,0xFF,0xFF,0xFF,0xFF,0xFF,0xFF,0xFF,0xFF,0xFF,0xFF,0xFF,0xFF,0xFF,0xFF,0xFF,0xFF,0xFF,0xFF,0xFF,0xFF,0x1C,0xE7,
0x61,0x10,0x61,0x10,0x61,0x10,0x61,0x10,0x61,0x10,0x61,0x10,0x61,0x10,0x61,0x10,0xBA,0xD6,0xFF,0xFF,0xFF,0xFF,0xFF,0xFF,0xFF,0xFF,0xFF,0xFF,0xFF,0xFF,0xFF,0xFF,0xFF,
0xFF,0xFF,0xFF,0xFF,0xFF,0xFF,0xFF,0xFF,0xFF,0xFF,0xFF,0x71,0x8C,0x61,0x10,0x61,0x10,0x61,0x10,0x61,0x10,0x61,0x10,0x61,0x10,0x61,0x10,0x61,0x10,0xFF,0xFF,0xFF,0xFF,
0xFF,0xFF,0xFF,0xFF,0xFF,0xFF,0xFF,0xFF,0xFF,0xFF,0xFF,0xFF,0xFF,0xFF,0xFF,0xFF,0xFF,0xFF,0xFF,0xFF,0xFF,0xFF,0xFF,0xFF,0xDF,0xFF,0x61,0x10,0x61,0x10,0x61,0x10,0x61,
0x10,0x61,0x10,0x61,0x10,0x61,0x10,0x61,0x10,0x61,0x10,0x61,0x10,0x61,0x10,0x61,0x10,0x61,0x10,0x61,0x10,0x61,0x10,0x61,0x10,0x61,0x10,0x61,0x10,0x61,0x10,0x61,0x10,
0x61,0x10,0x61,0x10,0x61,0x10,0x61,0x10,0x61,0x10,0x61,0x10,0xC6,0x39,0xFF,0xFF,0xFF,0xFF,0xFF,0xFF,0xFF,0xFF,0xFF,0xFF,0xFF,0xFF,0xFF,0xFF,0xFF,0xFF,0xFF,0xFF,0xFF,
0xFF,0xFF,0xFF,0xFF,0xFF,0xFF,0xFF,0xFF,0xFF,0x96,0xB5,0x61,0x10,0x61,0x10,0x61,0x10,0x61,0x10,0x61,0x10,0x61,0x10,0x61,0x10,0xFF,0xFF,0xFF,0xFF,0xFF,0xFF,0xFF,0xFF,
0xFF,0xFF,0xFF,0xFF,0xFF,0xFF,0xFF,0xFF,0xFF,0xFF,0xFF,0xFF,0xFF,0xFF,0xFF,0xFF,0xFF,0xFF,0xFF,0xFF,0xFF,0xFF,0x61,0x10,0x61,0x10,0x61,0x10,0x61,0x10,0x61,0x10,0x61,
0x10,0x61,0x10,0x61,0x10,0x61,0x10,0x61,0x10,0x61,0x10,0x61,0x10,0x61,0x10,0x61,0x10,0x61,0x10,0x61,0x10,0x61,0x10,0x61,0x10,0x61,0x10,0x61,0x10,0x61,0x10,0x61,0x10,
0x61,0x10,0x61,0x10,0x61,0x10,0x61,0x10,0x61,0x10,0x61,0x10,0x61,0x10,0x61,0x10,0x61,0x10,0x61,0x10,0x61,0x10,0x61,0x10,0x61,0x10,0x61,0x10,0x61,0x10,0x61,0x10,0x61,
0x10,0x61,0x10,0x61,0x10,0x61,0x10,0x61,0x10,0x61,0x10,0x61,0x10,0x61,0x10,0x61,0x10,0x61,0x10,0x61,0x10,0x61,0x10,0x61,0x10,0x61,0x10,0x61,0x10,0x61,0x10,0x61,0x10,
0x61,0x10,0x61,0x10,0x61,0x10,0x61,0x10,0x61,0x10,0x61,0x10,0x61,0x10,0x61,0x10,0x61,0x10,0x61,0x10,0x61,0x10,0x61,0x10,0x61,0x10,0x61,0x10,0x61,0x10,0x61,0x10,0x61,
0x10,0x61,0x10,0x61,0x10,0x71,0x94,0x8E,0x73,0x61,0x10,0xAA,0x52,0x71,0x94,0x71,0x94,0x71,0x94,0x71,0x94,0x71,0x94,0x71,0x94,0x71,0x94,0x71,0x94,0x71,0x94,0x71,0x94,
0x71,0x94,0x71,0x94,0x71,0x94,0x71,0x94,0x71,0x94,0x61,0x10,0x61,0x10,0x61,0x10,0x61,0x10,0x61,0x10,0x61,0x10,0x61,0x10,0x61,0x10,0x61,0x10,0x61,0x10,0x61,0x10,0x61,
0x10,0x61,0x10,0xEF,0x83,0x71,0x94,0x71,0x94,0x71,0x94,0x71,0x94,0x71,0x94,0x61,0x10,0x61,0x10,0x61,0x10,0x61,0x10,0x61,0x10,0x61,0x10,0x61,0x10,0x61,0x10,0x61,0x10,
0x61,0x10,0x61,0x10,0x61,0x10,0x61,0x10,0x61,0x10,0x61,0x10,0x61,0x10,0x61,0x10,0x61,0x10,0x61,0x10,0x61,0x10,0x61,0x10,0x61,0x10,0x61,0x10,0x71,0x8C,0x71,0x94,0x71,
0x94,0x71,0x94,0x71,0x94,0x71,0x94,0x71,0x94,0x71,0x94,0x71,0x94,0x71,0x94,0x71,0x94,0x71,0x94,0x71,0x94,0x71,0x94,0x71,0x94,0x71,0x94,0x71,0x94,0x71,0x94,0x71,0x94,
0x71,0x94,0x61,0x10,0x61,0x10,0x08,0x42,0x71,0x94,0x71,0x94,0x03,0x21,0x61,0x10,0x61,0x10,0x61,0x10,0x61,0x10,0x61,0x10,0x61,0x10,0x61,0x10,0x61,0x10,0x61,0x10,0x61,
0x10,0x61,0x10,0x61,0x10,0x61,0x10,0x61,0x10,0x61,0x10,0x61,0x10,0x61,0x10,0x61,0x10,0x61,0x10,0x61,0x10,0x61,0x10,0x28,0x4A,0xFF,0xFF,0xFF,0xFF,0xFF,0xFF,0xFF,0xFF,
0xFF,0xFF,0xFF,0xFF,0xFF,0xFF,0xFF,0xFF,0xFF,0xFF,0xFF,0xFF,0xFF,0xFF,0xFF,0xFF,0xFF,0xFF,0xFF,0xFF,0xEF,0x7B,0x61,0x10,0x61,0x10,0x61,0x10,0x61,0x10,0x61,0x10,0x61,
0x10,0x61,0x10,0x61,0x10,0x61,0x10,0x61,0x10,0x61,0x10,0x61,0x10,0x61,0x10,0x61,0x10,0x61,0x10,0x61,0x10,0x61,0x10,0x61,0x10,0x61,0x10,0x61,0x10,0x61,0x10,0x61,0x10,
0x61,0x10,0x61,0x10,0x61,0x10,0x61,0x10,0xBA,0xD6,0xFF,0xFF,0xFF,0xFF,0xFF,0xFF,0xFF,0xFF,0xFF,0xFF,0xFF,0xFF,0xFF,0xFF,0xFF,0xFF,0xFF,0xFF,0xFF,0xFF,0xFF,0xFF,0xFF,
0xFF,0xFF,0xFF,0xFF,0xFF,0x44,0x29,0x61,0x10,0x61,0x10,0x61,0x10,0x61,0x10,0x61,0x10,0x61,0x10,0x61,0x10,0xFF,0xFF,0xFF,0xFF,0xFF,0xFF,0xFF,0xFF,0xFF,0xFF,0xFF,0xFF,
0xFF,0xFF,0xFF,0xFF,0xFF,0xFF,0xFF,0xFF,0xFF,0xFF,0xFF,0xFF,0xFF,0xFF,0xFF,0xFF,0x1C,0xE7,0x61,0x10,0x61,0x10,0x61,0x10,0x61,0x10,0x61,0x10,0x61,0x10,0x61,0x10,0x61,
0x10,0xBA,0xD6,0xFF,0xFF,0xFF,0xFF,0xFF,0xFF,0xFF,0xFF,0xFF,0xFF,0xFF,0xFF,0xFF,0xFF,0xFF,0xFF,0xFF,0xFF,0xFF,0xFF,0xFF,0xFF,0xFF,0xFF,0xFF,0xFF,0x71,0x8C,0x61,0x10,
0x61,0x10,0x61,0x10,0x61,0x10,0x61,0x10,0x61,0x10,0x61,0x10,0x61,0x10,0xFF,0xFF,0xFF,0xFF,0xFF,0xFF,0xFF,0xFF,0xFF,0xFF,0xFF,0xFF,0xFF,0xFF,0xFF,0xFF,0xFF,0xFF,0xFF,
0xFF,0xFF,0xFF,0xFF,0xFF,0xFF,0xFF,0xFF,0xFF,0xFF,0xFF,0x61,0x10,0x61,0x10,0x61,0x10,0x61,0x10,0x61,0x10,0x61,0x10,0x61,0x10,0x61,0x10,0x61,0x10,0x61,0x10,0x61,0x10,
0x61,0x10,0x61,0x10,0x61,0x10,0x61,0x10,0x61,0x10,0x61,0x10,0x61,0x10,0x61,0x10,0x61,0x10,0x61,0x10,0x61,0x10,0x61,0x10,0x61,0x10,0x61,0x10,0x61,0x10,0x0C,0x63,0xFF,
0xFF,0xFF,0xFF,0xFF,0xFF,0xFF,0xFF,0xFF,0xFF,0xFF,0xFF,0xFF,0xFF,0xFF,0xFF,0xFF,0xFF,0xFF,0xFF,0xFF,0xFF,0xFF,0xFF,0xFF,0xFF,0xFF,0xFF,0x92,0x94,0x61,0x10,0x61,0x10,
0x61,0x10,0x61,0x10,0x61,0x10,0x61,0x10,0x61,0x10,0xFF,0xFF,0xFF,0xFF,0xFF,0xFF,0xFF,0xFF,0xFF,0xFF,0xFF,0xFF,0xFF,0xFF,0xFF,0xFF,0xFF,0xFF,0xFF,0xFF,0xFF,0xFF,0xFF,
0xFF,0xFF,0xFF,0xFF,0xFF,0xFF,0xFF,0x61,0x10,0x61,0x10,0x61,0x10,0x61,0x10,0x61,0x10,0x61,0x10,0x61,0x10,0x61,0x10,0x61,0x10,0x61,0x10,0x61,0x10,0x61,0x10,0x61,0x10,
0x61,0x10,0x61,0x10,0x61,0x10,0x61,0x10,0x61,0x10,0x61,0x10,0x61,0x10,0x61,0x10,0x61,0x10,0x61,0x10,0x61,0x10,0x61,0x10,0x61,0x10,0x61,0x10,0x61,0x10,0x61,0x10,0x61,
0x10,0x61,0x10,0x61,0x10,0x61,0x10,0x61,0x10,0x61,0x10,0x61,0x10,0x61,0x10,0x61,0x10,0x61,0x10,0x61,0x10,0x61,0x10,0x61,0x10,0x61,0x10,0x61,0x10,0x61,0x10,0x61,0x10,
0x61,0x10,0x61,0x10,0x61,0x10,0x61,0x10,0x61,0x10,0x61,0x10,0x61,0x10,0x61,0x10,0x61,0x10,0x61,0x10,0x61,0x10,0x61,0x10,0x61,0x10,0x61,0x10,0x61,0x10,0x61,0x10,0x61,
0x10,0x61,0x10,0x61,0x10,0x61,0x10,0x61,0x10,0x61,0x10,0x61,0x10,0x61,0x10,0x61,0x10,0x61,0x10,0x61,0x10,0x61,0x10,0x71,0x94,0x71,0x94,0x61,0x10,0x24,0x29,0x71,0x94,
0x71,0x94,0x71,0x94,0x71,0x94,0x71,0x94,0x71,0x94,0x71,0x94,0x71,0x94,0x71,0x94,0x71,0x94,0x71,0x94,0x71,0x94,0x71,0x94,0x71,0x94,0x71,0x94,0x61,0x10,0x61,0x10,0x61,
0x10,0x61,0x10,0x61,0x10,0x61,0x10,0x61,0x10,0x61,0x10,0x61,0x10,0x61,0x10,0x61,0x10,0x61,0x10,0x61,0x10,0xEF,0x83,0x71,0x94,0x71,0x94,0x71,0x94,0x71,0x94,0x10,0x84,
0x61,0x10,0x61,0x10,0x61,0x10,0x61,0x10,0x61,0x10,0x61,0x10,0x61,0x10,0x61,0x10,0x61,0x10,0x61,0x10,0x61,0x10,0x61,0x10,0x61,0x10,0x61,0x10,0x61,0x10,0x61,0x10,0x61,
0x10,0x61,0x10,0x61,0x10,0x61,0x10,0x61,0x10,0x61,0x10,0xEF,0x7B,0x71,0x94,0x71,0x94,0x71,0x94,0x71,0x94,0x71,0x94,0x71,0x94,0x71,0x94,0x71,0x94,0x71,0x94,0x71,0x94,
0x71,0x94,0x71,0x94,0x71,0x94,0x71,0x94,0x71,0x94,0x71,0x94,0x71,0x94,0x71,0x94,0x71,0x94,0x71,0x94,0x61,0x10,0x61,0x10,0x4D,0x6B,0x71,0x94,0xCF,0x7B,0x61,0x10,0x61,
0x10,0x61,0x10,0x61,0x10,0x61,0x10,0x61,0x10,0x61,0x10,0x61,0x10,0x61,0x10,0x61,0x10,0x61,0x10,0x61,0x10,0x61,0x10,0x61,0x10,0x61,0x10,0x61,0x10,0x61,0x10,0x61,0x10,
0x61,0x10,0x61,0x10,0x61,0x10,0x61,0x10,0x28,0x4A,0xFF,0xFF,0xFF,0xFF,0xFF,0xFF,0xFF,0xFF,0xFF,0xFF,0xFF,0xFF,0xFF,0xFF,0xFF,0xFF,0xFF,0xFF,0xFF,0xFF,0xFF,0xFF,0xFF,
0xFF,0xFF,0xFF,0xFF,0xFF,0xDB,0xDE,0x61,0x10,0x61,0x10,0x61,0x10,0x61,0x10,0x61,0x10,0x61,0x10,0x61,0x10,0x61,0x10,0x61,0x10,0x61,0x10,0x61,0x10,0x61,0x10,0x61,0x10,
0x61,0x10,0x61,0x10,0x61,0x10,0x61,0x10,0x61,0x10,0x61,0x10,0x61,0x10,0x61,0x10,0x61,0x10,0x61,0x10,0x61,0x10,0x61,0x10,0x08,0x42,0xFF,0xFF,0xFF,0xFF,0xFF,0xFF,0xFF,
0xFF,0xFF,0xFF,0xFF,0xFF,0xFF,0xFF,0xFF,0xFF,0xFF,0xFF,0xFF,0xFF,0xFF,0xFF,0xFF,0xFF,0xFF,0xFF,0xFF,0xFF,0x3C,0xE7,0x61,0x10,0x61,0x10,0x61,0x10,0x61,0x10,0x61,0x10,
0x61,0x10,0x61,0x10,0x61,0x10,0xFF,0xFF,0xFF,0xFF,0xFF,0xFF,0xFF,0xFF,0xFF,0xFF,0xFF,0xFF,0xFF,0xFF,0xFF,0xFF,0xFF,0xFF,0xFF,0xFF,0xFF,0xFF,0xFF,0xFF,0xFF,0xFF,0xFF,
0xFF,0x1C,0xE7,0x61,0x10,0x61,0x10,0x61,0x10,0x61,0x10,0x61,0x10,0x61,0x10,0x61,0x10,0x61,0x10,0xBA,0xD6,0xFF,0xFF,0xFF,0xFF,0xFF,0xFF,0xFF,0xFF,0xFF,0xFF,0xFF,0xFF,
0xFF,0xFF,0xFF,0xFF,0xFF,0xFF,0xFF,0xFF,0xFF,0xFF,0xFF,0xFF,0xFF,0xFF,0x71,0x8C,0x61,0x10,0x61,0x10,0x61,0x10,0x61,0x10,0x61,0x10,0x61,0x10,0x61,0x10,0x61,0x10,0xFF,
0xFF,0xFF,0xFF,0xFF,0xFF,0xFF,0xFF,0xFF,0xFF,0xFF,0xFF,0xFF,0xFF,0xFF,0xFF,0xFF,0xFF,0xFF,0xFF,0xFF,0xFF,0xFF,0xFF,0xFF,0xFF,0xFF,0xFF,0xFF,0xFF,0x61,0x10,0x61,0x10,
0x61,0x10,0x61,0x10,0x61,0x10,0x61,0x10,0x61,0x10,0x61,0x10,0x61,0x10,0x61,0x10,0x61,0x10,0x61,0x10,0x61,0x10,0x61,0x10,0x61,0x10,0x61,0x10,0x61,0x10,0x61,0x10,0x61,
0x10,0x61,0x10,0x61,0x10,0x61,0x10,0x61,0x10,0x61,0x10,0x61,0x10,0x61,0x10,0xD7,0xBD,0xFF,0xFF,0xFF,0xFF,0xFF,0xFF,0xFF,0xFF,0xFF,0xFF,0xFF,0xFF,0xFF,0xFF,0xFF,0xFF,
0xFF,0xFF,0xFF,0xFF,0xFF,0xFF,0xFF,0xFF,0xFF,0xFF,0xFF,0xFF,0x69,0x52,0x61,0x10,0x61,0x10,0x61,0x10,0x61,0x10,0x61,0x10,0x61,0x10,0x61,0x10,0xFF,0xFF,0xFF,0xFF,0xFF,
0xFF,0xFF,0xFF,0xFF,0xFF,0xFF,0xFF,0xFF,0xFF,0xFF,0xFF,0xFF,0xFF,0xFF,0xFF,0xFF,0xFF,0xFF,0xFF,0xFF,0xFF,0xFF,0xFF,0xFF,0xFF,0x61,0x10,0x61,0x10,0x61,0x10,0x61,0x10,
0x61,0x10,0x61,0x10,0x61,0x10,0x61,0x10,0x61,0x10,0x61,0x10,0x61,0x10,0x61,0x10,0x61,0x10,0x61,0x10,0x61,0x10,0x61,0x10,0x61,0x10,0x61,0x10,0x61,0x10,0x61,0x10,0x61,
0x10,0x61,0x10,0x61,0x10,0x61,0x10,0x61,0x10,0x61,0x10,0x61,0x10,0x61,0x10,0x61,0x10,0x61,0x10,0x61,0x10,0x61,0x10,0x61,0x10,0x61,0x10,0x61,0x10,0x61,0x10,0x61,0x10,
0x61,0x10,0x61,0x10,0x61,0x10,0x61,0x10,0x61,0x10,0x61,0x10,0x61,0x10,0x61,0x10,0x61,0x10,0x61,0x10,0x61,0x10,0x61,0x10,0x61,0x10,0x61,0x10,0x61,0x10,0x61,0x10,0x61,
0x10,0x61,0x10,0x61,0x10,0x61,0x10,0x61,0x10,0x61,0x10,0x61,0x10,0x61,0x10,0x61,0x10,0x61,0x10,0x61,0x10,0x61,0x10,0x61,0x10,0x61,0x10,0x61,0x10,0x61,0x10,0x61,0x10,
0x61,0x10,0x61,0x10,0x61,0x10,0x61,0x10,0x71,0x94,0x71,0x94,0x61,0x10,0x82,0x10,0x51,0x8C,0x71,0x94,0x71,0x94,0x71,0x94,0x71,0x94,0x71,0x94,0x71,0x94,0x71,0x94,0x71,
0x94,0x71,0x94,0x71,0x94,0x71,0x94,0x71,0x94,0x71,0x94,0x71,0x94,0x61,0x10,0x61,0x10,0x61,0x10,0x61,0x10,0x61,0x10,0x61,0x10,0x61,0x10,0x61,0x10,0x61,0x10,0x61,0x10,
0x61,0x10,0x61,0x10,0x61,0x10,0xEF,0x83,0x71,0x94,0x71,0x94,0x71,0x94,0x71,0x94,0x6D,0x73,0x61,0x10,0x61,0x10,0x61,0x10,0x61,0x10,0x61,0x10,0x61,0x10,0x61,0x10,0x61,
0x10,0x61,0x10,0x61,0x10,0x61,0x10,0x61,0x10,0x61,0x10,0x61,0x10,0x61,0x10,0x61,0x10,0x61,0x10,0x61,0x10,0x61,0x10,0x61,0x10,0x61,0x10,0xA2,0x10,0x71,0x94,0x71,0x94,
0x71,0x94,0x71,0x94,0x71,0x94,0x71,0x94,0x71,0x94,0x71,0x94,0x71,0x94,0x71,0x94,0x71,0x94,0x71,0x94,0x71,0x94,0x71,0x94,0x71,0x94,0x71,0x94,0x71,0x94,0x71,0x94,0x71,
0x94,0x71,0x94,0x71,0x94,0x61,0x10,0x61,0x10,0x10,0x84,0x71,0x94,0x0C,0x63,0x61,0x10,0x61,0x10,0x61,0x10,0x61,0x10,0x61,0x10,0x61,0x10,0x61,0x10,0x61,0x10,0x61,0x10,
0x61,0x10,0x61,0x10,0x61,0x10,0x61,0x10,0x61,0x10,0x61,0x10,0x61,0x10,0x61,0x10,0x61,0x10,0x61,0x10,0x61,0x10,0x61,0x10,0x61,0x10,0x28,0x4A,0xFF,0xFF,0xFF,0xFF,0xFF,
0xFF,0xFF,0xFF,0xFF,0xFF,0xFF,0xFF,0xFF,0xFF,0xFF,0xFF,0xFF,0xFF,0xFF,0xFF,0xFF,0xFF,0xFF,0xFF,0xFF,0xFF,0xFF,0xFF,0xFF,0xFF,0xE3,0x20,0x61,0x10,0x61,0x10,0x61,0x10,
0x61,0x10,0x61,0x10,0x61,0x10,0x61,0x10,0x61,0x10,0x61,0x10,0x61,0x10,0x61,0x10,0x61,0x10,0x61,0x10,0x61,0x10,0x61,0x10,0x61,0x10,0x61,0x10,0x61,0x10,0x61,0x10,0x61,
0x10,0x61,0x10,0x61,0x10,0x61,0x10,0x61,0x10,0xAE,0x7B,0xFF,0xFF,0xFF,0xFF,0xFF,0xFF,0xFF,0xFF,0xFF,0xFF,0xFF,0xFF,0xFF,0xFF,0xFF,0xFF,0xFF,0xFF,0xFF,0xFF,0xFF,0xFF,
0xFF,0xFF,0xFF,0xFF,0xFF,0xFF,0x18,0xC6,0x61,0x10,0x61,0x10,0x61,0x10,0x61,0x10,0x61,0x10,0x61,0x10,0x61,0x10,0x61,0x10,0xFF,0xFF,0xFF,0xFF,0xFF,0xFF,0xFF,0xFF,0xFF,
0xFF,0xFF,0xFF,0xFF,0xFF,0xFF,0xFF,0xFF,0xFF,0xFF,0xFF,0xFF,0xFF,0xFF,0xFF,0xFF,0xFF,0xFF,0xFF,0x1C,0xE7,0x61,0x10,0x61,0x10,0x61,0x10,0x61,0x10,0x61,0x10,0x61,0x10,
0x61,0x10,0x61,0x10,0xBA,0xD6,0xFF,0xFF,0xFF,0xFF,0xFF,0xFF,0xFF,0xFF,0xFF,0xFF,0xFF,0xFF,0xFF,0xFF,0xFF,0xFF,0xFF,0xFF,0xFF,0xFF,0xFF,0xFF,0xFF,0xFF,0xFF,0xFF,0x71,
0x8C,0x61,0x10,0x61,0x10,0x61,0x10,0x61,0x10,0x61,0x10,0x61,0x10,0x61,0x10,0x61,0x10,0xFF,0xFF,0xFF,0xFF,0xFF,0xFF,0xFF,0xFF,0xFF,0xFF,0xFF,0xFF,0xFF,0xFF,0xFF,0xFF,
0xFF,0xFF,0xFF,0xFF,0xFF,0xFF,0xFF,0xFF,0xFF,0xFF,0xFF,0xFF,0xFF,0xFF,0x61,0x10,0x61,0x10,0x61,0x10,0x61,0x10,0x61,0x10,0x61,0x10,0x61,0x10,0x61,0x10,0x61,0x10,0x61,
0x10,0x61,0x10,0x61,0x10,0x61,0x10,0x61,0x10,0x61,0x10,0x61,0x10,0x61,0x10,0x61,0x10,0x61,0x10,0x61,0x10,0x61,0x10,0x61,0x10,0x61,0x10,0x61,0x10,0x61,0x10,0x82,0x10,
0x9E,0xF7,0xFF,0xFF,0xFF,0xFF,0xFF,0xFF,0xFF,0xFF,0xFF,0xFF,0xFF,0xFF,0xFF,0xFF,0xFF,0xFF,0xFF,0xFF,0xFF,0xFF,0xFF,0xFF,0xFF,0xFF,0xFF,0xFF,0xFF,0xFF,0x45,0x29,0x61,
0x10,0x61,0x10,0x61,0x10,0x61,0x10,0x61,0x10,0x61,0x10,0x61,0x10,0xFF,0xFF,0xFF,0xFF,0xFF,0xFF,0xFF,0xFF,0xFF,0xFF,0xFF,0xFF,0xFF,0xFF,0xFF,0xFF,0xFF,0xFF,0xFF,0xFF,
0xFF,0xFF,0xFF,0xFF,0xFF,0xFF,0xFF,0xFF,0xFF,0xFF,0x61,0x10,0x61,0x10,0x61,0x10,0x61,0x10,0x61,0x10,0x61,0x10,0x61,0x10,0x61,0x10,0x61,0x10,0x61,0x10,0x61,0x10,0x61,
0x10,0x61,0x10,0x61,0x10,0x61,0x10,0x61,0x10,0x61,0x10,0x61,0x10,0x61,0x10,0x61,0x10,0x61,0x10,0x61,0x10,0x61,0x10,0x61,0x10,0x61,0x10,0x61,0x10,0x61,0x10,0x61,0x10,
0x61,0x10,0x61,0x10,0x61,0x10,0x61,0x10,0x61,0x10,0x61,0x10,0x61,0x10,0x61,0x10,0x61,0x10,0x61,0x10,0x61,0x10,0x61,0x10,0x61,0x10,0x61,0x10,0x61,0x10,0x61,0x10,0x61,
0x10,0x61,0x10,0x61,0x10,0x61,0x10,0x61,0x10,0x61,0x10,0x61,0x10,0x61,0x10,0x61,0x10,0x61,0x10,0x61,0x10,0x61,0x10,0x61,0x10,0x61,0x10,0x61,0x10,0x61,0x10,0x61,0x10,
0x61,0x10,0x61,0x10,0x61,0x10,0x61,0x10,0x61,0x10,0x61,0x10,0x61,0x10,0x61,0x10,0x61,0x10,0x61,0x10,0x61,0x10,0x61,0x10,0x61,0x10,0x71,0x94,0x71,0x94,0x61,0x10,0x61,
0x10,0xCB,0x5A,0x71,0x94,0x71,0x94,0x71,0x94,0x71,0x94,0x71,0x94,0x71,0x94,0x71,0x94,0x71,0x94,0x71,0x94,0x71,0x94,0x71,0x94,0x71,0x94,0x71,0x94,0x71,0x94,0x61,0x10,
0x61,0x10,0x61,0x10,0x61,0x10,0x61,0x10,0x61,0x10,0x61,0x10,0x61,0x10,0x61,0x10,0x61,0x10,0x61,0x10,0x61,0x10,0x61,0x10,0xEF,0x83,0x71,0x94,0x71,0x94,0x71,0x94,0x71,
0x94,0x0C,0x63,0x61,0x10,0x61,0x10,0x61,0x10,0x61,0x10,0x61,0x10,0x61,0x10,0x61,0x10,0x61,0x10,0x61,0x10,0x61,0x10,0x61,0x10,0x61,0x10,0x61,0x10,0x61,0x10,0x61,0x10,
0x61,0x10,0x61,0x10,0x61,0x10,0x61,0x10,0x61,0x10,0xE3,0x20,0x71,0x94,0x71,0x94,0x71,0x94,0x71,0x94,0x71,0x94,0x71,0x94,0x71,0x94,0x71,0x94,0x71,0x94,0x71,0x94,0x71,
0x94,0x71,0x94,0x71,0x94,0x71,0x94,0x71,0x94,0x71,0x94,0x71,0x94,0x71,0x94,0x71,0x94,0x71,0x94,0x71,0x94,0x30,0x84,0x61,0x10,0x61,0x10,0x71,0x94,0x71,0x94,0x65,0x31,
0x61,0x10,0x61,0x10,0x61,0x10,0x61,0x10,0x61,0x10,0x61,0x10,0x61,0x10,0x61,0x10,0x61,0x10,0x61,0x10,0x61,0x10,0x61,0x10,0x61,0x10,0x61,0x10,0x61,0x10,0x61,0x10,0x61,
0x10,0x61,0x10,0x61,0x10,0x61,0x10,0x61,0x10,0x61,0x10,0x28,0x4A,0xFF,0xFF,0xFF,0xFF,0xFF,0xFF,0xFF,0xFF,0xFF,0xFF,0xFF,0xFF,0xFF,0xFF,0xFF,0xFF,0xFF,0xFF,0xFF,0xFF,
0xFF,0xFF,0xFF,0xFF,0xFF,0xFF,0xFF,0xFF,0xFF,0xFF,0xD7,0xBD,0x61,0x10,0x61,0x10,0x61,0x10,0x61,0x10,0x61,0x10,0x61,0x10,0x61,0x10,0x61,0x10,0x61,0x10,0x61,0x10,0x61,
0x10,0x61,0x10,0x61,0x10,0x61,0x10,0x61,0x10,0x61,0x10,0x61,0x10,0x61,0x10,0x61,0x10,0x61,0x10,0x61,0x10,0x61,0x10,0x61,0x10,0x61,0x10,0xFF,0xFF,0xFF,0xFF,0xFF,0xFF,
0xFF,0xFF,0xFF,0xFF,0xFF,0xFF,0xFF,0xFF,0xFF,0xFF,0xFF,0xFF,0xFF,0xFF,0xFF,0xFF,0xFF,0xFF,0xFF,0xFF,0xFF,0xFF,0xFF,0xFF,0x8E,0x73,0x61,0x10,0x61,0x10,0x61,0x10,0x61,
0x10,0x61,0x10,0x61,0x10,0x61,0x10,0x61,0x10,0xFF,0xFF,0xFF,0xFF,0xFF,0xFF,0xFF,0xFF,0xFF,0xFF,0xFF,0xFF,0xFF,0xFF,0xFF,0xFF,0xFF,0xFF,0xFF,0xFF,0xFF,0xFF,0xFF,0xFF,
0xFF,0xFF,0xFF,0xFF,0x1C,0xE7,0x61,0x10,0x61,0x10,0x61,0x10,0x61,0x10,0x61,0x10,0x61,0x10,0x61,0x10,0x61,0x10,0xBA,0xD6,0xFF,0xFF,0xFF,0xFF,0xFF,0xFF,0xFF,0xFF,0xFF,
0xFF,0xFF,0xFF,0xFF,0xFF,0xFF,0xFF,0xFF,0xFF,0xFF,0xFF,0xFF,0xFF,0xFF,0xFF,0xFF,0xFF,0x71,0x8C,0x61,0x10,0x61,0x10,0x61,0x10,0x61,0x10,0x61,0x10,0x61,0x10,0x61,0x10,
0x61,0x10,0xFF,0xFF,0xFF,0xFF,0xFF,0xFF,0xFF,0xFF,0xFF,0xFF,0xFF,0xFF,0xFF,0xFF,0xFF,0xFF,0xFF,0xFF,0xFF,0xFF,0xFF,0xFF,0xFF,0xFF,0xFF,0xFF,0xFF,0xFF,0xFF,0xFF,0x61,
0x10,0x61,0x10,0x61,0x10,0x61,0x10,0x61,0x10,0x61,0x10,0x61,0x10,0x61,0x10,0x61,0x10,0x61,0x10,0x61,0x10,0x61,0x10,0x61,0x10,0x61,0x10,0x61,0x10,0x61,0x10,0x61,0x10,
0x61,0x10,0x61,0x10,0x61,0x10,0x61,0x10,0x61,0x10,0x61,0x10,0x61,0x10,0x61,0x10,0xD2,0x9C,0xFF,0xFF,0xFF,0xFF,0xFF,0xFF,0xFF,0xFF,0xFF,0xFF,0xFF,0xFF,0xFF,0xFF,0xFF,
0xFF,0xFF,0xFF,0xFF,0xFF,0xFF,0xFF,0xFF,0xFF,0xFF,0xFF,0xFF,0xFF,0x18,0xC6,0x61,0x10,0x61,0x10,0x61,0x10,0x61,0x10,0x61,0x10,0x61,0x10,0x61,0x10,0x61,0x10,0xFF,0xFF,
0xFF,0xFF,0xFF,0xFF,0xFF,0xFF,0xFF,0xFF,0xFF,0xFF,0xFF,0xFF,0xFF,0xFF,0xFF,0xFF,0xFF,0xFF,0xFF,0xFF,0xFF,0xFF,0xFF,0xFF,0xFF,0xFF,0xFF,0xFF,0x61,0x10,0x61,0x10,0x61,
0x10,0x61,0x10,0x61,0x10,0x61,0x10,0x61,0x10,0x61,0x10,0x61,0x10,0x61,0x10,0x61,0x10,0x61,0x10,0x61,0x10,0x61,0x10,0x61,0x10,0x61,0x10,0x61,0x10,0x61,0x10,0x61,0x10,
0x61,0x10,0x61,0x10,0x61,0x10,0x61,0x10,0x61,0x10,0x61,0x10,0x61,0x10,0x61,0x10,0x61,0x10,0x61,0x10,0x61,0x10,0x61,0x10,0x61,0x10,0x61,0x10,0x61,0x10,0x61,0x10,0x61,
0x10,0x61,0x10,0x61,0x10,0x61,0x10,0x61,0x10,0x61,0x10,0x61,0x10,0x61,0x10,0x61,0x10,0x61,0x10,0x61,0x10,0x61,0x10,0x61,0x10,0x61,0x10,0x61,0x10,0x61,0x10,0x61,0x10,
0x61,0x10,0x61,0x10,0x61,0x10,0x61,0x10,0x61,0x10,0x61,0x10,0x61,0x10,0x61,0x10,0x61,0x10,0x61,0x10,0x61,0x10,0x61,0x10,0x61,0x10,0x61,0x10,0x61,0x10,0x61,0x10,0x61,
0x10,0x61,0x10,0x61,0x10,0x61,0x10,0x61,0x10,0x61,0x10,0x71,0x94,0x71,0x94,0x61,0x10,0x61,0x10,0xC6,0x39,0x71,0x94,0x71,0x94,0x71,0x94,0x71,0x94,0x71,0x94,0x71,0x94,
0x71,0x94,0x71,0x94,0x71,0x94,0x71,0x94,0x71,0x94,0x71,0x94,0x71,0x94,0x71,0x94,0x61,0x10,0x61,0x10,0x61,0x10,0x61,0x10,0x61,0x10,0x61,0x10,0x61,0x10,0x61,0x10,0x61,
0x10,0x61,0x10,0x61,0x10,0x61,0x10,0x61,0x10,0xEF,0x83,0x71,0x94,0x71,0x94,0x71,0x94,0x71,0x94,0x6D,0x6B,0x61,0x10,0x61,0x10,0x61,0x10,0x61,0x10,0x61,0x10,0x61,0x10,
0x61,0x10,0x61,0x10,0x61,0x10,0x61,0x10,0x61,0x10,0x61,0x10,0x61,0x10,0x61,0x10,0x61,0x10,0x61,0x10,0x61,0x10,0x61,0x10,0x61,0x10,0x65,0x31,0x30,0x84,0x71,0x94,0x71,
0x94,0x71,0x94,0x71,0x94,0x71,0x94,0x71,0x94,0x71,0x94,0x71,0x94,0x71,0x94,0x71,0x94,0x71,0x94,0x71,0x94,0x71,0x94,0x71,0x94,0x71,0x94,0x71,0x94,0x71,0x94,0x71,0x94,
0x71,0x94,0x71,0x94,0x71,0x94,0x4D,0x6B,0x61,0x10,0x61,0x10,0x71,0x94,0x71,0x94,0x82,0x10,0x61,0x10,0x61,0x10,0x61,0x10,0x61,0x10,0x61,0x10,0x61,0x10,0x61,0x10,0x61,
0x10,0x61,0x10,0x61,0x10,0x61,0x10,0x61,0x10,0x61,0x10,0x61,0x10,0x61,0x10,0x61,0x10,0x61,0x10,0x61,0x10,0x61,0x10,0x61,0x10,0x61,0x10,0x61,0x10,0x28,0x4A,0xFF,0xFF,
0xFF,0xFF,0xFF,0xFF,0xFF,0xFF,0xFF,0xFF,0xFF,0xFF,0xFF,0xFF,0xFF,0xFF,0xFF,0xFF,0xFF,0xFF,0xFF,0xFF,0xFF,0xFF,0xFF,0xFF,0xFF,0xFF,0xFF,0xFF,0xDF,0xFF,0x61,0x10,0x61,
0x10,0x61,0x10,0x61,0x10,0x61,0x10,0x61,0x10,0x61,0x10,0x61,0x10,0x61,0x10,0x61,0x10,0x61,0x10,0x61,0x10,0x61,0x10,0x61,0x10,0x61,0x10,0x61,0x10,0x61,0x10,0x61,0x10,
0x61,0x10,0x61,0x10,0x61,0x10,0x61,0x10,0x61,0x10,0x61,0x10,0xFF,0xFF,0xFF,0xFF,0xFF,0xFF,0xFF,0xFF,0xFF,0xFF,0xFF,0xFF,0xFF,0xFF,0xFF,0xFF,0xFF,0xFF,0xFF,0xFF,0xFF,
0xFF,0xFF,0xFF,0xFF,0xFF,0xFF,0xFF,0xFF,0xFF,0x28,0x42,0x61,0x10,0x61,0x10,0x61,0x10,0x61,0x10,0x61,0x10,0x61,0x10,0x61,0x10,0x61,0x10,0xFF,0xFF,0xFF,0xFF,0xFF,0xFF,
0xFF,0xFF,0xFF,0xFF,0xFF,0xFF,0xFF,0xFF,0xFF,0xFF,0xFF,0xFF,0xFF,0xFF,0xFF,0xFF,0xFF,0xFF,0xFF,0xFF,0xFF,0xFF,0x1C,0xE7,0x61,0x10,0x61,0x10,0x61,0x10,0x61,0x10,0x61,
0x10,0x61,0x10,0x61,0x10,0x61,0x10,0xBA,0xD6,0xFF,0xFF,0xFF,0xFF,0xFF,0xFF,0xFF,0xFF,0xFF,0xFF,0xFF,0xFF,0xFF,0xFF,0xFF,0xFF,0xFF,0xFF,0xFF,0xFF,0xFF,0xFF,0xFF,0xFF,
0xFF,0xFF,0x71,0x8C,0x61,0x10,0x61,0x10,0x61,0x10,0x61,0x10,0x61,0x10,0x61,0x10,0x61,0x10,0x61,0x10,0xFF,0xFF,0xFF,0xFF,0xFF,0xFF,0xFF,0xFF,0xFF,0xFF,0xFF,0xFF,0xFF,
0xFF,0xFF,0xFF,0xFF,0xFF,0xFF,0xFF,0xFF,0xFF,0xFF,0xFF,0xFF,0xFF,0xFF,0xFF,0xFF,0xFF,0x61,0x10,0x61,0x10,0x61,0x10,0x61,0x10,0x61,0x10,0x61,0x10,0x61,0x10,0x61,0x10,
0x61,0x10,0x61,0x10,0x61,0x10,0x61,0x10,0x61,0x10,0x61,0x10,0x61,0x10,0x61,0x10,0x61,0x10,0x61,0x10,0x61,0x10,0x61,0x10,0x61,0x10,0x61,0x10,0x61,0x10,0x61,0x10,0x82,
0x10,0x3C,0xE7,0xFF,0xFF,0xFF,0xFF,0xFF,0xFF,0xFF,0xFF,0xFF,0xFF,0xFF,0xFF,0xFF,0xFF,0xFF,0xFF,0xFF,0xFF,0xFF,0xFF,0xFF,0xFF,0xFF,0xFF,0xFF,0xFF,0xFF,0xFF,0xD3,0x9C,
0x61,0x10,0x61,0x10,0x61,0x10,0x61,0x10,0x61,0x10,0x61,0x10,0x61,0x10,0x61,0x10,0xFF,0xFF,0xFF,0xFF,0xFF,0xFF,0xFF,0xFF,0xFF,0xFF,0xFF,0xFF,0xFF,0xFF,0xFF,0xFF,0xFF,
0xFF,0xFF,0xFF,0xFF,0xFF,0xFF,0xFF,0xFF,0xFF,0xFF,0xFF,0xFF,0xFF,0x61,0x10,0x61,0x10,0x61,0x10,0x61,0x10,0x61,0x10,0x61,0x10,0x61,0x10,0x61,0x10,0x61,0x10,0x61,0x10,
0x61,0x10,0x61,0x10,0x61,0x10,0x61,0x10,0x61,0x10,0x61,0x10,0x61,0x10,0x61,0x10,0x61,0x10,0x61,0x10,0x61,0x10,0x61,0x10,0x61,0x10,0x61,0x10,0x61,0x10,0x61,0x10,0x61,
0x10,0x61,0x10,0x61,0x10,0x61,0x10,0x61,0x10,0x61,0x10,0x61,0x10,0x61,0x10,0x61,0x10,0x61,0x10,0x61,0x10,0x61,0x10,0x61,0x10,0x61,0x10,0x61,0x10,0x61,0x10,0x61,0x10,
0x61,0x10,0x61,0x10,0x61,0x10,0x61,0x10,0x61,0x10,0x61,0x10,0x61,0x10,0x61,0x10,0x61,0x10,0x61,0x10,0x61,0x10,0x61,0x10,0x61,0x10,0x61,0x10,0x61,0x10,0x61,0x10,0x61,
0x10,0x61,0x10,0x61,0x10,0x61,0x10,0x61,0x10,0x61,0x10,0x61,0x10,0x61,0x10,0x61,0x10,0x61,0x10,0x61,0x10,0x61,0x10,0x61,0x10,0x61,0x10,0x61,0x10,0x71,0x94,0x71,0x94,
0x28,0x42,0x61,0x10,0x61,0x10,0x8E,0x73,0x71,0x94,0x71,0x94,0x71,0x94,0x71,0x94,0x71,0x94,0x71,0x94,0x71,0x94,0x71,0x94,0x71,0x94,0x71,0x94,0x71,0x94,0x71,0x94,0x71,
0x94,0x61,0x10,0x61,0x10,0x61,0x10,0x61,0x10,0x61,0x10,0x61,0x10,0x61,0x10,0x61,0x10,0x61,0x10,0x61,0x10,0x61,0x10,0x61,0x10,0x61,0x10,0xEF,0x83,0x71,0x94,0x71,0x94,
0x71,0x94,0x71,0x94,0x71,0x94,0x61,0x10,0x61,0x10,0x61,0x10,0x61,0x10,0x61,0x10,0x61,0x10,0x61,0x10,0x61,0x10,0x61,0x10,0x61,0x10,0x61,0x10,0x61,0x10,0x61,0x10,0x61,
0x10,0x61,0x10,0x61,0x10,0x61,0x10,0x61,0x10,0x71,0x94,0x71,0x94,0x71,0x94,0x71,0x94,0x71,0x94,0x71,0x94,0x71,0x94,0x71,0x94,0x71,0x94,0x71,0x94,0x71,0x94,0x71,0x94,
0x71,0x94,0x71,0x94,0x71,0x94,0x71,0x94,0x71,0x94,0x71,0x94,0x71,0x94,0x71,0x94,0x71,0x94,0x71,0x94,0x71,0x94,0x71,0x94,0xE3,0x20,0x61,0x10,0x61,0x10,0x71,0x94,0x71,
0x94,0x61,0x10,0x61,0x10,0x61,0x10,0x61,0x10,0x61,0x10,0x61,0x10,0x61,0x10,0x61,0x10,0x61,0x10,0x61,0x10,0x61,0x10,0x61,0x10,0x61,0x10,0x61,0x10,0x61,0x10,0x61,0x10,
0x61,0x10,0x61,0x10,0x61,0x10,0x61,0x10,0x61,0x10,0x61,0x10,0x61,0x10,0x28,0x4A,0xFF,0xFF,0xFF,0xFF,0xFF,0xFF,0xFF,0xFF,0xFF,0xFF,0xFF,0xFF,0xFF,0xFF,0xFF,0xFF,0xFF,
0xFF,0xFF,0xFF,0xFF,0xFF,0xFF,0xFF,0xFF,0xFF,0xFF,0xFF,0xFF,0xFF,0xFF,0xFF,0x61,0x10,0x61,0x10,0x61,0x10,0x61,0x10,0x61,0x10,0x61,0x10,0x61,0x10,0x61,0x10,0x61,0x10,
0x61,0x10,0x61,0x10,0x61,0x10,0x61,0x10,0x61,0x10,0x61,0x10,0x61,0x10,0x61,0x10,0x61,0x10,0x61,0x10,0x61,0x10,0x61,0x10,0x61,0x10,0x61,0x10,0x08,0x42,0xFF,0xFF,0xFF,
0xFF,0xFF,0xFF,0xFF,0xFF,0xFF,0xFF,0xFF,0xFF,0xFF,0xFF,0xFF,0xFF,0xFF,0xFF,0xFF,0xFF,0xFF,0xFF,0xFF,0xFF,0xFF,0xFF,0xFF,0xFF,0xFF,0xFF,0x61,0x10,0x61,0x10,0x61,0x10,
0x61,0x10,0x61,0x10,0x61,0x10,0x61,0x10,0x61,0x10,0x61,0x10,0xFF,0xFF,0xFF,0xFF,0xFF,0xFF,0xFF,0xFF,0xFF,0xFF,0xFF,0xFF,0xFF,0xFF,0xFF,0xFF,0xFF,0xFF,0xFF,0xFF,0xFF,
0xFF,0xFF,0xFF,0xFF,0xFF,0xFF,0xFF,0x1C,0xE7,0x61,0x10,0x61,0x10,0x61,0x10,0x61,0x10,0x61,0x10,0x61,0x10,0x61,0x10,0x61,0x10,0xBA,0xD6,0xFF,0xFF,0xFF,0xFF,0xFF,0xFF,
0xFF,0xFF,0xFF,0xFF,0xFF,0xFF,0xFF,0xFF,0xFF,0xFF,0xFF,0xFF,0xFF,0xFF,0xFF,0xFF,0xFF,0xFF,0xFF,0xFF,0x71,0x8C,0x61,0x10,0x61,0x10,0x61,0x10,0x61,0x10,0x61,0x10,0x61,
0x10,0x61,0x10,0x61,0x10,0xFF,0xFF,0xFF,0xFF,0xFF,0xFF,0xFF,0xFF,0xFF,0xFF,0xFF,0xFF,0xFF,0xFF,0xFF,0xFF,0xFF,0xFF,0xFF,0xFF,0xFF,0xFF,0xFF,0xFF,0xFF,0xFF,0xFF,0xFF,
0xFF,0xFF,0xB2,0x94,0x61,0x10,0x61,0x10,0x61,0x10,0x61,0x10,0x61,0x10,0x61,0x10,0x61,0x10,0x61,0x10,0x61,0x10,0x61,0x10,0x61,0x10,0x61,0x10,0x61,0x10,0x61,0x10,0x61,
0x10,0x61,0x10,0x61,0x10,0x61,0x10,0x61,0x10,0x61,0x10,0x61,0x10,0x61,0x10,0x61,0x10,0x18,0xC6,0xFF,0xFF,0xFF,0xFF,0xFF,0xFF,0xFF,0xFF,0xFF,0xFF,0xFF,0xFF,0xFF,0xFF,
0xFF,0xFF,0xFF,0xFF,0xFF,0xFF,0xFF,0xFF,0xFF,0xFF,0xFF,0xFF,0xFF,0xFF,0xFF,0xFF,0xE3,0x20,0x61,0x10,0x61,0x10,0x61,0x10,0x61,0x10,0x61,0x10,0x61,0x10,0x61,0x10,0x61,
0x10,0xFF,0xFF,0xFF,0xFF,0xFF,0xFF,0xFF,0xFF,0xFF,0xFF,0xFF,0xFF,0xFF,0xFF,0xFF,0xFF,0xFF,0xFF,0xFF,0xFF,0xFF,0xFF,0xFF,0xFF,0xFF,0xFF,0xFF,0xFF,0xFF,0xFF,0x61,0x10,
0x61,0x10,0x61,0x10,0x61,0x10,0x61,0x10,0x61,0x10,0x61,0x10,0x61,0x10,0x61,0x10,0x61,0x10,0x61,0x10,0x61,0x10,0x61,0x10,0x61,0x10,0x61,0x10,0x61,0x10,0x61,0x10,0x61,
0x10,0x61,0x10,0x61,0x10,0x61,0x10,0x61,0x10,0x61,0x10,0x61,0x10,0x61,0x10,0x61,0x10,0x61,0x10,0x61,0x10,0x61,0x10,0x61,0x10,0x61,0x10,0x61,0x10,0x61,0x10,0x61,0x10,
0x61,0x10,0x61,0x10,0x61,0x10,0x61,0x10,0x61,0x10,0x61,0x10,0x61,0x10,0x61,0x10,0x61,0x10,0x61,0x10,0x61,0x10,0x61,0x10,0x61,0x10,0x61,0x10,0x61,0x10,0x61,0x10,0x61,
0x10,0x61,0x10,0x61,0x10,0x61,0x10,0x61,0x10,0x61,0x10,0x61,0x10,0x61,0x10,0x61,0x10,0x61,0x10,0x61,0x10,0x61,0x10,0x61,0x10,0x61,0x10,0x61,0x10,0x61,0x10,0x61,0x10,
0x61,0x10,0x61,0x10,0x61,0x10,0x61,0x10,0x61,0x10,0x61,0x10,0x61,0x10,0x10,0x84,0x71,0x94,0x4D,0x6B,0x61,0x10,0x61,0x10,0x49,0x4A,0x71,0x94,0x71,0x94,0x71,0x94,0x71,
0x94,0x71,0x94,0x71,0x94,0x71,0x94,0x71,0x94,0x71,0x94,0x71,0x94,0x71,0x94,0x71,0x94,0x71,0x94,0x61,0x10,0x61,0x10,0x61,0x10,0x61,0x10,0x61,0x10,0x61,0x10,0x61,0x10,
0x61,0x10,0x61,0x10,0x61,0x10,0x61,0x10,0x61,0x10,0x61,0x10,0xEF,0x83,0x71,0x94,0x71,0x94,0x71,0x94,0x71,0x94,0x71,0x94,0x61,0x10,0x61,0x10,0x61,0x10,0x61,0x10,0x61,
0x10,0x61,0x10,0x61,0x10,0x61,0x10,0x61,0x10,0x61,0x10,0x61,0x10,0x61,0x10,0x61,0x10,0x61,0x10,0x61,0x10,0x61,0x10,0x81,0x10,0x28,0x42,0x71,0x94,0x71,0x94,0x71,0x94,
0x71,0x94,0x71,0x94,0x71,0x94,0x71,0x94,0x71,0x94,0x71,0x94,0x71,0x94,0x71,0x94,0x71,0x94,0x71,0x94,0x71,0x94,0x71,0x94,0x71,0x94,0x71,0x94,0x71,0x94,0x71,0x94,0x71,
0x94,0x71,0x94,0x71,0x94,0x71,0x94,0xCF,0x7B,0x61,0x10,0x61,0x10,0x61,0x10,0x71,0x94,0x71,0x94,0x61,0x10,0x61,0x10,0x61,0x10,0x61,0x10,0x61,0x10,0x61,0x10,0x61,0x10,
0x61,0x10,0x61,0x10,0x61,0x10,0x61,0x10,0x61,0x10,0x61,0x10,0x61,0x10,0x61,0x10,0x61,0x10,0x61,0x10,0x61,0x10,0x61,0x10,0x61,0x10,0x61,0x10,0x61,0x10,0x61,0x10,0x28,
0x4A,0xFF,0xFF,0xFF,0xFF,0xFF,0xFF,0xFF,0xFF,0xFF,0xFF,0xFF,0xFF,0xFF,0xFF,0xFF,0xFF,0xFF,0xFF,0xFF,0xFF,0xFF,0xFF,0xFF,0xFF,0xFF,0xFF,0xFF,0xFF,0xFF,0xFF,0xFF,0xFF,
0x61,0x10,0x61,0x10,0x61,0x10,0x61,0x10,0x61,0x10,0x61,0x10,0x61,0x10,0x61,0x10,0x61,0x10,0x61,0x10,0x61,0x10,0x61,0x10,0x61,0x10,0x61,0x10,0x61,0x10,0x61,0x10,0x61,
0x10,0x61,0x10,0x61,0x10,0x61,0x10,0x61,0x10,0x61,0x10,0x61,0x10,0xF7,0xBD,0xFF,0xFF,0xFF,0xFF,0xFF,0xFF,0xFF,0xFF,0xFF,0xFF,0xFF,0xFF,0xFF,0xFF,0xFF,0xFF,0xFF,0xFF,
0xFF,0xFF,0xFF,0xFF,0xFF,0xFF,0xFF,0xFF,0xFF,0xFF,0xFF,0xFF,0x61,0x10,0x61,0x10,0x61,0x10,0x61,0x10,0x61,0x10,0x61,0x10,0x61,0x10,0x61,0x10,0x61,0x10,0xFF,0xFF,0xFF,
0xFF,0xFF,0xFF,0xFF,0xFF,0xFF,0xFF,0xFF,0xFF,0xFF,0xFF,0xFF,0xFF,0xFF,0xFF,0xFF,0xFF,0xFF,0xFF,0xFF,0xFF,0xFF,0xFF,0xFF,0xFF,0x1C,0xE7,0x61,0x10,0x61,0x10,0x61,0x10,
0x61,0x10,0x61,0x10,0x61,0x10,0x61,0x10,0x61,0x10,0xBA,0xD6,0xFF,0xFF,0xFF,0xFF,0xFF,0xFF,0xFF,0xFF,0xFF,0xFF,0xFF,0xFF,0xFF,0xFF,0xFF,0xFF,0xFF,0xFF,0xFF,0xFF,0xFF,
0xFF,0xFF,0xFF,0xFF,0xFF,0x71,0x8C,0x61,0x10,0x61,0x10,0x61,0x10,0x61,0x10,0x61,0x10,0x61,0x10,0x61,0x10,0x61,0x10,0xFF,0xFF,0xFF,0xFF,0xFF,0xFF,0xFF,0xFF,0xFF,0xFF,
0xFF,0xFF,0xFF,0xFF,0xFF,0xFF,0xFF,0xFF,0xFF,0xFF,0xFF,0xFF,0xFF,0xFF,0xFF,0xFF,0xFF,0xFF,0xFF,0xFF,0xBE,0xF7,0x44,0x29,0x61,0x10,0x61,0x10,0x61,0x10,0x61,0x10,0x61,
0x10,0x61,0x10,0x61,0x10,0x61,0x10,0x61,0x10,0x61,0x10,0x61,0x10,0x61,0x10,0x61,0x10,0x61,0x10,0x61,0x10,0x61,0x10,0x61,0x10,0x61,0x10,0x61,0x10,0x61,0x10,0x61,0x10,
0x61,0x10,0xFF,0xFF,0xFF,0xFF,0xFF,0xFF,0xFF,0xFF,0xFF,0xFF,0xFF,0xFF,0xFF,0xFF,0xFF,0xFF,0xFF,0xFF,0xFF,0xFF,0xFF,0xFF,0xFF,0xFF,0xFF,0xFF,0xFF,0xFF,0xFF,0xFF,0xFF,
0xFF,0x61,0x10,0x61,0x10,0x61,0x10,0x61,0x10,0x61,0x10,0x61,0x10,0x61,0x10,0x61,0x10,0x61,0x10,0xFF,0xFF,0xFF,0xFF,0xFF,0xFF,0xFF,0xFF,0xFF,0xFF,0xFF,0xFF,0xFF,0xFF,
0xFF,0xFF,0xFF,0xFF,0xFF,0xFF,0xFF,0xFF,0xFF,0xFF,0xFF,0xFF,0xFF,0xFF,0xFF,0xFF,0x61,0x10,0x61,0x10,0x61,0x10,0x61,0x10,0x61,0x10,0x61,0x10,0x61,0x10,0x61,0x10,0x61,
0x10,0x61,0x10,0x61,0x10,0x61,0x10,0x61,0x10,0x61,0x10,0x61,0x10,0x61,0x10,0x61,0x10,0x61,0x10,0x61,0x10,0x61,0x10,0x61,0x10,0x61,0x10,0x61,0x10,0x61,0x10,0x61,0x10,
0x61,0x10,0x61,0x10,0x61,0x10,0x61,0x10,0x61,0x10,0x61,0x10,0x61,0x10,0x61,0x10,0x61,0x10,0x61,0x10,0x61,0x10,0x61,0x10,0x61,0x10,0x61,0x10,0x61,0x10,0x61,0x10,0x61,
0x10,0x61,0x10,0x61,0x10,0x61,0x10,0x61,0x10,0x61,0x10,0x61,0x10,0x61,0x10,0x61,0x10,0x61,0x10,0x61,0x10,0x61,0x10,0x61,0x10,0x61,0x10,0x61,0x10,0x61,0x10,0x61,0x10,
0x61,0x10,0x61,0x10,0x61,0x10,0x61,0x10,0x61,0x10,0x61,0x10,0x61,0x10,0x61,0x10,0x61,0x10,0x61,0x10,0x61,0x10,0x61,0x10,0x61,0x10,0x61,0x10,0x61,0x10,0x61,0x10,0xC7,
0x39,0x71,0x94,0x71,0x94,0x61,0x10,0x61,0x10,0x61,0x10,0x71,0x94,0x71,0x94,0x71,0x94,0x71,0x94,0x71,0x94,0x71,0x94,0x71,0x94,0x71,0x94,0x71,0x94,0x71,0x94,0x71,0x94,
0x71,0x94,0x71,0x94,0x61,0x10,0x61,0x10,0x61,0x10,0x61,0x10,0x61,0x10,0x61,0x10,0x61,0x10,0x61,0x10,0x61,0x10,0x61,0x10,0x61,0x10,0x61,0x10,0x61,0x10,0xEF,0x83,0x71,
0x94,0x71,0x94,0x71,0x94,0x71,0x94,0x71,0x94,0x49,0x4A,0x61,0x10,0x61,0x10,0x61,0x10,0x61,0x10,0x61,0x10,0x61,0x10,0x61,0x10,0x61,0x10,0x61,0x10,0x61,0x10,0x61,0x10,
0x61,0x10,0x61,0x10,0x61,0x10,0x8E,0x73,0x71,0x94,0x71,0x94,0x71,0x94,0x71,0x94,0x71,0x94,0x71,0x94,0x71,0x94,0x71,0x94,0x71,0x94,0x71,0x94,0x71,0x94,0x71,0x94,0x71,
0x94,0x71,0x94,0x71,0x94,0x71,0x94,0x71,0x94,0x71,0x94,0x71,0x94,0x71,0x94,0x71,0x94,0x71,0x94,0x71,0x94,0x71,0x94,0x71,0x94,0x65,0x29,0x61,0x10,0x61,0x10,0x61,0x10,
0x71,0x94,0x6E,0x73,0x61,0x10,0x61,0x10,0x61,0x10,0x61,0x10,0x61,0x10,0x61,0x10,0x61,0x10,0x61,0x10,0x61,0x10,0x61,0x10,0x61,0x10,0x61,0x10,0x61,0x10,0x61,0x10,0x61,
0x10,0x61,0x10,0x61,0x10,0x61,0x10,0x61,0x10,0x61,0x10,0x61,0x10,0x61,0x10,0x61,0x10,0x28,0x4A,0xFF,0xFF,0xFF,0xFF,0xFF,0xFF,0xFF,0xFF,0xFF,0xFF,0xFF,0xFF,0xFF,0xFF,
0xFF,0xFF,0xFF,0xFF,0xFF,0xFF,0xFF,0xFF,0xFF,0xFF,0xFF,0xFF,0xFF,0xFF,0xFF,0xFF,0xFF,0xFF,0x55,0xAD,0x61,0x10,0x61,0x10,0x61,0x10,0x61,0x10,0x61,0x10,0x61,0x10,0x61,
0x10,0x61,0x10,0x61,0x10,0x61,0x10,0x61,0x10,0x61,0x10,0x61,0x10,0x61,0x10,0x61,0x10,0x61,0x10,0x61,0x10,0x61,0x10,0x61,0x10,0x61,0x10,0x61,0x10,0xBA,0xD6,0xFF,0xFF,
0xFF,0xFF,0xFF,0xFF,0xFF,0xFF,0xFF,0xFF,0xFF,0xFF,0xFF,0xFF,0xFF,0xFF,0xFF,0xFF,0xFF,0xFF,0xFF,0xFF,0xFF,0xFF,0xFF,0xFF,0xFF,0xFF,0xFF,0xFF,0xDF,0xFF,0x61,0x10,0x61,
0x10,0x61,0x10,0x61,0x10,0x61,0x10,0x61,0x10,0x61,0x10,0x61,0x10,0x61,0x10,0xFF,0xFF,0xFF,0xFF,0xFF,0xFF,0xFF,0xFF,0xFF,0xFF,0xFF,0xFF,0xFF,0xFF,0xFF,0xFF,0xFF,0xFF,
0xFF,0xFF,0xFF,0xFF,0xFF,0xFF,0xFF,0xFF,0xFF,0xFF,0x1C,0xE7,0x61,0x10,0x61,0x10,0x61,0x10,0x61,0x10,0x61,0x10,0x61,0x10,0x61,0x10,0x61,0x10,0xBA,0xD6,0xFF,0xFF,0xFF,
0xFF,0xFF,0xFF,0xFF,0xFF,0xFF,0xFF,0xFF,0xFF,0xFF,0xFF,0xFF,0xFF,0xFF,0xFF,0xFF,0xFF,0xFF,0xFF,0xFF,0xFF,0xFF,0xFF,0x71,0x8C,0x61,0x10,0x61,0x10,0x61,0x10,0x61,0x10,
0x61,0x10,0x61,0x10,0x61,0x10,0x61,0x10,0xB2,0x94,0xFF,0xFF,0xFF,0xFF,0xFF,0xFF,0xFF,0xFF,0xFF,0xFF,0xFF,0xFF,0xFF,0xFF,0xFF,0xFF,0xFF,0xFF,0xFF,0xFF,0xFF,0xFF,0xFF,
0xFF,0xFF,0xFF,0xFF,0xFF,0xFF,0xFF,0xFF,0xFF,0xC7,0x39,0x61,0x10,0x61,0x10,0x61,0x10,0x61,0x10,0x61,0x10,0x61,0x10,0x61,0x10,0x61,0x10,0x61,0x10,0x61,0x10,0x61,0x10,
0x61,0x10,0x61,0x10,0x61,0x10,0x61,0x10,0x61,0x10,0x61,0x10,0x61,0x10,0x61,0x10,0x61,0x10,0x2C,0x6B,0xFF,0xFF,0xFF,0xFF,0xFF,0xFF,0xFF,0xFF,0xFF,0xFF,0xFF,0xFF,0xFF,
0xFF,0xFF,0xFF,0xFF,0xFF,0xFF,0xFF,0xFF,0xFF,0xFF,0xFF,0xFF,0xFF,0xFF,0xFF,0xFF,0xFF,0xFF,0xFF,0x61,0x10,0x61,0x10,0x61,0x10,0x61,0x10,0x61,0x10,0x61,0x10,0x61,0x10,
0x61,0x10,0x61,0x10,0xFF,0xFF,0xFF,0xFF,0xFF,0xFF,0xFF,0xFF,0xFF,0xFF,0xFF,0xFF,0xFF,0xFF,0xFF,0xFF,0xFF,0xFF,0xFF,0xFF,0xFF,0xFF,0xFF,0xFF,0xFF,0xFF,0xFF,0xFF,0xFF,
0xFF,0xB6,0xB5,0x61,0x10,0x61,0x10,0x61,0x10,0x61,0x10,0x61,0x10,0x61,0x10,0x61,0x10,0x61,0x10,0x61,0x10,0x61,0x10,0x61,0x10,0x61,0x10,0x61,0x10,0x61,0x10,0x61,0x10,
0x61,0x10,0x61,0x10,0x61,0x10,0x61,0x10,0x61,0x10,0x61,0x10,0x61,0x10,0x61,0x10,0x61,0x10,0x61,0x10,0x61,0x10,0x61,0x10,0x61,0x10,0x61,0x10,0x61,0x10,0x61,0x10,0x61,
0x10,0x61,0x10,0x61,0x10,0x61,0x10,0x61,0x10,0x61,0x10,0x61,0x10,0x61,0x10,0x61,0x10,0x61,0x10,0x61,0x10,0x61,0x10,0x61,0x10,0x61,0x10,0x61,0x10,0x61,0x10,0x61,0x10,
0x61,0x10,0x61,0x10,0x61,0x10,0x61,0x10,0x61,0x10,0x61,0x10,0x61,0x10,0x61,0x10,0x61,0x10,0x61,0x10,0x61,0x10,0x61,0x10,0x61,0x10,0x61,0x10,0x61,0x10,0x61,0x10,0x61,
0x10,0x61,0x10,0x61,0x10,0x61,0x10,0x61,0x10,0x61,0x10,0x61,0x10,0x61,0x10,0x61,0x10,0xA2,0x10,0x51,0x8C,0x71,0x94,0x61,0x10,0x61,0x10,0x61,0x10,0x71,0x94,0x71,0x94,
0x71,0x94,0x71,0x94,0x71,0x94,0x71,0x94,0x71,0x94,0x71,0x94,0x71,0x94,0x71,0x94,0x71,0x94,0x71,0x94,0x71,0x94,0x61,0x10,0x61,0x10,0x61,0x10,0x61,0x10,0x61,0x10,0x61,
0x10,0x61,0x10,0x61,0x10,0x61,0x10,0x61,0x10,0x61,0x10,0x61,0x10,0x61,0x10,0xEF,0x83,0x71,0x94,0x71,0x94,0x71,0x94,0x71,0x94,0x71,0x94,0x51,0x8C,0x61,0x10,0x61,0x10,
0x61,0x10,0x61,0x10,0x61,0x10,0x61,0x10,0x61,0x10,0x61,0x10,0x61,0x10,0x61,0x10,0x61,0x10,0x61,0x10,0xA2,0x18,0x08,0x42,0x71,0x94,0x71,0x94,0x71,0x94,0x71,0x94,0x71,
0x94,0x71,0x94,0x71,0x94,0x71,0x94,0x71,0x94,0x71,0x94,0x71,0x94,0x71,0x94,0x71,0x94,0x71,0x94,0x71,0x94,0x71,0x94,0x71,0x94,0x71,0x94,0x71,0x94,0x71,0x94,0x71,0x94,
0x71,0x94,0x71,0x94,0x71,0x94,0x71,0x94,0x71,0x94,0x61,0x10,0x61,0x10,0x61,0x10,0x45,0x29,0x71,0x94,0x28,0x42,0x61,0x10,0x61,0x10,0x61,0x10,0x61,0x10,0x61,0x10,0x61,
0x10,0x61,0x10,0x61,0x10,0x61,0x10,0x61,0x10,0x61,0x10,0x61,0x10,0x61,0x10,0x61,0x10,0x61,0x10,0x61,0x10,0x61,0x10,0x61,0x10,0x61,0x10,0x61,0x10,0x61,0x10,0x61,0x10,
0x61,0x10,0x28,0x4A,0xFF,0xFF,0xFF,0xFF,0xFF,0xFF,0xFF,0xFF,0xFF,0xFF,0xFF,0xFF,0xFF,0xFF,0xFF,0xFF,0xFF,0xFF,0xFF,0xFF,0xFF,0xFF,0xFF,0xFF,0xFF,0xFF,0xFF,0xFF,0xFF,
0xFF,0xFF,0xFF,0xFF,0xFF,0xCA,0x5A,0x61,0x10,0x61,0x10,0x61,0x10,0x61,0x10,0x61,0x10,0x61,0x10,0x61,0x10,0x61,0x10,0x61,0x10,0x61,0x10,0x61,0x10,0x61,0x10,0x61,0x10,
0x61,0x10,0x61,0x10,0x61,0x10,0x61,0x10,0x61,0x10,0x61,0x10,0x61,0x10,0xFF,0xFF,0xFF,0xFF,0xFF,0xFF,0xFF,0xFF,0xFF,0xFF,0xFF,0xFF,0xFF,0xFF,0xFF,0xFF,0xFF,0xFF,0xFF,
0xFF,0xFF,0xFF,0xFF,0xFF,0xFF,0xFF,0xFF,0xFF,0xFF,0xFF,0xFF,0xFF,0x18,0xC6,0x61,0x10,0x61,0x10,0x61,0x10,0x61,0x10,0x61,0x10,0x61,0x10,0x61,0x10,0x61,0x10,0x61,0x10,
0xFF,0xFF,0xFF,0xFF,0xFF,0xFF,0xFF,0xFF,0xFF,0xFF,0xFF,0xFF,0xFF,0xFF,0xFF,0xFF,0xFF,0xFF,0xFF,0xFF,0xFF,0xFF,0xFF,0xFF,0xFF,0xFF,0xFF,0xFF,0x1C,0xE7,0x61,0x10,0x61,
0x10,0x61,0x10,0x61,0x10,0x61,0x10,0x61,0x10,0x61,0x10,0x61,0x10,0xBA,0xD6,0xFF,0xFF,0xFF,0xFF,0xFF,0xFF,0xFF,0xFF,0xFF,0xFF,0xFF,0xFF,0xFF,0xFF,0xFF,0xFF,0xFF,0xFF,
0xFF,0xFF,0xFF,0xFF,0xFF,0xFF,0xFF,0xFF,0x71,0x8C,0x61,0x10,0x61,0x10,0x61,0x10,0x61,0x10,0x61,0x10,0x61,0x10,0x61,0x10,0x61,0x10,0x69,0x4A,0xFF,0xFF,0xFF,0xFF,0xFF,
0xFF,0xFF,0xFF,0xFF,0xFF,0xFF,0xFF,0xFF,0xFF,0xFF,0xFF,0xFF,0xFF,0xFF,0xFF,0xFF,0xFF,0xFF,0xFF,0xFF,0xFF,0xFF,0xFF,0xFF,0xFF,0xFF,0xFF,0x9A,0xD6,0x61,0x10,0x61,0x10,
0x61,0x10,0x61,0x10,0x61,0x10,0x61,0x10,0x61,0x10,0x61,0x10,0x61,0x10,0x61,0x10,0x61,0x10,0x61,0x10,0x61,0x10,0x61,0x10,0x61,0x10,0x61,0x10,0x61,0x10,0x61,0x10,0x61,
0x10,0x61,0x10,0x9E,0xF7,0xFF,0xFF,0xFF,0xFF,0xFF,0xFF,0xFF,0xFF,0xFF,0xFF,0xFF,0xFF,0xFF,0xFF,0xFF,0xFF,0xFF,0xFF,0xFF,0xFF,0xFF,0xFF,0xFF,0xFF,0xFF,0xFF,0xFF,0xFF,
0xFF,0xFF,0x5D,0xEF,0x61,0x10,0x61,0x10,0x61,0x10,0x61,0x10,0x61,0x10,0x61,0x10,0x61,0x10,0x61,0x10,0x61,0x10,0xFF,0xFF,0xFF,0xFF,0xFF,0xFF,0xFF,0xFF,0xFF,0xFF,0xFF,
0xFF,0xFF,0xFF,0xFF,0xFF,0xFF,0xFF,0xFF,0xFF,0xFF,0xFF,0xFF,0xFF,0xFF,0xFF,0xFF,0xFF,0xFF,0xFF,0xFF,0xFF,0x61,0x10,0x61,0x10,0x61,0x10,0x61,0x10,0x61,0x10,0x61,0x10,
0x61,0x10,0x61,0x10,0x61,0x10,0x61,0x10,0x61,0x10,0x61,0x10,0x61,0x10,0x61,0x10,0x61,0x10,0x61,0x10,0x61,0x10,0x61,0x10,0x61,0x10,0x61,0x10,0x61,0x10,0x61,0x10,0x61,
0x10,0x61,0x10,0x61,0x10,0x61,0x10,0x61,0x10,0x61,0x10,0x61,0x10,0x61,0x10,0x61,0x10,0x61,0x10,0x61,0x10,0x61,0x10,0x61,0x10,0x61,0x10,0x61,0x10,0x61,0x10,0x61,0x10,
0x61,0x10,0x61,0x10,0x61,0x10,0x61,0x10,0x61,0x10,0x61,0x10,0x61,0x10,0x61,0x10,0x61,0x10,0x61,0x10,0x61,0x10,0x61,0x10,0x61,0x10,0x61,0x10,0x61,0x10,0x61,0x10,0x61,
0x10,0x61,0x10,0x61,0x10,0x61,0x10,0x61,0x10,0x61,0x10,0x61,0x10,0x61,0x10,0x61,0x10,0x61,0x10,0x61,0x10,0x61,0x10,0x61,0x10,0x61,0x10,0x61,0x10,0x61,0x10,0x61,0x10,
0x61,0x10,0x61,0x10,0x08,0x42,0x71,0x94,0x61,0x10,0x61,0x10,0x61,0x10,0x6D,0x6B,0x71,0x94,0x71,0x94,0x71,0x94,0x71,0x94,0x71,0x94,0x71,0x94,0x71,0x94,0x71,0x94,0x71,
0x94,0x71,0x94,0x71,0x94,0x71,0x94,0x61,0x10,0x61,0x10,0x61,0x10,0x61,0x10,0x61,0x10,0x61,0x10,0x61,0x10,0x61,0x10,0x61,0x10,0x61,0x10,0x61,0x10,0x61,0x10,0x61,0x10,
0xEF,0x83,0x71,0x94,0x71,0x94,0x71,0x94,0x71,0x94,0x71,0x94,0x71,0x94,0x71,0x8C,0xAA,0x52,0x61,0x10,0x61,0x10,0x61,0x10,0x61,0x10,0x61,0x10,0x61,0x10,0xC3,0x18,0x69,
0x52,0x51,0x8C,0x71,0x94,0x71,0x94,0x71,0x94,0x71,0x94,0x71,0x94,0x71,0x94,0x71,0x94,0x71,0x94,0x71,0x94,0x71,0x94,0x71,0x94,0x71,0x94,0x71,0x94,0x71,0x94,0x71,0x94,
0x71,0x94,0x71,0x94,0x71,0x94,0x71,0x94,0x71,0x94,0x71,0x94,0x71,0x94,0x71,0x94,0x71,0x94,0x71,0x94,0x71,0x94,0x71,0x94,0x71,0x94,0x71,0x94,0x61,0x10,0x61,0x10,0x81,
0x10,0x10,0x84,0x8E,0x73,0x61,0x10,0x61,0x10,0x61,0x10,0x61,0x10,0x61,0x10,0x61,0x10,0x61,0x10,0x61,0x10,0x61,0x10,0x61,0x10,0x61,0x10,0x61,0x10,0x61,0x10,0x61,0x10,
0x61,0x10,0x61,0x10,0x61,0x10,0x61,0x10,0x61,0x10,0x61,0x10,0x61,0x10,0x61,0x10,0x61,0x10,0x61,0x10,0x28,0x4A,0xFF,0xFF,0xFF,0xFF,0xFF,0xFF,0xFF,0xFF,0xFF,0xFF,0xFF,
0xFF,0xFF,0xFF,0xFF,0xFF,0xFF,0xFF,0xFF,0xFF,0xFF,0xFF,0xFF,0xFF,0xFF,0xFF,0xFF,0xFF,0xFF,0xFF,0xFF,0xFF,0xFF,0xFF,0xFF,0xFF,0x45,0x29,0x61,0x10,0x61,0x10,0x61,0x10,
0x61,0x10,0x61,0x10,0x61,0x10,0x61,0x10,0x61,0x10,0x61,0x10,0x61,0x10,0x61,0x10,0x61,0x10,0x61,0x10,0x61,0x10,0x61,0x10,0x61,0x10,0x61,0x10,0x61,0x10,0x08,0x42,0xFF,
0xFF,0xFF,0xFF,0xFF,0xFF,0xFF,0xFF,0xFF,0xFF,0xFF,0xFF,0xFF,0xFF,0xFF,0xFF,0xFF,0xFF,0xFF,0xFF,0xFF,0xFF,0xFF,0xFF,0xFF,0xFF,0xFF,0xFF,0xFF,0xFF,0xFF,0xFF,0x45,0x29,
0x61,0x10,0x61,0x10,0x61,0x10,0x61,0x10,0x61,0x10,0x61,0x10,0x61,0x10,0x61,0x10,0x61,0x10,0xFF,0xFF,0xFF,0xFF,0xFF,0xFF,0xFF,0xFF,0xFF,0xFF,0xFF,0xFF,0xFF,0xFF,0xFF,
0xFF,0xFF,0xFF,0xFF,0xFF,0xFF,0xFF,0xFF,0xFF,0xFF,0xFF,0xFF,0xFF,0x1C,0xE7,0x61,0x10,0x61,0x10,0x61,0x10,0x61,0x10,0x61,0x10,0x61,0x10,0x61,0x10,0x61,0x10,0xBA,0xD6,
0xFF,0xFF,0xFF,0xFF,0xFF,0xFF,0xFF,0xFF,0xFF,0xFF,0xFF,0xFF,0xFF,0xFF,0xFF,0xFF,0xFF,0xFF,0xFF,0xFF,0xFF,0xFF,0xFF,0xFF,0xFF,0xFF,0x71,0x8C,0x61,0x10,0x61,0x10,0x61,
0x10,0x61,0x10,0x61,0x10,0x61,0x10,0x61,0x10,0x61,0x10,0x61,0x10,0xF3,0x9C,0xFF,0xFF,0xFF,0xFF,0xFF,0xFF,0xFF,0xFF,0xFF,0xFF,0xFF,0xFF,0xFF,0xFF,0xFF,0xFF,0xFF,0xFF,
0xFF,0xFF,0xFF,0xFF,0xFF,0xFF,0xFF,0xFF,0xFF,0xFF,0xFF,0xFF,0xFF,0xFF,0xEF,0x83,0x61,0x10,0x61,0x10,0x61,0x10,0x61,0x10,0x61,0x10,0x61,0x10,0x61,0x10,0x61,0x10,0x61,
0x10,0x61,0x10,0x61,0x10,0x61,0x10,0x61,0x10,0x61,0x10,0x61,0x10,0x61,0x10,0x61,0x10,0x61,0x10,0x82,0x10,0xFF,0xFF,0xFF,0xFF,0xFF,0xFF,0xFF,0xFF,0xFF,0xFF,0xFF,0xFF,
0xFF,0xFF,0xFF,0xFF,0xFF,0xFF,0xFF,0xFF,0xFF,0xFF,0xFF,0xFF,0xFF,0xFF,0xFF,0xFF,0xFF,0xFF,0xFF,0xFF,0x28,0x42,0x61,0x10,0x61,0x10,0x61,0x10,0x61,0x10,0x61,0x10,0x61,
0x10,0x61,0x10,0x61,0x10,0x61,0x10,0x5D,0xEF,0xFF,0xFF,0xFF,0xFF,0xFF,0xFF,0xFF,0xFF,0xFF,0xFF,0xFF,0xFF,0xFF,0xFF,0xFF,0xFF,0xFF,0xFF,0xFF,0xFF,0xFF,0xFF,0xFF,0xFF,
0xFF,0xFF,0xFF,0xFF,0xFF,0xFF,0xBE,0xF7,0x61,0x10,0x61,0x10,0x61,0x10,0x61,0x10,0x61,0x10,0x61,0x10,0x61,0x10,0x61,0x10,0x61,0x10,0x61,0x10,0x61,0x10,0x61,0x10,0x61,
0x10,0x61,0x10,0x61,0x10,0x61,0x10,0x61,0x10,0x61,0x10,0x61,0x10,0x61,0x10,0x61,0x10,0x61,0x10,0x61,0x10,0x61,0x10,0x61,0x10,0x61,0x10,0x61,0x10,0x61,0x10,0x61,0x10,
0x61,0x10,0x61,0x10,0x61,0x10,0x61,0x10,0x61,0x10,0x61,0x10,0x61,0x10,0x61,0x10,0x61,0x10,0x61,0x10,0x61,0x10,0x61,0x10,0x61,0x10,0x61,0x10,0x61,0x10,0x61,0x10,0x61,
0x10,0x61,0x10,0x61,0x10,0x61,0x10,0x61,0x10,0x61,0x10,0x61,0x10,0x61,0x10,0x61,0x10,0x61,0x10,0x61,0x10,0x61,0x10,0x61,0x10,0x61,0x10,0x61,0x10,0x61,0x10,0x61,0x10,
0x61,0x10,0x61,0x10,0x61,0x10,0x61,0x10,0x61,0x10,0x61,0x10,0x61,0x10,0x61,0x10,0x61,0x10,0x61,0x10,0x61,0x10,0x61,0x10,0x71,0x94,0xC3,0x18,0x61,0x10,0x61,0x10,0x82,
0x10,0x71,0x94,0x71,0x94,0x71,0x94,0x71,0x94,0x71,0x94,0x71,0x94,0x71,0x94,0x71,0x94,0x71,0x94,0x71,0x94,0x71,0x94,0x71,0x94,0x61,0x10,0x61,0x10,0x61,0x10,0x61,0x10,
0x61,0x10,0x61,0x10,0x61,0x10,0x61,0x10,0x61,0x10,0x61,0x10,0x61,0x10,0x61,0x10,0x61,0x10,0xEF,0x83,0x71,0x94,0x71,0x94,0x71,0x94,0x71,0x94,0x71,0x94,0x71,0x94,0x71,
0x94,0x71,0x94,0x71,0x94,0x71,0x94,0x71,0x94,0x71,0x94,0x71,0x94,0x71,0x94,0x71,0x94,0x71,0x94,0x71,0x94,0x71,0x94,0x71,0x94,0x71,0x94,0x71,0x94,0x71,0x94,0x71,0x94,
0x71,0x94,0x71,0x94,0x71,0x94,0x71,0x94,0x71,0x94,0x71,0x94,0x71,0x94,0x71,0x94,0x71,0x94,0x71,0x94,0x71,0x94,0x71,0x94,0x71,0x94,0x71,0x94,0x71,0x94,0x71,0x94,0x71,
0x94,0x71,0x94,0x71,0x94,0x71,0x94,0x71,0x94,0x71,0x94,0x71,0x94,0x61,0x10,0x61,0x10,0x2C,0x6B,0x71,0x94,0xC2,0x18,0x61,0x10,0x61,0x10,0x61,0x10,0x61,0x10,0x61,0x10,
0x61,0x10,0x61,0x10,0x61,0x10,0x61,0x10,0x61,0x10,0x61,0x10,0x61,0x10,0x61,0x10,0x61,0x10,0x61,0x10,0x61,0x10,0x61,0x10,0x61,0x10,0x61,0x10,0x61,0x10,0x61,0x10,0x61,
0x10,0x61,0x10,0x61,0x10,0x28,0x4A,0xFF,0xFF,0xFF,0xFF,0xFF,0xFF,0xFF,0xFF,0xFF,0xFF,0xFF,0xFF,0xFF,0xFF,0xFF,0xFF,0xFF,0xFF,0xFF,0xFF,0xFF,0xFF,0xFF,0xFF,0xFF,0xFF,
0xFF,0xFF,0xFF,0xFF,0xFF,0xFF,0xFF,0xFF,0xFF,0xFF,0xFF,0xFF,0x28,0x42,0x61,0x10,0x61,0x10,0x61,0x10,0x61,0x10,0x61,0x10,0x61,0x10,0x61,0x10,0x61,0x10,0x61,0x10,0x61,
0x10,0x61,0x10,0x61,0x10,0x61,0x10,0x61,0x10,0x61,0x10,0x2C,0x6B,0xDF,0xFF,0xFF,0xFF,0xFF,0xFF,0xFF,0xFF,0xFF,0xFF,0xFF,0xFF,0xFF,0xFF,0xFF,0xFF,0xFF,0xFF,0xFF,0xFF,
0xFF,0xFF,0xFF,0xFF,0xFF,0xFF,0xFF,0xFF,0xFF,0xFF,0xFF,0xFF,0xFF,0xFF,0x4D,0x6B,0x61,0x10,0x61,0x10,0x61,0x10,0x61,0x10,0x61,0x10,0x61,0x10,0x61,0x10,0x61,0x10,0x61,
0x10,0x61,0x10,0xFF,0xFF,0xFF,0xFF,0xFF,0xFF,0xFF,0xFF,0xFF,0xFF,0xFF,0xFF,0xFF,0xFF,0xFF,0xFF,0xFF,0xFF,0xFF,0xFF,0xFF,0xFF,0xFF,0xFF,0xFF,0xFF,0xFF,0xFF,0x1C,0xE7,
0x61,0x10,0x61,0x10,0x61,0x10,0x61,0x10,0x61,0x10,0x61,0x10,0x61,0x10,0x61,0x10,0xBA,0xD6,0xFF,0xFF,0xFF,0xFF,0xFF,0xFF,0xFF,0xFF,0xFF,0xFF,0xFF,0xFF,0xFF,0xFF,0xFF,
0xFF,0xFF,0xFF,0xFF,0xFF,0xFF,0xFF,0xFF,0xFF,0xFF,0xFF,0x71,0x8C,0x61,0x10,0x61,0x10,0x61,0x10,0x61,0x10,0x61,0x10,0x61,0x10,0x61,0x10,0x61,0x10,0x61,0x10,0x61,0x10,
0xFF,0xFF,0xFF,0xFF,0xFF,0xFF,0xFF,0xFF,0xFF,0xFF,0xFF,0xFF,0xFF,0xFF,0xFF,0xFF,0xFF,0xFF,0xFF,0xFF,0xFF,0xFF,0xFF,0xFF,0xFF,0xFF,0xFF,0xFF,0xFF,0xFF,0xFF,0xFF,0xFF,
0xFF,0x82,0x10,0x61,0x10,0x61,0x10,0x61,0x10,0x61,0x10,0x61,0x10,0x61,0x10,0x61,0x10,0x61,0x10,0x61,0x10,0x61,0x10,0x61,0x10,0x61,0x10,0x61,0x10,0x61,0x10,0x61,0x10,
0x24,0x21,0x59,0xCE,0xFF,0xFF,0xFF,0xFF,0xFF,0xFF,0xFF,0xFF,0xFF,0xFF,0xFF,0xFF,0xFF,0xFF,0xFF,0xFF,0xFF,0xFF,0xFF,0xFF,0xFF,0xFF,0xFF,0xFF,0xFF,0xFF,0xFF,0xFF,0xFF,
0xFF,0xFF,0xFF,0xAE,0x7B,0x61,0x10,0x61,0x10,0x61,0x10,0x61,0x10,0x61,0x10,0x61,0x10,0x61,0x10,0x61,0x10,0x61,0x10,0x61,0x10,0xF7,0xBD,0xFF,0xFF,0xFF,0xFF,0xFF,0xFF,
0xFF,0xFF,0xFF,0xFF,0xFF,0xFF,0xFF,0xFF,0xFF,0xFF,0xFF,0xFF,0xFF,0xFF,0xFF,0xFF,0xFF,0xFF,0xFF,0xFF,0xFF,0xFF,0xFF,0xFF,0xFF,0xFF,0xFF,0xFF,0xDF,0xFF,0xD3,0x9C,0x61,
0x10,0x61,0x10,0x61,0x10,0x61,0x10,0x61,0x10,0x61,0x10,0x61,0x10,0x61,0x10,0x61,0x10,0x61,0x10,0x61,0x10,0x61,0x10,0x61,0x10,0x61,0x10,0x61,0x10,0x61,0x10,0x61,0x10,
0x61,0x10,0x61,0x10,0x61,0x10,0x61,0x10,0x61,0x10,0x61,0x10,0x61,0x10,0x61,0x10,0x61,0x10,0x61,0x10,0x61,0x10,0x61,0x10,0x61,0x10,0x61,0x10,0x61,0x10,0x61,0x10,0x61,
0x10,0x61,0x10,0x61,0x10,0x61,0x10,0x61,0x10,0x61,0x10,0x61,0x10,0x61,0x10,0x61,0x10,0x61,0x10,0x61,0x10,0x61,0x10,0x61,0x10,0x61,0x10,0x61,0x10,0x61,0x10,0x61,0x10,
0x61,0x10,0x61,0x10,0x61,0x10,0x61,0x10,0x61,0x10,0x61,0x10,0x61,0x10,0x61,0x10,0x61,0x10,0x61,0x10,0x61,0x10,0x61,0x10,0x61,0x10,0x61,0x10,0x61,0x10,0x61,0x10,0x61,
0x10,0x61,0x10,0x61,0x10,0x61,0x10,0x61,0x10,0x71,0x94,0x49,0x4A,0x61,0x10,0x61,0x10,0x61,0x10,0x71,0x94,0x71,0x94,0x71,0x94,0x71,0x94,0x71,0x94,0x71,0x94,0x71,0x94,
0x71,0x94,0x71,0x94,0x71,0x94,0x71,0x94,0x71,0x94,0x61,0x10,0x61,0x10,0x61,0x10,0x61,0x10,0x61,0x10,0x61,0x10,0x61,0x10,0x61,0x10,0x61,0x10,0x61,0x10,0x61,0x10,0x61,
0x10,0x61,0x10,0xEF,0x83,0x71,0x94,0x71,0x94,0x71,0x94,0x71,0x94,0x71,0x94,0x71,0x94,0x71,0x94,0x71,0x94,0x71,0x94,0x71,0x94,0x71,0x94,0x71,0x94,0x71,0x94,0x71,0x94,
0x71,0x94,0x71,0x94,0x71,0x94,0x71,0x94,0x71,0x94,0x71,0x94,0x71,0x94,0x71,0x94,0x71,0x94,0x71,0x94,0x71,0x94,0x71,0x94,0x71,0x94,0x71,0x94,0x71,0x94,0x71,0x94,0x71,
0x94,0x71,0x94,0x71,0x94,0x71,0x94,0x71,0x94,0x71,0x94,0x71,0x94,0x71,0x94,0x71,0x94,0x71,0x94,0x71,0x94,0x71,0x94,0x71,0x94,0x71,0x94,0x71,0x94,0xEF,0x7B,0x61,0x10,
0x61,0x10,0x71,0x8C,0x71,0x94,0x61,0x10,0x61,0x10,0x61,0x10,0x61,0x10,0x61,0x10,0x61,0x10,0x61,0x10,0x61,0x10,0x61,0x10,0x61,0x10,0x61,0x10,0x61,0x10,0x61,0x10,0x61,
0x10,0x61,0x10,0x61,0x10,0x61,0x10,0x61,0x10,0x61,0x10,0x61,0x10,0x61,0x10,0x61,0x10,0x61,0x10,0x61,0x10,0x61,0x10,0x28,0x4A,0xFF,0xFF,0xFF,0xFF,0xFF,0xFF,0xFF,0xFF,
0xFF,0xFF,0xFF,0xFF,0xFF,0xFF,0xFF,0xFF,0xFF,0xFF,0xFF,0xFF,0xFF,0xFF,0xFF,0xFF,0xFF,0xFF,0xFF,0xFF,0xFF,0xFF,0xFF,0xFF,0xFF,0xFF,0xFF,0xFF,0xFF,0xFF,0xDF,0xFF,0x82,
0x10,0x61,0x10,0x61,0x10,0x61,0x10,0x61,0x10,0x61,0x10,0x61,0x10,0x61,0x10,0x61,0x10,0x61,0x10,0x61,0x10,0x61,0x10,0x61,0x10,0x61,0x10,0x61,0x10,0xFF,0xFF,0xFF,0xFF,
0xFF,0xFF,0xFF,0xFF,0xFF,0xFF,0xFF,0xFF,0xFF,0xFF,0xFF,0xFF,0xFF,0xFF,0xFF,0xFF,0xFF,0xFF,0xFF,0xFF,0xFF,0xFF,0xFF,0xFF,0xFF,0xFF,0xFF,0xFF,0xFF,0xFF,0xFF,0xFF,0xE3,
0x18,0x61,0x10,0x61,0x10,0x61,0x10,0x61,0x10,0x61,0x10,0x61,0x10,0x61,0x10,0x61,0x10,0x61,0x10,0x61,0x10,0xFF,0xFF,0xFF,0xFF,0xFF,0xFF,0xFF,0xFF,0xFF,0xFF,0xFF,0xFF,
0xFF,0xFF,0xFF,0xFF,0xFF,0xFF,0xFF,0xFF,0xFF,0xFF,0xFF,0xFF,0xFF,0xFF,0xFF,0xFF,0x1C,0xE7,0x61,0x10,0x61,0x10,0x61,0x10,0x61,0x10,0x61,0x10,0x61,0x10,0x61,0x10,0x61,
0x10,0xBA,0xD6,0xFF,0xFF,0xFF,0xFF,0xFF,0xFF,0xFF,0xFF,0xFF,0xFF,0xFF,0xFF,0xFF,0xFF,0xFF,0xFF,0xFF,0xFF,0xFF,0xFF,0xFF,0xFF,0xFF,0xFF,0xFF,0xFF,0x71,0x8C,0x61,0x10,
0x61,0x10,0x61,0x10,0x61,0x10,0x61,0x10,0x61,0x10,0x61,0x10,0x61,0x10,0x61,0x10,0x61,0x10,0xFF,0xFF,0xFF,0xFF,0xFF,0xFF,0xFF,0xFF,0xFF,0xFF,0xFF,0xFF,0xFF,0xFF,0xFF,
0xFF,0xFF,0xFF,0xFF,0xFF,0xFF,0xFF,0xFF,0xFF,0xFF,0xFF,0xFF,0xFF,0xFF,0xFF,0xFF,0xFF,0xFF,0xFF,0x79,0xCE,0xA6,0x31,0x61,0x10,0x61,0x10,0x61,0x10,0x61,0x10,0x61,0x10,
0x61,0x10,0x61,0x10,0x61,0x10,0x61,0x10,0x61,0x10,0x61,0x10,0x61,0x10,0x61,0x10,0x61,0x10,0x5D,0xEF,0xFF,0xFF,0xFF,0xFF,0xFF,0xFF,0xFF,0xFF,0xFF,0xFF,0xFF,0xFF,0xFF,
0xFF,0xFF,0xFF,0xFF,0xFF,0xFF,0xFF,0xFF,0xFF,0xFF,0xFF,0xFF,0xFF,0xFF,0xFF,0xFF,0xFF,0xFF,0xFF,0xFF,0xFF,0xE3,0x18,0x61,0x10,0x61,0x10,0x61,0x10,0x61,0x10,0x61,0x10,
0x61,0x10,0x61,0x10,0x61,0x10,0x61,0x10,0x61,0x10,0x34,0xA5,0xFF,0xFF,0xFF,0xFF,0xFF,0xFF,0xFF,0xFF,0xFF,0xFF,0xFF,0xFF,0xFF,0xFF,0xFF,0xFF,0xFF,0xFF,0xFF,0xFF,0xFF,
0xFF,0xFF,0xFF,0xFF,0xFF,0xFF,0xFF,0xFF,0xFF,0xFF,0xFF,0xFF,0xFF,0xFF,0xFF,0xFF,0xFF,0xD7,0xBD,0xF3,0x9C,0x71,0x8C,0x71,0x8C,0x71,0x8C,0x71,0x8C,0x71,0x8C,0x71,0x8C,
0x71,0x8C,0x71,0x8C,0x71,0x8C,0x65,0x29,0x61,0x10,0x61,0x10,0x61,0x10,0x61,0x10,0x61,0x10,0x61,0x10,0x61,0x10,0x61,0x10,0x61,0x10,0x61,0x10,0x61,0x10,0x61,0x10,0x61,
0x10,0x61,0x10,0x61,0x10,0x61,0x10,0x61,0x10,0x61,0x10,0x61,0x10,0x61,0x10,0x61,0x10,0x61,0x10,0x61,0x10,0x61,0x10,0x61,0x10,0x61,0x10,0x61,0x10,0x61,0x10,0x61,0x10,
0x61,0x10,0x61,0x10,0x61,0x10,0x61,0x10,0x61,0x10,0x61,0x10,0x61,0x10,0x61,0x10,0x61,0x10,0x61,0x10,0x61,0x10,0x61,0x10,0x61,0x10,0x61,0x10,0x61,0x10,0x61,0x10,0x61,
0x10,0x61,0x10,0x61,0x10,0x61,0x10,0x61,0x10,0x61,0x10,0x61,0x10,0x61,0x10,0x61,0x10,0x61,0x10,0x61,0x10,0x61,0x10,0x61,0x10,0x61,0x10,0x28,0x4A,0x71,0x94,0xC7,0x39,
0x61,0x10,0x61,0x10,0x8A,0x52,0x71,0x94,0x71,0x94,0x71,0x94,0x71,0x94,0x71,0x94,0x71,0x94,0x71,0x94,0x71,0x94,0x71,0x94,0x71,0x94,0x71,0x94,0x61,0x10,0x61,0x10,0x61,
0x10,0x61,0x10,0x61,0x10,0x61,0x10,0x61,0x10,0x61,0x10,0x61,0x10,0x61,0x10,0x61,0x10,0x61,0x10,0x61,0x10,0xEF,0x83,0x71,0x94,0x71,0x94,0x71,0x94,0x71,0x94,0x71,0x94,
0x71,0x94,0x71,0x94,0x71,0x94,0x71,0x94,0x71,0x94,0x71,0x94,0x71,0x94,0x71,0x94,0x71,0x94,0x71,0x94,0x71,0x94,0x71,0x94,0x71,0x94,0x71,0x94,0x71,0x94,0x71,0x94,0x71,
0x94,0x71,0x94,0x71,0x94,0x71,0x94,0x71,0x94,0x71,0x94,0x71,0x94,0x71,0x94,0x71,0x94,0x71,0x94,0x71,0x94,0x71,0x94,0x71,0x94,0x71,0x94,0x71,0x94,0x71,0x94,0x71,0x94,
0x71,0x94,0x71,0x94,0x71,0x94,0x71,0x94,0x71,0x94,0x71,0x94,0x10,0x84,0x82,0x10,0x61,0x10,0xA2,0x18,0x71,0x94,0x71,0x94,0x61,0x10,0x61,0x10,0x61,0x10,0x61,0x10,0x61,
0x10,0x61,0x10,0x61,0x10,0x61,0x10,0x61,0x10,0x61,0x10,0x61,0x10,0x61,0x10,0x61,0x10,0x61,0x10,0x61,0x10,0x61,0x10,0x61,0x10,0x61,0x10,0x61,0x10,0x61,0x10,0x61,0x10,
0x61,0x10,0x61,0x10,0x61,0x10,0x61,0x10,0x28,0x4A,0xFF,0xFF,0xFF,0xFF,0xFF,0xFF,0xFF,0xFF,0xFF,0xFF,0xFF,0xFF,0xFF,0xFF,0xFF,0xFF,0xFF,0xFF,0xFF,0xFF,0xFF,0xFF,0xFF,
0xFF,0xFF,0xFF,0xFF,0xFF,0xFF,0xFF,0xFF,0xFF,0xFF,0xFF,0xFF,0xFF,0xFF,0xFF,0xFF,0xFF,0xFF,0xFF,0xFF,0xFF,0xEB,0x5A,0x61,0x10,0x61,0x10,0x61,0x10,0x61,0x10,0x61,0x10,
0x61,0x10,0x61,0x10,0x61,0x10,0x61,0x10,0x04,0x21,0xBA,0xD6,0xFF,0xFF,0xFF,0xFF,0xFF,0xFF,0xFF,0xFF,0xFF,0xFF,0xFF,0xFF,0xFF,0xFF,0xFF,0xFF,0xFF,0xFF,0xFF,0xFF,0xFF,
0xFF,0xFF,0xFF,0xFF,0xFF,0xFF,0xFF,0xFF,0xFF,0xFF,0xFF,0xFF,0xFF,0xFF,0xFF,0xFF,0xFF,0x61,0x10,0x61,0x10,0x61,0x10,0x61,0x10,0x61,0x10,0x61,0x10,0x61,0x10,0x61,0x10,
0x61,0x10,0x61,0x10,0x61,0x10,0xFF,0xFF,0xFF,0xFF,0xFF,0xFF,0xFF,0xFF,0xFF,0xFF,0xFF,0xFF,0xFF,0xFF,0xFF,0xFF,0xFF,0xFF,0xFF,0xFF,0xFF,0xFF,0xFF,0xFF,0xFF,0xFF,0xFF,
0xFF,0x1C,0xE7,0x61,0x10,0x61,0x10,0x61,0x10,0x61,0x10,0x61,0x10,0x61,0x10,0x61,0x10,0x61,0x10,0xBA,0xD6,0xFF,0xFF,0xFF,0xFF,0xFF,0xFF,0xFF,0xFF,0xFF,0xFF,0xFF,0xFF,
0xFF,0xFF,0xFF,0xFF,0xFF,0xFF,0xFF,0xFF,0xFF,0xFF,0xFF,0xFF,0xFF,0xFF,0x71,0x8C,0x61,0x10,0x61,0x10,0x61,0x10,0x61,0x10,0x61,0x10,0x61,0x10,0x61,0x10,0x61,0x10,0x61,
0x10,0x61,0x10,0x92,0x94,0xFF,0xFF,0xFF,0xFF,0xFF,0xFF,0xFF,0xFF,0xFF,0xFF,0xFF,0xFF,0xFF,0xFF,0xFF,0xFF,0xFF,0xFF,0xFF,0xFF,0xFF,0xFF,0xFF,0xFF,0xFF,0xFF,0xFF,0xFF,
0xFF,0xFF,0xFF,0xFF,0xFF,0xFF,0xFF,0xFF,0xFF,0xFF,0x71,0x8C,0x61,0x10,0x61,0x10,0x61,0x10,0x61,0x10,0x61,0x10,0x61,0x10,0x61,0x10,0x61,0x10,0x61,0x10,0x81,0x10,0x34,
0xA5,0xFF,0xFF,0xFF,0xFF,0xFF,0xFF,0xFF,0xFF,0xFF,0xFF,0xFF,0xFF,0xFF,0xFF,0xFF,0xFF,0xFF,0xFF,0xFF,0xFF,0xFF,0xFF,0xFF,0xFF,0xFF,0xFF,0xFF,0xFF,0xFF,0xFF,0xFF,0xFF,
0xFF,0xFF,0xFF,0xFF,0xFF,0xFF,0x61,0x10,0x61,0x10,0x61,0x10,0x61,0x10,0x61,0x10,0x61,0x10,0x61,0x10,0x61,0x10,0x61,0x10,0x61,0x10,0x61,0x10,0xCB,0x5A,0xFF,0xFF,0xFF,
0xFF,0xFF,0xFF,0xFF,0xFF,0xFF,0xFF,0xFF,0xFF,0xFF,0xFF,0xFF,0xFF,0xFF,0xFF,0xFF,0xFF,0xFF,0xFF,0xFF,0xFF,0xFF,0xFF,0xFF,0xFF,0xFF,0xFF,0xFF,0xFF,0xFF,0xFF,0xFF,0xFF,
0xFF,0xFF,0xFF,0xFF,0xFF,0xFF,0xFF,0xFF,0xFF,0xFF,0xFF,0xFF,0xFF,0xFF,0xFF,0xFF,0xFF,0xFF,0xFF,0xFF,0xFF,0xFF,0xFF,0xFF,0x28,0x4A,0x61,0x10,0x61,0x10,0x61,0x10,0x61,
0x10,0x61,0x10,0x61,0x10,0x61,0x10,0x61,0x10,0x61,0x10,0x61,0x10,0x61,0x10,0x61,0x10,0x61,0x10,0x61,0x10,0x61,0x10,0x61,0x10,0x61,0x10,0x61,0x10,0x61,0x10,0x61,0x10,
0x61,0x10,0x61,0x10,0x61,0x10,0x61,0x10,0x61,0x10,0x61,0x10,0x61,0x10,0x61,0x10,0x61,0x10,0x61,0x10,0x61,0x10,0x61,0x10,0x61,0x10,0x61,0x10,0x61,0x10,0x61,0x10,0x61,
0x10,0x61,0x10,0x61,0x10,0x61,0x10,0x61,0x10,0x61,0x10,0x61,0x10,0x61,0x10,0x61,0x10,0x61,0x10,0x61,0x10,0x61,0x10,0x61,0x10,0x61,0x10,0x61,0x10,0x61,0x10,0x61,0x10,
0x61,0x10,0x61,0x10,0x61,0x10,0x61,0x10,0x61,0x10,0x61,0x10,0xA2,0x18,0x71,0x94,0xAE,0x73,0x61,0x10,0x61,0x10,0xC2,0x18,0x71,0x94,0x71,0x94,0x71,0x94,0x71,0x94,0x71,
0x94,0x71,0x94,0x71,0x94,0x71,0x94,0x71,0x94,0x71,0x94,0x71,0x94,0x61,0x10,0x61,0x10,0x61,0x10,0x61,0x10,0x61,0x10,0x61,0x10,0x61,0x10,0x61,0x10,0x61,0x10,0x61,0x10,
0x61,0x10,0x61,0x10,0x61,0x10,0xEF,0x83,0x71,0x94,0x71,0x94,0x71,0x94,0x71,0x94,0x71,0x94,0x71,0x94,0x71,0x94,0x71,0x94,0x71,0x94,0x71,0x94,0x71,0x94,0x71,0x94,0x71,
0x94,0x71,0x94,0x71,0x94,0x71,0x94,0x71,0x94,0x71,0x94,0x71,0x94,0x71,0x94,0x71,0x94,0x71,0x94,0x71,0x94,0x71,0x94,0x71,0x94,0x71,0x94,0x71,0x94,0x71,0x94,0x71,0x94,
0x71,0x94,0x71,0x94,0x71,0x94,0x71,0x94,0x71,0x94,0x71,0x94,0x71,0x94,0x71,0x94,0x71,0x94,0x71,0x94,0x71,0x94,0x71,0x94,0x71,0x94,0x71,0x94,0x71,0x94,0x28,0x42,0x61,
0x10,0x61,0x10,0x48,0x4A,0x71,0x94,0x71,0x94,0x61,0x10,0x61,0x10,0x61,0x10,0x61,0x10,0x61,0x10,0x61,0x10,0x61,0x10,0x61,0x10,0x61,0x10,0x61,0x10,0x61,0x10,0x61,0x10,
0x61,0x10,0x61,0x10,0x61,0x10,0x61,0x10,0x61,0x10,0x61,0x10,0x61,0x10,0x61,0x10,0x61,0x10,0x61,0x10,0x61,0x10,0x61,0x10,0x61,0x10,0x28,0x4A,0xFF,0xFF,0xFF,0xFF,0xFF,
0xFF,0xFF,0xFF,0xFF,0xFF,0xFF,0xFF,0xFF,0xFF,0xFF,0xFF,0xFF,0xFF,0xFF,0xFF,0xFF,0xFF,0xFF,0xFF,0xFF,0xFF,0xFF,0xFF,0xFF,0xFF,0xFF,0xFF,0xFF,0xFF,0xFF,0xFF,0xFF,0xFF,
0xFF,0xFF,0xFF,0xFF,0xFF,0xFF,0xFF,0xFF,0x38,0xC6,0x2C,0x63,0xE7,0x41,0x24,0x29,0x61,0x10,0x81,0x10,0x45,0x29,0x28,0x4A,0x79,0xCE,0xFF,0xFF,0xFF,0xFF,0xFF,0xFF,0xFF,
0xFF,0xFF,0xFF,0xFF,0xFF,0xFF,0xFF,0xFF,0xFF,0xFF,0xFF,0xFF,0xFF,0xFF,0xFF,0xFF,0xFF,0xFF,0xFF,0xFF,0xFF,0xFF,0xFF,0xFF,0xFF,0xFF,0xFF,0xFF,0xFF,0xFF,0xFF,0xFF,0xFF,
0xFF,0xFF,0x61,0x10,0x61,0x10,0x61,0x10,0x61,0x10,0x61,0x10,0x61,0x10,0x61,0x10,0x61,0x10,0x61,0x10,0x61,0x10,0x61,0x10,0xFF,0xFF,0xFF,0xFF,0xFF,0xFF,0xFF,0xFF,0xFF,
0xFF,0xFF,0xFF,0xFF,0xFF,0xFF,0xFF,0xFF,0xFF,0xFF,0xFF,0xFF,0xFF,0xFF,0xFF,0xFF,0xFF,0xFF,0xFF,0x1C,0xE7,0x61,0x10,0x61,0x10,0x61,0x10,0x61,0x10,0x61,0x10,0x61,0x10,
0x61,0x10,0x61,0x10,0xBA,0xD6,0xFF,0xFF,0xFF,0xFF,0xFF,0xFF,0xFF,0xFF,0xFF,0xFF,0xFF,0xFF,0xFF,0xFF,0xFF,0xFF,0xFF,0xFF,0xFF,0xFF,0xFF,0xFF,0xFF,0xFF,0xFF,0xFF,0x71,
0x8C,0x61,0x10,0x61,0x10,0x61,0x10,0x61,0x10,0x61,0x10,0x61,0x10,0x61,0x10,0x61,0x10,0x61,0x10,0x61,0x10,0x04,0x21,0xBE,0xF7,0xFF,0xFF,0xFF,0xFF,0xFF,0xFF,0xFF,0xFF,
0xFF,0xFF,0xFF,0xFF,0xFF,0xFF,0xFF,0xFF,0xFF,0xFF,0xFF,0xFF,0xFF,0xFF,0xFF,0xFF,0xFF,0xFF,0xFF,0xFF,0xFF,0xFF,0xFF,0xFF,0xFF,0xFF,0xFF,0xFF,0xFF,0xFF,0x1C,0xE7,0xAE,
0x7B,0x8A,0x52,0x86,0x31,0x61,0x10,0x61,0x10,0x04,0x21,0xA6,0x31,0x96,0xB5,0x7D,0xEF,0xFF,0xFF,0xFF,0xFF,0xFF,0xFF,0xFF,0xFF,0xFF,0xFF,0xFF,0xFF,0xFF,0xFF,0xFF,0xFF,
0xFF,0xFF,0xFF,0xFF,0xFF,0xFF,0xFF,0xFF,0xFF,0xFF,0xFF,0xFF,0xFF,0xFF,0xFF,0xFF,0xFF,0xFF,0xFF,0xFF,0xFF,0xFF,0xFF,0xFF,0x61,0x10,0x61,0x10,0x61,0x10,0x61,0x10,0x61,
0x10,0x61,0x10,0x61,0x10,0x61,0x10,0x61,0x10,0x61,0x10,0x61,0x10,0x45,0x29,0xFF,0xFF,0xFF,0xFF,0xFF,0xFF,0xFF,0xFF,0xFF,0xFF,0xFF,0xFF,0xFF,0xFF,0xFF,0xFF,0xFF,0xFF,
0xFF,0xFF,0xFF,0xFF,0xFF,0xFF,0xFF,0xFF,0xFF,0xFF,0xFF,0xFF,0xFF,0xFF,0xFF,0xFF,0xFF,0xFF,0xFF,0xFF,0xFF,0xFF,0xFF,0xFF,0xFF,0xFF,0xFF,0xFF,0xFF,0xFF,0xFF,0xFF,0xFF,
0xFF,0xFF,0xFF,0xFF,0xFF,0xFF,0xFF,0xFF,0xFF,0x28,0x4A,0x61,0x10,0x61,0x10,0x61,0x10,0x61,0x10,0x61,0x10,0x61,0x10,0x61,0x10,0x61,0x10,0x61,0x10,0x61,0x10,0x61,0x10,
0x61,0x10,0x61,0x10,0x61,0x10,0x61,0x10,0x61,0x10,0x61,0x10,0x61,0x10,0x61,0x10,0x61,0x10,0x61,0x10,0x61,0x10,0x61,0x10,0x61,0x10,0x61,0x10,0x61,0x10,0x61,0x10,0x61,
0x10,0x61,0x10,0x61,0x10,0x61,0x10,0x61,0x10,0x61,0x10,0x61,0x10,0x61,0x10,0x61,0x10,0x61,0x10,0x61,0x10,0x61,0x10,0x61,0x10,0x61,0x10,0x61,0x10,0x61,0x10,0x61,0x10,
0x61,0x10,0x61,0x10,0x61,0x10,0x61,0x10,0x61,0x10,0x61,0x10,0x61,0x10,0x61,0x10,0x61,0x10,0x61,0x10,0x61,0x10,0x61,0x10,0x61,0x10,0x61,0x10,0x61,0x10,0x61,0x10,0x71,
0x94,0x71,0x94,0xAE,0x73,0x61,0x10,0x61,0x10,0x10,0x84,0x71,0x94,0x71,0x94,0x71,0x94,0x71,0x94,0x71,0x94,0x71,0x94,0x71,0x94,0x71,0x94,0x71,0x94,0x71,0x94,0x61,0x10,
0x61,0x10,0x61,0x10,0x61,0x10,0x61,0x10,0x61,0x10,0x61,0x10,0x61,0x10,0x61,0x10,0x61,0x10,0x61,0x10,0x61,0x10,0x61,0x10,0xEF,0x83,0x71,0x94,0x71,0x94,0x71,0x94,0x71,
0x94,0x71,0x94,0x71,0x94,0x71,0x94,0x71,0x94,0x71,0x94,0x71,0x94,0x71,0x94,0x71,0x94,0x71,0x94,0x71,0x94,0x71,0x94,0x71,0x94,0x71,0x94,0x71,0x94,0x71,0x94,0x71,0x94,
0x71,0x94,0x71,0x94,0x71,0x94,0x71,0x94,0x71,0x94,0x71,0x94,0x71,0x94,0x71,0x94,0x71,0x94,0x71,0x94,0x71,0x94,0x71,0x94,0x71,0x94,0x71,0x94,0x71,0x94,0x71,0x94,0x71,
0x94,0x71,0x94,0x71,0x94,0x71,0x94,0x71,0x94,0x71,0x94,0x71,0x94,0xC7,0x39,0x61,0x10,0x61,0x10,0x08,0x42,0x71,0x94,0x71,0x94,0x49,0x4A,0x61,0x10,0x61,0x10,0x61,0x10,
0x61,0x10,0x61,0x10,0x61,0x10,0x61,0x10,0x61,0x10,0x61,0x10,0x61,0x10,0x61,0x10,0x61,0x10,0x61,0x10,0x61,0x10,0x61,0x10,0x61,0x10,0x61,0x10,0x61,0x10,0x61,0x10,0x61,
0x10,0x61,0x10,0x61,0x10,0x61,0x10,0x61,0x10,0x61,0x10,0x28,0x4A,0xFF,0xFF,0xFF,0xFF,0xFF,0xFF,0xFF,0xFF,0xFF,0xFF,0xFF,0xFF,0xFF,0xFF,0xFF,0xFF,0xFF,0xFF,0xFF,0xFF,
0xFF,0xFF,0xFF,0xFF,0xFF,0xFF,0xFF,0xFF,0xFF,0xFF,0xFF,0xFF,0xFF,0xFF,0xFF,0xFF,0xFF,0xFF,0xFF,0xFF,0xFF,0xFF,0xFF,0xFF,0xFF,0xFF,0xFF,0xFF,0xFF,0xFF,0xFF,0xFF,0xFF,
0xFF,0xFF,0xFF,0xFF,0xFF,0xFF,0xFF,0xFF,0xFF,0xFF,0xFF,0xFF,0xFF,0xFF,0xFF,0xFF,0xFF,0xFF,0xFF,0xFF,0xFF,0xFF,0xFF,0xFF,0xFF,0xFF,0xFF,0xFF,0xFF,0xFF,0xFF,0xFF,0xFF,
0xFF,0xFF,0xFF,0xFF,0xFF,0xFF,0xFF,0xFF,0xFF,0xFF,0xFF,0xFF,0xFF,0xFF,0xFF,0xFF,0xFF,0xFF,0xF7,0xBD,0x61,0x10,0x61,0x10,0x61,0x10,0x61,0x10,0x61,0x10,0x61,0x10,0x61,
0x10,0x61,0x10,0x61,0x10,0x61,0x10,0x61,0x10,0xFF,0xFF,0xFF,0xFF,0xFF,0xFF,0xFF,0xFF,0xFF,0xFF,0xFF,0xFF,0xFF,0xFF,0xFF,0xFF,0xFF,0xFF,0xFF,0xFF,0xFF,0xFF,0xFF,0xFF,
0xFF,0xFF,0xFF,0xFF,0x1C,0xE7,0x61,0x10,0x61,0x10,0x61,0x10,0x61,0x10,0x61,0x10,0x61,0x10,0x61,0x10,0x61,0x10,0xBA,0xD6,0xFF,0xFF,0xFF,0xFF,0xFF,0xFF,0xFF,0xFF,0xFF,
0xFF,0xFF,0xFF,0xFF,0xFF,0xFF,0xFF,0xFF,0xFF,0xFF,0xFF,0xFF,0xFF,0xFF,0xFF,0xFF,0xFF,0x71,0x8C,0x61,0x10,0x61,0x10,0x61,0x10,0x61,0x10,0x61,0x10,0x61,0x10,0x61,0x10,
0x61,0x10,0x61,0x10,0x61,0x10,0x61,0x10,0x03,0x21,0xFF,0xFF,0xFF,0xFF,0xFF,0xFF,0xFF,0xFF,0xFF,0xFF,0xFF,0xFF,0xFF,0xFF,0xFF,0xFF,0xFF,0xFF,0xFF,0xFF,0xFF,0xFF,0xFF,
0xFF,0xFF,0xFF,0xFF,0xFF,0xFF,0xFF,0xFF,0xFF,0xFF,0xFF,0xFF,0xFF,0xFF,0xFF,0xFF,0xFF,0xFF,0xFF,0xFF,0xFF,0xFF,0xFF,0xFF,0xFF,0xFF,0xFF,0xFF,0xFF,0xFF,0xFF,0xFF,0xFF,
0xFF,0xFF,0xFF,0xFF,0xFF,0xFF,0xFF,0xFF,0xFF,0xFF,0xFF,0xFF,0xFF,0xFF,0xFF,0xFF,0xFF,0xFF,0xFF,0xFF,0xFF,0xFF,0xFF,0xFF,0xFF,0xFF,0xFF,0xFF,0xFF,0xFF,0xFF,0xFF,0xFF,
0xFF,0xFF,0xFF,0xFF,0xFF,0xFF,0xFF,0xD3,0x9C,0x61,0x10,0x61,0x10,0x61,0x10,0x61,0x10,0x61,0x10,0x61,0x10,0x61,0x10,0x61,0x10,0x61,0x10,0x61,0x10,0x61,0x10,0x61,0x10,
0xFF,0xFF,0xFF,0xFF,0xFF,0xFF,0xFF,0xFF,0xFF,0xFF,0xFF,0xFF,0xFF,0xFF,0xFF,0xFF,0xFF,0xFF,0xFF,0xFF,0xFF,0xFF,0xFF,0xFF,0xFF,0xFF,0xFF,0xFF,0xFF,0xFF,0xFF,0xFF,0xFF,
0xFF,0xFF,0xFF,0xFF,0xFF,0xFF,0xFF,0xFF,0xFF,0xFF,0xFF,0xFF,0xFF,0xFF,0xFF,0xFF,0xFF,0xFF,0xFF,0xFF,0xFF,0xFF,0xFF,0xFF,0xFF,0xFF,0xFF,0x28,0x4A,0x61,0x10,0x61,0x10,
0x61,0x10,0x61,0x10,0x61,0x10,0x61,0x10,0x61,0x10,0x61,0x10,0x61,0x10,0x61,0x10,0x61,0x10,0x61,0x10,0x61,0x10,0x61,0x10,0x61,0x10,0x61,0x10,0x61,0x10,0x61,0x10,0x61,
0x10,0x61,0x10,0x61,0x10,0x61,0x10,0x61,0x10,0x61,0x10,0x61,0x10,0x61,0x10,0x61,0x10,0x61,0x10,0x61,0x10,0x61,0x10,0x61,0x10,0x61,0x10,0x61,0x10,0x61,0x10,0x61,0x10,
0x61,0x10,0x61,0x10,0x61,0x10,0x61,0x10,0x61,0x10,0x61,0x10,0x61,0x10,0x61,0x10,0x61,0x10,0x61,0x10,0x61,0x10,0x61,0x10,0x61,0x10,0x61,0x10,0x61,0x10,0x61,0x10,0x61,
0x10,0x61,0x10,0x61,0x10,0x61,0x10,0x61,0x10,0x61,0x10,0x61,0x10,0x61,0x10,0x61,0x10,0x71,0x94,0x71,0x94,0x71,0x94,0x61,0x10,0x61,0x10,0x08,0x42,0x71,0x94,0x71,0x94,
0x71,0x94,0x71,0x94,0x71,0x94,0x71,0x94,0x71,0x94,0x71,0x94,0x71,0x94,0x71,0x94,0x61,0x10,0x61,0x10,0x61,0x10,0x61,0x10,0x61,0x10,0x61,0x10,0x61,0x10,0x61,0x10,0x61,
0x10,0x61,0x10,0x61,0x10,0x61,0x10,0x61,0x10,0xEF,0x83,0x71,0x94,0x71,0x94,0x71,0x94,0x71,0x94,0x71,0x94,0x71,0x94,0x71,0x94,0x71,0x94,0x71,0x94,0x71,0x94,0x71,0x94,
0x71,0x94,0x71,0x94,0x71,0x94,0x71,0x94,0x71,0x94,0x71,0x94,0x71,0x94,0x71,0x94,0x71,0x94,0x71,0x94,0x71,0x94,0x71,0x94,0x71,0x94,0x71,0x94,0x71,0x94,0x71,0x94,0x71,
0x94,0x71,0x94,0x71,0x94,0x71,0x94,0x71,0x94,0x71,0x94,0x71,0x94,0x71,0x94,0x71,0x94,0x71,0x94,0x71,0x94,0x71,0x94,0x71,0x94,0x71,0x94,0x71,0x94,0x71,0x94,0x61,0x10,
0x61,0x10,0x61,0x10,0x10,0x84,0x71,0x94,0x30,0x8C,0xA2,0x18,0x61,0x10,0x61,0x10,0x61,0x10,0x61,0x10,0x61,0x10,0x61,0x10,0x61,0x10,0x61,0x10,0x61,0x10,0x61,0x10,0x61,
0x10,0x61,0x10,0x61,0x10,0x61,0x10,0x61,0x10,0x61,0x10,0x61,0x10,0x61,0x10,0x61,0x10,0x61,0x10,0x61,0x10,0x61,0x10,0x61,0x10,0x61,0x10,0x61,0x10,0x28,0x4A,0xFF,0xFF,
0xFF,0xFF,0xFF,0xFF,0xFF,0xFF,0xFF,0xFF,0xFF,0xFF,0xFF,0xFF,0xFF,0xFF,0xFF,0xFF,0xFF,0xFF,0xFF,0xFF,0xFF,0xFF,0xFF,0xFF,0xFF,0xFF,0xFF,0xFF,0xFF,0xFF,0xFF,0xFF,0xFF,
0xFF,0xFF,0xFF,0xFF,0xFF,0xFF,0xFF,0xFF,0xFF,0xFF,0xFF,0xFF,0xFF,0xFF,0xFF,0xFF,0xFF,0xFF,0xFF,0xFF,0xFF,0xFF,0xFF,0xFF,0xFF,0xFF,0xFF,0xFF,0xFF,0xFF,0xFF,0xFF,0xFF,
0xFF,0xFF,0xFF,0xFF,0xFF,0xFF,0xFF,0xFF,0xFF,0xFF,0xFF,0xFF,0xFF,0xFF,0xFF,0xFF,0xFF,0xFF,0xFF,0xFF,0xFF,0xFF,0xFF,0xFF,0xFF,0xFF,0xFF,0xFF,0xFF,0xFF,0xFF,0xFF,0xFF,
0xFF,0xDF,0xFF,0xA6,0x39,0x61,0x10,0x61,0x10,0x61,0x10,0x61,0x10,0x61,0x10,0x61,0x10,0x61,0x10,0x61,0x10,0x61,0x10,0x61,0x10,0x61,0x10,0xFF,0xFF,0xFF,0xFF,0xFF,0xFF,
0xFF,0xFF,0xFF,0xFF,0xFF,0xFF,0xFF,0xFF,0xFF,0xFF,0xFF,0xFF,0xFF,0xFF,0xFF,0xFF,0xFF,0xFF,0xFF,0xFF,0xFF,0xFF,0x1C,0xE7,0x61,0x10,0x61,0x10,0x61,0x10,0x61,0x10,0x61,
0x10,0x61,0x10,0x61,0x10,0x61,0x10,0xBA,0xD6,0xFF,0xFF,0xFF,0xFF,0xFF,0xFF,0xFF,0xFF,0xFF,0xFF,0xFF,0xFF,0xFF,0xFF,0xFF,0xFF,0xFF,0xFF,0xFF,0xFF,0xFF,0xFF,0xFF,0xFF,
0xFF,0xFF,0x71,0x8C,0x61,0x10,0x61,0x10,0x61,0x10,0x61,0x10,0x61,0x10,0x61,0x10,0x61,0x10,0x61,0x10,0x61,0x10,0x61,0x10,0x61,0x10,0x61,0x10,0xFF,0xFF,0xFF,0xFF,0xFF,
0xFF,0xFF,0xFF,0xFF,0xFF,0xFF,0xFF,0xFF,0xFF,0xFF,0xFF,0xFF,0xFF,0xFF,0xFF,0xFF,0xFF,0xFF,0xFF,0xFF,0xFF,0xFF,0xFF,0xFF,0xFF,0xFF,0xFF,0xFF,0xFF,0xFF,0xFF,0xFF,0xFF,
0xFF,0xFF,0xFF,0xFF,0xFF,0xFF,0xFF,0xFF,0xFF,0xFF,0xFF,0xFF,0xFF,0xFF,0xFF,0xFF,0xFF,0xFF,0xFF,0xFF,0xFF,0xFF,0xFF,0xFF,0xFF,0xFF,0xFF,0xFF,0xFF,0xFF,0xFF,0xFF,0xFF,
0xFF,0xFF,0xFF,0xFF,0xFF,0xFF,0xFF,0xFF,0xFF,0xFF,0xFF,0xFF,0xFF,0xFF,0xFF,0xFF,0xFF,0xFF,0xFF,0xFF,0xFF,0xFF,0xFF,0x5D,0xEF,0xE3,0x18,0x61,0x10,0x61,0x10,0x61,0x10,
0x61,0x10,0x61,0x10,0x61,0x10,0x61,0x10,0x61,0x10,0x61,0x10,0x61,0x10,0x61,0x10,0x61,0x10,0xFF,0xFF,0xFF,0xFF,0xFF,0xFF,0xFF,0xFF,0xFF,0xFF,0xFF,0xFF,0xFF,0xFF,0xFF,
0xFF,0xFF,0xFF,0xFF,0xFF,0xFF,0xFF,0xFF,0xFF,0xFF,0xFF,0xFF,0xFF,0xFF,0xFF,0xFF,0xFF,0xFF,0xFF,0xFF,0xFF,0xFF,0xFF,0xFF,0xFF,0xFF,0xFF,0xFF,0xFF,0xFF,0xFF,0xFF,0xFF,
0xFF,0xFF,0xFF,0xFF,0xFF,0xFF,0xFF,0xFF,0xFF,0xFF,0xFF,0xFF,0x28,0x4A,0x61,0x10,0x61,0x10,0x61,0x10,0x61,0x10,0x61,0x10,0x61,0x10,0x61,0x10,0x61,0x10,0x61,0x10,0x61,
0x10,0x61,0x10,0x61,0x10,0x61,0x10,0x61,0x10,0x61,0x10,0x61,0x10,0x61,0x10,0x61,0x10,0x61,0x10,0x61,0x10,0x61,0x10,0x61,0x10,0x61,0x10,0x61,0x10,0x61,0x10,0x61,0x10,
0x61,0x10,0x61,0x10,0x61,0x10,0x61,0x10,0x61,0x10,0x61,0x10,0x61,0x10,0x61,0x10,0x61,0x10,0x61,0x10,0x61,0x10,0x61,0x10,0x61,0x10,0x61,0x10,0x61,0x10,0x61,0x10,0x61,
0x10,0x61,0x10,0x61,0x10,0x61,0x10,0x61,0x10,0x61,0x10,0x61,0x10,0x61,0x10,0x61,0x10,0x61,0x10,0x61,0x10,0x61,0x10,0x61,0x10,0x61,0x10,0x61,0x10,0x61,0x10,0x61,0x10,
0x61,0x10,0xAA,0x52,0x71,0x94,0x71,0x94,0x28,0x42,0x61,0x10,0x61,0x10,0x24,0x29,0x51,0x8C,0x71,0x94,0x71,0x94,0x71,0x94,0x71,0x94,0x71,0x94,0x71,0x94,0x71,0x94,0x71,
0x94,0x61,0x10,0x61,0x10,0x61,0x10,0x61,0x10,0x61,0x10,0x61,0x10,0x61,0x10,0x61,0x10,0x61,0x10,0x61,0x10,0x61,0x10,0x61,0x10,0x61,0x10,0xEF,0x83,0x71,0x94,0x71,0x94,
0x71,0x94,0x71,0x94,0x71,0x94,0x71,0x94,0x71,0x94,0x71,0x94,0x71,0x94,0x71,0x94,0x71,0x94,0x71,0x94,0x71,0x94,0x71,0x94,0x71,0x94,0x71,0x94,0x71,0x94,0x71,0x94,0x71,
0x94,0x71,0x94,0x71,0x94,0x71,0x94,0x71,0x94,0x71,0x94,0x71,0x94,0x71,0x94,0x71,0x94,0x71,0x94,0x71,0x94,0x71,0x94,0x71,0x94,0x71,0x94,0x71,0x94,0x71,0x94,0x71,0x94,
0x71,0x94,0x71,0x94,0x71,0x94,0x71,0x94,0x71,0x94,0x71,0x94,0x71,0x94,0xCB,0x5A,0x61,0x10,0x61,0x10,0x61,0x10,0x71,0x94,0x71,0x94,0x82,0x10,0x61,0x10,0x61,0x10,0x61,
0x10,0x61,0x10,0x61,0x10,0x61,0x10,0x61,0x10,0x61,0x10,0x61,0x10,0x61,0x10,0x61,0x10,0x61,0x10,0x61,0x10,0x61,0x10,0x61,0x10,0x61,0x10,0x61,0x10,0x61,0x10,0x61,0x10,
0x61,0x10,0x61,0x10,0x61,0x10,0x61,0x10,0x61,0x10,0x61,0x10,0x61,0x10,0x28,0x4A,0xFF,0xFF,0xFF,0xFF,0xFF,0xFF,0xFF,0xFF,0xFF,0xFF,0xFF,0xFF,0xFF,0xFF,0xFF,0xFF,0xFF,
0xFF,0xFF,0xFF,0xFF,0xFF,0xFF,0xFF,0xFF,0xFF,0xFF,0xFF,0xFF,0xFF,0xFF,0xFF,0xFF,0xFF,0xFF,0xFF,0xFF,0xFF,0xFF,0xFF,0xFF,0xFF,0xFF,0xFF,0xFF,0xFF,0xFF,0xFF,0xFF,0xFF,
0xFF,0xFF,0xFF,0xFF,0xFF,0xFF,0xFF,0xFF,0xFF,0xFF,0xFF,0xFF,0xFF,0xFF,0xFF,0xFF,0xFF,0xFF,0xFF,0xFF,0xFF,0xFF,0xFF,0xFF,0xFF,0xFF,0xFF,0xFF,0xFF,0xFF,0xFF,0xFF,0xFF,
0xFF,0xFF,0xFF,0xFF,0xFF,0xFF,0xFF,0xFF,0xFF,0xFF,0xFF,0xFF,0xFF,0xFF,0xFF,0xFF,0xFF,0xFF,0xFF,0xE3,0x18,0x61,0x10,0x61,0x10,0x61,0x10,0x61,0x10,0x61,0x10,0x61,0x10,
0x61,0x10,0x61,0x10,0x61,0x10,0x61,0x10,0x61,0x10,0x61,0x10,0xFF,0xFF,0xFF,0xFF,0xFF,0xFF,0xFF,0xFF,0xFF,0xFF,0xFF,0xFF,0xFF,0xFF,0xFF,0xFF,0xFF,0xFF,0xFF,0xFF,0xFF,
0xFF,0xFF,0xFF,0xFF,0xFF,0xFF,0xFF,0x1C,0xE7,0x61,0x10,0x61,0x10,0x61,0x10,0x61,0x10,0x61,0x10,0x61,0x10,0x61,0x10,0x61,0x10,0xBA,0xD6,0xFF,0xFF,0xFF,0xFF,0xFF,0xFF,
0xFF,0xFF,0xFF,0xFF,0xFF,0xFF,0xFF,0xFF,0xFF,0xFF,0xFF,0xFF,0xFF,0xFF,0xFF,0xFF,0xFF,0xFF,0xFF,0xFF,0x71,0x8C,0x61,0x10,0x61,0x10,0x61,0x10,0x61,0x10,0x61,0x10,0x61,
0x10,0x61,0x10,0x61,0x10,0x61,0x10,0x61,0x10,0x61,0x10,0x61,0x10,0xBE,0xF7,0xFF,0xFF,0xFF,0xFF,0xFF,0xFF,0xFF,0xFF,0xFF,0xFF,0xFF,0xFF,0xFF,0xFF,0xFF,0xFF,0xFF,0xFF,
0xFF,0xFF,0xFF,0xFF,0xFF,0xFF,0xFF,0xFF,0xFF,0xFF,0xFF,0xFF,0xFF,0xFF,0xFF,0xFF,0xFF,0xFF,0xFF,0xFF,0xFF,0xFF,0xFF,0xFF,0xFF,0xFF,0xFF,0xFF,0xFF,0xFF,0xFF,0xFF,0xFF,
0xFF,0xFF,0xFF,0xFF,0xFF,0xFF,0xFF,0xFF,0xFF,0xFF,0xFF,0xFF,0xFF,0xFF,0xFF,0xFF,0xFF,0xFF,0xFF,0xFF,0xFF,0xFF,0xFF,0xFF,0xFF,0xFF,0xFF,0xFF,0xFF,0xFF,0xFF,0xFF,0xFF,
0xFF,0xFF,0xFF,0xFF,0xFF,0xFF,0xB6,0xB5,0x61,0x10,0x61,0x10,0x61,0x10,0x61,0x10,0x61,0x10,0x61,0x10,0x61,0x10,0x61,0x10,0x61,0x10,0x61,0x10,0x61,0x10,0x61,0x10,0x61,
0x10,0x61,0x10,0xAE,0x73,0xFF,0xFF,0xFF,0xFF,0xFF,0xFF,0xFF,0xFF,0xFF,0xFF,0xFF,0xFF,0xFF,0xFF,0xFF,0xFF,0xFF,0xFF,0xFF,0xFF,0xFF,0xFF,0xFF,0xFF,0xFF,0xFF,0xFF,0xFF,
0xFF,0xFF,0xFF,0xFF,0xFF,0xFF,0xFF,0xFF,0xFF,0xFF,0xFF,0xFF,0xFF,0xFF,0xFF,0xFF,0xFF,0xFF,0xFF,0xFF,0xFF,0xFF,0xFF,0xFF,0xFF,0xFF,0xFF,0xFF,0xFF,0xFF,0x28,0x4A,0x61,
0x10,0x61,0x10,0x61,0x10,0x61,0x10,0x61,0x10,0x61,0x10,0x61,0x10,0x61,0x10,0x61,0x10,0x61,0x10,0x61,0x10,0x61,0x10,0x61,0x10,0x61,0x10,0x61,0x10,0x61,0x10,0x61,0x10,
0x61,0x10,0x61,0x10,0x61,0x10,0x61,0x10,0x61,0x10,0x61,0x10,0x61,0x10,0x61,0x10,0x61,0x10,0x61,0x10,0x61,0x10,0x61,0x10,0x61,0x10,0x61,0x10,0x61,0x10,0x61,0x10,0x61,
0x10,0x61,0x10,0x61,0x10,0x61,0x10,0x61,0x10,0x61,0x10,0x61,0x10,0x61,0x10,0x61,0x10,0x61,0x10,0x61,0x10,0x61,0x10,0x61,0x10,0x61,0x10,0x61,0x10,0x61,0x10,0x61,0x10,
0x61,0x10,0x61,0x10,0x61,0x10,0x61,0x10,0x61,0x10,0x61,0x10,0x61,0x10,0x61,0x10,0x61,0x10,0x61,0x10,0xA2,0x18,0x30,0x8C,0x71,0x94,0x30,0x8C,0x61,0x10,0x61,0x10,0x61,
0x10,0x8A,0x52,0x71,0x94,0x71,0x94,0x71,0x94,0x71,0x94,0x71,0x94,0x71,0x94,0x71,0x94,0x71,0x94,0x61,0x10,0x61,0x10,0x61,0x10,0x61,0x10,0x61,0x10,0x61,0x10,0x61,0x10,
0x61,0x10,0x61,0x10,0x61,0x10,0x61,0x10,0x61,0x10,0x61,0x10,0xEF,0x83,0x71,0x94,0x71,0x94,0x71,0x94,0x71,0x94,0x71,0x94,0x71,0x94,0x71,0x94,0x71,0x94,0x71,0x94,0x71,
0x94,0x71,0x94,0x71,0x94,0x71,0x94,0x71,0x94,0x71,0x94,0x71,0x94,0x71,0x94,0x71,0x94,0x71,0x94,0x71,0x94,0x71,0x94,0x71,0x94,0x71,0x94,0x71,0x94,0x71,0x94,0x71,0x94,
0x71,0x94,0x71,0x94,0x71,0x94,0x71,0x94,0x71,0x94,0x71,0x94,0x71,0x94,0x71,0x94,0x71,0x94,0x71,0x94,0x71,0x94,0x71,0x94,0x71,0x94,0x71,0x94,0x71,0x94,0x71,0x94,0xA2,
0x10,0x61,0x10,0x61,0x10,0x61,0x10,0x71,0x94,0x71,0x94,0x61,0x10,0x61,0x10,0x61,0x10,0x61,0x10,0x61,0x10,0x61,0x10,0x61,0x10,0x61,0x10,0x61,0x10,0x61,0x10,0x61,0x10,
0x61,0x10,0x61,0x10,0x61,0x10,0x61,0x10,0x61,0x10,0x61,0x10,0x61,0x10,0x61,0x10,0x61,0x10,0x61,0x10,0x61,0x10,0x61,0x10,0x61,0x10,0x61,0x10,0x61,0x10,0x61,0x10,0x28,
0x4A,0xFF,0xFF,0xFF,0xFF,0xFF,0xFF,0xFF,0xFF,0xFF,0xFF,0xFF,0xFF,0xFF,0xFF,0xFF,0xFF,0xFF,0xFF,0xFF,0xFF,0xFF,0xFF,0xFF,0xFF,0xFF,0xFF,0xFF,0xFF,0xFF,0xFF,0xFF,0xFF,
0xFF,0xFF,0xFF,0xFF,0xFF,0xFF,0xFF,0xFF,0xFF,0xFF,0xFF,0xFF,0xFF,0xFF,0xFF,0xFF,0xFF,0xFF,0xFF,0xFF,0xFF,0xFF,0xFF,0xFF,0xFF,0xFF,0xFF,0xFF,0xFF,0xFF,0xFF,0xFF,0xFF,
0xFF,0xFF,0xFF,0xFF,0xFF,0xFF,0xFF,0xFF,0xFF,0xFF,0xFF,0xFF,0xFF,0xFF,0xFF,0xFF,0xFF,0xFF,0xFF,0xFF,0xFF,0xFF,0xFF,0xFF,0xFF,0xFF,0xFF,0xFF,0xFF,0xFF,0xFF,0xFF,0xFF,
0xFF,0xFF,0xFF,0xFF,0x61,0x10,0x61,0x10,0x61,0x10,0x61,0x10,0x61,0x10,0x61,0x10,0x61,0x10,0x61,0x10,0x61,0x10,0x61,0x10,0x61,0x10,0x61,0x10,0x61,0x10,0xFF,0xFF,0xFF,
0xFF,0xFF,0xFF,0xFF,0xFF,0xFF,0xFF,0xFF,0xFF,0xFF,0xFF,0xFF,0xFF,0xFF,0xFF,0xFF,0xFF,0xFF,0xFF,0xFF,0xFF,0xFF,0xFF,0xFF,0xFF,0x1C,0xE7,0x61,0x10,0x61,0x10,0x61,0x10,
0x61,0x10,0x61,0x10,0x61,0x10,0x61,0x10,0x61,0x10,0xBA,0xD6,0xFF,0xFF,0xFF,0xFF,0xFF,0xFF,0xFF,0xFF,0xFF,0xFF,0xFF,0xFF,0xFF,0xFF,0xFF,0xFF,0xFF,0xFF,0xFF,0xFF,0xFF,
0xFF,0xFF,0xFF,0xFF,0xFF,0x71,0x8C,0x61,0x10,0x61,0x10,0x61,0x10,0x61,0x10,0x61,0x10,0x61,0x10,0x61,0x10,0x61,0x10,0x61,0x10,0x61,0x10,0x61,0x10,0x61,0x10,0x6D,0x6B,
0xFF,0xFF,0xFF,0xFF,0xFF,0xFF,0xFF,0xFF,0xFF,0xFF,0xFF,0xFF,0xFF,0xFF,0xFF,0xFF,0xFF,0xFF,0xFF,0xFF,0xFF,0xFF,0xFF,0xFF,0xFF,0xFF,0xFF,0xFF,0xFF,0xFF,0xFF,0xFF,0xFF,
0xFF,0xFF,0xFF,0xFF,0xFF,0xFF,0xFF,0xFF,0xFF,0xFF,0xFF,0xFF,0xFF,0xFF,0xFF,0xFF,0xFF,0xFF,0xFF,0xFF,0xFF,0xFF,0xFF,0xFF,0xFF,0xFF,0xFF,0xFF,0xFF,0xFF,0xFF,0xFF,0xFF,
0xFF,0xFF,0xFF,0xFF,0xFF,0xFF,0xFF,0xFF,0xFF,0xFF,0xFF,0xFF,0xFF,0xFF,0xFF,0xFF,0xFF,0xFF,0xFF,0xFF,0xFF,0xFF,0xFF,0xFF,0x04,0x21,0x61,0x10,0x61,0x10,0x61,0x10,0x61,
0x10,0x61,0x10,0x61,0x10,0x61,0x10,0x61,0x10,0x61,0x10,0x61,0x10,0x61,0x10,0x61,0x10,0x61,0x10,0x61,0x10,0xC3,0x18,0xFF,0xFF,0xFF,0xFF,0xFF,0xFF,0xFF,0xFF,0xFF,0xFF,
0xFF,0xFF,0xFF,0xFF,0xFF,0xFF,0xFF,0xFF,0xFF,0xFF,0xFF,0xFF,0xFF,0xFF,0xFF,0xFF,0xFF,0xFF,0xFF,0xFF,0xFF,0xFF,0xFF,0xFF,0xFF,0xFF,0xFF,0xFF,0xFF,0xFF,0xFF,0xFF,0xFF,
0xFF,0xFF,0xFF,0xFF,0xFF,0xFF,0xFF,0xFF,0xFF,0xFF,0xFF,0xFF,0xFF,0xFF,0xFF,0x28,0x4A,0x61,0x10,0x61,0x10,0x61,0x10,0x61,0x10,0x61,0x10,0x61,0x10,0x61,0x10,0x61,0x10,
0x61,0x10,0x61,0x10,0x61,0x10,0x61,0x10,0x61,0x10,0x61,0x10,0x61,0x10,0x61,0x10,0x61,0x10,0x61,0x10,0x61,0x10,0x61,0x10,0x61,0x10,0x61,0x10,0x61,0x10,0x61,0x10,0x61,
0x10,0x61,0x10,0x61,0x10,0x61,0x10,0x61,0x10,0x61,0x10,0x61,0x10,0x61,0x10,0x61,0x10,0x61,0x10,0x61,0x10,0x61,0x10,0x61,0x10,0x61,0x10,0x61,0x10,0x61,0x10,0x61,0x10,
0x61,0x10,0x61,0x10,0x61,0x10,0x61,0x10,0x61,0x10,0x61,0x10,0x61,0x10,0x61,0x10,0x61,0x10,0x61,0x10,0x61,0x10,0x61,0x10,0x61,0x10,0x61,0x10,0x61,0x10,0x61,0x10,0x61,
0x10,0x61,0x10,0x61,0x10,0x61,0x10,0x82,0x10,0xEF,0x7B,0x71,0x94,0x65,0x29,0x61,0x10,0x61,0x10,0x61,0x10,0x71,0x94,0x71,0x94,0x71,0x94,0x71,0x94,0x71,0x94,0x71,0x94,
0x71,0x94,0x71,0x94,0x61,0x10,0x61,0x10,0x61,0x10,0x61,0x10,0x61,0x10,0x61,0x10,0x61,0x10,0x61,0x10,0x61,0x10,0x61,0x10,0x61,0x10,0x61,0x10,0x61,0x10,0xEF,0x83,0x71,
0x94,0x71,0x94,0x71,0x94,0x71,0x94,0x71,0x94,0x71,0x94,0x71,0x94,0x71,0x94,0x71,0x94,0x71,0x94,0x71,0x94,0x71,0x94,0x71,0x94,0x71,0x94,0x71,0x94,0x71,0x94,0x71,0x94,
0x71,0x94,0x71,0x94,0x71,0x94,0x71,0x94,0x71,0x94,0x71,0x94,0x71,0x94,0x71,0x94,0x71,0x94,0x71,0x94,0x71,0x94,0x71,0x94,0x71,0x94,0x71,0x94,0x71,0x94,0x71,0x94,0x71,
0x94,0x71,0x94,0x71,0x94,0x71,0x94,0x71,0x94,0x71,0x94,0x71,0x94,0x71,0x94,0xAA,0x5A,0x61,0x10,0x61,0x10,0x82,0x10,0xAE,0x7B,0x71,0x8C,0x65,0x29,0x61,0x10,0x61,0x10,
0x61,0x10,0x61,0x10,0x61,0x10,0x61,0x10,0x61,0x10,0x61,0x10,0x61,0x10,0x61,0x10,0x61,0x10,0x61,0x10,0x61,0x10,0x61,0x10,0x61,0x10,0x61,0x10,0x61,0x10,0x61,0x10,0x61,
0x10,0x61,0x10,0x61,0x10,0x61,0x10,0x61,0x10,0x61,0x10,0x61,0x10,0x61,0x10,0x61,0x10,0x28,0x4A,0xFF,0xFF,0xFF,0xFF,0xFF,0xFF,0xFF,0xFF,0xFF,0xFF,0xFF,0xFF,0xFF,0xFF,
0xFF,0xFF,0xFF,0xFF,0xFF,0xFF,0xFF,0xFF,0xFF,0xFF,0xFF,0xFF,0xFF,0xFF,0xFF,0xFF,0xFF,0xFF,0xFF,0xFF,0xFF,0xFF,0xFF,0xFF,0xFF,0xFF,0xFF,0xFF,0xFF,0xFF,0xFF,0xFF,0xFF,
0xFF,0xFF,0xFF,0xFF,0xFF,0xFF,0xFF,0xFF,0xFF,0xFF,0xFF,0xFF,0xFF,0xFF,0xFF,0xFF,0xFF,0xFF,0xFF,0xFF,0xFF,0xFF,0xFF,0xFF,0xFF,0xFF,0xFF,0xFF,0xFF,0xFF,0xFF,0xFF,0xFF,
0xFF,0xFF,0xFF,0xFF,0xFF,0xFF,0xFF,0xFF,0xFF,0xFF,0xFF,0xFF,0xFF,0xFF,0xFF,0xFF,0xFF,0xFF,0xFF,0xFF,0xC2,0x18,0x61,0x10,0x61,0x10,0x61,0x10,0x61,0x10,0x61,0x10,0x61,
0x10,0x61,0x10,0x61,0x10,0x61,0x10,0x61,0x10,0x61,0x10,0x61,0x10,0x61,0x10,0xFF,0xFF,0xFF,0xFF,0xFF,0xFF,0xFF,0xFF,0xFF,0xFF,0xFF,0xFF,0xFF,0xFF,0xFF,0xFF,0xFF,0xFF,
0xFF,0xFF,0xFF,0xFF,0xFF,0xFF,0xFF,0xFF,0xFF,0xFF,0x1C,0xE7,0x61,0x10,0x61,0x10,0x61,0x10,0x61,0x10,0x61,0x10,0x61,0x10,0x61,0x10,0x61,0x10,0xBA,0xD6,0xFF,0xFF,0xFF,
0xFF,0xFF,0xFF,0xFF,0xFF,0xFF,0xFF,0xFF,0xFF,0xFF,0xFF,0xFF,0xFF,0xFF,0xFF,0xFF,0xFF,0xFF,0xFF,0xFF,0xFF,0xFF,0xFF,0x71,0x8C,0x61,0x10,0x61,0x10,0x61,0x10,0x61,0x10,
0x61,0x10,0x61,0x10,0x61,0x10,0x61,0x10,0x61,0x10,0x61,0x10,0x61,0x10,0x61,0x10,0x61,0x10,0xC3,0x18,0xBA,0xD6,0xFF,0xFF,0xFF,0xFF,0xFF,0xFF,0xFF,0xFF,0xFF,0xFF,0xFF,
0xFF,0xFF,0xFF,0xFF,0xFF,0xFF,0xFF,0xFF,0xFF,0xFF,0xFF,0xFF,0xFF,0xFF,0xFF,0xFF,0xFF,0xFF,0xFF,0xFF,0xFF,0xFF,0xFF,0xFF,0xFF,0xFF,0xFF,0xFF,0xFF,0xFF,0xFF,0xFF,0xFF,
0xFF,0xFF,0xFF,0xFF,0xFF,0xFF,0xFF,0xFF,0xFF,0xFF,0xFF,0xFF,0xFF,0xFF,0xFF,0xFF,0xFF,0xFF,0xFF,0xFF,0xFF,0xFF,0xFF,0xFF,0xFF,0xFF,0xFF,0xFF,0xFF,0xFF,0xFF,0xFF,0xFF,
0xFF,0xFF,0xFF,0xFF,0xFF,0xFF,0xFF,0x8E,0x73,0x61,0x10,0x61,0x10,0x61,0x10,0x61,0x10,0x61,0x10,0x61,0x10,0x61,0x10,0x61,0x10,0x61,0x10,0x61,0x10,0x61,0x10,0x61,0x10,
0x61,0x10,0x61,0x10,0x61,0x10,0x61,0x10,0xF7,0xBD,0xFF,0xFF,0xFF,0xFF,0xFF,0xFF,0xFF,0xFF,0xFF,0xFF,0xFF,0xFF,0xFF,0xFF,0xFF,0xFF,0xFF,0xFF,0xFF,0xFF,0xFF,0xFF,0xFF,
0xFF,0xFF,0xFF,0xFF,0xFF,0xFF,0xFF,0xFF,0xFF,0xFF,0xFF,0xFF,0xFF,0xFF,0xFF,0xFF,0xFF,0xFF,0xFF,0xFF,0xFF,0xFF,0xFF,0xFF,0xFF,0xFF,0xFF,0xFF,0xFF,0xFF,0xFF,0xFF,0xFF,
0x28,0x4A,0x61,0x10,0x61,0x10,0x61,0x10,0x61,0x10,0x61,0x10,0x61,0x10,0x61,0x10,0x61,0x10,0x61,0x10,0x61,0x10,0x61,0x10,0x61,0x10,0x61,0x10,0x61,0x10,0x61,0x10,0x61,
0x10,0x61,0x10,0x61,0x10,0x61,0x10,0x61,0x10,0x61,0x10,0x61,0x10,0x61,0x10,0x61,0x10,0x61,0x10,0x61,0x10,0x61,0x10,0x61,0x10,0x61,0x10,0x61,0x10,0x61,0x10,0x61,0x10,
0x61,0x10,0x61,0x10,0x61,0x10,0x61,0x10,0x61,0x10,0x61,0x10,0x61,0x10,0x61,0x10,0x61,0x10,0x61,0x10,0x61,0x10,0x61,0x10,0x61,0x10,0x61,0x10,0x61,0x10,0x61,0x10,0x61,
0x10,0x61,0x10,0x61,0x10,0x61,0x10,0x61,0x10,0x61,0x10,0x61,0x10,0x61,0x10,0x61,0x10,0x61,0x10,0x61,0x10,0x61,0x10,0x61,0x10,0x61,0x10,0x86,0x31,0x71,0x94,0xEF,0x7B,
0x61,0x10,0x61,0x10,0x61,0x10,0x71,0x94,0x71,0x94,0x71,0x94,0x71,0x94,0x71,0x94,0x71,0x94,0x71,0x94,0x71,0x94,0x61,0x10,0x61,0x10,0x61,0x10,0x61,0x10,0x61,0x10,0x61,
0x10,0x61,0x10,0x61,0x10,0x61,0x10,0x61,0x10,0x61,0x10,0x61,0x10,0x61,0x10,0xEF,0x83,0x71,0x94,0x71,0x94,0x71,0x94,0x71,0x94,0x71,0x94,0x71,0x94,0x71,0x94,0x71,0x94,
0x71,0x94,0x71,0x94,0x71,0x94,0x71,0x94,0x71,0x94,0x71,0x94,0x71,0x94,0x71,0x94,0x71,0x94,0x71,0x94,0x71,0x94,0x71,0x94,0x71,0x94,0x71,0x94,0x71,0x94,0x71,0x94,0x71,
0x94,0x71,0x94,0x71,0x94,0x71,0x94,0x71,0x94,0x71,0x94,0x71,0x94,0x71,0x94,0x71,0x94,0x71,0x94,0x71,0x94,0x71,0x94,0x71,0x94,0x71,0x94,0x71,0x94,0x71,0x94,0x71,0x94,
0x82,0x10,0x61,0x10,0x61,0x10,0x69,0x52,0x71,0x94,0xEB,0x62,0x61,0x10,0x61,0x10,0x61,0x10,0x61,0x10,0x61,0x10,0x61,0x10,0x61,0x10,0x61,0x10,0x61,0x10,0x61,0x10,0x61,
0x10,0x61,0x10,0x61,0x10,0x61,0x10,0x61,0x10,0x61,0x10,0x61,0x10,0x61,0x10,0x61,0x10,0x61,0x10,0x61,0x10,0x61,0x10,0x61,0x10,0x61,0x10,0x61,0x10,0x61,0x10,0x61,0x10,
0x61,0x10,0x28,0x4A,0xFF,0xFF,0xFF,0xFF,0xFF,0xFF,0xFF,0xFF,0xFF,0xFF,0xFF,0xFF,0xFF,0xFF,0xFF,0xFF,0xFF,0xFF,0xFF,0xFF,0xFF,0xFF,0xFF,0xFF,0xFF,0xFF,0xFF,0xFF,0xFF,
0xFF,0xFF,0xFF,0xFF,0xFF,0xFF,0xFF,0xFF,0xFF,0xFF,0xFF,0xFF,0xFF,0xFF,0xFF,0xFF,0xFF,0xFF,0xFF,0xFF,0xFF,0xFF,0xFF,0xFF,0xFF,0xFF,0xFF,0xFF,0xFF,0xFF,0xFF,0xFF,0xFF,
0xFF,0xFF,0xFF,0xFF,0xFF,0xFF,0xFF,0xFF,0xFF,0xFF,0xFF,0xFF,0xFF,0xFF,0xFF,0xFF,0xFF,0xFF,0xFF,0xFF,0xFF,0xFF,0xFF,0xFF,0xFF,0xFF,0xFF,0xFF,0xFF,0xFF,0xFF,0xFF,0xFF,
0xFF,0xFF,0xFF,0x5D,0xEF,0x61,0x10,0x61,0x10,0x61,0x10,0x61,0x10,0x61,0x10,0x61,0x10,0x61,0x10,0x61,0x10,0x61,0x10,0x61,0x10,0x61,0x10,0x61,0x10,0x61,0x10,0x61,0x10,
0xFF,0xFF,0xFF,0xFF,0xFF,0xFF,0xFF,0xFF,0xFF,0xFF,0xFF,0xFF,0xFF,0xFF,0xFF,0xFF,0xFF,0xFF,0xFF,0xFF,0xFF,0xFF,0xFF,0xFF,0xFF,0xFF,0xFF,0xFF,0x1C,0xE7,0x61,0x10,0x61,
0x10,0x61,0x10,0x61,0x10,0x61,0x10,0x61,0x10,0x61,0x10,0x61,0x10,0xBA,0xD6,0xFF,0xFF,0xFF,0xFF,0xFF,0xFF,0xFF,0xFF,0xFF,0xFF,0xFF,0xFF,0xFF,0xFF,0xFF,0xFF,0xFF,0xFF,
0xFF,0xFF,0xFF,0xFF,0xFF,0xFF,0xFF,0xFF,0x71,0x8C,0x61,0x10,0x61,0x10,0x61,0x10,0x61,0x10,0x61,0x10,0x61,0x10,0x61,0x10,0x61,0x10,0x61,0x10,0x61,0x10,0x61,0x10,0x61,
0x10,0x61,0x10,0x61,0x10,0x44,0x29,0xFF,0xFF,0xFF,0xFF,0xFF,0xFF,0xFF,0xFF,0xFF,0xFF,0xFF,0xFF,0xFF,0xFF,0xFF,0xFF,0xFF,0xFF,0xFF,0xFF,0xFF,0xFF,0xFF,0xFF,0xFF,0xFF,
0xFF,0xFF,0xFF,0xFF,0xFF,0xFF,0xFF,0xFF,0xFF,0xFF,0xFF,0xFF,0xFF,0xFF,0xFF,0xFF,0xFF,0xFF,0xFF,0xFF,0xFF,0xFF,0xFF,0xFF,0xFF,0xFF,0xFF,0xFF,0xFF,0xFF,0xFF,0xFF,0xFF,
0xFF,0xFF,0xFF,0xFF,0xFF,0xFF,0xFF,0xFF,0xFF,0xFF,0xFF,0xFF,0xFF,0xFF,0xFF,0xFF,0xFF,0xFF,0xFF,0xFF,0xFF,0xFF,0xFF,0xFF,0xFF,0x61,0x10,0x61,0x10,0x61,0x10,0x61,0x10,
0x61,0x10,0x61,0x10,0x61,0x10,0x61,0x10,0x61,0x10,0x61,0x10,0x61,0x10,0x61,0x10,0x61,0x10,0x61,0x10,0x61,0x10,0x61,0x10,0x61,0x10,0x24,0x21,0x5D,0xEF,0xFF,0xFF,0xFF,
0xFF,0xFF,0xFF,0xFF,0xFF,0xFF,0xFF,0xFF,0xFF,0xFF,0xFF,0xFF,0xFF,0xFF,0xFF,0xFF,0xFF,0xFF,0xFF,0xFF,0xFF,0xFF,0xFF,0xFF,0xFF,0xFF,0xFF,0xFF,0xFF,0xFF,0xFF,0xFF,0xFF,
0xFF,0xFF,0xFF,0xFF,0xFF,0xFF,0xFF,0xFF,0xFF,0xFF,0xFF,0xFF,0xFF,0xFF,0xFF,0xFF,0xFF,0xFF,0x28,0x4A,0x61,0x10,0x61,0x10,0x61,0x10,0x61,0x10,0x61,0x10,0x61,0x10,0x61,
0x10,0x61,0x10,0x61,0x10,0x61,0x10,0x61,0x10,0x61,0x10,0x61,0x10,0x61,0x10,0x61,0x10,0x61,0x10,0x61,0x10,0x61,0x10,0x61,0x10,0x61,0x10,0x61,0x10,0x61,0x10,0x61,0x10,
0x61,0x10,0x61,0x10,0x61,0x10,0x61,0x10,0x61,0x10,0x61,0x10,0x61,0x10,0x61,0x10,0x61,0x10,0x61,0x10,0x61,0x10,0x61,0x10,0x61,0x10,0x61,0x10,0x61,0x10,0x61,0x10,0x61,
0x10,0x61,0x10,0x61,0x10,0x61,0x10,0x61,0x10,0x61,0x10,0x61,0x10,0x61,0x10,0x61,0x10,0x61,0x10,0x61,0x10,0x61,0x10,0x61,0x10,0x61,0x10,0x61,0x10,0x61,0x10,0x61,0x10,
0x61,0x10,0x61,0x10,0x61,0x10,0x61,0x10,0x61,0x10,0x61,0x10,0x61,0x10,0x61,0x10,0x71,0x94,0x71,0x94,0x6D,0x6B,0x61,0x10,0x61,0x10,0x61,0x10,0x71,0x8C,0x71,0x94,0x71,
0x94,0x71,0x94,0x71,0x94,0x71,0x94,0x61,0x10,0x61,0x10,0x61,0x10,0x61,0x10,0x61,0x10,0x61,0x10,0x61,0x10,0x61,0x10,0x61,0x10,0x61,0x10,0x61,0x10,0x61,0x10,0x61,0x10,
0xEF,0x83,0x71,0x94,0x71,0x94,0x71,0x94,0x71,0x94,0x71,0x94,0x71,0x94,0x71,0x94,0x71,0x94,0x71,0x94,0x71,0x94,0x71,0x94,0x71,0x94,0x71,0x94,0x71,0x94,0x71,0x94,0x71,
0x94,0x71,0x94,0x71,0x94,0x71,0x94,0x71,0x94,0x71,0x94,0x71,0x94,0x71,0x94,0x71,0x94,0x71,0x94,0x71,0x94,0x71,0x94,0x71,0x94,0x71,0x94,0x71,0x94,0x71,0x94,0x71,0x94,
0x71,0x94,0x71,0x94,0x71,0x94,0x71,0x94,0x71,0x94,0x71,0x94,0x71,0x94,0x61,0x10,0x61,0x10,0x61,0x10,0xC7,0x39,0x71,0x94,0x71,0x94,0x30,0x84,0x61,0x10,0x61,0x10,0x61,
0x10,0x61,0x10,0x61,0x10,0x61,0x10,0x61,0x10,0x61,0x10,0x61,0x10,0x61,0x10,0x61,0x10,0x61,0x10,0x61,0x10,0x61,0x10,0x61,0x10,0x61,0x10,0x61,0x10,0x61,0x10,0x61,0x10,
0x61,0x10,0x61,0x10,0x61,0x10,0x61,0x10,0x61,0x10,0x61,0x10,0x61,0x10,0x61,0x10,0x61,0x10,0x61,0x10,0x28,0x4A,0xFF,0xFF,0xFF,0xFF,0xFF,0xFF,0xFF,0xFF,0xFF,0xFF,0xFF,
0xFF,0xFF,0xFF,0xFF,0xFF,0xFF,0xFF,0xFF,0xFF,0xFF,0xFF,0xFF,0xFF,0xFF,0xFF,0x71,0x8C,0x61,0x10,0xA6,0x39,0xFF,0xFF,0xFF,0xFF,0xFF,0xFF,0xFF,0xFF,0xFF,0xFF,0xFF,0xFF,
0xFF,0xFF,0xFF,0xFF,0xFF,0xFF,0xFF,0xFF,0xFF,0xFF,0xFF,0xFF,0xFF,0xFF,0xFF,0xFF,0xFF,0xFF,0xFF,0xFF,0xFF,0xFF,0xFF,0xFF,0xFF,0xFF,0xFF,0xFF,0xFF,0xFF,0xFF,0xFF,0xFF,
0xFF,0xFF,0xFF,0xFF,0xFF,0xFF,0xFF,0xFF,0xFF,0xFF,0xFF,0xFF,0xFF,0xFF,0xFF,0x9E,0xF7,0x69,0x4A,0x61,0x10,0x61,0x10,0x61,0x10,0x61,0x10,0x61,0x10,0x61,0x10,0x61,0x10,
0x61,0x10,0x61,0x10,0x61,0x10,0x61,0x10,0x61,0x10,0x61,0x10,0x61,0x10,0x61,0x10,0x61,0x10,0xFF,0xFF,0xFF,0xFF,0xFF,0xFF,0xFF,0xFF,0xFF,0xFF,0xFF,0xFF,0xFF,0xFF,0xFF,
0xFF,0xFF,0xFF,0xFF,0xFF,0xFF,0xFF,0xFF,0xFF,0xFF,0xFF,0xFF,0xFF,0x1C,0xE7,0x61,0x10,0x61,0x10,0x61,0x10,0x61,0x10,0x61,0x10,0x61,0x10,0x61,0x10,0x61,0x10,0xBA,0xD6,
0xFF,0xFF,0xFF,0xFF,0xFF,0xFF,0xFF,0xFF,0xFF,0xFF,0xFF,0xFF,0xFF,0xFF,0xFF,0xFF,0xFF,0xFF,0xFF,0xFF,0xFF,0xFF,0xFF,0xFF,0xFF,0xFF,0x71,0x8C,0x61,0x10,0x61,0x10,0x61,
0x10,0x61,0x10,0x61,0x10,0x61,0x10,0x61,0x10,0x61,0x10,0x61,0x10,0x61,0x10,0x61,0x10,0x61,0x10,0x61,0x10,0x61,0x10,0x61,0x10,0x61,0x10,0xC3,0x18,0xFF,0xFF,0xFF,0xFF,
0xFF,0xFF,0xFF,0xFF,0xFF,0xFF,0xFF,0xFF,0xFF,0xFF,0xFF,0xFF,0xFF,0xFF,0xFF,0xFF,0xFF,0xFF,0xFF,0xFF,0xFF,0xFF,0xFF,0xFF,0xFF,0xFF,0xFF,0xFF,0xFF,0xFF,0xFF,0xFF,0xFF,
0xFF,0xFF,0xFF,0xFF,0xFF,0xFF,0xFF,0xFF,0xFF,0xFF,0xFF,0xFF,0xFF,0xFF,0xFF,0xFF,0xFF,0xFF,0xFF,0xFF,0xFF,0xFF,0xFF,0xFF,0xFF,0xFF,0xFF,0xFF,0xFF,0xFF,0xFF,0xFF,0xFF,
0xFF,0xFF,0xFF,0xFF,0x2C,0x63,0x61,0x10,0x61,0x10,0x61,0x10,0x61,0x10,0x61,0x10,0x61,0x10,0x61,0x10,0x61,0x10,0x61,0x10,0x61,0x10,0x61,0x10,0x61,0x10,0x61,0x10,0x61,
0x10,0x61,0x10,0x61,0x10,0x61,0x10,0x61,0x10,0x61,0x10,0x61,0x10,0x61,0x10,0xB2,0x94,0xFF,0xFF,0xFF,0xFF,0xFF,0xFF,0xFF,0xFF,0xFF,0xFF,0xFF,0xFF,0xFF,0xFF,0xFF,0xFF,
0xFF,0xFF,0xFF,0xFF,0xFF,0xFF,0xFF,0xFF,0xFF,0xFF,0xFF,0xFF,0xFF,0xFF,0xFF,0xFF,0xFF,0xFF,0xFF,0xFF,0xFF,0xFF,0xFF,0xFF,0xFF,0xFF,0xFF,0xFF,0xFF,0xFF,0xFF,0xFF,0xFF,
0xFF,0xFF,0xFF,0x28,0x4A,0x61,0x10,0x61,0x10,0x61,0x10,0x61,0x10,0x61,0x10,0x61,0x10,0x61,0x10,0x61,0x10,0x61,0x10,0x61,0x10,0x61,0x10,0x61,0x10,0x61,0x10,0x61,0x10,
0x61,0x10,0x61,0x10,0x61,0x10,0x61,0x10,0x61,0x10,0x61,0x10,0x61,0x10,0x61,0x10,0x61,0x10,0x61,0x10,0x61,0x10,0x61,0x10,0x61,0x10,0x61,0x10,0x61,0x10,0x61,0x10,0x61,
0x10,0x61,0x10,0x61,0x10,0x61,0x10,0x61,0x10,0x61,0x10,0x61,0x10,0x61,0x10,0x61,0x10,0x61,0x10,0x61,0x10,0x61,0x10,0x61,0x10,0x61,0x10,0x61,0x10,0x61,0x10,0x61,0x10,
0x61,0x10,0x61,0x10,0x61,0x10,0x61,0x10,0x61,0x10,0x61,0x10,0x61,0x10,0x61,0x10,0x61,0x10,0x61,0x10,0x61,0x10,0x61,0x10,0x61,0x10,0x61,0x10,0x61,0x10,0x61,0x10,0x61,
0x10,0xCF,0x7B,0x71,0x94,0x71,0x94,0x8A,0x52,0x61,0x10,0x61,0x10,0x28,0x42,0x71,0x94,0x71,0x94,0x71,0x94,0x71,0x94,0x71,0x94,0x61,0x10,0x61,0x10,0x61,0x10,0x61,0x10,
0x61,0x10,0x61,0x10,0x61,0x10,0x61,0x10,0x61,0x10,0x61,0x10,0x61,0x10,0x61,0x10,0x61,0x10,0xEF,0x83,0x71,0x94,0x71,0x94,0x71,0x94,0x71,0x94,0x71,0x94,0x71,0x94,0x71,
0x94,0x71,0x94,0x71,0x94,0x71,0x94,0x71,0x94,0x71,0x94,0x71,0x94,0x71,0x94,0x71,0x94,0x71,0x94,0x71,0x94,0x71,0x94,0x71,0x94,0x71,0x94,0x71,0x94,0x71,0x94,0x71,0x94,
0x71,0x94,0x71,0x94,0x71,0x94,0x71,0x94,0x71,0x94,0x71,0x94,0x71,0x94,0x71,0x94,0x71,0x94,0x71,0x94,0x71,0x94,0x71,0x94,0x71,0x94,0x71,0x94,0x71,0x94,0x71,0x94,0x61,
0x10,0x61,0x10,0x61,0x10,0x51,0x8C,0x71,0x94,0x71,0x8C,0xA6,0x31,0x61,0x10,0x61,0x10,0x61,0x10,0x61,0x10,0x61,0x10,0x61,0x10,0x61,0x10,0x61,0x10,0x61,0x10,0x61,0x10,
0x61,0x10,0x61,0x10,0x61,0x10,0x61,0x10,0x61,0x10,0x61,0x10,0x61,0x10,0x61,0x10,0x61,0x10,0x61,0x10,0x61,0x10,0x61,0x10,0x61,0x10,0x61,0x10,0x61,0x10,0x61,0x10,0x61,
0x10,0x61,0x10,0x61,0x10,0x28,0x4A,0xFF,0xFF,0xFF,0xFF,0xFF,0xFF,0xFF,0xFF,0xFF,0xFF,0xFF,0xFF,0xFF,0xFF,0xFF,0xFF,0xFF,0xFF,0xFF,0xFF,0xFF,0xFF,0xFF,0xFF,0xFF,0xFF,
0x71,0x8C,0x61,0x10,0x61,0x10,0xFF,0xFF,0xFF,0xFF,0xFF,0xFF,0xFF,0xFF,0xFF,0xFF,0xFF,0xFF,0xFF,0xFF,0xFF,0xFF,0xFF,0xFF,0xFF,0xFF,0xFF,0xFF,0xFF,0xFF,0xFF,0xFF,0xFF,
0xFF,0xFF,0xFF,0xFF,0xFF,0xFF,0xFF,0xFF,0xFF,0xFF,0xFF,0xFF,0xFF,0xFF,0xFF,0xFF,0xFF,0xFF,0xFF,0xFF,0xFF,0xFF,0xFF,0xFF,0xFF,0xFF,0xFF,0xFF,0xFF,0xFF,0xFF,0xFF,0xFF,
0xA6,0x39,0x61,0x10,0x61,0x10,0x61,0x10,0x61,0x10,0x61,0x10,0x61,0x10,0x61,0x10,0x61,0x10,0x61,0x10,0x61,0x10,0x61,0x10,0x61,0x10,0x61,0x10,0x61,0x10,0x61,0x10,0x61,
0x10,0x61,0x10,0xFF,0xFF,0xFF,0xFF,0xFF,0xFF,0xFF,0xFF,0xFF,0xFF,0xFF,0xFF,0xFF,0xFF,0xFF,0xFF,0xFF,0xFF,0xFF,0xFF,0xFF,0xFF,0xFF,0xFF,0xFF,0xFF,0xFF,0xFF,0x1C,0xE7,
0x61,0x10,0x61,0x10,0x61,0x10,0x61,0x10,0x61,0x10,0x61,0x10,0x61,0x10,0x61,0x10,0xBA,0xD6,0xFF,0xFF,0xFF,0xFF,0xFF,0xFF,0xFF,0xFF,0xFF,0xFF,0xFF,0xFF,0xFF,0xFF,0xFF,
0xFF,0xFF,0xFF,0xFF,0xFF,0xFF,0xFF,0xFF,0xFF,0xFF,0xFF,0x71,0x8C,0x61,0x10,0x61,0x10,0x61,0x10,0x61,0x10,0x61,0x10,0x61,0x10,0x61,0x10,0x61,0x10,0x61,0x10,0x61,0x10,
0x61,0x10,0x61,0x10,0x61,0x10,0x61,0x10,0x61,0x10,0x61,0x10,0x61,0x10,0xEF,0x83,0xFF,0xFF,0xFF,0xFF,0xFF,0xFF,0xFF,0xFF,0xFF,0xFF,0xFF,0xFF,0xFF,0xFF,0xFF,0xFF,0xFF,
0xFF,0xFF,0xFF,0xFF,0xFF,0xFF,0xFF,0xFF,0xFF,0xFF,0xFF,0xFF,0xFF,0xFF,0xFF,0xFF,0xFF,0xFF,0xFF,0xFF,0xFF,0xFF,0xFF,0xFF,0xFF,0xFF,0xFF,0xFF,0xFF,0xFF,0xFF,0xFF,0xFF,
0xFF,0xFF,0xFF,0xFF,0xFF,0xFF,0xFF,0xFF,0xFF,0xFF,0xFF,0xFF,0xFF,0xFF,0xFF,0xFF,0xFF,0xFF,0xFF,0xFF,0xFF,0xFF,0x61,0x10,0x61,0x10,0x61,0x10,0x61,0x10,0x61,0x10,0x61,
0x10,0x61,0x10,0x61,0x10,0x61,0x10,0x61,0x10,0x61,0x10,0x61,0x10,0x61,0x10,0x61,0x10,0x61,0x10,0x61,0x10,0x61,0x10,0x61,0x10,0x61,0x10,0x61,0x10,0x61,0x10,0x61,0x10,
0x61,0x10,0xEF,0x83,0xFF,0xFF,0xFF,0xFF,0xFF,0xFF,0xFF,0xFF,0xFF,0xFF,0xFF,0xFF,0xFF,0xFF,0xFF,0xFF,0xFF,0xFF,0xFF,0xFF,0xFF,0xFF,0xFF,0xFF,0xFF,0xFF,0xFF,0xFF,0xFF,
0xFF,0xFF,0xFF,0xFF,0xFF,0xFF,0xFF,0xFF,0xFF,0xFF,0xFF,0xFF,0xFF,0xFF,0xFF,0xFF,0xFF,0xFF,0xFF,0xFF,0xFF,0x28,0x4A,0x61,0x10,0x61,0x10,0x61,0x10,0x61,0x10,0x61,0x10,
0x61,0x10,0x61,0x10,0x61,0x10,0x61,0x10,0x61,0x10,0x61,0x10,0x61,0x10,0x61,0x10,0x61,0x10,0x61,0x10,0x61,0x10,0x61,0x10,0x61,0x10,0x61,0x10,0x61,0x10,0x61,0x10,0x61,
0x10,0x61,0x10,0x61,0x10,0x61,0x10,0x61,0x10,0x61,0x10,0x61,0x10,0x61,0x10,0x61,0x10,0x61,0x10,0x61,0x10,0x61,0x10,0x61,0x10,0x61,0x10,0x61,0x10,0x61,0x10,0x61,0x10,
0x61,0x10,0x61,0x10,0x61,0x10,0x61,0x10,0x61,0x10,0x61,0x10,0x61,0x10,0x61,0x10,0x61,0x10,0x61,0x10,0x61,0x10,0x61,0x10,0x61,0x10,0x61,0x10,0x61,0x10,0x61,0x10,0x61,
0x10,0x61,0x10,0x61,0x10,0x61,0x10,0x61,0x10,0x61,0x10,0x61,0x10,0x61,0x10,0x61,0x10,0x61,0x10,0x61,0x10,0x71,0x94,0x71,0x94,0x71,0x94,0x61,0x10,0x61,0x10,0x61,0x10,
0x61,0x10,0x71,0x94,0x71,0x94,0x71,0x94,0x71,0x94,0x61,0x10,0x61,0x10,0x61,0x10,0x61,0x10,0x61,0x10,0x61,0x10,0x61,0x10,0x61,0x10,0x61,0x10,0x61,0x10,0x61,0x10,0x61,
0x10,0x61,0x10,0xEF,0x83,0x71,0x94,0x71,0x94,0x71,0x94,0x71,0x94,0x71,0x94,0x71,0x94,0x71,0x94,0x71,0x94,0x71,0x94,0x71,0x94,0x71,0x94,0x71,0x94,0x71,0x94,0x71,0x94,
0x71,0x94,0x71,0x94,0x71,0x94,0x71,0x94,0x71,0x94,0x71,0x94,0x71,0x94,0x71,0x94,0x71,0x94,0x71,0x94,0x71,0x94,0x71,0x94,0x71,0x94,0x71,0x94,0x71,0x94,0x71,0x94,0x71,
0x94,0x71,0x94,0x71,0x94,0x71,0x94,0x71,0x94,0x71,0x94,0x71,0x94,0xEF,0x83,0xE3,0x18,0x61,0x10,0x61,0x10,0x6D,0x73,0x71,0x94,0x4D,0x6B,0x61,0x10,0x61,0x10,0x61,0x10,
0x61,0x10,0x61,0x10,0x61,0x10,0x61,0x10,0x61,0x10,0x61,0x10,0x61,0x10,0x61,0x10,0x61,0x10,0x61,0x10,0x61,0x10,0x61,0x10,0x61,0x10,0x61,0x10,0x61,0x10,0x61,0x10,0x61,
0x10,0x61,0x10,0x61,0x10,0x61,0x10,0x61,0x10,0x61,0x10,0x61,0x10,0x61,0x10,0x61,0x10,0x61,0x10,0x61,0x10,0x61,0x10,0x28,0x4A,0xFF,0xFF,0xFF,0xFF,0xFF,0xFF,0xFF,0xFF,
0xFF,0xFF,0xFF,0xFF,0xFF,0xFF,0xFF,0xFF,0xFF,0xFF,0xFF,0xFF,0xFF,0xFF,0xFF,0xFF,0xFF,0xFF,0x71,0x8C,0x61,0x10,0x61,0x10,0xA2,0x18,0x34,0xAD,0xFF,0xFF,0xFF,0xFF,0xFF,
0xFF,0xFF,0xFF,0xFF,0xFF,0xFF,0xFF,0xFF,0xFF,0xFF,0xFF,0xFF,0xFF,0xFF,0xFF,0xFF,0xFF,0xFF,0xFF,0xFF,0xFF,0xFF,0xFF,0xFF,0xFF,0xFF,0xFF,0xFF,0xFF,0xFF,0xFF,0xFF,0xFF,
0xFF,0xFF,0xFF,0xFF,0xFF,0xFF,0xFF,0xFF,0xFF,0xFF,0xFF,0xFF,0xFF,0xFF,0xDF,0xFF,0xEF,0x7B,0x61,0x10,0x61,0x10,0x61,0x10,0x61,0x10,0x61,0x10,0x61,0x10,0x61,0x10,0x61,
0x10,0x61,0x10,0x61,0x10,0x61,0x10,0x61,0x10,0x61,0x10,0x61,0x10,0x61,0x10,0x61,0x10,0x61,0x10,0x61,0x10,0xFF,0xFF,0xFF,0xFF,0xFF,0xFF,0xFF,0xFF,0xFF,0xFF,0xFF,0xFF,
0xFF,0xFF,0xFF,0xFF,0xFF,0xFF,0xFF,0xFF,0xFF,0xFF,0xFF,0xFF,0xFF,0xFF,0xFF,0xFF,0x1C,0xE7,0x61,0x10,0x61,0x10,0x61,0x10,0x61,0x10,0x61,0x10,0x61,0x10,0x61,0x10,0x61,
0x10,0xBA,0xD6,0xFF,0xFF,0xFF,0xFF,0xFF,0xFF,0xFF,0xFF,0xFF,0xFF,0xFF,0xFF,0xFF,0xFF,0xFF,0xFF,0xFF,0xFF,0xFF,0xFF,0xFF,0xFF,0xFF,0xFF,0xFF,0xFF,0x71,0x8C,0x61,0x10,
0x61,0x10,0x61,0x10,0x61,0x10,0x61,0x10,0x61,0x10,0x61,0x10,0x61,0x10,0x61,0x10,0x61,0x10,0x61,0x10,0x61,0x10,0x61,0x10,0x61,0x10,0x61,0x10,0x61,0x10,0x61,0x10,0x61,
0x10,0x61,0x10,0x55,0xAD,0xFF,0xFF,0xFF,0xFF,0xFF,0xFF,0xFF,0xFF,0xFF,0xFF,0xFF,0xFF,0xFF,0xFF,0xFF,0xFF,0xFF,0xFF,0xFF,0xFF,0xFF,0xFF,0xFF,0xFF,0xFF,0xFF,0xFF,0xFF,
0xFF,0xFF,0xFF,0xFF,0xFF,0xFF,0xFF,0xFF,0xFF,0xFF,0xFF,0xFF,0xFF,0xFF,0xFF,0xFF,0xFF,0xFF,0xFF,0xFF,0xFF,0xFF,0xFF,0xFF,0xFF,0xFF,0xFF,0xFF,0xFF,0xFF,0xFF,0xFF,0xFF,
0xFF,0xFF,0xFF,0x0C,0x63,0x61,0x10,0x61,0x10,0x61,0x10,0x61,0x10,0x61,0x10,0x61,0x10,0x61,0x10,0x61,0x10,0x61,0x10,0x61,0x10,0x61,0x10,0x61,0x10,0x61,0x10,0x61,0x10,
0x61,0x10,0x61,0x10,0x61,0x10,0x61,0x10,0x61,0x10,0x61,0x10,0x61,0x10,0x61,0x10,0x61,0x10,0x61,0x10,0x61,0x10,0xA6,0x39,0xBA,0xD6,0xFF,0xFF,0xFF,0xFF,0xFF,0xFF,0xFF,
0xFF,0xFF,0xFF,0xFF,0xFF,0xFF,0xFF,0xFF,0xFF,0xFF,0xFF,0xFF,0xFF,0xFF,0xFF,0xFF,0xFF,0xFF,0xFF,0xFF,0xFF,0xFF,0xFF,0xFF,0xFF,0xFF,0xFF,0xFF,0xFF,0xFF,0xFF,0xFF,0xFF,
0xFF,0xFF,0xFF,0xFF,0xFF,0xFF,0x28,0x4A,0x61,0x10,0x61,0x10,0x61,0x10,0x61,0x10,0x61,0x10,0x61,0x10,0x61,0x10,0x61,0x10,0x61,0x10,0x61,0x10,0x61,0x10,0x61,0x10,0x61,
0x10,0x61,0x10,0x61,0x10,0x61,0x10,0x61,0x10,0x61,0x10,0x61,0x10,0x61,0x10,0x61,0x10,0x61,0x10,0x61,0x10,0x61,0x10,0x61,0x10,0x61,0x10,0x61,0x10,0x61,0x10,0x61,0x10,
0x61,0x10,0x61,0x10,0x61,0x10,0x61,0x10,0x61,0x10,0x61,0x10,0x61,0x10,0x61,0x10,0x61,0x10,0x61,0x10,0x61,0x10,0x61,0x10,0x61,0x10,0x61,0x10,0x61,0x10,0x61,0x10,0x61,
0x10,0x61,0x10,0x61,0x10,0x61,0x10,0x61,0x10,0x61,0x10,0x61,0x10,0x61,0x10,0x61,0x10,0x61,0x10,0x61,0x10,0x61,0x10,0x61,0x10,0x61,0x10,0x61,0x10,0x61,0x10,0x61,0x10,
0x61,0x10,0x61,0x10,0x61,0x10,0xCB,0x5A,0x71,0x94,0x71,0x94,0xE3,0x18,0x61,0x10,0x61,0x10,0x61,0x10,0x71,0x94,0x71,0x94,0x71,0x94,0x71,0x94,0x61,0x10,0x61,0x10,0x61,
0x10,0x61,0x10,0x61,0x10,0x61,0x10,0x61,0x10,0x61,0x10,0x61,0x10,0x61,0x10,0x61,0x10,0x61,0x10,0x61,0x10,0xEF,0x83,0x71,0x94,0x71,0x94,0x71,0x94,0x71,0x94,0x71,0x94,
0x71,0x94,0x71,0x94,0x71,0x94,0x71,0x94,0x71,0x94,0x71,0x94,0x71,0x94,0x71,0x94,0x71,0x94,0x71,0x94,0x71,0x94,0x71,0x94,0x71,0x94,0x71,0x94,0x71,0x94,0x71,0x94,0x71,
0x94,0x71,0x94,0x71,0x94,0x71,0x94,0x71,0x94,0x71,0x94,0x71,0x94,0x71,0x94,0x71,0x94,0x71,0x94,0x71,0x94,0x71,0x94,0x71,0x94,0x71,0x94,0x71,0x94,0x71,0x94,0xE3,0x20,
0x61,0x10,0x61,0x10,0x61,0x10,0x71,0x94,0x71,0x94,0xA2,0x18,0x61,0x10,0x61,0x10,0x61,0x10,0x61,0x10,0x61,0x10,0x61,0x10,0x61,0x10,0x61,0x10,0x61,0x10,0x61,0x10,0x61,
0x10,0x61,0x10,0x61,0x10,0x61,0x10,0x61,0x10,0x61,0x10,0x61,0x10,0x61,0x10,0x61,0x10,0x61,0x10,0x61,0x10,0x61,0x10,0x61,0x10,0x61,0x10,0x61,0x10,0x61,0x10,0x61,0x10,
0x61,0x10,0x61,0x10,0x61,0x10,0x61,0x10,0x28,0x4A,0xFF,0xFF,0xFF,0xFF,0xFF,0xFF,0xFF,0xFF,0xFF,0xFF,0xFF,0xFF,0xFF,0xFF,0xFF,0xFF,0xFF,0xFF,0xFF,0xFF,0xFF,0xFF,0xFF,
0xFF,0xFF,0xFF,0x71,0x8C,0x61,0x10,0x61,0x10,0x61,0x10,0x61,0x10,0xBE,0xF7,0xFF,0xFF,0xFF,0xFF,0xFF,0xFF,0xFF,0xFF,0xFF,0xFF,0xFF,0xFF,0xFF,0xFF,0xFF,0xFF,0xFF,0xFF,
0xFF,0xFF,0xFF,0xFF,0xFF,0xFF,0xFF,0xFF,0xFF,0xFF,0xFF,0xFF,0xFF,0xFF,0xFF,0xFF,0xFF,0xFF,0xFF,0xFF,0xFF,0xFF,0xFF,0xFF,0xFF,0xFF,0xFF,0xFF,0xFF,0xFF,0xFF,0xFF,0x28,
0x42,0x61,0x10,0x61,0x10,0x61,0x10,0x61,0x10,0x61,0x10,0x61,0x10,0x61,0x10,0x61,0x10,0x61,0x10,0x61,0x10,0x61,0x10,0x61,0x10,0x61,0x10,0x61,0x10,0x61,0x10,0x61,0x10,
0x61,0x10,0x61,0x10,0x61,0x10,0xFF,0xFF,0xFF,0xFF,0xFF,0xFF,0xFF,0xFF,0xFF,0xFF,0xFF,0xFF,0xFF,0xFF,0xFF,0xFF,0xFF,0xFF,0xFF,0xFF,0xFF,0xFF,0xFF,0xFF,0xFF,0xFF,0xFF,
0xFF,0x1C,0xE7,0x61,0x10,0x61,0x10,0x61,0x10,0x61,0x10,0x61,0x10,0x61,0x10,0x61,0x10,0x61,0x10,0xBA,0xD6,0xFF,0xFF,0xFF,0xFF,0xFF,0xFF,0xFF,0xFF,0xFF,0xFF,0xFF,0xFF,
0xFF,0xFF,0xFF,0xFF,0xFF,0xFF,0xFF,0xFF,0xFF,0xFF,0xFF,0xFF,0xFF,0xFF,0x71,0x8C,0x61,0x10,0x61,0x10,0x61,0x10,0x61,0x10,0x61,0x10,0x61,0x10,0x61,0x10,0x61,0x10,0x61,
0x10,0x61,0x10,0x61,0x10,0x61,0x10,0x61,0x10,0x61,0x10,0x61,0x10,0x61,0x10,0x61,0x10,0x61,0x10,0x61,0x10,0x61,0x10,0x3C,0xE7,0xFF,0xFF,0xFF,0xFF,0xFF,0xFF,0xFF,0xFF,
0xFF,0xFF,0xFF,0xFF,0xFF,0xFF,0xFF,0xFF,0xFF,0xFF,0xFF,0xFF,0xFF,0xFF,0xFF,0xFF,0xFF,0xFF,0xFF,0xFF,0xFF,0xFF,0xFF,0xFF,0xFF,0xFF,0xFF,0xFF,0xFF,0xFF,0xFF,0xFF,0xFF,
0xFF,0xFF,0xFF,0xFF,0xFF,0xFF,0xFF,0xFF,0xFF,0xFF,0xFF,0xFF,0xFF,0xFF,0xFF,0xFF,0xFF,0xFF,0xFF,0x75,0xB5,0x61,0x10,0x61,0x10,0x61,0x10,0x61,0x10,0x61,0x10,0x61,0x10,
0x61,0x10,0x61,0x10,0x61,0x10,0x61,0x10,0x61,0x10,0x61,0x10,0x61,0x10,0x61,0x10,0x61,0x10,0x61,0x10,0x61,0x10,0x61,0x10,0x61,0x10,0x61,0x10,0x61,0x10,0x61,0x10,0x61,
0x10,0x61,0x10,0x61,0x10,0x61,0x10,0x61,0x10,0xA2,0x10,0xFF,0xFF,0xFF,0xFF,0xFF,0xFF,0xFF,0xFF,0xFF,0xFF,0xFF,0xFF,0xFF,0xFF,0xFF,0xFF,0xFF,0xFF,0xFF,0xFF,0xFF,0xFF,
0xFF,0xFF,0xFF,0xFF,0xFF,0xFF,0xFF,0xFF,0xFF,0xFF,0xFF,0xFF,0xFF,0xFF,0xFF,0xFF,0xFF,0xFF,0xFF,0xFF,0xFF,0xFF,0xFF,0xFF,0x28,0x4A,0x61,0x10,0x61,0x10,0x61,0x10,0x61,
0x10,0x61,0x10,0x61,0x10,0x61,0x10,0x61,0x10,0x61,0x10,0x61,0x10,0x61,0x10,0x61,0x10,0x61,0x10,0x61,0x10,0x61,0x10,0x61,0x10,0x61,0x10,0x61,0x10,0x61,0x10,0x61,0x10,
0x61,0x10,0x61,0x10,0x61,0x10,0x61,0x10,0x61,0x10,0x61,0x10,0x61,0x10,0x61,0x10,0x61,0x10,0x61,0x10,0x61,0x10,0x61,0x10,0x61,0x10,0x61,0x10,0x61,0x10,0x61,0x10,0x61,
0x10,0x61,0x10,0x61,0x10,0x61,0x10,0x61,0x10,0x61,0x10,0x61,0x10,0x61,0x10,0x61,0x10,0x61,0x10,0x61,0x10,0x61,0x10,0x61,0x10,0x61,0x10,0x61,0x10,0x61,0x10,0x61,0x10,
0x61,0x10,0x61,0x10,0x61,0x10,0x61,0x10,0x61,0x10,0x61,0x10,0x61,0x10,0x61,0x10,0x61,0x10,0x61,0x10,0x61,0x10,0x61,0x10,0x61,0x10,0xA2,0x10,0xAF,0x7B,0x71,0x94,0xAE,
0x73,0x61,0x10,0x61,0x10,0x61,0x10,0x69,0x4A,0x71,0x94,0x71,0x94,0x61,0x10,0x61,0x10,0x61,0x10,0x61,0x10,0x61,0x10,0x61,0x10,0x61,0x10,0x61,0x10,0x61,0x10,0x61,0x10,
0x61,0x10,0x61,0x10,0x61,0x10,0xEF,0x83,0x71,0x94,0x71,0x94,0x71,0x94,0x71,0x94,0x71,0x94,0x71,0x94,0x71,0x94,0x71,0x94,0x71,0x94,0x71,0x94,0x71,0x94,0x71,0x94,0x71,
0x94,0x71,0x94,0x71,0x94,0x71,0x94,0x71,0x94,0x71,0x94,0x71,0x94,0x71,0x94,0x71,0x94,0x71,0x94,0x71,0x94,0x71,0x94,0x71,0x94,0x71,0x94,0x71,0x94,0x71,0x94,0x71,0x94,
0x71,0x94,0x71,0x94,0x71,0x94,0x71,0x94,0x71,0x94,0x71,0x94,0xCF,0x7B,0xC2,0x18,0x61,0x10,0x61,0x10,0x69,0x4A,0x71,0x94,0x71,0x94,0x65,0x31,0x61,0x10,0x61,0x10,0x61,
0x10,0x61,0x10,0x61,0x10,0x61,0x10,0x61,0x10,0x61,0x10,0x61,0x10,0x61,0x10,0x61,0x10,0x61,0x10,0x61,0x10,0x61,0x10,0x61,0x10,0x61,0x10,0x61,0x10,0x61,0x10,0x61,0x10,
0x61,0x10,0x61,0x10,0x61,0x10,0x61,0x10,0x61,0x10,0x61,0x10,0x61,0x10,0x61,0x10,0x61,0x10,0x61,0x10,0x61,0x10,0x61,0x10,0x61,0x10,0x28,0x4A,0xFF,0xFF,0xFF,0xFF,0xFF,
0xFF,0xFF,0xFF,0xFF,0xFF,0xFF,0xFF,0xFF,0xFF,0xFF,0xFF,0xFF,0xFF,0xFF,0xFF,0xFF,0xFF,0xFF,0xFF,0xFF,0xFF,0x71,0x8C,0x61,0x10,0x61,0x10,0x61,0x10,0x61,0x10,0x61,0x10,
0xCF,0x7B,0xFF,0xFF,0xFF,0xFF,0xFF,0xFF,0xFF,0xFF,0xFF,0xFF,0xFF,0xFF,0xFF,0xFF,0xFF,0xFF,0xFF,0xFF,0xFF,0xFF,0xFF,0xFF,0xFF,0xFF,0xFF,0xFF,0xFF,0xFF,0xFF,0xFF,0xFF,
0xFF,0xFF,0xFF,0xFF,0xFF,0xFF,0xFF,0xFF,0xFF,0xFF,0xFF,0xFF,0xFF,0x24,0x21,0x61,0x10,0x61,0x10,0x61,0x10,0x61,0x10,0x61,0x10,0x61,0x10,0x61,0x10,0x61,0x10,0x61,0x10,
0x61,0x10,0x61,0x10,0x61,0x10,0x61,0x10,0x61,0x10,0x61,0x10,0x61,0x10,0x61,0x10,0x61,0x10,0x61,0x10,0x61,0x10,0x61,0x10,0xFF,0xFF,0xFF,0xFF,0xFF,0xFF,0xFF,0xFF,0xFF,
0xFF,0xFF,0xFF,0xFF,0xFF,0xFF,0xFF,0xFF,0xFF,0xFF,0xFF,0xFF,0xFF,0xFF,0xFF,0xFF,0xFF,0xFF,0xFF,0x1C,0xE7,0x61,0x10,0x61,0x10,0x61,0x10,0x61,0x10,0x61,0x10,0x61,0x10,
0x61,0x10,0x61,0x10,0xBA,0xD6,0xFF,0xFF,0xFF,0xFF,0xFF,0xFF,0xFF,0xFF,0xFF,0xFF,0xFF,0xFF,0xFF,0xFF,0xFF,0xFF,0xFF,0xFF,0xFF,0xFF,0xFF,0xFF,0xFF,0xFF,0xFF,0xFF,0x71,
0x8C,0x61,0x10,0x61,0x10,0x61,0x10,0x61,0x10,0x61,0x10,0x61,0x10,0x61,0x10,0x61,0x10,0x61,0x10,0x61,0x10,0x61,0x10,0x61,0x10,0x61,0x10,0x61,0x10,0x61,0x10,0x61,0x10,
0x61,0x10,0x61,0x10,0x61,0x10,0x61,0x10,0x61,0x10,0x24,0x21,0x92,0x94,0xFF,0xFF,0xFF,0xFF,0xFF,0xFF,0xFF,0xFF,0xFF,0xFF,0xFF,0xFF,0xFF,0xFF,0xFF,0xFF,0xFF,0xFF,0xFF,
0xFF,0xFF,0xFF,0xFF,0xFF,0xFF,0xFF,0xFF,0xFF,0xFF,0xFF,0xFF,0xFF,0xFF,0xFF,0xFF,0xFF,0xFF,0xFF,0xFF,0xFF,0xFF,0xFF,0xFF,0xFF,0xFF,0xFF,0xFF,0xFF,0xFF,0xFF,0xFF,0xFF,
0xBA,0xD6,0x61,0x10,0x61,0x10,0x61,0x10,0x61,0x10,0x61,0x10,0x61,0x10,0x61,0x10,0x61,0x10,0x61,0x10,0x61,0x10,0x61,0x10,0x61,0x10,0x61,0x10,0x61,0x10,0x61,0x10,0x61,
0x10,0x61,0x10,0x61,0x10,0x61,0x10,0x61,0x10,0x61,0x10,0x61,0x10,0x61,0x10,0x61,0x10,0x61,0x10,0x61,0x10,0x61,0x10,0x61,0x10,0x61,0x10,0x61,0x10,0x61,0x10,0x08,0x42,
0x96,0xB5,0xFF,0xFF,0xFF,0xFF,0xFF,0xFF,0xFF,0xFF,0xFF,0xFF,0xFF,0xFF,0xFF,0xFF,0xFF,0xFF,0xFF,0xFF,0xFF,0xFF,0xFF,0xFF,0xFF,0xFF,0xFF,0xFF,0xFF,0xFF,0xFF,0xFF,0xFF,
0xFF,0xFF,0xFF,0xFF,0xFF,0xFF,0xFF,0xFF,0xFF,0x28,0x4A,0x61,0x10,0x61,0x10,0x61,0x10,0x61,0x10,0x61,0x10,0x61,0x10,0x61,0x10,0x61,0x10,0x61,0x10,0x61,0x10,0x61,0x10,
0x61,0x10,0x61,0x10,0x61,0x10,0x61,0x10,0x61,0x10,0x61,0x10,0x61,0x10,0x61,0x10,0x61,0x10,0x61,0x10,0x61,0x10,0x61,0x10,0x61,0x10,0x61,0x10,0x61,0x10,0x61,0x10,0x61,
0x10,0x61,0x10,0x61,0x10,0x61,0x10,0x61,0x10,0x61,0x10,0x61,0x10,0x61,0x10,0x61,0x10,0x61,0x10,0x61,0x10,0x61,0x10,0x61,0x10,0x61,0x10,0x61,0x10,0x61,0x10,0x61,0x10,
0x61,0x10,0x61,0x10,0x61,0x10,0x61,0x10,0x61,0x10,0x61,0x10,0x61,0x10,0x61,0x10,0x61,0x10,0x61,0x10,0x61,0x10,0x61,0x10,0x61,0x10,0x61,0x10,0x61,0x10,0x61,0x10,0x61,
0x10,0x61,0x10,0x61,0x10,0x61,0x10,0x61,0x10,0x61,0x10,0x61,0x10,0xE3,0x18,0x71,0x94,0x71,0x94,0xC2,0x18,0x61,0x10,0x61,0x10,0x61,0x10,0x71,0x8C,0x71,0x94,0x61,0x10,
0x61,0x10,0x61,0x10,0x61,0x10,0x61,0x10,0x61,0x10,0x61,0x10,0x61,0x10,0x61,0x10,0x61,0x10,0x61,0x10,0x61,0x10,0x61,0x10,0xEF,0x83,0x71,0x94,0x71,0x94,0x71,0x94,0x71,
0x94,0x71,0x94,0x71,0x94,0x71,0x94,0x71,0x94,0x71,0x94,0x71,0x94,0x71,0x94,0x71,0x94,0x71,0x94,0x71,0x94,0x71,0x94,0x71,0x94,0x71,0x94,0x71,0x94,0x71,0x94,0x71,0x94,
0x71,0x94,0x71,0x94,0x71,0x94,0x71,0x94,0x71,0x94,0x71,0x94,0x71,0x94,0x71,0x94,0x71,0x94,0x71,0x94,0x71,0x94,0x71,0x94,0x71,0x94,0x71,0x94,0x71,0x94,0xA2,0x18,0x61,
0x10,0x61,0x10,0x61,0x10,0x71,0x94,0x71,0x94,0x71,0x8C,0x61,0x10,0x61,0x10,0x61,0x10,0x61,0x10,0x61,0x10,0x61,0x10,0x61,0x10,0x61,0x10,0x61,0x10,0x61,0x10,0x61,0x10,
0x61,0x10,0x61,0x10,0x61,0x10,0x61,0x10,0x61,0x10,0x61,0x10,0x61,0x10,0x61,0x10,0x61,0x10,0x61,0x10,0x61,0x10,0x61,0x10,0x61,0x10,0x61,0x10,0x61,0x10,0x61,0x10,0x61,
0x10,0x61,0x10,0x61,0x10,0x61,0x10,0x61,0x10,0x61,0x10,0x28,0x4A,0xFF,0xFF,0xFF,0xFF,0xFF,0xFF,0xFF,0xFF,0xFF,0xFF,0xFF,0xFF,0xFF,0xFF,0xFF,0xFF,0xFF,0xFF,0xFF,0xFF,
0xFF,0xFF,0xFF,0xFF,0xFF,0xFF,0x71,0x8C,0x61,0x10,0x61,0x10,0x61,0x10,0x61,0x10,0x61,0x10,0x61,0x10,0x55,0xAD,0xFF,0xFF,0xFF,0xFF,0xFF,0xFF,0xFF,0xFF,0xFF,0xFF,0xFF,
0xFF,0xFF,0xFF,0xFF,0xFF,0xFF,0xFF,0xFF,0xFF,0xFF,0xFF,0xFF,0xFF,0xFF,0xFF,0xFF,0xFF,0xFF,0xFF,0xFF,0xFF,0xFF,0xFF,0xFF,0xFF,0xFF,0xFF,0xBE,0xF7,0xB2,0x94,0x61,0x10,
0x61,0x10,0x61,0x10,0x61,0x10,0x61,0x10,0x61,0x10,0x61,0x10,0x61,0x10,0x61,0x10,0x61,0x10,0x61,0x10,0x61,0x10,0x61,0x10,0x61,0x10,0x61,0x10,0x61,0x10,0x61,0x10,0x61,
0x10,0x61,0x10,0x61,0x10,0x61,0x10,0x61,0x10,0xFF,0xFF,0xFF,0xFF,0xFF,0xFF,0xFF,0xFF,0xFF,0xFF,0xFF,0xFF,0xFF,0xFF,0xFF,0xFF,0xFF,0xFF,0xFF,0xFF,0xFF,0xFF,0xFF,0xFF,
0xFF,0xFF,0xFF,0xFF,0x1C,0xE7,0x61,0x10,0x61,0x10,0x61,0x10,0x61,0x10,0x61,0x10,0x61,0x10,0x61,0x10,0x61,0x10,0xBA,0xD6,0xFF,0xFF,0xFF,0xFF,0xFF,0xFF,0xFF,0xFF,0xFF,
0xFF,0xFF,0xFF,0xFF,0xFF,0xFF,0xFF,0xFF,0xFF,0xFF,0xFF,0xFF,0xFF,0xFF,0xFF,0xFF,0xFF,0x71,0x8C,0x61,0x10,0x61,0x10,0x61,0x10,0x61,0x10,0x61,0x10,0x61,0x10,0x61,0x10,
0x61,0x10,0x61,0x10,0x61,0x10,0x61,0x10,0x61,0x10,0x61,0x10,0x61,0x10,0x61,0x10,0x61,0x10,0x61,0x10,0x61,0x10,0x61,0x10,0x61,0x10,0x61,0x10,0x61,0x10,0x61,0x10,0x3C,
0xE7,0xFF,0xFF,0xFF,0xFF,0xFF,0xFF,0xFF,0xFF,0xFF,0xFF,0xFF,0xFF,0xFF,0xFF,0xFF,0xFF,0xFF,0xFF,0xFF,0xFF,0xFF,0xFF,0xFF,0xFF,0xFF,0xFF,0xFF,0xFF,0xFF,0xFF,0xFF,0xFF,
0xFF,0xFF,0xFF,0xFF,0xFF,0xFF,0xFF,0xFF,0xFF,0xFF,0xFF,0xFF,0xFF,0xFF,0xD7,0xBD,0x8A,0x52,0x61,0x10,0x61,0x10,0x61,0x10,0x61,0x10,0x61,0x10,0x61,0x10,0x61,0x10,0x61,
0x10,0x61,0x10,0x61,0x10,0x61,0x10,0x61,0x10,0x61,0x10,0x61,0x10,0x61,0x10,0x61,0x10,0x61,0x10,0x61,0x10,0x61,0x10,0x61,0x10,0x61,0x10,0x61,0x10,0x61,0x10,0x61,0x10,
0x61,0x10,0x61,0x10,0x61,0x10,0x61,0x10,0x61,0x10,0x61,0x10,0x61,0x10,0x61,0x10,0x61,0x10,0x61,0x10,0xEF,0x7B,0xFF,0xFF,0xFF,0xFF,0xFF,0xFF,0xFF,0xFF,0xFF,0xFF,0xFF,
0xFF,0xFF,0xFF,0xFF,0xFF,0xFF,0xFF,0xFF,0xFF,0xFF,0xFF,0xFF,0xFF,0xFF,0xFF,0xFF,0xFF,0xFF,0xFF,0xFF,0xFF,0xFF,0xFF,0xFF,0xFF,0xFF,0xFF,0x28,0x4A,0x61,0x10,0x61,0x10,
0x61,0x10,0x61,0x10,0x61,0x10,0x61,0x10,0x61,0x10,0x61,0x10,0x61,0x10,0x61,0x10,0x61,0x10,0x61,0x10,0x61,0x10,0x61,0x10,0x61,0x10,0x61,0x10,0x61,0x10,0x61,0x10,0x61,
0x10,0x61,0x10,0x61,0x10,0x61,0x10,0x61,0x10,0x61,0x10,0x61,0x10,0x61,0x10,0x61,0x10,0x61,0x10,0x61,0x10,0x61,0x10,0x61,0x10,0x61,0x10,0x61,0x10,0x61,0x10,0x61,0x10,
0x61,0x10,0x61,0x10,0x61,0x10,0x61,0x10,0x61,0x10,0x61,0x10,0x61,0x10,0x61,0x10,0x61,0x10,0x61,0x10,0x61,0x10,0x61,0x10,0x61,0x10,0x61,0x10,0x61,0x10,0x61,0x10,0x61,
0x10,0x61,0x10,0x61,0x10,0x61,0x10,0x61,0x10,0x61,0x10,0x61,0x10,0x61,0x10,0x61,0x10,0x61,0x10,0x61,0x10,0x61,0x10,0x61,0x10,0x61,0x10,0x61,0x10,0x61,0x10,0x61,0x10,
0x10,0x84,0x71,0x94,0x71,0x94,0xCF,0x7B,0x61,0x10,0x61,0x10,0x61,0x10,0x03,0x21,0x61,0x10,0x61,0x10,0x61,0x10,0x61,0x10,0x61,0x10,0x61,0x10,0x61,0x10,0x61,0x10,0x61,
0x10,0x61,0x10,0x61,0x10,0x61,0x10,0x61,0x10,0xEF,0x83,0x71,0x94,0x71,0x94,0x71,0x94,0x71,0x94,0x71,0x94,0x71,0x94,0x71,0x94,0x71,0x94,0x71,0x94,0x71,0x94,0x71,0x94,
0x71,0x94,0x71,0x94,0x71,0x94,0x71,0x94,0x71,0x94,0x71,0x94,0x71,0x94,0x71,0x94,0x71,0x94,0x71,0x94,0x71,0x94,0x71,0x94,0x71,0x94,0x71,0x94,0x71,0x94,0x71,0x94,0x71,
0x94,0x71,0x94,0x71,0x94,0x71,0x94,0x71,0x94,0x71,0x94,0x51,0x8C,0x08,0x42,0x61,0x10,0x61,0x10,0x61,0x10,0x8A,0x52,0x71,0x94,0x71,0x94,0x61,0x10,0x61,0x10,0x61,0x10,
0x61,0x10,0x61,0x10,0x61,0x10,0x61,0x10,0x61,0x10,0x61,0x10,0x61,0x10,0x61,0x10,0x61,0x10,0x61,0x10,0x61,0x10,0x61,0x10,0x61,0x10,0x61,0x10,0x61,0x10,0x61,0x10,0x61,
0x10,0x61,0x10,0x61,0x10,0x61,0x10,0x61,0x10,0x61,0x10,0x61,0x10,0x61,0x10,0x61,0x10,0x61,0x10,0x61,0x10,0x61,0x10,0x61,0x10,0x61,0x10,0x61,0x10,0x28,0x4A,0xFF,0xFF,
0xFF,0xFF,0xFF,0xFF,0xFF,0xFF,0xFF,0xFF,0xFF,0xFF,0xFF,0xFF,0xFF,0xFF,0xFF,0xFF,0xFF,0xFF,0xFF,0xFF,0xFF,0xFF,0xFF,0xFF,0x71,0x8C,0x61,0x10,0x61,0x10,0x61,0x10,0x61,
0x10,0x61,0x10,0x61,0x10,0x61,0x10,0x61,0x10,0xE3,0x18,0x18,0xC6,0xFF,0xFF,0xFF,0xFF,0xFF,0xFF,0xFF,0xFF,0xFF,0xFF,0xFF,0xFF,0xFF,0xFF,0xFF,0xFF,0xFF,0xFF,0xFF,0xFF,
0xFF,0xFF,0xFF,0xFF,0xFF,0xFF,0xDF,0xFF,0x65,0x31,0x61,0x10,0x61,0x10,0x61,0x10,0x61,0x10,0x61,0x10,0x61,0x10,0x61,0x10,0x61,0x10,0x61,0x10,0x61,0x10,0x61,0x10,0x61,
0x10,0x61,0x10,0x61,0x10,0x61,0x10,0x61,0x10,0x61,0x10,0x61,0x10,0x61,0x10,0x61,0x10,0x61,0x10,0x61,0x10,0x61,0x10,0x61,0x10,0x61,0x10,0xF3,0x9C,0xF3,0x9C,0xF3,0x9C,
0xF3,0x9C,0xF3,0x9C,0xF3,0x9C,0xF3,0x9C,0xF3,0x9C,0xF3,0x9C,0xF3,0x9C,0xF3,0x9C,0xF3,0x9C,0xF3,0x9C,0xF3,0x9C,0x71,0x8C,0x61,0x10,0x61,0x10,0x61,0x10,0x61,0x10,0x61,
0x10,0x61,0x10,0x61,0x10,0x61,0x10,0x30,0x84,0xF3,0x9C,0xF3,0x9C,0xF3,0x9C,0xF3,0x9C,0xF3,0x9C,0xF3,0x9C,0xF3,0x9C,0xF3,0x9C,0xF3,0x9C,0xF3,0x9C,0xF3,0x9C,0xF3,0x9C,
0xF3,0x9C,0xCB,0x5A,0x61,0x10,0x61,0x10,0x61,0x10,0x61,0x10,0x61,0x10,0x61,0x10,0x61,0x10,0x61,0x10,0x61,0x10,0x61,0x10,0x61,0x10,0x61,0x10,0x61,0x10,0x61,0x10,0x61,
0x10,0x61,0x10,0x61,0x10,0x61,0x10,0x61,0x10,0x61,0x10,0x61,0x10,0x61,0x10,0x61,0x10,0x61,0x10,0x61,0x10,0x61,0x10,0x8A,0x52,0xFF,0xFF,0xFF,0xFF,0xFF,0xFF,0xFF,0xFF,
0xFF,0xFF,0xFF,0xFF,0xFF,0xFF,0xFF,0xFF,0xFF,0xFF,0xFF,0xFF,0xFF,0xFF,0xFF,0xFF,0xFF,0xFF,0xFF,0xFF,0xFF,0xFF,0xFF,0xFF,0xBE,0xF7,0xF7,0xBD,0xEF,0x83,0x61,0x10,0x61,
0x10,0x61,0x10,0x61,0x10,0x61,0x10,0x61,0x10,0x61,0x10,0x61,0x10,0x61,0x10,0x61,0x10,0x61,0x10,0x61,0x10,0x61,0x10,0x61,0x10,0x61,0x10,0x61,0x10,0x61,0x10,0x61,0x10,
0x61,0x10,0x61,0x10,0x61,0x10,0x61,0x10,0x61,0x10,0x61,0x10,0x61,0x10,0x61,0x10,0x61,0x10,0x61,0x10,0x61,0x10,0x61,0x10,0x61,0x10,0x61,0x10,0x61,0x10,0x61,0x10,0x61,
0x10,0x61,0x10,0x61,0x10,0x61,0x10,0x61,0x10,0x61,0x10,0x61,0x10,0xCB,0x5A,0xD3,0x9C,0xF3,0x9C,0xF3,0x9C,0xF3,0x9C,0xF3,0x9C,0xF3,0x9C,0xF3,0x9C,0xF3,0x9C,0xF3,0x9C,
0xF3,0x9C,0xF3,0x9C,0xF3,0x9C,0xF3,0x9C,0xF3,0x9C,0xF3,0x9C,0x65,0x31,0x61,0x10,0x61,0x10,0x61,0x10,0x61,0x10,0x61,0x10,0x61,0x10,0x61,0x10,0x61,0x10,0x61,0x10,0x61,
0x10,0x61,0x10,0x61,0x10,0x61,0x10,0x61,0x10,0x61,0x10,0x61,0x10,0x61,0x10,0x61,0x10,0x61,0x10,0x61,0x10,0x61,0x10,0x61,0x10,0x61,0x10,0x61,0x10,0x61,0x10,0x61,0x10,
0x61,0x10,0x61,0x10,0x61,0x10,0x61,0x10,0x61,0x10,0x61,0x10,0x61,0x10,0x61,0x10,0x61,0x10,0x61,0x10,0x61,0x10,0x61,0x10,0x61,0x10,0x61,0x10,0x61,0x10,0x61,0x10,0x61,
0x10,0x61,0x10,0x61,0x10,0x61,0x10,0x61,0x10,0x61,0x10,0x61,0x10,0x61,0x10,0x61,0x10,0x61,0x10,0x61,0x10,0x61,0x10,0x61,0x10,0x61,0x10,0x61,0x10,0x61,0x10,0x61,0x10,
0x61,0x10,0x61,0x10,0x61,0x10,0x61,0x10,0x61,0x10,0x61,0x10,0x61,0x10,0x61,0x10,0x61,0x10,0x04,0x21,0x10,0x84,0x71,0x94,0x71,0x94,0x61,0x10,0x61,0x10,0x61,0x10,0x61,
0x10,0x61,0x10,0x61,0x10,0x61,0x10,0x61,0x10,0x61,0x10,0x61,0x10,0x61,0x10,0x61,0x10,0x61,0x10,0x61,0x10,0x61,0x10,0x61,0x10,0x61,0x10,0xEF,0x83,0x71,0x94,0x71,0x94,
0x71,0x94,0x71,0x94,0x71,0x94,0x71,0x94,0x71,0x94,0x71,0x94,0x71,0x94,0x71,0x94,0x71,0x94,0x71,0x94,0x71,0x94,0x71,0x94,0x71,0x94,0x71,0x94,0x71,0x94,0x71,0x94,0x71,
0x94,0x71,0x94,0x71,0x94,0x71,0x94,0x71,0x94,0x71,0x94,0x71,0x94,0x71,0x94,0x71,0x94,0x71,0x94,0x71,0x94,0x71,0x94,0x71,0x94,0x71,0x94,0xEF,0x7B,0x44,0x29,0x61,0x10,
0x61,0x10,0x61,0x10,0xCB,0x5A,0x71,0x94,0x71,0x94,0x49,0x4A,0x61,0x10,0x61,0x10,0x61,0x10,0x61,0x10,0x61,0x10,0x61,0x10,0x61,0x10,0x61,0x10,0x61,0x10,0x61,0x10,0x61,
0x10,0x61,0x10,0x61,0x10,0x61,0x10,0x61,0x10,0x61,0x10,0x61,0x10,0x61,0x10,0x61,0x10,0x61,0x10,0x61,0x10,0x61,0x10,0x61,0x10,0x61,0x10,0x61,0x10,0x61,0x10,0x61,0x10,
0x61,0x10,0x61,0x10,0x61,0x10,0x61,0x10,0x61,0x10,0x61,0x10,0x61,0x10,0x28,0x4A,0xFF,0xFF,0xFF,0xFF,0xFF,0xFF,0xFF,0xFF,0xFF,0xFF,0xFF,0xFF,0xFF,0xFF,0xFF,0xFF,0xFF,
0xFF,0xFF,0xFF,0xFF,0xFF,0xFF,0xFF,0xFF,0xFF,0x71,0x8C,0x61,0x10,0x61,0x10,0x61,0x10,0x61,0x10,0x61,0x10,0x61,0x10,0x61,0x10,0x61,0x10,0x61,0x10,0x61,0x10,0x8A,0x52,
0x92,0x94,0x79,0xCE,0xFF,0xFF,0xFF,0xFF,0xFF,0xFF,0xFF,0xFF,0xFF,0xFF,0xFF,0xFF,0xFF,0xFF,0xFF,0xFF,0x71,0x8C,0x8A,0x52,0xE3,0x18,0x61,0x10,0x61,0x10,0x61,0x10,0x61,
0x10,0x61,0x10,0x61,0x10,0x61,0x10,0x61,0x10,0x61,0x10,0x61,0x10,0x61,0x10,0x61,0x10,0x61,0x10,0x61,0x10,0x61,0x10,0x61,0x10,0x61,0x10,0x61,0x10,0x61,0x10,0x61,0x10,
0x61,0x10,0x61,0x10,0x61,0x10,0x61,0x10,0x61,0x10,0x61,0x10,0x61,0x10,0x61,0x10,0x61,0x10,0x61,0x10,0x61,0x10,0x61,0x10,0x61,0x10,0x61,0x10,0x61,0x10,0x61,0x10,0x61,
0x10,0x61,0x10,0x61,0x10,0x61,0x10,0x61,0x10,0x61,0x10,0x61,0x10,0x61,0x10,0x61,0x10,0x61,0x10,0x61,0x10,0x61,0x10,0x61,0x10,0x61,0x10,0x61,0x10,0x61,0x10,0x61,0x10,
0x61,0x10,0x61,0x10,0x61,0x10,0x61,0x10,0x61,0x10,0x61,0x10,0x61,0x10,0x61,0x10,0x61,0x10,0x61,0x10,0x61,0x10,0x61,0x10,0x61,0x10,0x61,0x10,0x61,0x10,0x61,0x10,0x61,
0x10,0x61,0x10,0x61,0x10,0x61,0x10,0x61,0x10,0x61,0x10,0x61,0x10,0x61,0x10,0x61,0x10,0x61,0x10,0x61,0x10,0x61,0x10,0x61,0x10,0x61,0x10,0x61,0x10,0x61,0x10,0x61,0x10,
0x61,0x10,0x61,0x10,0x61,0x10,0x61,0x10,0x61,0x10,0x24,0x29,0xAA,0x52,0x71,0x8C,0xFB,0xE6,0xFF,0xFF,0xFF,0xFF,0xFF,0xFF,0xFF,0xFF,0xFF,0xFF,0xFF,0xFF,0xFF,0xFF,0xFF,
0xFF,0xFF,0xFF,0xFF,0xFF,0x9A,0xD6,0xCF,0x7B,0xA2,0x18,0x61,0x10,0x61,0x10,0x61,0x10,0x61,0x10,0x61,0x10,0x61,0x10,0x61,0x10,0x61,0x10,0x61,0x10,0x61,0x10,0x61,0x10,
0x61,0x10,0x61,0x10,0x61,0x10,0x61,0x10,0x61,0x10,0x61,0x10,0x61,0x10,0x61,0x10,0x61,0x10,0x61,0x10,0x61,0x10,0x61,0x10,0x61,0x10,0x61,0x10,0x61,0x10,0x61,0x10,0x61,
0x10,0x61,0x10,0x61,0x10,0x61,0x10,0x61,0x10,0x61,0x10,0x61,0x10,0x61,0x10,0x61,0x10,0x61,0x10,0x61,0x10,0x61,0x10,0x61,0x10,0x61,0x10,0x61,0x10,0x61,0x10,0x61,0x10,
0x61,0x10,0x61,0x10,0x61,0x10,0x61,0x10,0x61,0x10,0x61,0x10,0x61,0x10,0x61,0x10,0x61,0x10,0x61,0x10,0x61,0x10,0x61,0x10,0x61,0x10,0x61,0x10,0x61,0x10,0x61,0x10,0x61,
0x10,0x61,0x10,0x61,0x10,0x61,0x10,0x61,0x10,0x61,0x10,0x61,0x10,0x61,0x10,0x61,0x10,0x61,0x10,0x61,0x10,0x61,0x10,0x61,0x10,0x61,0x10,0x61,0x10,0x61,0x10,0x61,0x10,
0x61,0x10,0x61,0x10,0x61,0x10,0x61,0x10,0x61,0x10,0x61,0x10,0x61,0x10,0x61,0x10,0x61,0x10,0x61,0x10,0x61,0x10,0x61,0x10,0x61,0x10,0x61,0x10,0x61,0x10,0x61,0x10,0x61,
0x10,0x61,0x10,0x61,0x10,0x61,0x10,0x61,0x10,0x61,0x10,0x61,0x10,0x61,0x10,0x61,0x10,0x61,0x10,0x61,0x10,0x61,0x10,0x61,0x10,0x61,0x10,0x61,0x10,0x61,0x10,0x61,0x10,
0x61,0x10,0x61,0x10,0x61,0x10,0x61,0x10,0x61,0x10,0x61,0x10,0x61,0x10,0x61,0x10,0x61,0x10,0x61,0x10,0x61,0x10,0x61,0x10,0x61,0x10,0x61,0x10,0x61,0x10,0x61,0x10,0x61,
0x10,0x61,0x10,0x61,0x10,0x61,0x10,0xEF,0x7B,0x71,0x94,0x51,0x8C,0xE7,0x41,0x61,0x10,0x61,0x10,0x61,0x10,0x61,0x10,0x61,0x10,0x61,0x10,0x61,0x10,0x61,0x10,0x61,0x10,
0x61,0x10,0x61,0x10,0x61,0x10,0x61,0x10,0x61,0x10,0x61,0x10,0xEF,0x83,0x71,0x94,0x71,0x94,0x71,0x94,0x71,0x94,0x71,0x94,0x71,0x94,0x71,0x94,0x71,0x94,0x71,0x94,0x71,
0x94,0x71,0x94,0x71,0x94,0x71,0x94,0x71,0x94,0x71,0x94,0x71,0x94,0x71,0x94,0x71,0x94,0x71,0x94,0x71,0x94,0x71,0x94,0x71,0x94,0x71,0x94,0x71,0x94,0x71,0x94,0x71,0x94,
0x71,0x94,0x71,0x94,0x71,0x94,0x71,0x94,0x71,0x94,0xC7,0x39,0x61,0x10,0x61,0x10,0x61,0x10,0x03,0x21,0xAE,0x7B,0x71,0x94,0x71,0x94,0x61,0x10,0x61,0x10,0x61,0x10,0x61,
0x10,0x61,0x10,0x61,0x10,0x61,0x10,0x61,0x10,0x61,0x10,0x61,0x10,0x61,0x10,0x61,0x10,0x61,0x10,0x61,0x10,0x61,0x10,0x61,0x10,0x61,0x10,0x61,0x10,0x61,0x10,0x61,0x10,
0x61,0x10,0x61,0x10,0x61,0x10,0x61,0x10,0x61,0x10,0x61,0x10,0x61,0x10,0x61,0x10,0x61,0x10,0x61,0x10,0x61,0x10,0x61,0x10,0x61,0x10,0x61,0x10,0x61,0x10,0x61,0x10,0x28,
0x4A,0xFF,0xFF,0xFF,0xFF,0xFF,0xFF,0xFF,0xFF,0xFF,0xFF,0xFF,0xFF,0xFF,0xFF,0xFF,0xFF,0xFF,0xFF,0xFF,0xFF,0xFF,0xFF,0xFF,0xFF,0xFF,0xFF,0x71,0x8C,0x61,0x10,0x61,0x10,
0x61,0x10,0x61,0x10,0x61,0x10,0x61,0x10,0x61,0x10,0x61,0x10,0x61,0x10,0x61,0x10,0x61,0x10,0x61,0x10,0x61,0x10,0x61,0x10,0x61,0x10,0x61,0x10,0x61,0x10,0x61,0x10,0x61,
0x10,0x61,0x10,0x61,0x10,0x61,0x10,0x61,0x10,0x61,0x10,0x61,0x10,0x61,0x10,0x61,0x10,0x61,0x10,0x61,0x10,0x61,0x10,0x61,0x10,0x61,0x10,0x61,0x10,0x61,0x10,0x61,0x10,
0x61,0x10,0x61,0x10,0x61,0x10,0x61,0x10,0x61,0x10,0x61,0x10,0x61,0x10,0x61,0x10,0x61,0x10,0x61,0x10,0x61,0x10,0x61,0x10,0x61,0x10,0x61,0x10,0x61,0x10,0x61,0x10,0x61,
0x10,0x61,0x10,0x61,0x10,0x61,0x10,0x61,0x10,0x61,0x10,0x61,0x10,0x61,0x10,0x61,0x10,0x61,0x10,0x61,0x10,0x61,0x10,0x61,0x10,0x61,0x10,0x61,0x10,0x61,0x10,0x61,0x10,
0x61,0x10,0x61,0x10,0x61,0x10,0x61,0x10,0x61,0x10,0x61,0x10,0x61,0x10,0x61,0x10,0x61,0x10,0x61,0x10,0x61,0x10,0x61,0x10,0x61,0x10,0x61,0x10,0x61,0x10,0x61,0x10,0x61,
0x10,0x61,0x10,0x61,0x10,0x61,0x10,0x61,0x10,0x61,0x10,0x61,0x10,0x61,0x10,0x61,0x10,0x61,0x10,0x61,0x10,0x61,0x10,0x61,0x10,0x61,0x10,0x61,0x10,0x61,0x10,0x61,0x10,
0x61,0x10,0x61,0x10,0x61,0x10,0x61,0x10,0x61,0x10,0x61,0x10,0x61,0x10,0x61,0x10,0x61,0x10,0x61,0x10,0x61,0x10,0x61,0x10,0x61,0x10,0x61,0x10,0x61,0x10,0x61,0x10,0x61,
0x10,0x61,0x10,0x61,0x10,0x61,0x10,0x61,0x10,0x61,0x10,0x61,0x10,0x61,0x10,0x61,0x10,0x61,0x10,0x61,0x10,0x61,0x10,0x61,0x10,0x61,0x10,0x61,0x10,0x61,0x10,0x61,0x10,
0x61,0x10,0x61,0x10,0x61,0x10,0x61,0x10,0x61,0x10,0x61,0x10,0x61,0x10,0x61,0x10,0x61,0x10,0x61,0x10,0x61,0x10,0x61,0x10,0x61,0x10,0x61,0x10,0x61,0x10,0x61,0x10,0x61,
0x10,0x61,0x10,0x61,0x10,0x61,0x10,0x61,0x10,0x61,0x10,0x61,0x10,0x61,0x10,0x61,0x10,0x61,0x10,0x61,0x10,0x61,0x10,0x61,0x10,0x61,0x10,0x61,0x10,0x61,0x10,0x61,0x10,
0x61,0x10,0x61,0x10,0x61,0x10,0x61,0x10,0x61,0x10,0x61,0x10,0x61,0x10,0x61,0x10,0x61,0x10,0x61,0x10,0x61,0x10,0x61,0x10,0x61,0x10,0x61,0x10,0x61,0x10,0x61,0x10,0x61,
0x10,0x61,0x10,0x61,0x10,0x61,0x10,0x61,0x10,0x61,0x10,0x61,0x10,0x61,0x10,0x61,0x10,0x61,0x10,0x61,0x10,0x61,0x10,0x61,0x10,0x61,0x10,0x61,0x10,0x61,0x10,0x61,0x10,
0x61,0x10,0x61,0x10,0x61,0x10,0x61,0x10,0x61,0x10,0x61,0x10,0x61,0x10,0x61,0x10,0x61,0x10,0x61,0x10,0x61,0x10,0x61,0x10,0x61,0x10,0x61,0x10,0x61,0x10,0x61,0x10,0x61,
0x10,0x61,0x10,0x61,0x10,0x61,0x10,0x61,0x10,0x61,0x10,0x61,0x10,0x61,0x10,0x61,0x10,0x61,0x10,0x61,0x10,0x61,0x10,0x61,0x10,0x61,0x10,0x61,0x10,0x61,0x10,0x61,0x10,
0x61,0x10,0x61,0x10,0x61,0x10,0x61,0x10,0x61,0x10,0x61,0x10,0x61,0x10,0x61,0x10,0x61,0x10,0x61,0x10,0x61,0x10,0x61,0x10,0x61,0x10,0x61,0x10,0x61,0x10,0x61,0x10,0x61,
0x10,0x61,0x10,0x61,0x10,0x61,0x10,0x61,0x10,0x61,0x10,0x61,0x10,0x61,0x10,0x61,0x10,0x61,0x10,0x61,0x10,0x61,0x10,0x61,0x10,0xC3,0x18,0xAE,0x73,0x71,0x94,0x71,0x94,
0x82,0x10,0x61,0x10,0x61,0x10,0x61,0x10,0x61,0x10,0x61,0x10,0x61,0x10,0x61,0x10,0x61,0x10,0x61,0x10,0x61,0x10,0x61,0x10,0x61,0x10,0x61,0x10,0x61,0x10,0xEF,0x83,0x71,
0x94,0x71,0x94,0x71,0x94,0x71,0x94,0x71,0x94,0x71,0x94,0x71,0x94,0x71,0x94,0x71,0x94,0x71,0x94,0x71,0x94,0x71,0x94,0x71,0x94,0x71,0x94,0x71,0x94,0x71,0x94,0x71,0x94,
0x71,0x94,0x71,0x94,0x71,0x94,0x71,0x94,0x71,0x94,0x71,0x94,0x71,0x94,0x71,0x94,0x71,0x94,0x71,0x94,0x71,0x94,0x71,0x94,0x71,0x94,0x0C,0x63,0x61,0x10,0x61,0x10,0x61,
0x10,0x61,0x10,0x30,0x84,0x71,0x94,0x71,0x94,0x51,0x8C,0x61,0x10,0x61,0x10,0x61,0x10,0x61,0x10,0x61,0x10,0x61,0x10,0x61,0x10,0x61,0x10,0x61,0x10,0x61,0x10,0x61,0x10,
0x61,0x10,0x61,0x10,0x61,0x10,0x61,0x10,0x61,0x10,0x61,0x10,0x61,0x10,0x61,0x10,0x61,0x10,0x61,0x10,0x61,0x10,0x61,0x10,0x61,0x10,0x61,0x10,0x61,0x10,0x61,0x10,0x61,
0x10,0x61,0x10,0x61,0x10,0x61,0x10,0x61,0x10,0x61,0x10,0x61,0x10,0x61,0x10,0x61,0x10,0x28,0x4A,0xFF,0xFF,0xFF,0xFF,0xFF,0xFF,0xFF,0xFF,0xFF,0xFF,0xFF,0xFF,0xFF,0xFF,
0xFF,0xFF,0xFF,0xFF,0xFF,0xFF,0xFF,0xFF,0xFF,0xFF,0xFF,0xFF,0x71,0x8C,0x61,0x10,0x61,0x10,0x61,0x10,0x61,0x10,0x61,0x10,0x61,0x10,0x61,0x10,0x61,0x10,0x61,0x10,0x61,
0x10,0x61,0x10,0x61,0x10,0x61,0x10,0x61,0x10,0x61,0x10,0x61,0x10,0x61,0x10,0x61,0x10,0x61,0x10,0x61,0x10,0x61,0x10,0x61,0x10,0x61,0x10,0x61,0x10,0x61,0x10,0x61,0x10,
0x61,0x10,0x61,0x10,0x61,0x10,0x61,0x10,0x61,0x10,0x61,0x10,0x61,0x10,0x61,0x10,0x61,0x10,0x61,0x10,0x61,0x10,0x61,0x10,0x61,0x10,0x61,0x10,0x61,0x10,0x61,0x10,0x61,
0x10,0x61,0x10,0x61,0x10,0x61,0x10,0x61,0x10,0x61,0x10,0x61,0x10,0x61,0x10,0x61,0x10,0x61,0x10,0x61,0x10,0x61,0x10,0x61,0x10,0x61,0x10,0x61,0x10,0x61,0x10,0x61,0x10,
0x61,0x10,0x61,0x10,0x61,0x10,0x61,0x10,0x61,0x10,0x61,0x10,0x61,0x10,0x61,0x10,0x61,0x10,0x61,0x10,0x61,0x10,0x61,0x10,0x61,0x10,0x61,0x10,0x61,0x10,0x61,0x10,0x61,
0x10,0x61,0x10,0x61,0x10,0x61,0x10,0x61,0x10,0x61,0x10,0x61,0x10,0x61,0x10,0x61,0x10,0x61,0x10,0x61,0x10,0x61,0x10,0x61,0x10,0x61,0x10,0x61,0x10,0x61,0x10,0x61,0x10,
0x61,0x10,0x61,0x10,0x61,0x10,0x61,0x10,0x61,0x10,0x61,0x10,0x61,0x10,0x61,0x10,0x61,0x10,0x61,0x10,0x61,0x10,0x61,0x10,0x61,0x10,0x61,0x10,0x61,0x10,0x61,0x10,0x61,
0x10,0x61,0x10,0x61,0x10,0x61,0x10,0x61,0x10,0x61,0x10,0x61,0x10,0x61,0x10,0x61,0x10,0x61,0x10,0x61,0x10,0x61,0x10,0x61,0x10,0x61,0x10,0x61,0x10,0x61,0x10,0x61,0x10,
0x61,0x10,0x61,0x10,0x61,0x10,0x61,0x10,0x61,0x10,0x61,0x10,0x61,0x10,0x61,0x10,0x61,0x10,0x61,0x10,0x61,0x10,0x61,0x10,0x61,0x10,0x61,0x10,0x61,0x10,0x61,0x10,0x61,
0x10,0x61,0x10,0x61,0x10,0x61,0x10,0x61,0x10,0x61,0x10,0x61,0x10,0x61,0x10,0x61,0x10,0x61,0x10,0x61,0x10,0x61,0x10,0x61,0x10,0x61,0x10,0x61,0x10,0x61,0x10,0x61,0x10,
0x61,0x10,0x61,0x10,0x61,0x10,0x61,0x10,0x61,0x10,0x61,0x10,0x61,0x10,0x61,0x10,0x61,0x10,0x61,0x10,0x61,0x10,0x61,0x10,0x61,0x10,0x61,0x10,0x61,0x10,0x61,0x10,0x61,
0x10,0x61,0x10,0x61,0x10,0x61,0x10,0x61,0x10,0x61,0x10,0x61,0x10,0x61,0x10,0x61,0x10,0x61,0x10,0x61,0x10,0x61,0x10,0x61,0x10,0x61,0x10,0x61,0x10,0x61,0x10,0x61,0x10,
0x61,0x10,0x61,0x10,0x61,0x10,0x61,0x10,0x61,0x10,0x61,0x10,0x61,0x10,0x61,0x10,0x61,0x10,0x61,0x10,0x61,0x10,0x61,0x10,0x61,0x10,0x61,0x10,0x61,0x10,0x61,0x10,0x61,
0x10,0x61,0x10,0x61,0x10,0x61,0x10,0x61,0x10,0x61,0x10,0x61,0x10,0x61,0x10,0x61,0x10,0x61,0x10,0x61,0x10,0x61,0x10,0x61,0x10,0x61,0x10,0x61,0x10,0x61,0x10,0x61,0x10,
0x61,0x10,0x61,0x10,0x61,0x10,0x61,0x10,0x61,0x10,0x61,0x10,0x61,0x10,0x61,0x10,0x61,0x10,0x61,0x10,0x61,0x10,0x61,0x10,0x61,0x10,0x61,0x10,0x61,0x10,0x61,0x10,0x61,
0x10,0x61,0x10,0x61,0x10,0x61,0x10,0x61,0x10,0x61,0x10,0x61,0x10,0x61,0x10,0x61,0x10,0x61,0x10,0x61,0x10,0x61,0x10,0x61,0x10,0x61,0x10,0x61,0x10,0x61,0x10,0x61,0x10,
0x61,0x10,0x61,0x10,0x61,0x10,0x61,0x10,0x61,0x10,0x61,0x10,0x61,0x10,0x71,0x8C,0x71,0x94,0x71,0x94,0x30,0x8C,0x61,0x10,0x61,0x10,0x61,0x10,0x61,0x10,0x61,0x10,0x61,
0x10,0x61,0x10,0x61,0x10,0x61,0x10,0x61,0x10,0x61,0x10,0x61,0x10,0x61,0x10,0xEF,0x83,0x71,0x94,0x71,0x94,0x71,0x94,0x71,0x94,0x71,0x94,0x71,0x94,0x71,0x94,0x71,0x94,
0x71,0x94,0x71,0x94,0x71,0x94,0x71,0x94,0x71,0x94,0x71,0x94,0x71,0x94,0x71,0x94,0x71,0x94,0x71,0x94,0x71,0x94,0x71,0x94,0x71,0x94,0x71,0x94,0x71,0x94,0x71,0x94,0x71,
0x94,0x71,0x94,0x71,0x94,0x71,0x94,0x49,0x4A,0x82,0x10,0x61,0x10,0x61,0x10,0x61,0x10,0x03,0x21,0x8E,0x73,0x71,0x94,0x71,0x94,0xC3,0x18,0x61,0x10,0x61,0x10,0x61,0x10,
0x61,0x10,0x61,0x10,0x61,0x10,0x61,0x10,0x61,0x10,0x61,0x10,0x61,0x10,0x61,0x10,0x61,0x10,0x61,0x10,0x61,0x10,0x61,0x10,0x61,0x10,0x61,0x10,0x61,0x10,0x61,0x10,0x61,
0x10,0x61,0x10,0x61,0x10,0x61,0x10,0x61,0x10,0x61,0x10,0x61,0x10,0x61,0x10,0x61,0x10,0x61,0x10,0x61,0x10,0x61,0x10,0x61,0x10,0x61,0x10,0x61,0x10,0x61,0x10,0x61,0x10,
0x61,0x10,0x28,0x4A,0xFF,0xFF,0xFF,0xFF,0xFF,0xFF,0xFF,0xFF,0xFF,0xFF,0xFF,0xFF,0xFF,0xFF,0xFF,0xFF,0xFF,0xFF,0xFF,0xFF,0xFF,0xFF,0xFF,0xFF,0xFF,0xFF,0x71,0x8C,0x61,
0x10,0x61,0x10,0x61,0x10,0x61,0x10,0x61,0x10,0x61,0x10,0x61,0x10,0x61,0x10,0x61,0x10,0x61,0x10,0x61,0x10,0x61,0x10,0x61,0x10,0x61,0x10,0x61,0x10,0x61,0x10,0x61,0x10,
0x61,0x10,0x61,0x10,0x61,0x10,0x61,0x10,0x61,0x10,0x61,0x10,0x61,0x10,0x61,0x10,0x61,0x10,0x61,0x10,0x61,0x10,0x61,0x10,0x61,0x10,0x61,0x10,0x61,0x10,0x61,0x10,0x61,
0x10,0x61,0x10,0x61,0x10,0x61,0x10,0x61,0x10,0x61,0x10,0x61,0x10,0x61,0x10,0x61,0x10,0x61,0x10,0x61,0x10,0x61,0x10,0x61,0x10,0x61,0x10,0x61,0x10,0x61,0x10,0x61,0x10,
0x61,0x10,0x61,0x10,0x61,0x10,0x61,0x10,0x61,0x10,0x61,0x10,0x61,0x10,0x61,0x10,0x61,0x10,0x61,0x10,0x61,0x10,0x61,0x10,0x61,0x10,0x61,0x10,0x61,0x10,0x61,0x10,0x61,
0x10,0x61,0x10,0x61,0x10,0x61,0x10,0x61,0x10,0x61,0x10,0x61,0x10,0x61,0x10,0x61,0x10,0x61,0x10,0x61,0x10,0x61,0x10,0x61,0x10,0x61,0x10,0x61,0x10,0x61,0x10,0x61,0x10,
0x61,0x10,0x61,0x10,0x61,0x10,0x61,0x10,0x61,0x10,0x61,0x10,0x61,0x10,0x61,0x10,0x61,0x10,0x61,0x10,0x61,0x10,0x61,0x10,0x61,0x10,0x61,0x10,0x61,0x10,0x61,0x10,0x61,
0x10,0x61,0x10,0x61,0x10,0x61,0x10,0x61,0x10,0x61,0x10,0x61,0x10,0x61,0x10,0x61,0x10,0x61,0x10,0x61,0x10,0x61,0x10,0x61,0x10,0x61,0x10,0x61,0x10,0x61,0x10,0x61,0x10,
0x61,0x10,0x61,0x10,0x61,0x10,0x61,0x10,0x61,0x10,0x61,0x10,0x61,0x10,0x61,0x10,0x61,0x10,0x61,0x10,0x61,0x10,0x61,0x10,0x61,0x10,0x61,0x10,0x61,0x10,0x61,0x10,0x61,
0x10,0x61,0x10,0x61,0x10,0x61,0x10,0x61,0x10,0x61,0x10,0x61,0x10,0x61,0x10,0x61,0x10,0x61,0x10,0x61,0x10,0x61,0x10,0x61,0x10,0x61,0x10,0x61,0x10,0x61,0x10,0x61,0x10,
0x61,0x10,0x61,0x10,0x61,0x10,0x61,0x10,0x61,0x10,0x61,0x10,0x61,0x10,0x61,0x10,0x61,0x10,0x61,0x10,0x61,0x10,0x61,0x10,0x61,0x10,0x61,0x10,0x61,0x10,0x61,0x10,0x61,
0x10,0x61,0x10,0x61,0x10,0x61,0x10,0x61,0x10,0x61,0x10,0x61,0x10,0x61,0x10,0x61,0x10,0x61,0x10,0x61,0x10,0x61,0x10,0x61,0x10,0x61,0x10,0x61,0x10,0x61,0x10,0x61,0x10,
0x61,0x10,0x61,0x10,0x61,0x10,0x61,0x10,0x61,0x10,0x61,0x10,0x61,0x10,0x61,0x10,0x61,0x10,0x61,0x10,0x61,0x10,0x61,0x10,0x61,0x10,0x61,0x10,0x61,0x10,0x61,0x10,0x61,
0x10,0x61,0x10,0x61,0x10,0x61,0x10,0x61,0x10,0x61,0x10,0x61,0x10,0x61,0x10,0x61,0x10,0x61,0x10,0x61,0x10,0x61,0x10,0x61,0x10,0x61,0x10,0x61,0x10,0x61,0x10,0x61,0x10,
0x61,0x10,0x61,0x10,0x61,0x10,0x61,0x10,0x61,0x10,0x61,0x10,0x61,0x10,0x61,0x10,0x61,0x10,0x61,0x10,0x61,0x10,0x61,0x10,0x61,0x10,0x61,0x10,0x61,0x10,0x61,0x10,0x61,
0x10,0x61,0x10,0x61,0x10,0x61,0x10,0x61,0x10,0x61,0x10,0x61,0x10,0x61,0x10,0x61,0x10,0x61,0x10,0x61,0x10,0x61,0x10,0x61,0x10,0x61,0x10,0x61,0x10,0x61,0x10,0x61,0x10,
0x61,0x10,0x61,0x10,0x61,0x10,0x61,0x10,0x61,0x10,0x61,0x10,0x61,0x10,0x61,0x10,0x61,0x10,0x61,0x10,0x61,0x10,0x61,0x10,0x61,0x10,0x61,0x10,0x61,0x10,0x61,0x10,0x86,
0x31,0x30,0x84,0x71,0x94,0x71,0x94,0xA2,0x18,0x61,0x10,0x61,0x10,0x61,0x10,0x61,0x10,0x61,0x10,0x61,0x10,0x61,0x10,0x61,0x10,0x61,0x10,0x61,0x10,0x61,0x10,0x61,0x10,
0xEF,0x83,0x71,0x94,0x71,0x94,0x71,0x94,0x71,0x94,0x71,0x94,0x71,0x94,0x71,0x94,0x71,0x94,0x71,0x94,0x71,0x94,0x71,0x94,0x71,0x94,0x71,0x94,0x71,0x94,0x71,0x94,0x71,
0x94,0x71,0x94,0x71,0x94,0x71,0x94,0x71,0x94,0x71,0x94,0x71,0x94,0x71,0x94,0x71,0x94,0x71,0x94,0x71,0x94,0x71,0x94,0x8A,0x52,0x61,0x10,0x61,0x10,0x61,0x10,0x61,0x10,
0xE7,0x41,0x51,0x8C,0x71,0x94,0x71,0x94,0x8A,0x52,0x61,0x10,0x61,0x10,0x61,0x10,0x61,0x10,0x61,0x10,0x61,0x10,0x61,0x10,0x61,0x10,0x61,0x10,0x61,0x10,0x61,0x10,0x61,
0x10,0x61,0x10,0x61,0x10,0x61,0x10,0x61,0x10,0x61,0x10,0x61,0x10,0x61,0x10,0x61,0x10,0x61,0x10,0x61,0x10,0x61,0x10,0x61,0x10,0x61,0x10,0x61,0x10,0x61,0x10,0x61,0x10,
0x61,0x10,0x61,0x10,0x61,0x10,0x61,0x10,0x61,0x10,0x61,0x10,0x61,0x10,0x61,0x10,0x61,0x10,0x61,0x10,0x28,0x4A,0xFF,0xFF,0xFF,0xFF,0xFF,0xFF,0xFF,0xFF,0xFF,0xFF,0xFF,
0xFF,0xFF,0xFF,0xFF,0xFF,0xFF,0xFF,0xFF,0xFF,0xFF,0xFF,0xFF,0xFF,0xFF,0xFF,0x71,0x8C,0x61,0x10,0x61,0x10,0x61,0x10,0x61,0x10,0x61,0x10,0x61,0x10,0x61,0x10,0x61,0x10,
0x61,0x10,0x61,0x10,0x61,0x10,0x61,0x10,0x61,0x10,0x61,0x10,0x61,0x10,0x61,0x10,0x61,0x10,0x61,0x10,0x61,0x10,0x61,0x10,0x61,0x10,0x61,0x10,0x61,0x10,0x61,0x10,0x61,
0x10,0x61,0x10,0x61,0x10,0x61,0x10,0x61,0x10,0x61,0x10,0x61,0x10,0x61,0x10,0x61,0x10,0x61,0x10,0x61,0x10,0x61,0x10,0x61,0x10,0x61,0x10,0x61,0x10,0x61,0x10,0x61,0x10,
0x61,0x10,0x61,0x10,0x61,0x10,0x61,0x10,0x61,0x10,0x61,0x10,0x61,0x10,0x61,0x10,0x61,0x10,0x61,0x10,0x61,0x10,0x61,0x10,0x61,0x10,0x61,0x10,0x61,0x10,0x61,0x10,0x61,
0x10,0x61,0x10,0x61,0x10,0x61,0x10,0x61,0x10,0x61,0x10,0x61,0x10,0x61,0x10,0x61,0x10,0x61,0x10,0x61,0x10,0x61,0x10,0x61,0x10,0x61,0x10,0x61,0x10,0x61,0x10,0x61,0x10,
0x61,0x10,0x61,0x10,0x61,0x10,0x61,0x10,0x61,0x10,0x61,0x10,0x61,0x10,0x61,0x10,0x61,0x10,0x61,0x10,0x61,0x10,0x61,0x10,0x61,0x10,0x61,0x10,0x61,0x10,0x61,0x10,0x61,
0x10,0x61,0x10,0x61,0x10,0x61,0x10,0x61,0x10,0x61,0x10,0x61,0x10,0x61,0x10,0x61,0x10,0x61,0x10,0x61,0x10,0x61,0x10,0x61,0x10,0x61,0x10,0x61,0x10,0x61,0x10,0x61,0x10,
0x61,0x10,0x61,0x10,0x61,0x10,0x61,0x10,0x61,0x10,0x61,0x10,0x61,0x10,0x61,0x10,0x61,0x10,0x61,0x10,0x61,0x10,0x61,0x10,0x61,0x10,0x61,0x10,0x61,0x10,0x61,0x10,0x61,
0x10,0x61,0x10,0x61,0x10,0x61,0x10,0x61,0x10,0x61,0x10,0x61,0x10,0x61,0x10,0x61,0x10,0x61,0x10,0x61,0x10,0x61,0x10,0x61,0x10,0x61,0x10,0x61,0x10,0x61,0x10,0x61,0x10,
0x61,0x10,0x61,0x10,0x61,0x10,0x61,0x10,0x61,0x10,0x61,0x10,0x61,0x10,0x61,0x10,0x61,0x10,0x61,0x10,0x61,0x10,0x61,0x10,0x61,0x10,0x61,0x10,0x61,0x10,0x61,0x10,0x61,
0x10,0x61,0x10,0x61,0x10,0x61,0x10,0x61,0x10,0x61,0x10,0x61,0x10,0x61,0x10,0x61,0x10,0x61,0x10,0x61,0x10,0x61,0x10,0x61,0x10,0x61,0x10,0x61,0x10,0x61,0x10,0x61,0x10,
0x61,0x10,0x61,0x10,0x61,0x10,0x61,0x10,0x61,0x10,0x61,0x10,0x61,0x10,0x61,0x10,0x61,0x10,0x61,0x10,0x61,0x10,0x61,0x10,0x61,0x10,0x61,0x10,0x61,0x10,0x61,0x10,0x61,
0x10,0x61,0x10,0x61,0x10,0x61,0x10,0x61,0x10,0x61,0x10,0x61,0x10,0x61,0x10,0x61,0x10,0x61,0x10,0x61,0x10,0x61,0x10,0x61,0x10,0x61,0x10,0x61,0x10,0x61,0x10,0x61,0x10,
0x61,0x10,0x61,0x10,0x61,0x10,0x61,0x10,0x61,0x10,0x61,0x10,0x61,0x10,0x61,0x10,0x61,0x10,0x61,0x10,0x61,0x10,0x61,0x10,0x61,0x10,0x61,0x10,0x61,0x10,0x61,0x10,0x61,
0x10,0x61,0x10,0x61,0x10,0x61,0x10,0x61,0x10,0x61,0x10,0x61,0x10,0x61,0x10,0x61,0x10,0x61,0x10,0x61,0x10,0x61,0x10,0x61,0x10,0x61,0x10,0x61,0x10,0x61,0x10,0x61,0x10,
0x61,0x10,0x61,0x10,0x61,0x10,0x61,0x10,0x61,0x10,0x61,0x10,0x61,0x10,0x61,0x10,0x61,0x10,0x61,0x10,0x61,0x10,0x61,0x10,0x61,0x10,0x61,0x10,0x61,0x10,0x61,0x10,0x61,
0x10,0x61,0x10,0x61,0x10,0x61,0x10,0x61,0x10,0x61,0x10,0x61,0x10,0x61,0x10,0x61,0x10,0x61,0x10,0x61,0x10,0x69,0x4A,0x51,0x8C,0x71,0x94,0x71,0x94,0x4D,0x6B,0x61,0x10,
0x61,0x10,0x61,0x10,0x61,0x10,0x61,0x10,0x61,0x10,0x61,0x10,0x61,0x10,0x61,0x10,0x61,0x10,0xEF,0x83,0x71,0x94,0x71,0x94,0x71,0x94,0x71,0x94,0x71,0x94,0x71,0x94,0x71,
0x94,0x71,0x94,0x71,0x94,0x71,0x94,0x71,0x94,0x71,0x94,0x71,0x94,0x71,0x94,0x71,0x94,0x71,0x94,0x71,0x94,0x71,0x94,0x71,0x94,0x71,0x94,0x71,0x94,0x71,0x94,0x71,0x94,
0x71,0x94,0xEF,0x83,0x49,0x4A,0x61,0x10,0x61,0x10,0x61,0x10,0x61,0x10,0x82,0x10,0x51,0x8C,0x71,0x94,0x71,0x94,0x71,0x94,0x61,0x10,0x61,0x10,0x61,0x10,0x61,0x10,0x61,
0x10,0x61,0x10,0x61,0x10,0x61,0x10,0x61,0x10,0x61,0x10,0x61,0x10,0x61,0x10,0x61,0x10,0x61,0x10,0x61,0x10,0x61,0x10,0x61,0x10,0x61,0x10,0x61,0x10,0x61,0x10,0x61,0x10,
0x61,0x10,0x61,0x10,0x61,0x10,0x61,0x10,0x61,0x10,0x61,0x10,0x61,0x10,0x61,0x10,0x61,0x10,0x61,0x10,0x61,0x10,0x61,0x10,0x61,0x10,0x61,0x10,0x61,0x10,0x61,0x10,0x61,
0x10,0x61,0x10,0x61,0x10,0x28,0x4A,0xFF,0xFF,0xFF,0xFF,0xFF,0xFF,0xFF,0xFF,0xFF,0xFF,0xFF,0xFF,0xFF,0xFF,0xFF,0xFF,0xFF,0xFF,0xFF,0xFF,0xFF,0xFF,0xFF,0xFF,0xFF,0xFF,
0x71,0x8C,0x61,0x10,0x61,0x10,0x61,0x10,0x61,0x10,0x61,0x10,0x61,0x10,0x61,0x10,0x61,0x10,0x61,0x10,0x61,0x10,0x61,0x10,0x61,0x10,0x61,0x10,0x61,0x10,0x61,0x10,0x61,
0x10,0x61,0x10,0x61,0x10,0x61,0x10,0x61,0x10,0x61,0x10,0x61,0x10,0x61,0x10,0x61,0x10,0x61,0x10,0x61,0x10,0x61,0x10,0x61,0x10,0x61,0x10,0x61,0x10,0x61,0x10,0x61,0x10,
0x61,0x10,0x61,0x10,0x61,0x10,0x61,0x10,0x61,0x10,0x61,0x10,0x61,0x10,0x61,0x10,0x61,0x10,0x61,0x10,0x61,0x10,0x61,0x10,0x61,0x10,0x61,0x10,0x61,0x10,0x61,0x10,0x61,
0x10,0x61,0x10,0x61,0x10,0x61,0x10,0x61,0x10,0x61,0x10,0x61,0x10,0x61,0x10,0x61,0x10,0x61,0x10,0x61,0x10,0x61,0x10,0x61,0x10,0x61,0x10,0x61,0x10,0x61,0x10,0x61,0x10,
0x61,0x10,0x61,0x10,0x61,0x10,0x61,0x10,0x61,0x10,0x61,0x10,0x61,0x10,0x61,0x10,0x61,0x10,0x61,0x10,0x61,0x10,0x61,0x10,0x61,0x10,0x61,0x10,0x61,0x10,0x61,0x10,0x61,
0x10,0x61,0x10,0x61,0x10,0x61,0x10,0x61,0x10,0x61,0x10,0x61,0x10,0x61,0x10,0x61,0x10,0x61,0x10,0x61,0x10,0x61,0x10,0x61,0x10,0x61,0x10,0x61,0x10,0x61,0x10,0x61,0x10,
0x61,0x10,0x61,0x10,0x61,0x10,0x61,0x10,0x61,0x10,0x61,0x10,0x61,0x10,0x61,0x10,0x61,0x10,0x61,0x10,0x61,0x10,0x61,0x10,0x61,0x10,0x61,0x10,0x61,0x10,0x61,0x10,0x61,
0x10,0x61,0x10,0x61,0x10,0x61,0x10,0x61,0x10,0x61,0x10,0x61,0x10,0x61,0x10,0x61,0x10,0x61,0x10,0x61,0x10,0x61,0x10,0x61,0x10,0x61,0x10,0x61,0x10,0x61,0x10,0x61,0x10,
0x61,0x10,0x61,0x10,0x61,0x10,0x61,0x10,0x61,0x10,0x61,0x10,0x61,0x10,0x61,0x10,0x61,0x10,0x61,0x10,0x61,0x10,0x61,0x10,0x61,0x10,0x61,0x10,0x61,0x10,0x61,0x10,0x61,
0x10,0x61,0x10,0x61,0x10,0x61,0x10,0x61,0x10,0x61,0x10,0x61,0x10,0x61,0x10,0x61,0x10,0x61,0x10,0x61,0x10,0x61,0x10,0x61,0x10,0x61,0x10,0x61,0x10,0x61,0x10,0x61,0x10,
0x61,0x10,0x61,0x10,0x61,0x10,0x61,0x10,0x61,0x10,0x61,0x10,0x61,0x10,0x61,0x10,0x61,0x10,0x61,0x10,0x61,0x10,0x61,0x10,0x61,0x10,0x61,0x10,0x61,0x10,0x61,0x10,0x61,
0x10,0x61,0x10,0x61,0x10,0x61,0x10,0x61,0x10,0x61,0x10,0x61,0x10,0x61,0x10,0x61,0x10,0x61,0x10,0x61,0x10,0x61,0x10,0x61,0x10,0x61,0x10,0x61,0x10,0x61,0x10,0x61,0x10,
0x61,0x10,0x61,0x10,0x61,0x10,0x61,0x10,0x61,0x10,0x61,0x10,0x61,0x10,0x61,0x10,0x61,0x10,0x61,0x10,0x61,0x10,0x61,0x10,0x61,0x10,0x61,0x10,0x61,0x10,0x61,0x10,0x61,
0x10,0x61,0x10,0x61,0x10,0x61,0x10,0x61,0x10,0x61,0x10,0x61,0x10,0x61,0x10,0x61,0x10,0x61,0x10,0x61,0x10,0x61,0x10,0x61,0x10,0x61,0x10,0x61,0x10,0x61,0x10,0x61,0x10,
0x61,0x10,0x61,0x10,0x61,0x10,0x61,0x10,0x61,0x10,0x61,0x10,0x61,0x10,0x61,0x10,0x61,0x10,0x61,0x10,0x61,0x10,0x61,0x10,0x61,0x10,0x61,0x10,0x61,0x10,0x61,0x10,0x61,
0x10,0x61,0x10,0x61,0x10,0x61,0x10,0x61,0x10,0x61,0x10,0x61,0x10,0x61,0x10,0x61,0x10,0x61,0x10,0x61,0x10,0x61,0x10,0x61,0x10,0x61,0x10,0x61,0x10,0x61,0x10,0x61,0x10,
0x61,0x10,0x61,0x10,0x61,0x10,0x61,0x10,0x61,0x10,0x51,0x8C,0x71,0x94,0x71,0x94,0x10,0x84,0x82,0x10,0x61,0x10,0x61,0x10,0x61,0x10,0x61,0x10,0x61,0x10,0x61,0x10,0x61,
0x10,0x61,0x10,0xEF,0x83,0x71,0x94,0x71,0x94,0x71,0x94,0x71,0x94,0x71,0x94,0x71,0x94,0x71,0x94,0x71,0x94,0x71,0x94,0x71,0x94,0x71,0x94,0x71,0x94,0x71,0x94,0x71,0x94,
0x71,0x94,0x71,0x94,0x71,0x94,0x71,0x94,0x71,0x94,0x71,0x94,0x71,0x94,0x6D,0x6B,0x07,0x42,0x61,0x10,0x61,0x10,0x61,0x10,0x61,0x10,0x61,0x10,0x65,0x31,0x8E,0x73,0x71,
0x94,0x71,0x94,0x4D,0x6B,0x03,0x21,0x61,0x10,0x61,0x10,0x61,0x10,0x61,0x10,0x61,0x10,0x61,0x10,0x61,0x10,0x61,0x10,0x61,0x10,0x61,0x10,0x61,0x10,0x61,0x10,0x61,0x10,
0x61,0x10,0x61,0x10,0x61,0x10,0x61,0x10,0x61,0x10,0x61,0x10,0x61,0x10,0x61,0x10,0x61,0x10,0x61,0x10,0x61,0x10,0x61,0x10,0x61,0x10,0x61,0x10,0x61,0x10,0x61,0x10,0x61,
0x10,0x61,0x10,0x61,0x10,0x61,0x10,0x61,0x10,0x61,0x10,0x61,0x10,0x61,0x10,0x61,0x10,0x61,0x10,0x61,0x10,0x61,0x10,0x28,0x4A,0xFF,0xFF,0xFF,0xFF,0xFF,0xFF,0xFF,0xFF,
0xFF,0xFF,0xFF,0xFF,0xFF,0xFF,0xFF,0xFF,0xFF,0xFF,0xFF,0xFF,0xFF,0xFF,0xFF,0xFF,0xFF,0xFF,0x71,0x8C,0x61,0x10,0x61,0x10,0x61,0x10,0x61,0x10,0x61,0x10,0x61,0x10,0x61,
0x10,0x61,0x10,0x61,0x10,0x61,0x10,0x61,0x10,0x61,0x10,0x61,0x10,0x61,0x10,0x61,0x10,0x61,0x10,0x61,0x10,0x61,0x10,0x61,0x10,0x61,0x10,0x61,0x10,0x61,0x10,0x61,0x10,
0x61,0x10,0x61,0x10,0x61,0x10,0x61,0x10,0x61,0x10,0x61,0x10,0x61,0x10,0x61,0x10,0x61,0x10,0x61,0x10,0x61,0x10,0x61,0x10,0x61,0x10,0x61,0x10,0x61,0x10,0x61,0x10,0x61,
0x10,0x61,0x10,0x61,0x10,0x61,0x10,0x61,0x10,0x61,0x10,0x61,0x10,0x61,0x10,0x61,0x10,0x61,0x10,0x61,0x10,0x61,0x10,0x61,0x10,0x61,0x10,0x61,0x10,0x61,0x10,0x61,0x10,
0x61,0x10,0x61,0x10,0x61,0x10,0x61,0x10,0x61,0x10,0x61,0x10,0x61,0x10,0x61,0x10,0x61,0x10,0x61,0x10,0x61,0x10,0x61,0x10,0x61,0x10,0x61,0x10,0x61,0x10,0x61,0x10,0x61,
0x10,0x61,0x10,0x61,0x10,0x61,0x10,0x61,0x10,0x61,0x10,0x61,0x10,0x61,0x10,0x61,0x10,0x61,0x10,0x61,0x10,0x61,0x10,0x61,0x10,0x61,0x10,0x61,0x10,0x61,0x10,0x61,0x10,
0x61,0x10,0x61,0x10,0x61,0x10,0x61,0x10,0x61,0x10,0x61,0x10,0x61,0x10,0x61,0x10,0x61,0x10,0x61,0x10,0x61,0x10,0x61,0x10,0x61,0x10,0x61,0x10,0x61,0x10,0x61,0x10,0x61,
0x10,0x61,0x10,0x61,0x10,0x61,0x10,0x61,0x10,0x61,0x10,0x61,0x10,0x61,0x10,0x61,0x10,0x61,0x10,0x61,0x10,0x61,0x10,0x61,0x10,0x61,0x10,0x61,0x10,0x61,0x10,0x61,0x10,
0x61,0x10,0x61,0x10,0x61,0x10,0x61,0x10,0x61,0x10,0x61,0x10,0x61,0x10,0x61,0x10,0x61,0x10,0x61,0x10,0x61,0x10,0x61,0x10,0x71,0x94,0x71,0x94,0x65,0x29,0x61,0x10,0x61,
0x10,0x61,0x10,0x61,0x10,0x61,0x10,0x61,0x10,0x61,0x10,0x61,0x10,0x61,0x10,0x61,0x10,0x61,0x10,0x61,0x10,0x61,0x10,0x61,0x10,0x61,0x10,0x61,0x10,0x61,0x10,0x61,0x10,
0x61,0x10,0x61,0x10,0x61,0x10,0x61,0x10,0x61,0x10,0x61,0x10,0x61,0x10,0x61,0x10,0x61,0x10,0x61,0x10,0x61,0x10,0x61,0x10,0x61,0x10,0x61,0x10,0x61,0x10,0x61,0x10,0x61,
0x10,0x61,0x10,0x61,0x10,0x61,0x10,0x61,0x10,0x61,0x10,0x61,0x10,0x61,0x10,0x61,0x10,0x61,0x10,0x61,0x10,0x61,0x10,0x61,0x10,0x61,0x10,0x61,0x10,0x61,0x10,0x61,0x10,
0x61,0x10,0x61,0x10,0x61,0x10,0x61,0x10,0x61,0x10,0x61,0x10,0x61,0x10,0x61,0x10,0x61,0x10,0x61,0x10,0x61,0x10,0x61,0x10,0x61,0x10,0x61,0x10,0x61,0x10,0x61,0x10,0x61,
0x10,0x61,0x10,0x61,0x10,0x61,0x10,0x61,0x10,0x61,0x10,0x61,0x10,0x61,0x10,0x61,0x10,0x61,0x10,0x61,0x10,0x61,0x10,0x61,0x10,0x61,0x10,0x61,0x10,0x61,0x10,0x61,0x10,
0x61,0x10,0x61,0x10,0x61,0x10,0x61,0x10,0x61,0x10,0x61,0x10,0x61,0x10,0x61,0x10,0x61,0x10,0x61,0x10,0x61,0x10,0x61,0x10,0x61,0x10,0x61,0x10,0x61,0x10,0x61,0x10,0x61,
0x10,0x61,0x10,0x61,0x10,0x61,0x10,0x61,0x10,0x61,0x10,0x61,0x10,0x61,0x10,0x61,0x10,0x61,0x10,0x61,0x10,0x61,0x10,0x61,0x10,0x61,0x10,0x61,0x10,0x61,0x10,0x61,0x10,
0x61,0x10,0x61,0x10,0x61,0x10,0x61,0x10,0x61,0x10,0x61,0x10,0x61,0x10,0x61,0x10,0x61,0x10,0x61,0x10,0x61,0x10,0x61,0x10,0x61,0x10,0x61,0x10,0xE3,0x20,0x4D,0x6B,0x71,
0x94,0x71,0x94,0x10,0x84,0x49,0x4A,0xA2,0x10,0x61,0x10,0x61,0x10,0x61,0x10,0x61,0x10,0x61,0x10,0x61,0x10,0x49,0x4A,0x71,0x8C,0x71,0x94,0x71,0x94,0x71,0x94,0x71,0x94,
0x71,0x94,0x71,0x94,0x71,0x94,0x71,0x94,0x71,0x94,0x71,0x94,0x71,0x94,0x71,0x94,0x71,0x94,0x71,0x94,0x71,0x94,0x71,0x94,0x71,0x94,0x71,0x94,0x71,0x94,0xC7,0x39,0x61,
0x10,0x61,0x10,0x61,0x10,0x61,0x10,0x61,0x10,0x61,0x10,0x86,0x31,0x71,0x94,0x71,0x94,0x71,0x94,0x10,0x84,0x61,0x10,0x61,0x10,0x61,0x10,0x61,0x10,0x61,0x10,0x61,0x10,
0x61,0x10,0x61,0x10,0x61,0x10,0x61,0x10,0x61,0x10,0x61,0x10,0x61,0x10,0x61,0x10,0x61,0x10,0x61,0x10,0x61,0x10,0x61,0x10,0x61,0x10,0x61,0x10,0x61,0x10,0x61,0x10,0x61,
0x10,0x61,0x10,0x61,0x10,0x61,0x10,0x61,0x10,0x61,0x10,0x61,0x10,0x61,0x10,0x61,0x10,0x61,0x10,0x61,0x10,0x61,0x10,0x61,0x10,0x61,0x10,0x61,0x10,0x61,0x10,0x61,0x10,
0x61,0x10,0x61,0x10,0x61,0x10,0x61,0x10,0x28,0x4A,0xFF,0xFF,0xFF,0xFF,0xFF,0xFF,0xFF,0xFF,0xFF,0xFF,0xFF,0xFF,0xFF,0xFF,0xFF,0xFF,0xFF,0xFF,0xFF,0xFF,0xFF,0xFF,0xFF,
0xFF,0xFF,0xFF,0x71,0x8C,0x61,0x10,0x61,0x10,0x61,0x10,0x61,0x10,0x61,0x10,0x61,0x10,0x61,0x10,0x61,0x10,0x61,0x10,0x61,0x10,0x61,0x10,0x61,0x10,0x61,0x10,0x61,0x10,
0x61,0x10,0x61,0x10,0x61,0x10,0x61,0x10,0x61,0x10,0x61,0x10,0x61,0x10,0x61,0x10,0x61,0x10,0x61,0x10,0x61,0x10,0x61,0x10,0x61,0x10,0x61,0x10,0x61,0x10,0x61,0x10,0x61,
0x10,0x61,0x10,0x61,0x10,0x61,0x10,0x61,0x10,0x61,0x10,0x61,0x10,0x61,0x10,0x61,0x10,0x61,0x10,0x61,0x10,0x61,0x10,0x61,0x10,0x61,0x10,0x61,0x10,0x61,0x10,0x61,0x10,
0x61,0x10,0x61,0x10,0x61,0x10,0x61,0x10,0x61,0x10,0x61,0x10,0x61,0x10,0x61,0x10,0x61,0x10,0x61,0x10,0x61,0x10,0x61,0x10,0x61,0x10,0x61,0x10,0x61,0x10,0x61,0x10,0x61,
0x10,0x61,0x10,0x61,0x10,0x61,0x10,0x61,0x10,0x61,0x10,0x61,0x10,0x61,0x10,0x61,0x10,0x61,0x10,0x61,0x10,0x61,0x10,0x61,0x10,0x61,0x10,0x61,0x10,0x61,0x10,0x61,0x10,
0x61,0x10,0x61,0x10,0x61,0x10,0x61,0x10,0x61,0x10,0x61,0x10,0x61,0x10,0x61,0x10,0x61,0x10,0x61,0x10,0x61,0x10,0x61,0x10,0x61,0x10,0x61,0x10,0x61,0x10,0x61,0x10,0x61,
0x10,0x61,0x10,0x61,0x10,0x61,0x10,0x61,0x10,0x61,0x10,0x61,0x10,0x61,0x10,0x61,0x10,0x61,0x10,0x61,0x10,0x61,0x10,0x61,0x10,0x61,0x10,0x61,0x10,0x61,0x10,0x61,0x10,
0x61,0x10,0x61,0x10,0x61,0x10,0x61,0x10,0x61,0x10,0x61,0x10,0x61,0x10,0x61,0x10,0x61,0x10,0x61,0x10,0x61,0x10,0x61,0x10,0x61,0x10,0x61,0x10,0x61,0x10,0x61,0x10,0x61,
0x10,0x61,0x10,0x61,0x10,0x61,0x10,0x61,0x10,0x71,0x94,0x71,0x94,0x65,0x29,0x61,0x10,0x61,0x10,0x61,0x10,0x61,0x10,0x61,0x10,0x61,0x10,0x61,0x10,0x61,0x10,0x61,0x10,
0x61,0x10,0x61,0x10,0x61,0x10,0x61,0x10,0x61,0x10,0x61,0x10,0x61,0x10,0x61,0x10,0x61,0x10,0x61,0x10,0x61,0x10,0x61,0x10,0x61,0x10,0x61,0x10,0x61,0x10,0x61,0x10,0x61,
0x10,0x61,0x10,0x61,0x10,0x61,0x10,0x61,0x10,0x61,0x10,0x61,0x10,0x61,0x10,0x61,0x10,0x61,0x10,0x61,0x10,0x61,0x10,0x61,0x10,0x61,0x10,0x61,0x10,0x61,0x10,0x61,0x10,
0x61,0x10,0x61,0x10,0x61,0x10,0x61,0x10,0x61,0x10,0x61,0x10,0x61,0x10,0x61,0x10,0x61,0x10,0x61,0x10,0x61,0x10,0x61,0x10,0x61,0x10,0x61,0x10,0x61,0x10,0x61,0x10,0x61,
0x10,0x61,0x10,0x61,0x10,0x61,0x10,0x61,0x10,0x61,0x10,0x61,0x10,0x61,0x10,0x61,0x10,0x61,0x10,0x61,0x10,0x61,0x10,0x61,0x10,0x61,0x10,0x61,0x10,0x61,0x10,0x61,0x10,
0x61,0x10,0x61,0x10,0x61,0x10,0x61,0x10,0x61,0x10,0x61,0x10,0x61,0x10,0x61,0x10,0x61,0x10,0x61,0x10,0x61,0x10,0x61,0x10,0x61,0x10,0x61,0x10,0x61,0x10,0x61,0x10,0x61,
0x10,0x61,0x10,0x61,0x10,0x61,0x10,0x61,0x10,0x61,0x10,0x61,0x10,0x61,0x10,0x61,0x10,0x61,0x10,0x61,0x10,0x61,0x10,0x61,0x10,0x61,0x10,0x61,0x10,0x61,0x10,0x61,0x10,
0x61,0x10,0x61,0x10,0x61,0x10,0x61,0x10,0x61,0x10,0x61,0x10,0x61,0x10,0x61,0x10,0x61,0x10,0x61,0x10,0x61,0x10,0x61,0x10,0x61,0x10,0x61,0x10,0x61,0x10,0x61,0x10,0x61,
0x10,0x61,0x10,0x61,0x10,0x61,0x10,0x61,0x10,0x61,0x10,0x61,0x10,0x61,0x10,0x61,0x10,0x61,0x10,0xEF,0x83,0x71,0x94,0x71,0x94,0x71,0x94,0x2C,0x63,0x86,0x31,0x61,0x10,
0x61,0x10,0x61,0x10,0x61,0x10,0x61,0x10,0x61,0x10,0x61,0x10,0x61,0x10,0xC3,0x18,0x08,0x42,0xEB,0x62,0xAE,0x73,0x10,0x84,0x71,0x94,0x71,0x94,0x71,0x94,0x31,0x8C,0x8E,
0x73,0x2C,0x6B,0xAA,0x52,0x86,0x31,0x61,0x10,0x61,0x10,0x61,0x10,0x61,0x10,0x61,0x10,0x61,0x10,0x61,0x10,0x61,0x10,0x04,0x21,0x8A,0x52,0x71,0x94,0x71,0x94,0x71,0x94,
0x51,0x8C,0xE3,0x20,0x61,0x10,0x61,0x10,0x61,0x10,0x61,0x10,0x61,0x10,0x61,0x10,0x61,0x10,0x61,0x10,0x61,0x10,0x61,0x10,0x61,0x10,0x61,0x10,0x61,0x10,0x61,0x10,0x61,
0x10,0x61,0x10,0x61,0x10,0x61,0x10,0x61,0x10,0x61,0x10,0x61,0x10,0x61,0x10,0x61,0x10,0x61,0x10,0x61,0x10,0x61,0x10,0x61,0x10,0x61,0x10,0x61,0x10,0x61,0x10,0x61,0x10,
0x61,0x10,0x61,0x10,0x61,0x10,0x61,0x10,0x61,0x10,0x61,0x10,0x61,0x10,0x61,0x10,0x61,0x10,0x61,0x10,0x61,0x10,0x61,0x10,0x61,0x10,0x28,0x4A,0xFF,0xFF,0xFF,0xFF,0xFF,
0xFF,0xFF,0xFF,0xFF,0xFF,0xFF,0xFF,0xFF,0xFF,0xFF,0xFF,0xFF,0xFF,0xFF,0xFF,0xFF,0xFF,0xFF,0xFF,0xFF,0xFF,0x71,0x8C,0x61,0x10,0x61,0x10,0x61,0x10,0x61,0x10,0x61,0x10,
0x61,0x10,0x61,0x10,0x61,0x10,0x61,0x10,0x61,0x10,0x61,0x10,0x61,0x10,0x61,0x10,0x61,0x10,0x61,0x10,0x61,0x10,0x61,0x10,0x61,0x10,0x61,0x10,0x61,0x10,0x61,0x10,0x61,
0x10,0x61,0x10,0x61,0x10,0x61,0x10,0x61,0x10,0x61,0x10,0x61,0x10,0x61,0x10,0x61,0x10,0x61,0x10,0x61,0x10,0x61,0x10,0x61,0x10,0x61,0x10,0x61,0x10,0x61,0x10,0x61,0x10,
0x61,0x10,0x61,0x10,0x61,0x10,0x61,0x10,0x61,0x10,0x61,0x10,0x61,0x10,0x61,0x10,0x61,0x10,0x61,0x10,0x61,0x10,0x61,0x10,0x61,0x10,0x61,0x10,0x61,0x10,0x61,0x10,0x61,
0x10,0x61,0x10,0x61,0x10,0x61,0x10,0x61,0x10,0x61,0x10,0x61,0x10,0x61,0x10,0x61,0x10,0x61,0x10,0x61,0x10,0x61,0x10,0x61,0x10,0x61,0x10,0x61,0x10,0x61,0x10,0x61,0x10,
0x61,0x10,0x61,0x10,0x61,0x10,0x61,0x10,0x61,0x10,0x61,0x10,0x61,0x10,0x61,0x10,0x61,0x10,0x61,0x10,0x61,0x10,0x61,0x10,0x61,0x10,0x61,0x10,0x61,0x10,0x61,0x10,0x61,
0x10,0x61,0x10,0x61,0x10,0x61,0x10,0x61,0x10,0x61,0x10,0x61,0x10,0x61,0x10,0x61,0x10,0x61,0x10,0x61,0x10,0x61,0x10,0x61,0x10,0x61,0x10,0x61,0x10,0x61,0x10,0x61,0x10,
0x61,0x10,0x61,0x10,0x61,0x10,0x61,0x10,0x61,0x10,0x61,0x10,0x61,0x10,0x61,0x10,0x61,0x10,0x61,0x10,0x61,0x10,0x61,0x10,0x61,0x10,0x61,0x10,0x61,0x10,0x61,0x10,0x61,
0x10,0x61,0x10,0x61,0x10,0x61,0x10,0x61,0x10,0x61,0x10,0x61,0x10,0x61,0x10,0x61,0x10,0x61,0x10,0x61,0x10,0x61,0x10,0x61,0x10,0x61,0x10,0x71,0x94,0x71,0x94,0x65,0x29,
0x61,0x10,0x61,0x10,0x61,0x10,0x61,0x10,0x61,0x10,0x61,0x10,0x61,0x10,0x61,0x10,0x61,0x10,0x61,0x10,0x61,0x10,0x61,0x10,0x61,0x10,0x61,0x10,0x61,0x10,0x61,0x10,0x61,
0x10,0x61,0x10,0x61,0x10,0x61,0x10,0x61,0x10,0x61,0x10,0x61,0x10,0x61,0x10,0x61,0x10,0x61,0x10,0x61,0x10,0x61,0x10,0x61,0x10,0x61,0x10,0x61,0x10,0x61,0x10,0x61,0x10,
0x61,0x10,0x61,0x10,0x61,0x10,0x61,0x10,0x61,0x10,0x61,0x10,0x61,0x10,0x61,0x10,0x61,0x10,0x61,0x10,0x61,0x10,0x61,0x10,0x61,0x10,0x61,0x10,0x61,0x10,0x61,0x10,0x61,
0x10,0x61,0x10,0x61,0x10,0x61,0x10,0x61,0x10,0x61,0x10,0x61,0x10,0x61,0x10,0x61,0x10,0x61,0x10,0x61,0x10,0x61,0x10,0x61,0x10,0x61,0x10,0x61,0x10,0x61,0x10,0x61,0x10,
0x61,0x10,0x61,0x10,0x61,0x10,0x61,0x10,0x61,0x10,0x61,0x10,0x61,0x10,0x61,0x10,0x61,0x10,0x61,0x10,0x61,0x10,0x61,0x10,0x61,0x10,0x61,0x10,0x61,0x10,0x61,0x10,0x61,
0x10,0x61,0x10,0x61,0x10,0x61,0x10,0x61,0x10,0x61,0x10,0x61,0x10,0x61,0x10,0x61,0x10,0x61,0x10,0x61,0x10,0x61,0x10,0x61,0x10,0x61,0x10,0x61,0x10,0x61,0x10,0x61,0x10,
0x61,0x10,0x61,0x10,0x61,0x10,0x61,0x10,0x61,0x10,0x61,0x10,0x61,0x10,0x61,0x10,0x61,0x10,0x61,0x10,0x61,0x10,0x61,0x10,0x61,0x10,0x61,0x10,0x61,0x10,0x61,0x10,0x61,
0x10,0x61,0x10,0x61,0x10,0x61,0x10,0x61,0x10,0x61,0x10,0x61,0x10,0x61,0x10,0x61,0x10,0x61,0x10,0x61,0x10,0x61,0x10,0x61,0x10,0x61,0x10,0x61,0x10,0x61,0x10,0x61,0x10,
0x61,0x10,0x61,0x10,0x82,0x10,0xEF,0x83,0x71,0x94,0x71,0x94,0x71,0x94,0x71,0x94,0x69,0x52,0x04,0x21,0x61,0x10,0x61,0x10,0x61,0x10,0x61,0x10,0x61,0x10,0x61,0x10,0x61,
0x10,0x61,0x10,0x61,0x10,0x61,0x10,0x61,0x10,0x61,0x10,0x61,0x10,0x61,0x10,0x61,0x10,0x61,0x10,0x61,0x10,0x61,0x10,0x61,0x10,0x61,0x10,0x61,0x10,0x61,0x10,0x61,0x10,
0x61,0x10,0x61,0x10,0x61,0x10,0x8E,0x73,0x71,0x94,0x71,0x94,0x71,0x94,0x71,0x94,0xCB,0x5A,0xE3,0x18,0x61,0x10,0x61,0x10,0x61,0x10,0x61,0x10,0x61,0x10,0x61,0x10,0x61,
0x10,0x61,0x10,0x61,0x10,0x61,0x10,0x61,0x10,0x61,0x10,0x61,0x10,0x61,0x10,0x61,0x10,0x61,0x10,0x61,0x10,0x61,0x10,0x61,0x10,0x61,0x10,0x61,0x10,0x61,0x10,0x61,0x10,
0x61,0x10,0x61,0x10,0x61,0x10,0x61,0x10,0x61,0x10,0x61,0x10,0x61,0x10,0x61,0x10,0x61,0x10,0x61,0x10,0x61,0x10,0x61,0x10,0x61,0x10,0x61,0x10,0x61,0x10,0x61,0x10,0x61,
0x10,0x61,0x10,0x61,0x10,0x61,0x10,0x61,0x10,0x61,0x10,0x28,0x4A,0xFF,0xFF,0xFF,0xFF,0xFF,0xFF,0xFF,0xFF,0xFF,0xFF,0xFF,0xFF,0xFF,0xFF,0xFF,0xFF,0xFF,0xFF,0xFF,0xFF,
0xFF,0xFF,0xFF,0xFF,0xFF,0xFF,0x71,0x8C,0x61,0x10,0x61,0x10,0x61,0x10,0x61,0x10,0x61,0x10,0x61,0x10,0x61,0x10,0x61,0x10,0x61,0x10,0x61,0x10,0x61,0x10,0x61,0x10,0x61,
0x10,0x61,0x10,0x61,0x10,0x61,0x10,0x61,0x10,0x61,0x10,0x61,0x10,0x61,0x10,0x61,0x10,0x61,0x10,0x61,0x10,0x61,0x10,0x61,0x10,0x61,0x10,0x61,0x10,0x61,0x10,0x61,0x10,
0x61,0x10,0x61,0x10,0x61,0x10,0x61,0x10,0x61,0x10,0x61,0x10,0x61,0x10,0x61,0x10,0x61,0x10,0x61,0x10,0x61,0x10,0x61,0x10,0x61,0x10,0x61,0x10,0x61,0x10,0x61,0x10,0x61,
0x10,0x61,0x10,0x61,0x10,0x61,0x10,0x61,0x10,0x61,0x10,0x61,0x10,0x61,0x10,0x61,0x10,0x61,0x10,0x61,0x10,0x61,0x10,0x61,0x10,0x61,0x10,0x61,0x10,0x61,0x10,0x61,0x10,
0x61,0x10,0x61,0x10,0x61,0x10,0x61,0x10,0x61,0x10,0x61,0x10,0x61,0x10,0x61,0x10,0x61,0x10,0x61,0x10,0x61,0x10,0x61,0x10,0x61,0x10,0x61,0x10,0x61,0x10,0x61,0x10,0x61,
0x10,0x61,0x10,0x61,0x10,0x61,0x10,0x61,0x10,0x61,0x10,0x61,0x10,0x61,0x10,0x61,0x10,0x61,0x10,0x61,0x10,0x61,0x10,0x61,0x10,0x61,0x10,0x61,0x10,0x61,0x10,0x61,0x10,
0x61,0x10,0x61,0x10,0x61,0x10,0x61,0x10,0x61,0x10,0x61,0x10,0x61,0x10,0x61,0x10,0x61,0x10,0x61,0x10,0x61,0x10,0x61,0x10,0x61,0x10,0x61,0x10,0x61,0x10,0x61,0x10,0x61,
0x10,0x61,0x10,0x61,0x10,0x61,0x10,0x61,0x10,0x61,0x10,0x61,0x10,0x61,0x10,0x61,0x10,0x61,0x10,0x61,0x10,0x61,0x10,0x61,0x10,0x61,0x10,0x61,0x10,0x61,0x10,0x61,0x10,
0x61,0x10,0x61,0x10,0x61,0x10,0x61,0x10,0x61,0x10,0x61,0x10,0x71,0x94,0x71,0x94,0x65,0x29,0x61,0x10,0x61,0x10,0x61,0x10,0x61,0x10,0x61,0x10,0x61,0x10,0x61,0x10,0x61,
0x10,0x61,0x10,0x61,0x10,0x61,0x10,0x61,0x10,0x61,0x10,0x61,0x10,0x61,0x10,0x61,0x10,0x61,0x10,0x61,0x10,0x61,0x10,0x61,0x10,0x61,0x10,0x61,0x10,0x61,0x10,0x61,0x10,
0x61,0x10,0x61,0x10,0x61,0x10,0x61,0x10,0x61,0x10,0x61,0x10,0x61,0x10,0x61,0x10,0x61,0x10,0x61,0x10,0x61,0x10,0x61,0x10,0x61,0x10,0x61,0x10,0x61,0x10,0x61,0x10,0x61,
0x10,0x61,0x10,0x61,0x10,0x61,0x10,0x61,0x10,0x61,0x10,0x61,0x10,0x61,0x10,0x61,0x10,0x61,0x10,0x61,0x10,0x61,0x10,0x61,0x10,0x61,0x10,0x61,0x10,0x61,0x10,0x61,0x10,
0x61,0x10,0x61,0x10,0x61,0x10,0x61,0x10,0x61,0x10,0x61,0x10,0x61,0x10,0x61,0x10,0x61,0x10,0x61,0x10,0x61,0x10,0x61,0x10,0x61,0x10,0x61,0x10,0x61,0x10,0x61,0x10,0x61,
0x10,0x61,0x10,0x61,0x10,0x61,0x10,0x61,0x10,0x61,0x10,0x61,0x10,0x61,0x10,0x61,0x10,0x61,0x10,0x61,0x10,0x61,0x10,0x61,0x10,0x61,0x10,0x61,0x10,0x61,0x10,0x61,0x10,
0x61,0x10,0x61,0x10,0x61,0x10,0x61,0x10,0x61,0x10,0x61,0x10,0x61,0x10,0x61,0x10,0x61,0x10,0x61,0x10,0x61,0x10,0x61,0x10,0x61,0x10,0x61,0x10,0x61,0x10,0x61,0x10,0x61,
0x10,0x61,0x10,0x61,0x10,0x61,0x10,0x61,0x10,0x61,0x10,0x61,0x10,0x61,0x10,0x61,0x10,0x61,0x10,0x61,0x10,0x61,0x10,0x61,0x10,0x61,0x10,0x61,0x10,0x61,0x10,0x61,0x10,
0x61,0x10,0x61,0x10,0x61,0x10,0x61,0x10,0x61,0x10,0x61,0x10,0x61,0x10,0x61,0x10,0x61,0x10,0x61,0x10,0x61,0x10,0x61,0x10,0x61,0x10,0x61,0x10,0x61,0x10,0x51,0x8C,0x71,
0x94,0x71,0x94,0x71,0x94,0x71,0x94,0x30,0x84,0x2C,0x6B,0x04,0x21,0x61,0x10,0x61,0x10,0x61,0x10,0x61,0x10,0x61,0x10,0x61,0x10,0x61,0x10,0x61,0x10,0x61,0x10,0x61,0x10,
0x61,0x10,0x61,0x10,0x61,0x10,0x61,0x10,0x61,0x10,0x61,0x10,0x61,0x10,0x61,0x10,0xC2,0x18,0xCF,0x7B,0x71,0x94,0x71,0x94,0x71,0x94,0x71,0x94,0x71,0x94,0x08,0x42,0x61,
0x10,0x61,0x10,0x61,0x10,0x61,0x10,0x61,0x10,0x61,0x10,0x61,0x10,0x61,0x10,0x61,0x10,0x61,0x10,0x61,0x10,0x61,0x10,0x61,0x10,0x61,0x10,0x61,0x10,0x61,0x10,0x61,0x10,
0x61,0x10,0x61,0x10,0x61,0x10,0x61,0x10,0x61,0x10,0x61,0x10,0x61,0x10,0x61,0x10,0x61,0x10,0x61,0x10,0x61,0x10,0x61,0x10,0x61,0x10,0x61,0x10,0x61,0x10,0x61,0x10,0x61,
0x10,0x61,0x10,0x61,0x10,0x61,0x10,0x61,0x10,0x61,0x10,0x61,0x10,0x61,0x10,0x61,0x10,0x61,0x10,0x61,0x10,0x61,0x10,0x61,0x10,0x61,0x10,0x61,0x10,0x28,0x4A,0xFF,0xFF,
0xFF,0xFF,0xFF,0xFF,0xFF,0xFF,0xFF,0xFF,0xFF,0xFF,0xFF,0xFF,0xFF,0xFF,0xFF,0xFF,0xFF,0xFF,0xFF,0xFF,0xFF,0xFF,0xFF,0xFF,0x71,0x8C,0x61,0x10,0x61,0x10,0x61,0x10,0x61,
0x10,0x61,0x10,0x61,0x10,0x61,0x10,0x61,0x10,0x61,0x10,0x61,0x10,0x61,0x10,0x61,0x10,0x61,0x10,0x61,0x10,0x61,0x10,0x61,0x10,0x61,0x10,0x61,0x10,0x61,0x10,0x61,0x10,
0x61,0x10,0x61,0x10,0x61,0x10,0x61,0x10,0x61,0x10,0x61,0x10,0x61,0x10,0x61,0x10,0x61,0x10,0x61,0x10,0x61,0x10,0x61,0x10,0x61,0x10,0x61,0x10,0x61,0x10,0x61,0x10,0x61,
0x10,0x61,0x10,0x61,0x10,0x61,0x10,0x61,0x10,0x61,0x10,0x61,0x10,0x61,0x10,0x61,0x10,0x61,0x10,0x61,0x10,0x61,0x10,0x61,0x10,0x61,0x10,0x61,0x10,0x61,0x10,0x61,0x10,
0x61,0x10,0x61,0x10,0x61,0x10,0x61,0x10,0x61,0x10,0x61,0x10,0x61,0x10,0x61,0x10,0x61,0x10,0x61,0x10,0x61,0x10,0x61,0x10,0x61,0x10,0x61,0x10,0x61,0x10,0x61,0x10,0x61,
0x10,0x61,0x10,0x61,0x10,0x61,0x10,0x61,0x10,0x61,0x10,0x61,0x10,0x61,0x10,0x61,0x10,0x61,0x10,0x61,0x10,0x61,0x10,0x61,0x10,0x61,0x10,0x61,0x10,0x61,0x10,0x61,0x10,
0x61,0x10,0x61,0x10,0x61,0x10,0x61,0x10,0x61,0x10,0x61,0x10,0x61,0x10,0x61,0x10,0x61,0x10,0x61,0x10,0x61,0x10,0x61,0x10,0x61,0x10,0x61,0x10,0x61,0x10,0x61,0x10,0x61,
0x10,0x61,0x10,0x61,0x10,0x61,0x10,0x61,0x10,0x61,0x10,0x61,0x10,0x61,0x10,0x61,0x10,0x61,0x10,0x61,0x10,0x61,0x10,0x61,0x10,0x61,0x10,0x61,0x10,0x61,0x10,0x61,0x10,
0x61,0x10,0x61,0x10,0x61,0x10,0x61,0x10,0x61,0x10,0x61,0x10,0x61,0x10,0x61,0x10,0x61,0x10,0x61,0x10,0x61,0x10,0x61,0x10,0x61,0x10,0x61,0x10,0x61,0x10,0x71,0x94,0x71,
0x94,0x65,0x29,0x61,0x10,0x61,0x10,0x61,0x10,0x61,0x10,0x61,0x10,0x61,0x10,0x61,0x10,0x61,0x10,0x61,0x10,0x61,0x10,0x61,0x10,0x61,0x10,0x61,0x10,0x61,0x10,0x61,0x10,
0x61,0x10,0x61,0x10,0x61,0x10,0x61,0x10,0x61,0x10,0x61,0x10,0x61,0x10,0x61,0x10,0x61,0x10,0x61,0x10,0x61,0x10,0x61,0x10,0x61,0x10,0x61,0x10,0x61,0x10,0x61,0x10,0x61,
0x10,0x61,0x10,0x61,0x10,0x61,0x10,0x61,0x10,0x61,0x10,0x61,0x10,0x61,0x10,0x61,0x10,0x61,0x10,0x61,0x10,0x61,0x10,0x61,0x10,0x61,0x10,0x61,0x10,0x61,0x10,0x61,0x10,
0x61,0x10,0x61,0x10,0x61,0x10,0x61,0x10,0x61,0x10,0x61,0x10,0x61,0x10,0x61,0x10,0x61,0x10,0x61,0x10,0x61,0x10,0x61,0x10,0x61,0x10,0x61,0x10,0x61,0x10,0x61,0x10,0x61,
0x10,0x61,0x10,0x61,0x10,0x61,0x10,0x61,0x10,0x61,0x10,0x61,0x10,0x61,0x10,0x61,0x10,0x61,0x10,0x61,0x10,0x61,0x10,0x61,0x10,0x61,0x10,0x61,0x10,0x61,0x10,0x61,0x10,
0x61,0x10,0x61,0x10,0x61,0x10,0x61,0x10,0x61,0x10,0x61,0x10,0x61,0x10,0x61,0x10,0x61,0x10,0x61,0x10,0x61,0x10,0x61,0x10,0x61,0x10,0x61,0x10,0x61,0x10,0x61,0x10,0x61,
0x10,0x61,0x10,0x61,0x10,0x61,0x10,0x61,0x10,0x61,0x10,0x61,0x10,0x61,0x10,0x61,0x10,0x61,0x10,0x61,0x10,0x61,0x10,0x61,0x10,0x61,0x10,0x61,0x10,0x61,0x10,0x61,0x10,
0x61,0x10,0x61,0x10,0x61,0x10,0x61,0x10,0x61,0x10,0x61,0x10,0x61,0x10,0x61,0x10,0x61,0x10,0x61,0x10,0x61,0x10,0x61,0x10,0x61,0x10,0x61,0x10,0x61,0x10,0x61,0x10,0x61,
0x10,0x61,0x10,0x61,0x10,0x61,0x10,0x61,0x10,0x61,0x10,0x61,0x10,0x61,0x10,0xA2,0x18,0x28,0x4A,0x71,0x94,0x71,0x94,0x71,0x94,0x71,0x94,0x71,0x94,0x71,0x94,0xAA,0x52,
0xC7,0x39,0x44,0x29,0x61,0x10,0x61,0x10,0x61,0x10,0x61,0x10,0x61,0x10,0x61,0x10,0x61,0x10,0x61,0x10,0x61,0x10,0x61,0x10,0x61,0x10,0x81,0x10,0xA6,0x31,0x2C,0x6B,0xF0,
0x83,0x71,0x94,0x71,0x94,0x71,0x94,0x71,0x94,0x30,0x84,0xCB,0x5A,0x24,0x21,0x61,0x10,0x61,0x10,0x61,0x10,0x61,0x10,0x61,0x10,0x61,0x10,0x61,0x10,0x61,0x10,0x61,0x10,
0x61,0x10,0x61,0x10,0x61,0x10,0x61,0x10,0x61,0x10,0x61,0x10,0x61,0x10,0x61,0x10,0x61,0x10,0x61,0x10,0x61,0x10,0x61,0x10,0x61,0x10,0x61,0x10,0x61,0x10,0x61,0x10,0x61,
0x10,0x61,0x10,0x61,0x10,0x61,0x10,0x61,0x10,0x61,0x10,0x61,0x10,0x61,0x10,0x61,0x10,0x61,0x10,0x61,0x10,0x61,0x10,0x61,0x10,0x61,0x10,0x61,0x10,0x61,0x10,0x61,0x10,
0x61,0x10,0x61,0x10,0x61,0x10,0x61,0x10,0x61,0x10,0x61,0x10,0x61,0x10,0x28,0x4A,0xFF,0xFF,0xFF,0xFF,0xFF,0xFF,0xFF,0xFF,0xFF,0xFF,0xFF,0xFF,0xFF,0xFF,0xFF,0xFF,0xFF,
0xFF,0xFF,0xFF,0xFF,0xFF,0xFF,0xFF,0xFF,0xFF,0x71,0x8C,0x61,0x10,0x61,0x10,0x61,0x10,0x61,0x10,0x61,0x10,0x61,0x10,0x61,0x10,0x61,0x10,0x61,0x10,0x61,0x10,0x61,0x10,
0x61,0x10,0x61,0x10,0x61,0x10,0x61,0x10,0x61,0x10,0x61,0x10,0x61,0x10,0x61,0x10,0x61,0x10,0x61,0x10,0x61,0x10,0x61,0x10,0x61,0x10,0x61,0x10,0x61,0x10,0x61,0x10,0x61,
0x10,0x61,0x10,0x61,0x10,0x61,0x10,0x61,0x10,0x61,0x10,0x61,0x10,0x61,0x10,0x61,0x10,0x61,0x10,0x61,0x10,0x61,0x10,0x61,0x10,0x61,0x10,0x61,0x10,0x61,0x10,0x61,0x10,
0x61,0x10,0x61,0x10,0x61,0x10,0x61,0x10,0x61,0x10,0x61,0x10,0x61,0x10,0x61,0x10,0x61,0x10,0x61,0x10,0x61,0x10,0x61,0x10,0x61,0x10,0x61,0x10,0x61,0x10,0x61,0x10,0x61,
0x10,0x61,0x10,0x61,0x10,0x61,0x10,0x61,0x10,0x61,0x10,0x61,0x10,0x61,0x10,0x61,0x10,0x61,0x10,0x61,0x10,0x61,0x10,0x61,0x10,0x61,0x10,0x61,0x10,0x61,0x10,0x61,0x10,
0x61,0x10,0x61,0x10,0x61,0x10,0x61,0x10,0x61,0x10,0x61,0x10,0x61,0x10,0x61,0x10,0x61,0x10,0x61,0x10,0x61,0x10,0x61,0x10,0x61,0x10,0x61,0x10,0x61,0x10,0x61,0x10,0x61,
0x10,0x61,0x10,0x61,0x10,0x61,0x10,0x61,0x10,0x61,0x10,0x61,0x10,0x61,0x10,0x61,0x10,0x61,0x10,0x61,0x10,0x61,0x10,0x61,0x10,0x61,0x10,0x61,0x10,0x61,0x10,0x61,0x10,
0x61,0x10,0x61,0x10,0x61,0x10,0x61,0x10,0x61,0x10,0x61,0x10,0x61,0x10,0x61,0x10,0x61,0x10,0x61,0x10,0x61,0x10,0x61,0x10,0x61,0x10,0x61,0x10,0x61,0x10,0x61,0x10,0x61,
0x10,0x61,0x10,0x61,0x10,0x61,0x10,0x61,0x10,0x61,0x10,0x61,0x10,0x61,0x10,0x71,0x94,0x71,0x94,0x65,0x29,0x61,0x10,0x61,0x10,0x61,0x10,0x61,0x10,0x61,0x10,0x61,0x10,
0x61,0x10,0x61,0x10,0x61,0x10,0x61,0x10,0x61,0x10,0x61,0x10,0x61,0x10,0x61,0x10,0x61,0x10,0x61,0x10,0x61,0x10,0x61,0x10,0x61,0x10,0x61,0x10,0x61,0x10,0x61,0x10,0x61,
0x10,0x61,0x10,0x61,0x10,0x61,0x10,0x61,0x10,0x61,0x10,0x61,0x10,0x61,0x10,0x61,0x10,0x61,0x10,0x61,0x10,0x61,0x10,0x61,0x10,0x61,0x10,0x61,0x10,0x61,0x10,0x61,0x10,
0x61,0x10,0x61,0x10,0x61,0x10,0x61,0x10,0x61,0x10,0x61,0x10,0x61,0x10,0x61,0x10,0x61,0x10,0x61,0x10,0x61,0x10,0x61,0x10,0x61,0x10,0x61,0x10,0x61,0x10,0x61,0x10,0x61,
0x10,0x61,0x10,0x61,0x10,0x61,0x10,0x61,0x10,0x61,0x10,0x61,0x10,0x61,0x10,0x61,0x10,0x61,0x10,0x61,0x10,0x61,0x10,0x61,0x10,0x61,0x10,0x61,0x10,0x61,0x10,0x61,0x10,
0x61,0x10,0x61,0x10,0x61,0x10,0x61,0x10,0x61,0x10,0x61,0x10,0x61,0x10,0x61,0x10,0x61,0x10,0x61,0x10,0x61,0x10,0x61,0x10,0x61,0x10,0x61,0x10,0x61,0x10,0x61,0x10,0x61,
0x10,0x61,0x10,0x61,0x10,0x61,0x10,0x61,0x10,0x61,0x10,0x61,0x10,0x61,0x10,0x61,0x10,0x61,0x10,0x61,0x10,0x61,0x10,0x61,0x10,0x61,0x10,0x61,0x10,0x61,0x10,0x61,0x10,
0x61,0x10,0x61,0x10,0x61,0x10,0x61,0x10,0x61,0x10,0x61,0x10,0x61,0x10,0x61,0x10,0x61,0x10,0x61,0x10,0x61,0x10,0x61,0x10,0x61,0x10,0x61,0x10,0x61,0x10,0x61,0x10,0x61,
0x10,0x61,0x10,0x61,0x10,0x61,0x10,0x61,0x10,0x61,0x10,0x61,0x10,0x61,0x10,0x61,0x10,0x61,0x10,0x61,0x10,0x61,0x10,0x61,0x10,0x61,0x10,0x61,0x10,0x61,0x10,0x61,0x10,
0x61,0x10,0x61,0x10,0x61,0x10,0x61,0x10,0x08,0x42,0x2C,0x63,0x30,0x84,0x71,0x94,0x71,0x94,0x71,0x94,0x71,0x94,0x71,0x94,0x71,0x94,0x71,0x94,0x71,0x94,0x71,0x94,0x71,
0x94,0x71,0x94,0x71,0x94,0x71,0x94,0x71,0x94,0x71,0x94,0x71,0x94,0x71,0x94,0x71,0x94,0x71,0x94,0x71,0x94,0x6D,0x73,0x45,0x29,0x61,0x10,0x61,0x10,0x61,0x10,0x61,0x10,
0x61,0x10,0x61,0x10,0x61,0x10,0x61,0x10,0x61,0x10,0x61,0x10,0x61,0x10,0x61,0x10,0x61,0x10,0x61,0x10,0x61,0x10,0x61,0x10,0x61,0x10,0x61,0x10,0x61,0x10,0x61,0x10,0x61,
0x10,0x61,0x10,0x61,0x10,0x61,0x10,0x61,0x10,0x61,0x10,0x61,0x10,0x61,0x10,0x61,0x10,0x61,0x10,0x61,0x10,0x61,0x10,0x61,0x10,0x61,0x10,0x61,0x10,0x61,0x10,0x61,0x10,
0x61,0x10,0x61,0x10,0x61,0x10,0x61,0x10,0x61,0x10,0x61,0x10,0x61,0x10,0x61,0x10,0x61,0x10,0x61,0x10,0x61,0x10,0x61,0x10,0x61,0x10,0x61,0x10,0x61,0x10,0x61,0x10,0x28,
0x4A,0xFF,0xFF,0xFF,0xFF,0xFF,0xFF,0xFF,0xFF,0xFF,0xFF,0xFF,0xFF,0xFF,0xFF,0xFF,0xFF,0xFF,0xFF,0xFF,0xFF,0xFF,0xFF,0xFF,0xFF,0xFF,0xFF,0x71,0x8C,0x61,0x10,0x61,0x10,
0x61,0x10,0x61,0x10,0x61,0x10,0x61,0x10,0x61,0x10,0x61,0x10,0x61,0x10,0x61,0x10,0x61,0x10,0x61,0x10,0x61,0x10,0x61,0x10,0x61,0x10,0x61,0x10,0x61,0x10,0x61,0x10,0x61,
0x10,0x61,0x10,0x61,0x10,0x61,0x10,0x61,0x10,0x61,0x10,0x61,0x10,0x61,0x10,0x61,0x10,0x61,0x10,0x61,0x10,0x61,0x10,0x61,0x10,0x61,0x10,0x61,0x10,0x61,0x10,0x61,0x10,
0x61,0x10,0x61,0x10,0x61,0x10,0x61,0x10,0x61,0x10,0x61,0x10,0x61,0x10,0x61,0x10,0x61,0x10,0x61,0x10,0x61,0x10,0x61,0x10,0x61,0x10,0x61,0x10,0x61,0x10,0x61,0x10,0x61,
0x10,0x61,0x10,0x61,0x10,0x61,0x10,0x61,0x10,0x61,0x10,0x61,0x10,0x61,0x10,0x61,0x10,0x61,0x10,0x61,0x10,0x61,0x10,0x61,0x10,0x61,0x10,0x61,0x10,0x61,0x10,0x61,0x10,
0x61,0x10,0x61,0x10,0x61,0x10,0x61,0x10,0x61,0x10,0x61,0x10,0x61,0x10,0x61,0x10,0x61,0x10,0x61,0x10,0x61,0x10,0x61,0x10,0x61,0x10,0x61,0x10,0x61,0x10,0x61,0x10,0x61,
0x10,0x61,0x10,0x61,0x10,0x61,0x10,0x61,0x10,0x61,0x10,0x61,0x10,0x61,0x10,0x61,0x10,0x61,0x10,0x82,0x10,0x04,0x21,0x82,0x10,0x61,0x10,0x61,0x10,0x61,0x10,0x61,0x10,
0x61,0x10,0x61,0x10,0x61,0x10,0x61,0x10,0x61,0x10,0x61,0x10,0x61,0x10,0x61,0x10,0x61,0x10,0x61,0x10,0x61,0x10,0x61,0x10,0xE3,0x20,0xE3,0x20,0x61,0x10,0x61,0x10,0x61,
0x10,0x61,0x10,0x61,0x10,0x61,0x10,0x61,0x10,0x61,0x10,0x61,0x10,0x61,0x10,0x61,0x10,0x61,0x10,0x61,0x10,0x82,0x10,0x24,0x21,0x61,0x10,0x61,0x10,0x61,0x10,0x61,0x10,
0x71,0x94,0x71,0x94,0x65,0x29,0x61,0x10,0x61,0x10,0x61,0x10,0x61,0x10,0x61,0x10,0x61,0x10,0x61,0x10,0x61,0x10,0x61,0x10,0x24,0x29,0x04,0x21,0xA2,0x18,0x61,0x10,0x61,
0x10,0x61,0x10,0x61,0x10,0x61,0x10,0x61,0x10,0x61,0x10,0x61,0x10,0x61,0x10,0x61,0x10,0x61,0x10,0x61,0x10,0x61,0x10,0x04,0x21,0x24,0x29,0x61,0x10,0x61,0x10,0x61,0x10,
0x61,0x10,0x61,0x10,0x61,0x10,0x61,0x10,0x61,0x10,0x61,0x10,0x61,0x10,0x61,0x10,0x61,0x10,0x61,0x10,0x61,0x10,0x61,0x10,0xA2,0x18,0xC3,0x18,0x61,0x10,0x61,0x10,0x61,
0x10,0x61,0x10,0x61,0x10,0x61,0x10,0x61,0x10,0x61,0x10,0x61,0x10,0x61,0x10,0x61,0x10,0x61,0x10,0x61,0x10,0x82,0x10,0xE3,0x18,0x82,0x10,0x61,0x10,0x61,0x10,0x61,0x10,
0x61,0x10,0x61,0x10,0x61,0x10,0x61,0x10,0x61,0x10,0x61,0x10,0x61,0x10,0x61,0x10,0x61,0x10,0x61,0x10,0x61,0x10,0x61,0x10,0xC3,0x18,0xE3,0x18,0x61,0x10,0x61,0x10,0x61,
0x10,0x61,0x10,0x61,0x10,0x61,0x10,0x61,0x10,0x61,0x10,0x61,0x10,0x61,0x10,0x61,0x10,0x61,0x10,0x61,0x10,0x61,0x10,0x61,0x10,0x61,0x10,0x61,0x10,0x61,0x10,0x61,0x10,
0x61,0x10,0x61,0x10,0x61,0x10,0x61,0x10,0x61,0x10,0x61,0x10,0x61,0x10,0x61,0x10,0x61,0x10,0x61,0x10,0x61,0x10,0x61,0x10,0x61,0x10,0x61,0x10,0x61,0x10,0x61,0x10,0x61,
0x10,0x61,0x10,0x61,0x10,0x61,0x10,0x61,0x10,0x61,0x10,0x61,0x10,0x61,0x10,0x61,0x10,0x61,0x10,0x61,0x10,0x61,0x10,0x61,0x10,0x61,0x10,0x61,0x10,0x61,0x10,0x61,0x10,
0x61,0x10,0x61,0x10,0x61,0x10,0x61,0x10,0x61,0x10,0x61,0x10,0x61,0x10,0x61,0x10,0x61,0x10,0x61,0x10,0x61,0x10,0x61,0x10,0x61,0x10,0x61,0x10,0x61,0x10,0x81,0x10,0xE7,
0x41,0x51,0x8C,0x71,0x94,0x71,0x94,0x71,0x94,0x71,0x94,0x71,0x94,0x71,0x94,0x71,0x94,0x71,0x94,0x71,0x94,0x71,0x94,0x71,0x94,0x71,0x94,0x71,0x94,0x71,0x94,0x71,0x94,
0xF0,0x83,0x2C,0x6B,0x49,0x4A,0x61,0x10,0x61,0x10,0x61,0x10,0x61,0x10,0x61,0x10,0x61,0x10,0x61,0x10,0x61,0x10,0x61,0x10,0x61,0x10,0x61,0x10,0x61,0x10,0x61,0x10,0x61,
0x10,0x61,0x10,0x61,0x10,0x61,0x10,0x61,0x10,0x61,0x10,0x61,0x10,0x61,0x10,0x61,0x10,0x61,0x10,0x61,0x10,0x61,0x10,0x61,0x10,0x61,0x10,0x61,0x10,0x61,0x10,0x61,0x10,
0x61,0x10,0x61,0x10,0x61,0x10,0x61,0x10,0x61,0x10,0x61,0x10,0x61,0x10,0x61,0x10,0x61,0x10,0x61,0x10,0x61,0x10,0x61,0x10,0x61,0x10,0x61,0x10,0x61,0x10,0x61,0x10,0x61,
0x10,0x61,0x10,0x61,0x10,0x61,0x10,0x61,0x10,0x61,0x10,0x61,0x10,0x61,0x10,0x61,0x10,0x28,0x4A,0xFF,0xFF,0xFF,0xFF,0xFF,0xFF,0xFF,0xFF,0xFF,0xFF,0xFF,0xFF,0xFF,0xFF,
0xFF,0xFF,0xFF,0xFF,0xFF,0xFF,0xFF,0xFF,0xFF,0xFF,0xFF,0xFF,0x71,0x8C,0x61,0x10,0x61,0x10,0x61,0x10,0x61,0x10,0x61,0x10,0x61,0x10,0x61,0x10,0x61,0x10,0x61,0x10,0x61,
0x10,0x61,0x10,0x61,0x10,0x61,0x10,0x61,0x10,0x61,0x10,0x61,0x10,0x61,0x10,0x61,0x10,0x61,0x10,0x61,0x10,0x61,0x10,0x61,0x10,0x61,0x10,0x61,0x10,0x61,0x10,0x61,0x10,
0x61,0x10,0x61,0x10,0x61,0x10,0x61,0x10,0x61,0x10,0x61,0x10,0x61,0x10,0x61,0x10,0x61,0x10,0x61,0x10,0x61,0x10,0x61,0x10,0x61,0x10,0x61,0x10,0x61,0x10,0x61,0x10,0x61,
0x10,0x61,0x10,0x61,0x10,0x61,0x10,0x61,0x10,0x61,0x10,0x61,0x10,0x61,0x10,0x61,0x10,0x61,0x10,0x61,0x10,0x61,0x10,0x61,0x10,0x61,0x10,0x61,0x10,0x61,0x10,0x61,0x10,
0x61,0x10,0x61,0x10,0x61,0x10,0x61,0x10,0x61,0x10,0x61,0x10,0x61,0x10,0x61,0x10,0x61,0x10,0x61,0x10,0x61,0x10,0x61,0x10,0x61,0x10,0x61,0x10,0x61,0x10,0x61,0x10,0x61,
0x10,0x61,0x10,0x61,0x10,0x61,0x10,0x61,0x10,0x61,0x10,0x61,0x10,0x61,0x10,0x61,0x10,0x61,0x10,0x61,0x10,0x61,0x10,0x61,0x10,0x61,0x10,0x61,0x10,0x61,0x10,0x61,0x10,
0x86,0x31,0xEB,0x62,0x71,0x8C,0x71,0x94,0x71,0x8C,0xAE,0x73,0x24,0x29,0x61,0x10,0x61,0x10,0x61,0x10,0x61,0x10,0x61,0x10,0x61,0x10,0x61,0x10,0x45,0x29,0xCB,0x5A,0x69,
0x4A,0x61,0x10,0x61,0x10,0x8E,0x73,0x51,0x8C,0x71,0x94,0x71,0x94,0x69,0x52,0xC3,0x18,0x61,0x10,0x61,0x10,0x61,0x10,0x61,0x10,0x61,0x10,0x61,0x10,0x61,0x10,0x61,0x10,
0x61,0x10,0x61,0x10,0xEF,0x83,0x71,0x94,0x71,0x94,0xEF,0x7B,0xC3,0x18,0x61,0x10,0x61,0x10,0x71,0x94,0x71,0x94,0x65,0x29,0x61,0x10,0x61,0x10,0x61,0x10,0x61,0x10,0x61,
0x10,0x61,0x10,0x61,0x10,0x04,0x21,0x51,0x8C,0x71,0x94,0x71,0x94,0x71,0x94,0xE7,0x41,0xA2,0x10,0x61,0x10,0x61,0x10,0x61,0x10,0x61,0x10,0x61,0x10,0x61,0x10,0x61,0x10,
0x61,0x10,0x61,0x10,0xC7,0x39,0x30,0x84,0x71,0x94,0x71,0x94,0xCF,0x7B,0x0C,0x63,0x82,0x10,0x61,0x10,0x61,0x10,0x61,0x10,0x61,0x10,0x61,0x10,0x61,0x10,0x61,0x10,0x61,
0x10,0x61,0x10,0xE3,0x18,0x8E,0x73,0x30,0x8C,0x71,0x94,0x71,0x94,0x10,0x84,0xE7,0x41,0x61,0x10,0x61,0x10,0x61,0x10,0x61,0x10,0x61,0x10,0x61,0x10,0x61,0x10,0x61,0x10,
0x81,0x10,0xA6,0x39,0xEF,0x83,0x71,0x94,0x71,0x94,0x71,0x8C,0xAA,0x5A,0x61,0x10,0x61,0x10,0x61,0x10,0x61,0x10,0x61,0x10,0x61,0x10,0x61,0x10,0x61,0x10,0xCB,0x5A,0xCB,
0x5A,0x61,0x10,0x61,0x10,0x0C,0x63,0x10,0x84,0x71,0x94,0x71,0x94,0xEB,0x5A,0x65,0x29,0x61,0x10,0x61,0x10,0x61,0x10,0x61,0x10,0x61,0x10,0xCB,0x5A,0xCB,0x5A,0xCB,0x5A,
0x07,0x42,0x61,0x10,0x61,0x10,0x61,0x10,0x61,0x10,0x61,0x10,0x61,0x10,0x61,0x10,0x61,0x10,0xCB,0x5A,0xCB,0x5A,0xCB,0x5A,0x61,0x10,0x61,0x10,0x61,0x10,0x61,0x10,0x61,
0x10,0x61,0x10,0x61,0x10,0x61,0x10,0x61,0x10,0x61,0x10,0x61,0x10,0x61,0x10,0x61,0x10,0x61,0x10,0x61,0x10,0x61,0x10,0x61,0x10,0x61,0x10,0x61,0x10,0x61,0x10,0x61,0x10,
0x61,0x10,0x61,0x10,0x61,0x10,0x61,0x10,0x61,0x10,0x61,0x10,0x61,0x10,0x61,0x10,0x61,0x10,0x61,0x10,0x61,0x10,0x61,0x10,0x61,0x10,0x61,0x10,0x61,0x10,0x61,0x10,0x61,
0x10,0x61,0x10,0x61,0x10,0x61,0x10,0x61,0x10,0x61,0x10,0x61,0x10,0x61,0x10,0x61,0x10,0x61,0x10,0x61,0x10,0x61,0x10,0x61,0x10,0x61,0x10,0x61,0x10,0x61,0x10,0x61,0x10,
0xE3,0x18,0xE3,0x20,0xA2,0x18,0xA2,0x18,0x61,0x10,0x61,0x10,0x61,0x10,0x61,0x10,0x61,0x10,0x61,0x10,0x61,0x10,0x61,0x10,0x61,0x10,0x61,0x10,0x61,0x10,0x61,0x10,0x61,
0x10,0x61,0x10,0x61,0x10,0x61,0x10,0x61,0x10,0x61,0x10,0x61,0x10,0x61,0x10,0x61,0x10,0x61,0x10,0x61,0x10,0x61,0x10,0x61,0x10,0x61,0x10,0x61,0x10,0x61,0x10,0x61,0x10,
0x61,0x10,0x61,0x10,0x61,0x10,0x61,0x10,0x61,0x10,0x61,0x10,0x61,0x10,0x61,0x10,0x61,0x10,0x61,0x10,0x61,0x10,0x61,0x10,0x61,0x10,0x61,0x10,0x61,0x10,0x61,0x10,0x61,
0x10,0x61,0x10,0x61,0x10,0x61,0x10,0x61,0x10,0x61,0x10,0x61,0x10,0x61,0x10,0x61,0x10,0x61,0x10,0x61,0x10,0x61,0x10,0x61,0x10,0x61,0x10,0x61,0x10,0x61,0x10,0x61,0x10,
0x61,0x10,0x28,0x4A,0xFF,0xFF,0xFF,0xFF,0xFF,0xFF,0xFF,0xFF,0xFF,0xFF,0xFF,0xFF,0xFF,0xFF,0xFF,0xFF,0xFF,0xFF,0xFF,0xFF,0xFF,0xFF,0xFF,0xFF,0xFF,0xFF,0x71,0x8C,0x61,
0x10,0x61,0x10,0x61,0x10,0x61,0x10,0x61,0x10,0x61,0x10,0x61,0x10,0x61,0x10,0x61,0x10,0x61,0x10,0x61,0x10,0x61,0x10,0x61,0x10,0x61,0x10,0x61,0x10,0x61,0x10,0x61,0x10,
0x61,0x10,0x61,0x10,0x61,0x10,0x61,0x10,0x61,0x10,0x61,0x10,0x61,0x10,0x61,0x10,0x61,0x10,0x61,0x10,0x61,0x10,0x61,0x10,0x61,0x10,0x61,0x10,0x61,0x10,0x61,0x10,0x61,
0x10,0x61,0x10,0x61,0x10,0x61,0x10,0x61,0x10,0x61,0x10,0x61,0x10,0x61,0x10,0x61,0x10,0x61,0x10,0x61,0x10,0x61,0x10,0x61,0x10,0x61,0x10,0x61,0x10,0x61,0x10,0x61,0x10,
0x61,0x10,0x61,0x10,0x61,0x10,0x61,0x10,0x61,0x10,0x61,0x10,0x61,0x10,0x61,0x10,0x61,0x10,0x61,0x10,0x61,0x10,0x61,0x10,0x61,0x10,0x61,0x10,0x61,0x10,0x61,0x10,0x61,
0x10,0x61,0x10,0x61,0x10,0x61,0x10,0x61,0x10,0x61,0x10,0x61,0x10,0x61,0x10,0x61,0x10,0x61,0x10,0x61,0x10,0x61,0x10,0x61,0x10,0x61,0x10,0x61,0x10,0x61,0x10,0x61,0x10,
0x61,0x10,0x61,0x10,0x61,0x10,0x61,0x10,0x61,0x10,0x61,0x10,0x61,0x10,0x61,0x10,0xAA,0x5A,0x71,0x94,0x71,0x94,0x71,0x94,0x71,0x94,0x71,0x94,0x71,0x94,0x71,0x94,0x71,
0x94,0x61,0x10,0x61,0x10,0x61,0x10,0x61,0x10,0x61,0x10,0x61,0x10,0xC7,0x39,0x71,0x94,0xAF,0x7B,0xAA,0x5A,0x71,0x94,0x71,0x94,0x71,0x94,0x71,0x94,0x71,0x94,0x71,0x94,
0x71,0x94,0x71,0x94,0x82,0x10,0x61,0x10,0x61,0x10,0x61,0x10,0x61,0x10,0x61,0x10,0x61,0x10,0x30,0x8C,0x71,0x94,0x71,0x94,0x71,0x94,0x71,0x94,0x71,0x94,0x71,0x94,0x71,
0x94,0xEB,0x5A,0x71,0x94,0x71,0x94,0x65,0x29,0x61,0x10,0x61,0x10,0x61,0x10,0x61,0x10,0x61,0x10,0x51,0x8C,0x71,0x94,0x71,0x94,0x71,0x94,0x71,0x94,0x71,0x94,0x71,0x94,
0x71,0x94,0x71,0x94,0x8E,0x73,0xC3,0x18,0x61,0x10,0x61,0x10,0x61,0x10,0x61,0x10,0x81,0x10,0xEB,0x62,0x71,0x94,0x71,0x94,0x71,0x94,0x71,0x94,0x71,0x94,0x71,0x94,0x71,
0x94,0x71,0x94,0x71,0x94,0x61,0x10,0x61,0x10,0x61,0x10,0x61,0x10,0x61,0x10,0x61,0x10,0x61,0x10,0x10,0x84,0x71,0x94,0x71,0x94,0x71,0x94,0x71,0x94,0x71,0x94,0x71,0x94,
0x71,0x94,0xCB,0x5A,0x61,0x10,0x61,0x10,0x61,0x10,0x61,0x10,0x61,0x10,0x61,0x10,0xA2,0x18,0x71,0x94,0x71,0x94,0x71,0x94,0x71,0x94,0x71,0x94,0x71,0x94,0x71,0x94,0x71,
0x94,0x49,0x4A,0x61,0x10,0x61,0x10,0x61,0x10,0x61,0x10,0x61,0x10,0x61,0x10,0x71,0x94,0x71,0x94,0x82,0x10,0x2C,0x6B,0x71,0x94,0x71,0x94,0x71,0x94,0x71,0x94,0x71,0x94,
0x71,0x94,0x71,0x94,0x61,0x10,0x61,0x10,0x61,0x10,0x61,0x10,0x0C,0x63,0x71,0x94,0x71,0x94,0x71,0x94,0x61,0x10,0x61,0x10,0x61,0x10,0x61,0x10,0x61,0x10,0x61,0x10,0x61,
0x10,0x61,0x10,0x71,0x94,0x71,0x94,0x30,0x84,0x61,0x10,0x61,0x10,0x61,0x10,0x61,0x10,0x61,0x10,0x61,0x10,0x61,0x10,0x61,0x10,0x61,0x10,0x61,0x10,0x61,0x10,0x61,0x10,
0x61,0x10,0x61,0x10,0x61,0x10,0x61,0x10,0x61,0x10,0x61,0x10,0x61,0x10,0x61,0x10,0x61,0x10,0x61,0x10,0x61,0x10,0x61,0x10,0x61,0x10,0x61,0x10,0x61,0x10,0x61,0x10,0x61,
0x10,0x61,0x10,0x61,0x10,0x61,0x10,0x61,0x10,0x61,0x10,0x61,0x10,0x61,0x10,0x61,0x10,0x61,0x10,0x61,0x10,0x61,0x10,0x61,0x10,0x61,0x10,0x61,0x10,0x61,0x10,0x61,0x10,
0x61,0x10,0x61,0x10,0x61,0x10,0x61,0x10,0x61,0x10,0x61,0x10,0x61,0x10,0x61,0x10,0x61,0x10,0x61,0x10,0x61,0x10,0x61,0x10,0x61,0x10,0x61,0x10,0x61,0x10,0x61,0x10,0x61,
0x10,0x61,0x10,0x61,0x10,0x61,0x10,0x61,0x10,0x61,0x10,0x61,0x10,0x61,0x10,0x61,0x10,0x61,0x10,0x61,0x10,0x61,0x10,0x61,0x10,0x61,0x10,0x61,0x10,0x61,0x10,0x61,0x10,
0x61,0x10,0x61,0x10,0x61,0x10,0x61,0x10,0x61,0x10,0x61,0x10,0x61,0x10,0x61,0x10,0x61,0x10,0x61,0x10,0x61,0x10,0x61,0x10,0x61,0x10,0x61,0x10,0x61,0x10,0x61,0x10,0x61,
0x10,0x61,0x10,0x61,0x10,0x61,0x10,0x61,0x10,0x61,0x10,0x61,0x10,0x61,0x10,0x61,0x10,0x61,0x10,0x61,0x10,0x61,0x10,0x61,0x10,0x61,0x10,0x61,0x10,0x61,0x10,0x61,0x10,
0x61,0x10,0x61,0x10,0x61,0x10,0x61,0x10,0x61,0x10,0x61,0x10,0x61,0x10,0x61,0x10,0x61,0x10,0x61,0x10,0x28,0x4A,0xFF,0xFF,0xFF,0xFF,0xFF,0xFF,0xFF,0xFF,0xFF,0xFF,0xFF,
0xFF,0xFF,0xFF,0xFF,0xFF,0xFF,0xFF,0xFF,0xFF,0xFF,0xFF,0xFF,0xFF,0xFF,0xFF,0x71,0x8C,0x61,0x10,0x61,0x10,0x61,0x10,0x61,0x10,0x61,0x10,0x61,0x10,0x61,0x10,0x61,0x10,
0x61,0x10,0x61,0x10,0x61,0x10,0x61,0x10,0x61,0x10,0x61,0x10,0x61,0x10,0x61,0x10,0x61,0x10,0x61,0x10,0x61,0x10,0x61,0x10,0x61,0x10,0x61,0x10,0x61,0x10,0x61,0x10,0x61,
0x10,0x61,0x10,0x61,0x10,0x61,0x10,0x61,0x10,0x61,0x10,0x61,0x10,0x61,0x10,0x61,0x10,0x61,0x10,0x61,0x10,0x61,0x10,0x61,0x10,0x61,0x10,0x61,0x10,0x61,0x10,0x61,0x10,
0x61,0x10,0x61,0x10,0x61,0x10,0x61,0x10,0x61,0x10,0x61,0x10,0x61,0x10,0x61,0x10,0x61,0x10,0x61,0x10,0x61,0x10,0x61,0x10,0x61,0x10,0x61,0x10,0x61,0x10,0x61,0x10,0x61,
0x10,0x61,0x10,0x61,0x10,0x61,0x10,0x61,0x10,0x61,0x10,0x61,0x10,0x61,0x10,0x61,0x10,0x61,0x10,0x61,0x10,0x61,0x10,0x61,0x10,0x61,0x10,0x61,0x10,0x61,0x10,0x61,0x10,
0x61,0x10,0x61,0x10,0x61,0x10,0x61,0x10,0x61,0x10,0x61,0x10,0x61,0x10,0x61,0x10,0x61,0x10,0x61,0x10,0x61,0x10,0x61,0x10,0x61,0x10,0x61,0x10,0x61,0x10,0x61,0x10,0xEB,
0x62,0x71,0x94,0x71,0x94,0x71,0x94,0xEF,0x83,0x4D,0x6B,0x30,0x84,0x71,0x94,0x71,0x94,0x71,0x94,0xC7,0x39,0x61,0x10,0x61,0x10,0x61,0x10,0x61,0x10,0x61,0x10,0xC7,0x39,
0x71,0x94,0xAF,0x7B,0x71,0x94,0x71,0x94,0x71,0x94,0x30,0x8C,0xEF,0x7B,0x71,0x94,0x71,0x94,0x71,0x94,0x71,0x94,0x8A,0x52,0x61,0x10,0x61,0x10,0x61,0x10,0x61,0x10,0x61,
0x10,0x65,0x31,0x71,0x94,0x71,0x94,0x71,0x94,0x51,0x8C,0x6D,0x6B,0x71,0x8C,0x71,0x94,0x71,0x94,0x71,0x94,0x71,0x94,0x71,0x94,0x65,0x29,0x61,0x10,0x61,0x10,0x61,0x10,
0x61,0x10,0x61,0x10,0x71,0x94,0x71,0x94,0x71,0x94,0x71,0x8C,0x6D,0x6B,0x6D,0x73,0x10,0x84,0x71,0x94,0x71,0x94,0x71,0x94,0xEF,0x83,0x61,0x10,0x61,0x10,0x61,0x10,0x61,
0x10,0x8A,0x52,0x71,0x94,0x71,0x94,0x71,0x94,0x51,0x8C,0x2C,0x63,0x0C,0x63,0x71,0x94,0x71,0x94,0x71,0x94,0x71,0x94,0x61,0x10,0x61,0x10,0x61,0x10,0x61,0x10,0x61,0x10,
0x61,0x10,0xA6,0x31,0x71,0x94,0x71,0x94,0x71,0x94,0x71,0x8C,0xAE,0x73,0xCF,0x7B,0x71,0x94,0x71,0x94,0x71,0x94,0x8A,0x52,0x61,0x10,0x61,0x10,0x61,0x10,0x61,0x10,0xC2,
0x18,0xCF,0x7B,0x71,0x94,0x71,0x94,0x71,0x94,0x30,0x8C,0xAE,0x7B,0x51,0x8C,0x71,0x94,0x71,0x94,0x71,0x94,0xAA,0x52,0x61,0x10,0x61,0x10,0x61,0x10,0x61,0x10,0x61,0x10,
0x71,0x94,0x71,0x94,0xEB,0x62,0x71,0x94,0x71,0x94,0xEF,0x7B,0xEB,0x5A,0xEB,0x5A,0x71,0x94,0x71,0x94,0x71,0x94,0x45,0x29,0x61,0x10,0x61,0x10,0x61,0x10,0x86,0x31,0x71,
0x94,0x71,0x94,0x71,0x94,0x61,0x10,0x61,0x10,0x61,0x10,0x61,0x10,0x61,0x10,0x61,0x10,0x61,0x10,0x61,0x10,0x71,0x94,0x71,0x94,0xCB,0x5A,0x61,0x10,0x61,0x10,0x61,0x10,
0x61,0x10,0x61,0x10,0x61,0x10,0x61,0x10,0x61,0x10,0x61,0x10,0x61,0x10,0x61,0x10,0x61,0x10,0x61,0x10,0x61,0x10,0x61,0x10,0x61,0x10,0x61,0x10,0x61,0x10,0x61,0x10,0x61,
0x10,0x61,0x10,0x61,0x10,0x61,0x10,0x61,0x10,0x61,0x10,0x61,0x10,0x61,0x10,0x61,0x10,0x61,0x10,0x61,0x10,0x61,0x10,0x61,0x10,0x61,0x10,0x61,0x10,0x61,0x10,0x61,0x10,
0x61,0x10,0x61,0x10,0x61,0x10,0x61,0x10,0x61,0x10,0x61,0x10,0x61,0x10,0x61,0x10,0x61,0x10,0x61,0x10,0x61,0x10,0x61,0x10,0x61,0x10,0x61,0x10,0x61,0x10,0x61,0x10,0x61,
0x10,0x61,0x10,0x61,0x10,0x61,0x10,0x61,0x10,0x61,0x10,0x61,0x10,0x61,0x10,0x61,0x10,0x61,0x10,0x61,0x10,0x61,0x10,0x61,0x10,0x61,0x10,0x61,0x10,0x61,0x10,0x61,0x10,
0x61,0x10,0x61,0x10,0x61,0x10,0x61,0x10,0x61,0x10,0x61,0x10,0x61,0x10,0x61,0x10,0x61,0x10,0x61,0x10,0x61,0x10,0x61,0x10,0x61,0x10,0x61,0x10,0x61,0x10,0x61,0x10,0x61,
0x10,0x61,0x10,0x61,0x10,0x61,0x10,0x61,0x10,0x61,0x10,0x61,0x10,0x61,0x10,0x61,0x10,0x61,0x10,0x61,0x10,0x61,0x10,0x61,0x10,0x61,0x10,0x61,0x10,0x61,0x10,0x61,0x10,
0x61,0x10,0x61,0x10,0x61,0x10,0x61,0x10,0x61,0x10,0x61,0x10,0x61,0x10,0x61,0x10,0x61,0x10,0x61,0x10,0x61,0x10,0x61,0x10,0x61,0x10,0x61,0x10,0x61,0x10,0x61,0x10,0x61,
0x10,0x61,0x10,0x61,0x10,0x28,0x4A,0xFF,0xFF,0xFF,0xFF,0xFF,0xFF,0xFF,0xFF,0xFF,0xFF,0xFF,0xFF,0xFF,0xFF,0xFF,0xFF,0xFF,0xFF,0xFF,0xFF,0xFF,0xFF,0xFF,0xFF,0xFF,0xFF,
0x71,0x8C,0x61,0x10,0x61,0x10,0x61,0x10,0x61,0x10,0x61,0x10,0x61,0x10,0x61,0x10,0x61,0x10,0x61,0x10,0x61,0x10,0x61,0x10,0x61,0x10,0x61,0x10,0x61,0x10,0x61,0x10,0x61,
0x10,0x61,0x10,0x61,0x10,0x61,0x10,0x61,0x10,0x61,0x10,0x61,0x10,0x61,0x10,0x61,0x10,0x61,0x10,0x61,0x10,0x61,0x10,0x61,0x10,0x61,0x10,0x61,0x10,0x61,0x10,0x61,0x10,
0x61,0x10,0x61,0x10,0x61,0x10,0x61,0x10,0x61,0x10,0x61,0x10,0x61,0x10,0x61,0x10,0x61,0x10,0x61,0x10,0x61,0x10,0x61,0x10,0x61,0x10,0x61,0x10,0x61,0x10,0x61,0x10,0x61,
0x10,0x61,0x10,0x61,0x10,0x61,0x10,0x61,0x10,0x61,0x10,0x61,0x10,0x61,0x10,0x61,0x10,0x61,0x10,0x61,0x10,0x61,0x10,0x61,0x10,0x61,0x10,0x61,0x10,0x61,0x10,0x61,0x10,
0x61,0x10,0x61,0x10,0x61,0x10,0x61,0x10,0x61,0x10,0x61,0x10,0x61,0x10,0x61,0x10,0x61,0x10,0x61,0x10,0x61,0x10,0x61,0x10,0x61,0x10,0x61,0x10,0x61,0x10,0x61,0x10,0x61,
0x10,0x61,0x10,0x61,0x10,0x61,0x10,0x61,0x10,0x61,0x10,0x61,0x10,0x61,0x10,0x71,0x8C,0x71,0x94,0x71,0x94,0x28,0x42,0x61,0x10,0x61,0x10,0x61,0x10,0x61,0x10,0x61,0x10,
0xCB,0x5A,0x71,0x94,0x71,0x94,0xCF,0x7B,0x82,0x10,0x61,0x10,0x61,0x10,0x61,0x10,0xC7,0x39,0x71,0x94,0x71,0x94,0x71,0x94,0x6D,0x6B,0x61,0x10,0x61,0x10,0x61,0x10,0x61,
0x10,0x51,0x8C,0x71,0x94,0x71,0x94,0x71,0x94,0x61,0x10,0x61,0x10,0x61,0x10,0x61,0x10,0xEB,0x5A,0x71,0x94,0x71,0x94,0x71,0x94,0x61,0x10,0x61,0x10,0x61,0x10,0x61,0x10,
0xE3,0x20,0xEF,0x83,0x71,0x94,0x71,0x94,0x71,0x94,0x65,0x29,0x61,0x10,0x61,0x10,0x61,0x10,0xC3,0x18,0x30,0x84,0x71,0x94,0x71,0x94,0x8E,0x73,0x61,0x10,0x61,0x10,0x61,
0x10,0x61,0x10,0xA6,0x31,0x51,0x8C,0x71,0x94,0x71,0x94,0x61,0x10,0x61,0x10,0x61,0x10,0x61,0x10,0x71,0x94,0x71,0x94,0x71,0x94,0x85,0x31,0x61,0x10,0x61,0x10,0x61,0x10,
0x61,0x10,0x61,0x10,0x71,0x94,0x71,0x94,0xCB,0x5A,0x61,0x10,0x61,0x10,0x61,0x10,0x61,0x10,0x2C,0x63,0x71,0x94,0x71,0x94,0xCF,0x7B,0x61,0x10,0x61,0x10,0x61,0x10,0x61,
0x10,0x61,0x10,0xCB,0x5A,0x71,0x94,0x71,0x94,0xAE,0x73,0x61,0x10,0x61,0x10,0x69,0x4A,0x71,0x94,0x71,0x94,0x71,0x8C,0x08,0x42,0x61,0x10,0x61,0x10,0x61,0x10,0x61,0x10,
0x82,0x10,0x71,0x94,0x71,0x94,0x71,0x94,0x51,0x8C,0x61,0x10,0x61,0x10,0x61,0x10,0x61,0x10,0x71,0x94,0x71,0x94,0x71,0x94,0x71,0x94,0x61,0x10,0x61,0x10,0x61,0x10,0x61,
0x10,0xC3,0x18,0xCF,0x7B,0x71,0x94,0x71,0x94,0xCB,0x5A,0x61,0x10,0x61,0x10,0x61,0x10,0x8A,0x52,0x71,0x94,0x71,0x94,0x61,0x10,0x61,0x10,0x61,0x10,0x61,0x10,0x61,0x10,
0x61,0x10,0x61,0x10,0x61,0x10,0x71,0x94,0xCF,0x7B,0x61,0x10,0x61,0x10,0x61,0x10,0x61,0x10,0x61,0x10,0x61,0x10,0x61,0x10,0x61,0x10,0x61,0x10,0x61,0x10,0x61,0x10,0x61,
0x10,0x61,0x10,0x61,0x10,0x61,0x10,0x61,0x10,0x61,0x10,0x61,0x10,0x61,0x10,0x61,0x10,0x61,0x10,0x61,0x10,0x61,0x10,0x61,0x10,0x61,0x10,0x61,0x10,0x61,0x10,0x61,0x10,
0x61,0x10,0x61,0x10,0x61,0x10,0x61,0x10,0x61,0x10,0x61,0x10,0x61,0x10,0x61,0x10,0x61,0x10,0x61,0x10,0x61,0x10,0x61,0x10,0x61,0x10,0x61,0x10,0x61,0x10,0x61,0x10,0x61,
0x10,0x61,0x10,0x61,0x10,0x61,0x10,0x61,0x10,0x61,0x10,0x61,0x10,0x61,0x10,0x61,0x10,0x61,0x10,0x61,0x10,0x61,0x10,0x61,0x10,0x61,0x10,0x61,0x10,0x61,0x10,0x61,0x10,
0x61,0x10,0x61,0x10,0x61,0x10,0x61,0x10,0x61,0x10,0x61,0x10,0x61,0x10,0x61,0x10,0x61,0x10,0x61,0x10,0x61,0x10,0x61,0x10,0x61,0x10,0x61,0x10,0x61,0x10,0x61,0x10,0x61,
0x10,0x61,0x10,0x61,0x10,0x61,0x10,0x61,0x10,0x61,0x10,0x61,0x10,0x61,0x10,0x61,0x10,0x61,0x10,0x61,0x10,0x61,0x10,0x61,0x10,0x61,0x10,0x61,0x10,0x61,0x10,0x61,0x10,
0x61,0x10,0x61,0x10,0x61,0x10,0x61,0x10,0x61,0x10,0x61,0x10,0x61,0x10,0x61,0x10,0x61,0x10,0x61,0x10,0x61,0x10,0x61,0x10,0x61,0x10,0x61,0x10,0x61,0x10,0x61,0x10,0x61,
0x10,0x61,0x10,0x61,0x10,0x61,0x10,0x61,0x10,0x61,0x10,0x61,0x10,0x61,0x10,0x61,0x10,0x61,0x10,0x61,0x10,0x61,0x10,0x28,0x4A,0xFF,0xFF,0xFF,0xFF,0xFF,0xFF,0xFF,0xFF,
0xFF,0xFF,0xFF,0xFF,0xFF,0xFF,0xFF,0xFF,0xFF,0xFF,0xFF,0xFF,0xFF,0xFF,0xFF,0xFF,0xFF,0xFF,0x71,0x8C,0x61,0x10,0x61,0x10,0x61,0x10,0x61,0x10,0x61,0x10,0x61,0x10,0x61,
0x10,0x61,0x10,0x61,0x10,0x61,0x10,0x61,0x10,0x61,0x10,0x61,0x10,0x61,0x10,0x61,0x10,0x61,0x10,0x61,0x10,0x61,0x10,0x61,0x10,0x61,0x10,0x61,0x10,0x61,0x10,0x61,0x10,
0x61,0x10,0x61,0x10,0x61,0x10,0x61,0x10,0x61,0x10,0x61,0x10,0x61,0x10,0x61,0x10,0x61,0x10,0x61,0x10,0x61,0x10,0x61,0x10,0x61,0x10,0x61,0x10,0x61,0x10,0x61,0x10,0x61,
0x10,0x61,0x10,0x61,0x10,0x61,0x10,0x61,0x10,0x61,0x10,0x61,0x10,0x61,0x10,0x61,0x10,0x61,0x10,0x61,0x10,0x61,0x10,0x61,0x10,0x61,0x10,0x61,0x10,0x61,0x10,0x61,0x10,
0x61,0x10,0x61,0x10,0x61,0x10,0x61,0x10,0x61,0x10,0x61,0x10,0x61,0x10,0x61,0x10,0x61,0x10,0x61,0x10,0x61,0x10,0x61,0x10,0x61,0x10,0x61,0x10,0x61,0x10,0x61,0x10,0x61,
0x10,0x61,0x10,0x61,0x10,0x61,0x10,0x61,0x10,0x61,0x10,0x61,0x10,0x61,0x10,0x61,0x10,0x61,0x10,0x61,0x10,0x61,0x10,0x61,0x10,0x61,0x10,0x61,0x10,0x61,0x10,0x61,0x10,
0x71,0x94,0x71,0x94,0x71,0x94,0x61,0x10,0x61,0x10,0x61,0x10,0x61,0x10,0x61,0x10,0x61,0x10,0x61,0x10,0xE3,0x18,0x71,0x94,0x71,0x94,0xAE,0x7B,0x61,0x10,0x61,0x10,0x61,
0x10,0xC7,0x39,0x71,0x94,0x71,0x94,0x65,0x29,0x61,0x10,0x61,0x10,0x61,0x10,0x61,0x10,0x61,0x10,0xA2,0x18,0x71,0x8C,0x71,0x94,0x71,0x94,0x61,0x10,0x61,0x10,0x61,0x10,
0x61,0x10,0x71,0x94,0x71,0x94,0x71,0x94,0x49,0x4A,0x61,0x10,0x61,0x10,0x61,0x10,0x61,0x10,0x61,0x10,0x61,0x10,0xE7,0x41,0x71,0x94,0x71,0x94,0x65,0x29,0x61,0x10,0x61,
0x10,0x61,0x10,0x51,0x8C,0x71,0x94,0x51,0x8C,0x04,0x21,0x61,0x10,0x61,0x10,0x61,0x10,0x61,0x10,0x61,0x10,0x61,0x10,0x61,0x10,0x71,0x94,0x71,0x94,0xCB,0x5A,0x61,0x10,
0x61,0x10,0x61,0x10,0x71,0x94,0x71,0x94,0x71,0x94,0x61,0x10,0x61,0x10,0x61,0x10,0x61,0x10,0x61,0x10,0x61,0x10,0xEB,0x5A,0x71,0x94,0x0C,0x63,0x81,0x10,0x61,0x10,0x61,
0x10,0x61,0x10,0x71,0x94,0x71,0x94,0x71,0x94,0x61,0x10,0x61,0x10,0x61,0x10,0x61,0x10,0x61,0x10,0x61,0x10,0x61,0x10,0x71,0x94,0x71,0x94,0x71,0x94,0x61,0x10,0x61,0x10,
0x71,0x94,0x71,0x94,0x71,0x94,0x61,0x10,0x61,0x10,0x61,0x10,0x61,0x10,0x61,0x10,0x61,0x10,0x61,0x10,0xC3,0x18,0x71,0x94,0x71,0x94,0x71,0x94,0x61,0x10,0x61,0x10,0x61,
0x10,0x61,0x10,0x71,0x94,0x71,0x94,0x71,0x94,0x28,0x4A,0x61,0x10,0x61,0x10,0x61,0x10,0x61,0x10,0x61,0x10,0x61,0x10,0x28,0x4A,0x71,0x94,0x71,0x94,0x61,0x10,0x61,0x10,
0x61,0x10,0x61,0x10,0x71,0x94,0x71,0x94,0xE3,0x20,0x61,0x10,0x61,0x10,0x61,0x10,0x61,0x10,0x61,0x10,0x61,0x10,0x69,0x4A,0x71,0x94,0xE3,0x18,0x61,0x10,0x61,0x10,0x61,
0x10,0x61,0x10,0x61,0x10,0x61,0x10,0x61,0x10,0x61,0x10,0x61,0x10,0x61,0x10,0x61,0x10,0x61,0x10,0x61,0x10,0x61,0x10,0x61,0x10,0x61,0x10,0x61,0x10,0x61,0x10,0x61,0x10,
0x61,0x10,0x61,0x10,0x61,0x10,0x61,0x10,0x61,0x10,0x61,0x10,0x61,0x10,0x61,0x10,0x61,0x10,0x61,0x10,0x61,0x10,0x61,0x10,0x61,0x10,0x61,0x10,0x61,0x10,0x61,0x10,0x61,
0x10,0x61,0x10,0x61,0x10,0x61,0x10,0x61,0x10,0x61,0x10,0x61,0x10,0x61,0x10,0x61,0x10,0x61,0x10,0x61,0x10,0x61,0x10,0x61,0x10,0x61,0x10,0x61,0x10,0x61,0x10,0x61,0x10,
0x61,0x10,0x61,0x10,0x61,0x10,0x61,0x10,0x61,0x10,0x61,0x10,0x61,0x10,0x61,0x10,0x61,0x10,0x61,0x10,0x61,0x10,0x61,0x10,0x61,0x10,0x61,0x10,0x61,0x10,0x61,0x10,0x61,
0x10,0x61,0x10,0x61,0x10,0x61,0x10,0x61,0x10,0x61,0x10,0x61,0x10,0x61,0x10,0x61,0x10,0x61,0x10,0x61,0x10,0x61,0x10,0x61,0x10,0x61,0x10,0x61,0x10,0x61,0x10,0x61,0x10,
0x61,0x10,0x61,0x10,0x61,0x10,0x61,0x10,0x61,0x10,0x61,0x10,0x61,0x10,0x61,0x10,0x61,0x10,0x61,0x10,0x61,0x10,0x61,0x10,0x61,0x10,0x61,0x10,0x61,0x10,0x61,0x10,0x61,
0x10,0x61,0x10,0x61,0x10,0x61,0x10,0x61,0x10,0x61,0x10,0x61,0x10,0x61,0x10,0x61,0x10,0x61,0x10,0x61,0x10,0x61,0x10,0x61,0x10,0x61,0x10,0x61,0x10,0x61,0x10,0x61,0x10,
0x61,0x10,0x61,0x10,0x61,0x10,0x61,0x10,0x28,0x4A,0xFF,0xFF,0xFF,0xFF,0xFF,0xFF,0xFF,0xFF,0xFF,0xFF,0xFF,0xFF,0xFF,0xFF,0xFF,0xFF,0xFF,0xFF,0xFF,0xFF,0xFF,0xFF,0xFF,
0xFF,0xFF,0xFF,0x71,0x8C,0x61,0x10,0x61,0x10,0x61,0x10,0x61,0x10,0x61,0x10,0x61,0x10,0x61,0x10,0x61,0x10,0x61,0x10,0x61,0x10,0x61,0x10,0x61,0x10,0x61,0x10,0x61,0x10,
0x61,0x10,0x61,0x10,0x61,0x10,0x61,0x10,0x61,0x10,0x61,0x10,0x61,0x10,0x61,0x10,0x61,0x10,0x61,0x10,0x61,0x10,0x61,0x10,0x61,0x10,0x61,0x10,0x61,0x10,0x61,0x10,0x61,
0x10,0x61,0x10,0x61,0x10,0x61,0x10,0x61,0x10,0x61,0x10,0x61,0x10,0x61,0x10,0x61,0x10,0x61,0x10,0x61,0x10,0x61,0x10,0x61,0x10,0x61,0x10,0x61,0x10,0x61,0x10,0x61,0x10,
0x61,0x10,0x61,0x10,0x61,0x10,0x61,0x10,0x61,0x10,0x61,0x10,0x61,0x10,0x61,0x10,0x61,0x10,0x61,0x10,0x61,0x10,0x61,0x10,0x61,0x10,0x61,0x10,0x61,0x10,0x61,0x10,0x61,
0x10,0x61,0x10,0x61,0x10,0x61,0x10,0x61,0x10,0x61,0x10,0x61,0x10,0x61,0x10,0x61,0x10,0x61,0x10,0x61,0x10,0x61,0x10,0x61,0x10,0x61,0x10,0x61,0x10,0x61,0x10,0x61,0x10,
0x61,0x10,0x61,0x10,0x61,0x10,0x61,0x10,0x61,0x10,0x61,0x10,0x61,0x10,0x61,0x10,0x61,0x10,0x71,0x94,0x71,0x94,0x71,0x94,0x61,0x10,0x61,0x10,0x61,0x10,0x61,0x10,0x61,
0x10,0x61,0x10,0x61,0x10,0x61,0x10,0x71,0x94,0x71,0x94,0x71,0x94,0x61,0x10,0x61,0x10,0x61,0x10,0xC7,0x39,0x71,0x94,0x71,0x94,0x61,0x10,0x61,0x10,0x61,0x10,0x61,0x10,
0x61,0x10,0x61,0x10,0x61,0x10,0xEF,0x7B,0x71,0x94,0x71,0x94,0x61,0x10,0x61,0x10,0x61,0x10,0x61,0x10,0x71,0x94,0x71,0x94,0x51,0x8C,0xA2,0x10,0x61,0x10,0x61,0x10,0x61,
0x10,0x61,0x10,0x61,0x10,0x61,0x10,0x81,0x10,0x71,0x94,0x71,0x94,0x65,0x29,0x61,0x10,0x61,0x10,0x61,0x10,0x71,0x94,0x71,0x94,0x0C,0x63,0x61,0x10,0x61,0x10,0x61,0x10,
0x61,0x10,0x61,0x10,0x61,0x10,0x61,0x10,0x61,0x10,0x51,0x8C,0x71,0x94,0x30,0x8C,0x82,0x10,0x61,0x10,0x61,0x10,0x71,0x94,0x71,0x94,0x71,0x94,0xC2,0x18,0x61,0x10,0x61,
0x10,0x61,0x10,0x61,0x10,0x61,0x10,0xC3,0x18,0xC3,0x18,0x61,0x10,0x61,0x10,0x61,0x10,0x61,0x10,0x61,0x10,0x71,0x94,0x71,0x94,0x30,0x84,0x61,0x10,0x61,0x10,0x61,0x10,
0x61,0x10,0x61,0x10,0x61,0x10,0x61,0x10,0x71,0x94,0x10,0x84,0x6D,0x73,0x61,0x10,0x61,0x10,0x71,0x94,0x71,0x94,0x71,0x94,0x61,0x10,0x61,0x10,0x61,0x10,0x61,0x10,0x61,
0x10,0x61,0x10,0x61,0x10,0x61,0x10,0x71,0x94,0x71,0x94,0x71,0x94,0x61,0x10,0x61,0x10,0x61,0x10,0x61,0x10,0x71,0x94,0x71,0x94,0x10,0x84,0x82,0x10,0x61,0x10,0x61,0x10,
0x61,0x10,0x61,0x10,0x61,0x10,0x61,0x10,0xA2,0x18,0x71,0x94,0x71,0x94,0x61,0x10,0x61,0x10,0x61,0x10,0x61,0x10,0x71,0x94,0x71,0x94,0x69,0x4A,0x61,0x10,0x61,0x10,0x61,
0x10,0x61,0x10,0x61,0x10,0x61,0x10,0xEF,0x7B,0x71,0x94,0x61,0x10,0x61,0x10,0x61,0x10,0x61,0x10,0x61,0x10,0x61,0x10,0x61,0x10,0x61,0x10,0x61,0x10,0x61,0x10,0x61,0x10,
0x61,0x10,0x61,0x10,0x61,0x10,0x61,0x10,0x61,0x10,0x61,0x10,0x61,0x10,0x61,0x10,0x61,0x10,0x61,0x10,0x61,0x10,0x61,0x10,0x61,0x10,0x61,0x10,0x61,0x10,0x61,0x10,0x61,
0x10,0x61,0x10,0x61,0x10,0x61,0x10,0x61,0x10,0x61,0x10,0x61,0x10,0x61,0x10,0x61,0x10,0x61,0x10,0x61,0x10,0x61,0x10,0x61,0x10,0x61,0x10,0x61,0x10,0x61,0x10,0x61,0x10,
0x61,0x10,0x61,0x10,0x61,0x10,0x61,0x10,0x61,0x10,0x61,0x10,0x61,0x10,0x61,0x10,0x61,0x10,0x61,0x10,0x61,0x10,0x61,0x10,0x61,0x10,0x61,0x10,0x61,0x10,0x61,0x10,0x61,
0x10,0x61,0x10,0x61,0x10,0x61,0x10,0x61,0x10,0x61,0x10,0x61,0x10,0x61,0x10,0x61,0x10,0x61,0x10,0x61,0x10,0x61,0x10,0x61,0x10,0x61,0x10,0x61,0x10,0x61,0x10,0x61,0x10,
0x61,0x10,0x61,0x10,0x61,0x10,0x61,0x10,0x61,0x10,0x61,0x10,0x61,0x10,0x61,0x10,0x61,0x10,0x61,0x10,0x61,0x10,0x61,0x10,0x61,0x10,0x61,0x10,0x61,0x10,0x61,0x10,0x61,
0x10,0x61,0x10,0x61,0x10,0x61,0x10,0x61,0x10,0x61,0x10,0x61,0x10,0x61,0x10,0x61,0x10,0x61,0x10,0x61,0x10,0x61,0x10,0x61,0x10,0x61,0x10,0x61,0x10,0x61,0x10,0x61,0x10,
0x61,0x10,0x61,0x10,0x61,0x10,0x61,0x10,0x61,0x10,0x61,0x10,0x61,0x10,0x61,0x10,0x61,0x10,0x61,0x10,0x61,0x10,0x61,0x10,0x61,0x10,0x28,0x4A,0xFF,0xFF,0xFF,0xFF,0xFF,
0xFF,0xFF,0xFF,0xFF,0xFF,0xFF,0xFF,0xFF,0xFF,0xFF,0xFF,0xFF,0xFF,0xFF,0xFF,0xFF,0xFF,0xFF,0xFF,0xFF,0xFF,0x71,0x8C,0x61,0x10,0x61,0x10,0x61,0x10,0x61,0x10,0x61,0x10,
0x61,0x10,0x61,0x10,0x61,0x10,0x61,0x10,0x61,0x10,0x61,0x10,0x61,0x10,0x61,0x10,0x61,0x10,0x61,0x10,0x61,0x10,0x61,0x10,0x61,0x10,0x61,0x10,0x61,0x10,0x61,0x10,0x61,
0x10,0x61,0x10,0x61,0x10,0x61,0x10,0x61,0x10,0x61,0x10,0x61,0x10,0x61,0x10,0x61,0x10,0x61,0x10,0x61,0x10,0x61,0x10,0x61,0x10,0x61,0x10,0x61,0x10,0x61,0x10,0x61,0x10,
0x61,0x10,0x61,0x10,0x61,0x10,0x61,0x10,0x61,0x10,0x61,0x10,0x61,0x10,0x61,0x10,0x61,0x10,0x61,0x10,0x61,0x10,0x61,0x10,0x61,0x10,0x61,0x10,0x61,0x10,0x61,0x10,0x61,
0x10,0x61,0x10,0x61,0x10,0x61,0x10,0x61,0x10,0x61,0x10,0x61,0x10,0x61,0x10,0x61,0x10,0x61,0x10,0x61,0x10,0x61,0x10,0x61,0x10,0x61,0x10,0x61,0x10,0x61,0x10,0x61,0x10,
0x61,0x10,0x61,0x10,0x61,0x10,0x61,0x10,0x61,0x10,0x61,0x10,0x61,0x10,0x61,0x10,0x61,0x10,0x61,0x10,0x61,0x10,0x61,0x10,0x61,0x10,0x61,0x10,0x61,0x10,0x61,0x10,0x61,
0x10,0xA2,0x10,0x71,0x94,0x71,0x94,0x8E,0x73,0x61,0x10,0x61,0x10,0x61,0x10,0x61,0x10,0x61,0x10,0x61,0x10,0x61,0x10,0x61,0x10,0x71,0x94,0x71,0x94,0x71,0x94,0x61,0x10,
0x61,0x10,0x61,0x10,0xC7,0x39,0x71,0x94,0x71,0x94,0x61,0x10,0x61,0x10,0x61,0x10,0x61,0x10,0x61,0x10,0x61,0x10,0x61,0x10,0x4D,0x6B,0x71,0x94,0x71,0x94,0x61,0x10,0x61,
0x10,0x61,0x10,0x61,0x10,0x71,0x94,0x71,0x94,0x69,0x4A,0x61,0x10,0x61,0x10,0x61,0x10,0x61,0x10,0x61,0x10,0x61,0x10,0x61,0x10,0x61,0x10,0x71,0x94,0x71,0x94,0x65,0x29,
0x61,0x10,0x61,0x10,0x61,0x10,0x71,0x94,0x71,0x94,0xA2,0x10,0x61,0x10,0x61,0x10,0x61,0x10,0x61,0x10,0x61,0x10,0x61,0x10,0x61,0x10,0x61,0x10,0x08,0x42,0x71,0x94,0x71,
0x94,0x08,0x42,0x61,0x10,0x61,0x10,0x71,0x94,0x71,0x94,0x71,0x94,0x71,0x94,0x6D,0x6B,0x04,0x21,0x61,0x10,0x61,0x10,0x61,0x10,0x61,0x10,0x61,0x10,0x61,0x10,0x61,0x10,
0x61,0x10,0x61,0x10,0xE7,0x41,0x71,0x94,0x71,0x94,0x07,0x42,0x61,0x10,0x61,0x10,0x61,0x10,0x61,0x10,0x61,0x10,0x61,0x10,0x61,0x10,0x61,0x10,0x61,0x10,0x61,0x10,0x61,
0x10,0x65,0x29,0x71,0x94,0x71,0x94,0x71,0x94,0x61,0x10,0x61,0x10,0x61,0x10,0x61,0x10,0x61,0x10,0x61,0x10,0x61,0x10,0x61,0x10,0xEF,0x83,0x71,0x94,0x71,0x94,0x81,0x10,
0x61,0x10,0x61,0x10,0x61,0x10,0x71,0x94,0x71,0x94,0xA6,0x39,0x61,0x10,0x61,0x10,0x61,0x10,0x61,0x10,0x61,0x10,0x61,0x10,0x61,0x10,0x61,0x10,0x71,0x94,0x71,0x94,0x86,
0x31,0x61,0x10,0x61,0x10,0x61,0x10,0xEB,0x62,0x71,0x94,0x71,0x94,0x45,0x29,0x61,0x10,0x61,0x10,0x61,0x10,0x61,0x10,0xCB,0x5A,0x71,0x94,0x31,0x8C,0x61,0x10,0x61,0x10,
0x61,0x10,0x61,0x10,0x61,0x10,0x61,0x10,0x61,0x10,0x61,0x10,0x61,0x10,0x61,0x10,0x61,0x10,0x61,0x10,0x61,0x10,0x61,0x10,0x61,0x10,0x61,0x10,0x61,0x10,0x61,0x10,0x61,
0x10,0x61,0x10,0x61,0x10,0x61,0x10,0x61,0x10,0x61,0x10,0x61,0x10,0x61,0x10,0x61,0x10,0x61,0x10,0x61,0x10,0x61,0x10,0x61,0x10,0x61,0x10,0x61,0x10,0x61,0x10,0x61,0x10,
0x61,0x10,0x61,0x10,0x61,0x10,0x61,0x10,0x61,0x10,0x61,0x10,0x61,0x10,0x61,0x10,0x61,0x10,0x61,0x10,0x61,0x10,0x61,0x10,0x61,0x10,0x61,0x10,0x61,0x10,0x61,0x10,0x61,
0x10,0x61,0x10,0x61,0x10,0x61,0x10,0x61,0x10,0x61,0x10,0x61,0x10,0x61,0x10,0x61,0x10,0x61,0x10,0x61,0x10,0x61,0x10,0x61,0x10,0x61,0x10,0x61,0x10,0x61,0x10,0x61,0x10,
0x61,0x10,0x61,0x10,0x61,0x10,0x61,0x10,0x61,0x10,0x61,0x10,0x61,0x10,0x61,0x10,0x61,0x10,0x61,0x10,0x61,0x10,0x61,0x10,0x61,0x10,0x61,0x10,0x61,0x10,0x61,0x10,0x61,
0x10,0x61,0x10,0x61,0x10,0x61,0x10,0x61,0x10,0x61,0x10,0x61,0x10,0x61,0x10,0x61,0x10,0x61,0x10,0x61,0x10,0x61,0x10,0x61,0x10,0x61,0x10,0x61,0x10,0x61,0x10,0x61,0x10,
0x61,0x10,0x61,0x10,0x61,0x10,0x61,0x10,0x61,0x10,0x61,0x10,0x61,0x10,0x61,0x10,0x61,0x10,0x61,0x10,0x61,0x10,0x61,0x10,0x61,0x10,0x61,0x10,0x61,0x10,0x61,0x10,0x61,
0x10,0x61,0x10,0x61,0x10,0x61,0x10,0x61,0x10,0x61,0x10,0x28,0x4A,0xFF,0xFF,0xFF,0xFF,0xFF,0xFF,0xFF,0xFF,0xFF,0xFF,0xFF,0xFF,0xFF,0xFF,0xFF,0xFF,0xFF,0xFF,0xFF,0xFF,
0xFF,0xFF,0xFF,0xFF,0xFF,0xFF,0x71,0x8C,0x61,0x10,0x61,0x10,0x61,0x10,0x61,0x10,0x61,0x10,0x61,0x10,0x61,0x10,0x61,0x10,0x61,0x10,0x61,0x10,0x61,0x10,0x61,0x10,0x61,
0x10,0x61,0x10,0x61,0x10,0x61,0x10,0x61,0x10,0x61,0x10,0x61,0x10,0x61,0x10,0x61,0x10,0x61,0x10,0x61,0x10,0x61,0x10,0x61,0x10,0x61,0x10,0x61,0x10,0x61,0x10,0x61,0x10,
0x61,0x10,0x61,0x10,0x61,0x10,0x61,0x10,0x61,0x10,0x61,0x10,0x61,0x10,0x61,0x10,0x61,0x10,0x61,0x10,0x61,0x10,0x61,0x10,0x61,0x10,0x61,0x10,0x61,0x10,0x61,0x10,0x61,
0x10,0x61,0x10,0x61,0x10,0x61,0x10,0x61,0x10,0x61,0x10,0x61,0x10,0x61,0x10,0x61,0x10,0x61,0x10,0x61,0x10,0x61,0x10,0x61,0x10,0x61,0x10,0x61,0x10,0x61,0x10,0x61,0x10,
0x61,0x10,0x61,0x10,0x61,0x10,0x61,0x10,0x61,0x10,0x61,0x10,0x61,0x10,0x61,0x10,0x61,0x10,0x61,0x10,0x61,0x10,0x61,0x10,0x61,0x10,0x61,0x10,0x61,0x10,0x61,0x10,0x61,
0x10,0x61,0x10,0x61,0x10,0x61,0x10,0x61,0x10,0x61,0x10,0x61,0x10,0x61,0x10,0x61,0x10,0x61,0x10,0x24,0x29,0x71,0x94,0x71,0x94,0xAE,0x7B,0x49,0x4A,0x49,0x4A,0x49,0x4A,
0x49,0x4A,0x49,0x4A,0x49,0x4A,0x49,0x4A,0x49,0x4A,0x71,0x94,0x71,0x94,0x71,0x94,0x61,0x10,0x61,0x10,0x61,0x10,0xC7,0x39,0x71,0x94,0x71,0x94,0x61,0x10,0x61,0x10,0x61,
0x10,0x61,0x10,0x61,0x10,0x61,0x10,0x61,0x10,0x4D,0x6B,0x71,0x94,0x71,0x94,0x61,0x10,0x61,0x10,0x61,0x10,0x61,0x10,0x71,0x94,0x71,0x94,0xC7,0x39,0x61,0x10,0x61,0x10,
0x61,0x10,0x61,0x10,0x61,0x10,0x61,0x10,0x61,0x10,0x61,0x10,0x71,0x94,0x71,0x94,0x65,0x29,0x61,0x10,0x61,0x10,0x61,0x10,0x71,0x94,0x71,0x94,0x61,0x10,0x61,0x10,0x61,
0x10,0x61,0x10,0x61,0x10,0x61,0x10,0x61,0x10,0x61,0x10,0x61,0x10,0x65,0x29,0x71,0x94,0x71,0x94,0xAA,0x52,0x61,0x10,0x61,0x10,0xAE,0x73,0x71,0x94,0x71,0x94,0x71,0x94,
0x71,0x94,0x71,0x94,0xEF,0x83,0xA2,0x18,0x61,0x10,0x61,0x10,0x61,0x10,0x61,0x10,0x61,0x10,0x61,0x10,0x61,0x10,0xAA,0x52,0x71,0x94,0x71,0x94,0x45,0x29,0x61,0x10,0x61,
0x10,0x61,0x10,0x61,0x10,0x61,0x10,0x61,0x10,0x61,0x10,0x61,0x10,0x61,0x10,0x61,0x10,0x61,0x10,0xE7,0x41,0x71,0x94,0x71,0x94,0x71,0x94,0x61,0x10,0x61,0x10,0x61,0x10,
0x61,0x10,0x61,0x10,0x61,0x10,0x61,0x10,0x61,0x10,0x2C,0x6B,0x71,0x94,0x71,0x94,0xC3,0x18,0x61,0x10,0x61,0x10,0x61,0x10,0x71,0x94,0x71,0x94,0x04,0x21,0x61,0x10,0x61,
0x10,0x61,0x10,0x61,0x10,0x61,0x10,0x61,0x10,0x61,0x10,0x61,0x10,0x71,0x94,0x71,0x94,0x28,0x42,0x61,0x10,0x61,0x10,0x61,0x10,0x65,0x29,0x71,0x94,0x71,0x94,0xCB,0x5A,
0x61,0x10,0x61,0x10,0x61,0x10,0x82,0x10,0x30,0x84,0x71,0x94,0xEB,0x5A,0x61,0x10,0x61,0x10,0x61,0x10,0x61,0x10,0x61,0x10,0x61,0x10,0x61,0x10,0x61,0x10,0x61,0x10,0x61,
0x10,0x61,0x10,0x61,0x10,0x61,0x10,0x61,0x10,0x61,0x10,0x61,0x10,0x61,0x10,0x61,0x10,0x61,0x10,0x61,0x10,0x61,0x10,0x61,0x10,0x61,0x10,0x61,0x10,0x61,0x10,0x61,0x10,
0x61,0x10,0x61,0x10,0x61,0x10,0x61,0x10,0x61,0x10,0x61,0x10,0x61,0x10,0x61,0x10,0x61,0x10,0x61,0x10,0x61,0x10,0x61,0x10,0x61,0x10,0x61,0x10,0x61,0x10,0x61,0x10,0x61,
0x10,0x61,0x10,0x61,0x10,0x61,0x10,0x61,0x10,0x61,0x10,0x61,0x10,0x61,0x10,0x61,0x10,0x61,0x10,0x61,0x10,0x61,0x10,0x61,0x10,0x61,0x10,0x61,0x10,0x61,0x10,0x61,0x10,
0x61,0x10,0x61,0x10,0x61,0x10,0x61,0x10,0x61,0x10,0x61,0x10,0x61,0x10,0x61,0x10,0x61,0x10,0x61,0x10,0x61,0x10,0x61,0x10,0x61,0x10,0x61,0x10,0x61,0x10,0x61,0x10,0x61,
0x10,0x61,0x10,0x61,0x10,0x61,0x10,0x61,0x10,0x61,0x10,0x61,0x10,0x61,0x10,0x61,0x10,0x61,0x10,0x61,0x10,0x61,0x10,0x61,0x10,0x61,0x10,0x61,0x10,0x61,0x10,0x61,0x10,
0x61,0x10,0x61,0x10,0x61,0x10,0x61,0x10,0x61,0x10,0x61,0x10,0x61,0x10,0x61,0x10,0x61,0x10,0x61,0x10,0x61,0x10,0x61,0x10,0x61,0x10,0x61,0x10,0x61,0x10,0x61,0x10,0x61,
0x10,0x61,0x10,0x61,0x10,0x61,0x10,0x61,0x10,0x61,0x10,0x61,0x10,0x61,0x10,0x61,0x10,0x61,0x10,0x61,0x10,0x61,0x10,0x61,0x10,0x61,0x10,0x61,0x10,0x28,0x4A,0xFF,0xFF,
0xFF,0xFF,0xFF,0xFF,0xFF,0xFF,0xFF,0xFF,0xFF,0xFF,0xFF,0xFF,0xFF,0xFF,0xFF,0xFF,0xFF,0xFF,0xFF,0xFF,0xFF,0xFF,0xFF,0xFF,0x71,0x8C,0x61,0x10,0x61,0x10,0x61,0x10,0x61,
0x10,0x61,0x10,0x61,0x10,0x61,0x10,0x61,0x10,0x61,0x10,0x61,0x10,0x61,0x10,0x61,0x10,0x61,0x10,0x61,0x10,0x61,0x10,0x61,0x10,0x61,0x10,0x61,0x10,0x61,0x10,0x61,0x10,
0x61,0x10,0x61,0x10,0x61,0x10,0x61,0x10,0x61,0x10,0x61,0x10,0x61,0x10,0x61,0x10,0x61,0x10,0x61,0x10,0x61,0x10,0x61,0x10,0x61,0x10,0x61,0x10,0x61,0x10,0x61,0x10,0x61,
0x10,0x61,0x10,0x61,0x10,0x61,0x10,0x61,0x10,0x61,0x10,0x61,0x10,0x61,0x10,0x61,0x10,0x61,0x10,0x61,0x10,0x61,0x10,0x61,0x10,0x61,0x10,0x61,0x10,0x61,0x10,0x61,0x10,
0x61,0x10,0x61,0x10,0x61,0x10,0x61,0x10,0x61,0x10,0x61,0x10,0x61,0x10,0x61,0x10,0x61,0x10,0x61,0x10,0x61,0x10,0x61,0x10,0x61,0x10,0x61,0x10,0x61,0x10,0x61,0x10,0x61,
0x10,0x61,0x10,0x61,0x10,0x61,0x10,0x61,0x10,0x61,0x10,0x61,0x10,0x61,0x10,0x61,0x10,0x61,0x10,0x61,0x10,0x61,0x10,0x61,0x10,0x61,0x10,0x61,0x10,0x61,0x10,0x61,0x10,
0x61,0x10,0x61,0x10,0xE7,0x41,0x71,0x94,0x71,0x94,0x71,0x94,0x71,0x94,0x71,0x94,0x71,0x94,0x71,0x94,0x71,0x94,0x71,0x94,0x71,0x94,0x71,0x94,0x71,0x94,0x71,0x94,0x71,
0x94,0x61,0x10,0x61,0x10,0x61,0x10,0xC7,0x39,0x71,0x94,0x71,0x94,0x61,0x10,0x61,0x10,0x61,0x10,0x61,0x10,0x61,0x10,0x61,0x10,0x61,0x10,0x4D,0x6B,0x71,0x94,0x71,0x94,
0x61,0x10,0x61,0x10,0x61,0x10,0x61,0x10,0x71,0x94,0x71,0x94,0x24,0x21,0x61,0x10,0x61,0x10,0x61,0x10,0x61,0x10,0x61,0x10,0x61,0x10,0x61,0x10,0x61,0x10,0x71,0x94,0x71,
0x94,0x65,0x29,0x61,0x10,0x61,0x10,0xC3,0x18,0x71,0x94,0x71,0x94,0x61,0x10,0x61,0x10,0x61,0x10,0x61,0x10,0x61,0x10,0x61,0x10,0x61,0x10,0x61,0x10,0x61,0x10,0xE3,0x18,
0x71,0x94,0x71,0x94,0x0C,0x63,0x61,0x10,0x61,0x10,0x61,0x10,0xC2,0x18,0x4D,0x6B,0x71,0x94,0x71,0x94,0x71,0x94,0x71,0x94,0x71,0x94,0x71,0x94,0x71,0x8C,0x6D,0x6B,0x61,
0x10,0x61,0x10,0x61,0x10,0x61,0x10,0x2C,0x6B,0x71,0x94,0x71,0x94,0xA2,0x10,0x61,0x10,0x61,0x10,0x61,0x10,0x61,0x10,0x61,0x10,0x61,0x10,0x61,0x10,0x61,0x10,0x61,0x10,
0x61,0x10,0x61,0x10,0xAA,0x52,0x71,0x94,0x71,0x94,0x71,0x94,0x61,0x10,0x61,0x10,0x61,0x10,0x61,0x10,0x61,0x10,0x61,0x10,0x61,0x10,0x61,0x10,0xCB,0x5A,0x71,0x94,0x71,
0x94,0x65,0x29,0x61,0x10,0x61,0x10,0x61,0x10,0x71,0x94,0x71,0x94,0x61,0x10,0x61,0x10,0x61,0x10,0x61,0x10,0x61,0x10,0x61,0x10,0x61,0x10,0x61,0x10,0x61,0x10,0x71,0x94,
0x71,0x94,0x8A,0x52,0x61,0x10,0x61,0x10,0x61,0x10,0x61,0x10,0x69,0x4A,0x71,0x94,0x71,0x94,0xA6,0x31,0x61,0x10,0x61,0x10,0x2C,0x6B,0x71,0x94,0x71,0x94,0x61,0x10,0x61,
0x10,0x61,0x10,0x61,0x10,0x61,0x10,0x61,0x10,0x61,0x10,0x61,0x10,0x61,0x10,0x61,0x10,0x61,0x10,0x61,0x10,0x61,0x10,0x61,0x10,0x61,0x10,0x61,0x10,0x61,0x10,0x61,0x10,
0x61,0x10,0x61,0x10,0x61,0x10,0x61,0x10,0x61,0x10,0x61,0x10,0x61,0x10,0x61,0x10,0x61,0x10,0x61,0x10,0x61,0x10,0x61,0x10,0x61,0x10,0x61,0x10,0x61,0x10,0x61,0x10,0x61,
0x10,0x61,0x10,0x61,0x10,0x61,0x10,0x61,0x10,0x61,0x10,0x61,0x10,0x61,0x10,0x61,0x10,0x61,0x10,0x61,0x10,0x61,0x10,0x61,0x10,0x61,0x10,0x61,0x10,0x61,0x10,0x61,0x10,
0x61,0x10,0x61,0x10,0x61,0x10,0x61,0x10,0x61,0x10,0x61,0x10,0x61,0x10,0x61,0x10,0x61,0x10,0x61,0x10,0x61,0x10,0x61,0x10,0x61,0x10,0x61,0x10,0x61,0x10,0x61,0x10,0x61,
0x10,0x61,0x10,0x61,0x10,0x61,0x10,0x61,0x10,0x61,0x10,0x61,0x10,0x61,0x10,0x61,0x10,0x61,0x10,0x61,0x10,0x61,0x10,0x61,0x10,0x61,0x10,0x61,0x10,0x61,0x10,0x61,0x10,
0x61,0x10,0x61,0x10,0x61,0x10,0x61,0x10,0x61,0x10,0x61,0x10,0x61,0x10,0x61,0x10,0x61,0x10,0x61,0x10,0x61,0x10,0x61,0x10,0x61,0x10,0x61,0x10,0x61,0x10,0x61,0x10,0x61,
0x10,0x61,0x10,0x61,0x10,0x61,0x10,0x61,0x10,0x61,0x10,0x61,0x10,0x61,0x10,0x61,0x10,0x61,0x10,0x61,0x10,0x61,0x10,0x61,0x10,0x61,0x10,0x61,0x10,0x61,0x10,0x61,0x10,
0x61,0x10,0x61,0x10,0x61,0x10,0x61,0x10,0x61,0x10,0x61,0x10,0x61,0x10,0x65,0x29,0x71,0x8C,0x71,0x8C,0x71,0x8C,0x71,0x8C,0x71,0x8C,0x71,0x8C,0x71,0x8C,0x71,0x8C,0x71,
0x8C,0x71,0x8C,0x71,0x8C,0x71,0x8C,0x71,0x8C,0x8A,0x52,0x61,0x10,0x61,0x10,0x61,0x10,0x61,0x10,0x61,0x10,0x61,0x10,0x61,0x10,0x61,0x10,0x61,0x10,0x61,0x10,0x61,0x10,
0x61,0x10,0x61,0x10,0x61,0x10,0x61,0x10,0x61,0x10,0x61,0x10,0x61,0x10,0x61,0x10,0x61,0x10,0x61,0x10,0x61,0x10,0x61,0x10,0x61,0x10,0x61,0x10,0x61,0x10,0x61,0x10,0x61,
0x10,0x61,0x10,0x61,0x10,0x61,0x10,0x61,0x10,0x61,0x10,0x61,0x10,0x61,0x10,0x61,0x10,0x61,0x10,0x61,0x10,0x61,0x10,0x61,0x10,0x61,0x10,0x61,0x10,0x61,0x10,0x61,0x10,
0x61,0x10,0x61,0x10,0x61,0x10,0x61,0x10,0x61,0x10,0x61,0x10,0x61,0x10,0x61,0x10,0x61,0x10,0x61,0x10,0x61,0x10,0x61,0x10,0x61,0x10,0x61,0x10,0x61,0x10,0x61,0x10,0x61,
0x10,0x61,0x10,0x61,0x10,0x61,0x10,0x61,0x10,0x61,0x10,0x61,0x10,0x61,0x10,0x61,0x10,0x61,0x10,0x61,0x10,0x61,0x10,0x61,0x10,0x61,0x10,0x61,0x10,0x61,0x10,0x61,0x10,
0x61,0x10,0x61,0x10,0x61,0x10,0x61,0x10,0x61,0x10,0x61,0x10,0x61,0x10,0x61,0x10,0x61,0x10,0x61,0x10,0x61,0x10,0x08,0x42,0x71,0x94,0x71,0x94,0x71,0x94,0x71,0x94,0x71,
0x94,0x71,0x94,0x71,0x94,0x71,0x94,0x71,0x94,0x71,0x94,0x71,0x94,0x71,0x94,0x71,0x94,0x71,0x94,0x61,0x10,0x61,0x10,0x61,0x10,0xC7,0x39,0x71,0x94,0x71,0x94,0x61,0x10,
0x61,0x10,0x61,0x10,0x61,0x10,0x61,0x10,0x61,0x10,0x61,0x10,0x4D,0x6B,0x71,0x94,0x71,0x94,0x61,0x10,0x61,0x10,0x61,0x10,0x61,0x10,0x71,0x94,0x71,0x94,0x24,0x21,0x61,
0x10,0x61,0x10,0x61,0x10,0x61,0x10,0x61,0x10,0x61,0x10,0x61,0x10,0x61,0x10,0x71,0x94,0x71,0x94,0x65,0x29,0x61,0x10,0x61,0x10,0xE3,0x18,0x71,0x94,0x71,0x94,0x61,0x10,
0x61,0x10,0x61,0x10,0x61,0x10,0x61,0x10,0x61,0x10,0x61,0x10,0x61,0x10,0x61,0x10,0xE3,0x18,0x71,0x94,0x71,0x94,0x0C,0x63,0x61,0x10,0x61,0x10,0x61,0x10,0x61,0x10,0x61,
0x10,0x0C,0x63,0x71,0x94,0x71,0x94,0x71,0x94,0x71,0x94,0x71,0x94,0x71,0x94,0x71,0x94,0xA2,0x10,0x61,0x10,0x61,0x10,0x61,0x10,0x4D,0x6B,0x71,0x94,0x71,0x94,0xA2,0x10,
0x61,0x10,0x61,0x10,0x61,0x10,0x61,0x10,0x61,0x10,0x61,0x10,0x61,0x10,0x61,0x10,0x61,0x10,0x61,0x10,0x61,0x10,0x8A,0x52,0x71,0x94,0x71,0x94,0x71,0x94,0x61,0x10,0x61,
0x10,0x61,0x10,0x61,0x10,0x61,0x10,0x61,0x10,0x61,0x10,0x61,0x10,0xCB,0x5A,0x71,0x94,0x71,0x94,0x24,0x29,0x61,0x10,0x61,0x10,0x61,0x10,0x71,0x94,0x71,0x94,0x61,0x10,
0x61,0x10,0x61,0x10,0x61,0x10,0x61,0x10,0x61,0x10,0x61,0x10,0x61,0x10,0x61,0x10,0x71,0x94,0x71,0x94,0x8A,0x52,0x61,0x10,0x61,0x10,0x61,0x10,0x61,0x10,0xE3,0x18,0x71,
0x94,0x71,0x94,0x0C,0x63,0x61,0x10,0x61,0x10,0x51,0x8C,0x71,0x94,0x71,0x94,0x61,0x10,0x61,0x10,0x61,0x10,0x61,0x10,0x61,0x10,0x61,0x10,0x61,0x10,0x61,0x10,0x61,0x10,
0x61,0x10,0x61,0x10,0x61,0x10,0x61,0x10,0x61,0x10,0x61,0x10,0x61,0x10,0x61,0x10,0x61,0x10,0x61,0x10,0x61,0x10,0x61,0x10,0x61,0x10,0x61,0x10,0x61,0x10,0x61,0x10,0x61,
0x10,0x61,0x10,0x61,0x10,0x61,0x10,0x61,0x10,0x61,0x10,0x61,0x10,0x61,0x10,0x61,0x10,0x61,0x10,0x61,0x10,0x61,0x10,0x61,0x10,0x61,0x10,0x61,0x10,0x61,0x10,0x61,0x10,
0x61,0x10,0x61,0x10,0x61,0x10,0x61,0x10,0x61,0x10,0x61,0x10,0x61,0x10,0x61,0x10,0x61,0x10,0x61,0x10,0x61,0x10,0x61,0x10,0x61,0x10,0x61,0x10,0x61,0x10,0x61,0x10,0x61,
0x10,0x61,0x10,0x61,0x10,0x61,0x10,0x61,0x10,0x61,0x10,0x61,0x10,0x61,0x10,0x61,0x10,0x61,0x10,0x61,0x10,0x61,0x10,0x61,0x10,0x61,0x10,0x61,0x10,0x61,0x10,0x61,0x10,
0x61,0x10,0x61,0x10,0x61,0x10,0x61,0x10,0x61,0x10,0x61,0x10,0x61,0x10,0x61,0x10,0x61,0x10,0x61,0x10,0x61,0x10,0x61,0x10,0x61,0x10,0x61,0x10,0x61,0x10,0x61,0x10,0x61,
0x10,0x61,0x10,0x61,0x10,0x61,0x10,0x61,0x10,0x61,0x10,0x61,0x10,0x61,0x10,0x61,0x10,0x61,0x10,0x61,0x10,0x61,0x10,0x61,0x10,0x61,0x10,0x61,0x10,0x61,0x10,0x61,0x10,
0x61,0x10,0x61,0x10,0x61,0x10,0x61,0x10,0x61,0x10,0x61,0x10,0x61,0x10,0x61,0x10,0x61,0x10,0x61,0x10,0x61,0x10,0x61,0x10,0x61,0x10,0x61,0x10,0x61,0x10,0x61,0x10,0x61,
0x10,0x61,0x10,0x61,0x10,0x61,0x10,0x61,0x10,0x61,0x10,0x61,0x10,0x61,0x10,0x61,0x10,0x61,0x10,0x61,0x10,0x61,0x10,0x61,0x10,0x61,0x10,0x61,0x10,0x61,0x10,0x61,0x10,
0x61,0x10,0x61,0x10,0x61,0x10,0x61,0x10,0x61,0x10,0x61,0x10,0x61,0x10,0x61,0x10,0x61,0x10,0x61,0x10,0x61,0x10,0x61,0x10,0x61,0x10,0x61,0x10,0x61,0x10,0x61,0x10,0x61,
0x10,0x61,0x10,0x61,0x10,0x61,0x10,0x61,0x10,0x61,0x10,0x61,0x10,0x61,0x10,0x61,0x10,0x61,0x10,0x61,0x10,0x61,0x10,0x61,0x10,0x61,0x10,0x61,0x10,0x61,0x10,0x61,0x10,
0x61,0x10,0x61,0x10,0x61,0x10,0x61,0x10,0x61,0x10,0x61,0x10,0x61,0x10,0x61,0x10,0x61,0x10,0x61,0x10,0x61,0x10,0x61,0x10,0x61,0x10,0x61,0x10,0x61,0x10,0x61,0x10,0x61,
0x10,0x61,0x10,0x61,0x10,0x61,0x10,0x61,0x10,0x61,0x10,0x61,0x10,0x61,0x10,0x61,0x10,0x61,0x10,0x61,0x10,0x61,0x10,0x61,0x10,0x61,0x10,0x61,0x10,0x61,0x10,0x61,0x10,
0x61,0x10,0x61,0x10,0x61,0x10,0x61,0x10,0x61,0x10,0x61,0x10,0x61,0x10,0x61,0x10,0x61,0x10,0x61,0x10,0x61,0x10,0x61,0x10,0x61,0x10,0x61,0x10,0x61,0x10,0x61,0x10,0x61,
0x10,0x61,0x10,0x61,0x10,0x61,0x10,0x86,0x31,0x71,0x94,0x71,0x94,0x69,0x4A,0x61,0x10,0x61,0x10,0x61,0x10,0x61,0x10,0x61,0x10,0x61,0x10,0x61,0x10,0x61,0x10,0x61,0x10,
0x61,0x10,0x61,0x10,0x61,0x10,0x61,0x10,0x61,0x10,0xC7,0x39,0x71,0x94,0x71,0x94,0x61,0x10,0x61,0x10,0x61,0x10,0x61,0x10,0x61,0x10,0x61,0x10,0x61,0x10,0x4D,0x6B,0x71,
0x94,0x71,0x94,0x61,0x10,0x61,0x10,0x61,0x10,0x61,0x10,0x71,0x94,0x71,0x94,0xA6,0x31,0x61,0x10,0x61,0x10,0x61,0x10,0x61,0x10,0x61,0x10,0x61,0x10,0x61,0x10,0x61,0x10,
0x71,0x94,0x71,0x94,0x65,0x29,0x61,0x10,0x61,0x10,0x61,0x10,0x71,0x94,0x71,0x94,0x61,0x10,0x61,0x10,0x61,0x10,0x61,0x10,0x61,0x10,0x61,0x10,0x61,0x10,0x61,0x10,0x61,
0x10,0x45,0x29,0x71,0x94,0x71,0x94,0xCB,0x5A,0x61,0x10,0x61,0x10,0x61,0x10,0x61,0x10,0x61,0x10,0x61,0x10,0x61,0x10,0x61,0x10,0xC3,0x18,0x10,0x84,0x71,0x94,0x71,0x94,
0x71,0x94,0x71,0x94,0x08,0x42,0x61,0x10,0x61,0x10,0xCB,0x5A,0x71,0x94,0x71,0x94,0x24,0x21,0x61,0x10,0x61,0x10,0x61,0x10,0x61,0x10,0x61,0x10,0x61,0x10,0x61,0x10,0x61,
0x10,0x61,0x10,0x61,0x10,0x61,0x10,0x48,0x4A,0x71,0x94,0x71,0x94,0x71,0x94,0x61,0x10,0x61,0x10,0x61,0x10,0x61,0x10,0x61,0x10,0x61,0x10,0x61,0x10,0x61,0x10,0x2C,0x63,
0x71,0x94,0x71,0x94,0xE3,0x20,0x61,0x10,0x61,0x10,0x61,0x10,0x71,0x94,0x71,0x94,0xA2,0x10,0x61,0x10,0x61,0x10,0x61,0x10,0x61,0x10,0x61,0x10,0x61,0x10,0x61,0x10,0x61,
0x10,0x71,0x94,0x71,0x94,0x28,0x4A,0x61,0x10,0x61,0x10,0x61,0x10,0x61,0x10,0x61,0x10,0x71,0x94,0x71,0x94,0x71,0x94,0x61,0x10,0x61,0x10,0x71,0x94,0x71,0x94,0x71,0x94,
0x61,0x10,0x61,0x10,0x61,0x10,0x61,0x10,0x61,0x10,0x61,0x10,0x61,0x10,0x61,0x10,0x61,0x10,0x61,0x10,0x61,0x10,0x61,0x10,0x61,0x10,0x61,0x10,0x61,0x10,0x61,0x10,0x61,
0x10,0x61,0x10,0x61,0x10,0x61,0x10,0x61,0x10,0x61,0x10,0x61,0x10,0x61,0x10,0x61,0x10,0x61,0x10,0x61,0x10,0x61,0x10,0x61,0x10,0x61,0x10,0x61,0x10,0x61,0x10,0x61,0x10,
0x61,0x10,0x61,0x10,0x61,0x10,0x61,0x10,0x61,0x10,0x61,0x10,0x61,0x10,0x61,0x10,0x61,0x10,0x61,0x10,0x61,0x10,0x61,0x10,0x61,0x10,0x61,0x10,0x61,0x10,0x61,0x10,0x61,
0x10,0x61,0x10,0x61,0x10,0x61,0x10,0x61,0x10,0x61,0x10,0x61,0x10,0x61,0x10,0x61,0x10,0x61,0x10,0x61,0x10,0x61,0x10,0x61,0x10,0x61,0x10,0x61,0x10,0x61,0x10,0x61,0x10,
0x61,0x10,0x61,0x10,0x61,0x10,0x61,0x10,0x61,0x10,0x61,0x10,0x61,0x10,0x61,0x10,0x61,0x10,0x61,0x10,0x61,0x10,0x61,0x10,0x61,0x10,0x61,0x10,0x61,0x10,0x61,0x10,0x61,
0x10,0x61,0x10,0x61,0x10,0x61,0x10,0x61,0x10,0x61,0x10,0x61,0x10,0x61,0x10,0x61,0x10,0x61,0x10,0x61,0x10,0x61,0x10,0x61,0x10,0x61,0x10,0x61,0x10,0x61,0x10,0x61,0x10,
0x61,0x10,0x61,0x10,0x61,0x10,0x61,0x10,0x61,0x10,0x61,0x10,0x61,0x10,0x61,0x10,0x61,0x10,0x61,0x10,0x61,0x10,0x61,0x10,0x61,0x10,0x61,0x10,0x61,0x10,0x61,0x10,0x61,
0x10,0x61,0x10,0x61,0x10,0x61,0x10,0x61,0x10,0x61,0x10,0x61,0x10,0x61,0x10,0x61,0x10,0x61,0x10,0x61,0x10,0x61,0x10,0x61,0x10,0x61,0x10,0x61,0x10,0x61,0x10,0x61,0x10,
0x61,0x10,0x61,0x10,0x61,0x10,0x61,0x10,0x61,0x10,0x61,0x10,0x61,0x10,0x61,0x10,0x61,0x10,0x61,0x10,0x61,0x10,0x61,0x10,0x61,0x10,0x61,0x10,0x61,0x10,0x61,0x10,0x61,
0x10,0x61,0x10,0x61,0x10,0x61,0x10,0x61,0x10,0x61,0x10,0x61,0x10,0x61,0x10,0x61,0x10,0x61,0x10,0x61,0x10,0x61,0x10,0x61,0x10,0x61,0x10,0x61,0x10,0x61,0x10,0x61,0x10,
0x61,0x10,0x61,0x10,0x61,0x10,0x61,0x10,0x61,0x10,0x61,0x10,0x61,0x10,0x61,0x10,0x61,0x10,0x61,0x10,0x61,0x10,0x61,0x10,0x61,0x10,0x61,0x10,0x61,0x10,0x61,0x10,0x61,
0x10,0x61,0x10,0x61,0x10,0x61,0x10,0x61,0x10,0x61,0x10,0x61,0x10,0x61,0x10,0x61,0x10,0x61,0x10,0x61,0x10,0x61,0x10,0x61,0x10,0x61,0x10,0x61,0x10,0x61,0x10,0x61,0x10,
0x61,0x10,0x61,0x10,0x61,0x10,0x61,0x10,0x61,0x10,0x61,0x10,0x61,0x10,0x61,0x10,0x61,0x10,0x61,0x10,0x61,0x10,0x61,0x10,0x61,0x10,0x61,0x10,0x61,0x10,0x61,0x10,0x61,
0x10,0x61,0x10,0x61,0x10,0x61,0x10,0x61,0x10,0x61,0x10,0x61,0x10,0x61,0x10,0x61,0x10,0x61,0x10,0x61,0x10,0x61,0x10,0x61,0x10,0x04,0x21,0x71,0x94,0x71,0x94,0x0C,0x63,
0x61,0x10,0x61,0x10,0x61,0x10,0x61,0x10,0x61,0x10,0x61,0x10,0x61,0x10,0x61,0x10,0x61,0x10,0x61,0x10,0x61,0x10,0x61,0x10,0x61,0x10,0x61,0x10,0xC7,0x39,0x71,0x94,0x71,
0x94,0x61,0x10,0x61,0x10,0x61,0x10,0x61,0x10,0x61,0x10,0x61,0x10,0x61,0x10,0x4D,0x6B,0x71,0x94,0x71,0x94,0x61,0x10,0x61,0x10,0x61,0x10,0x61,0x10,0x71,0x94,0x71,0x94,
0x28,0x42,0x61,0x10,0x61,0x10,0x61,0x10,0x61,0x10,0x61,0x10,0x61,0x10,0x61,0x10,0x61,0x10,0x71,0x94,0x71,0x94,0x65,0x29,0x61,0x10,0x61,0x10,0x61,0x10,0x71,0x94,0x71,
0x94,0x61,0x10,0x61,0x10,0x61,0x10,0x61,0x10,0x61,0x10,0x61,0x10,0x61,0x10,0x61,0x10,0x61,0x10,0xE7,0x39,0x71,0x94,0x71,0x94,0x28,0x4A,0x61,0x10,0x61,0x10,0x61,0x10,
0x61,0x10,0x61,0x10,0x61,0x10,0x61,0x10,0x61,0x10,0x61,0x10,0x61,0x10,0x65,0x29,0x71,0x8C,0x71,0x94,0x71,0x94,0xCF,0x7B,0x61,0x10,0x61,0x10,0x69,0x52,0x71,0x94,0x71,
0x94,0x86,0x31,0x61,0x10,0x61,0x10,0x61,0x10,0x61,0x10,0x61,0x10,0x61,0x10,0x61,0x10,0x61,0x10,0x61,0x10,0x61,0x10,0x61,0x10,0xA6,0x39,0x71,0x94,0x71,0x94,0x71,0x94,
0x61,0x10,0x61,0x10,0x61,0x10,0x61,0x10,0x61,0x10,0x61,0x10,0x61,0x10,0x61,0x10,0xAE,0x7B,0x71,0x94,0x71,0x94,0x82,0x10,0x61,0x10,0x61,0x10,0x61,0x10,0x71,0x94,0x71,
0x94,0x04,0x21,0x61,0x10,0x61,0x10,0x61,0x10,0x61,0x10,0x61,0x10,0x61,0x10,0x61,0x10,0x61,0x10,0x71,0x94,0x71,0x94,0x86,0x31,0x61,0x10,0x61,0x10,0x61,0x10,0x61,0x10,
0x61,0x10,0x71,0x94,0x71,0x94,0x71,0x94,0x61,0x10,0xE3,0x20,0x71,0x94,0x71,0x94,0x71,0x94,0x61,0x10,0x61,0x10,0x61,0x10,0x61,0x10,0x61,0x10,0x61,0x10,0x61,0x10,0x61,
0x10,0x61,0x10,0x61,0x10,0x61,0x10,0x61,0x10,0x61,0x10,0x61,0x10,0x61,0x10,0x61,0x10,0x61,0x10,0x61,0x10,0x61,0x10,0x61,0x10,0x61,0x10,0x61,0x10,0x61,0x10,0x61,0x10,
0x61,0x10,0x61,0x10,0x61,0x10,0x61,0x10,0x61,0x10,0x61,0x10,0x61,0x10,0x61,0x10,0x61,0x10,0x61,0x10,0x61,0x10,0x61,0x10,0x61,0x10,0x61,0x10,0x61,0x10,0x61,0x10,0x61,
0x10,0x61,0x10,0x61,0x10,0x61,0x10,0x61,0x10,0x61,0x10,0x61,0x10,0x61,0x10,0x61,0x10,0x61,0x10,0x61,0x10,0x61,0x10,0x61,0x10,0x61,0x10,0x61,0x10,0x61,0x10,0x61,0x10,
0x61,0x10,0x61,0x10,0x61,0x10,0x61,0x10,0x61,0x10,0x61,0x10,0x61,0x10,0x61,0x10,0x61,0x10,0x61,0x10,0x61,0x10,0x61,0x10,0x61,0x10,0x61,0x10,0x61,0x10,0x61,0x10,0x61,
0x10,0x61,0x10,0x61,0x10,0x61,0x10,0x61,0x10,0x61,0x10,0x61,0x10,0x61,0x10,0x61,0x10,0x61,0x10,0x61,0x10,0x61,0x10,0x61,0x10,0x61,0x10,0x61,0x10,0x61,0x10,0x61,0x10,
0x61,0x10,0x61,0x10,0x61,0x10,0x61,0x10,0x61,0x10,0x61,0x10,0x61,0x10,0x61,0x10,0x61,0x10,0x61,0x10,0x61,0x10,0x61,0x10,0x61,0x10,0x61,0x10,0x61,0x10,0x61,0x10,0x61,
0x10,0x61,0x10,0x61,0x10,0x61,0x10,0x61,0x10,0x61,0x10,0x61,0x10,0x61,0x10,0x61,0x10,0x61,0x10,0x61,0x10,0x61,0x10,0x61,0x10,0x61,0x10,0x61,0x10,0x61,0x10,0x61,0x10,
0x61,0x10,0x61,0x10,0x61,0x10,0x61,0x10,0x61,0x10,0x61,0x10,0x61,0x10,0x61,0x10,0x61,0x10,0x61,0x10,0x61,0x10,0x61,0x10,0x61,0x10,0x61,0x10,0x61,0x10,0x61,0x10,0x61,
0x10,0x61,0x10,0x61,0x10,0x61,0x10,0x61,0x10,0x61,0x10,0x61,0x10,0x61,0x10,0x61,0x10,0x61,0x10,0x61,0x10,0x61,0x10,0x61,0x10,0x61,0x10,0x61,0x10,0x61,0x10,0x61,0x10,
0x61,0x10,0x61,0x10,0x61,0x10,0x61,0x10,0x61,0x10,0x61,0x10,0x61,0x10,0x61,0x10,0x61,0x10,0x61,0x10,0x61,0x10,0x61,0x10,0x61,0x10,0x61,0x10,0x61,0x10,0x61,0x10,0x61,
0x10,0x61,0x10,0x61,0x10,0x61,0x10,0x61,0x10,0x61,0x10,0x61,0x10,0x61,0x10,0x61,0x10,0x61,0x10,0x61,0x10,0x61,0x10,0x61,0x10,0x61,0x10,0x61,0x10,0x61,0x10,0x61,0x10,
0x61,0x10,0x61,0x10,0x61,0x10,0x61,0x10,0x61,0x10,0x61,0x10,0x61,0x10,0x61,0x10,0x61,0x10,0x61,0x10,0x61,0x10,0x61,0x10,0x61,0x10,0x61,0x10,0x61,0x10,0x61,0x10,0x61,
0x10,0x61,0x10,0x61,0x10,0x61,0x10,0x61,0x10,0x61,0x10,0x61,0x10,0x61,0x10,0x61,0x10,0x61,0x10,0x61,0x10,0x61,0x10,0x61,0x10,0x61,0x10,0x61,0x10,0x61,0x10,0x61,0x10,
0x61,0x10,0x61,0x10,0x61,0x10,0x61,0x10,0x61,0x10,0x61,0x10,0x71,0x94,0x71,0x94,0x71,0x94,0x61,0x10,0x61,0x10,0x61,0x10,0x61,0x10,0x61,0x10,0x61,0x10,0x61,0x10,0x61,
0x10,0x6D,0x6B,0xEB,0x5A,0x49,0x4A,0x61,0x10,0x61,0x10,0x61,0x10,0xC7,0x39,0x71,0x94,0x71,0x94,0x61,0x10,0x61,0x10,0x61,0x10,0x61,0x10,0x61,0x10,0x61,0x10,0x61,0x10,
0x4D,0x6B,0x71,0x94,0x71,0x94,0x61,0x10,0x61,0x10,0x61,0x10,0x61,0x10,0x71,0x94,0x71,0x94,0x30,0x8C,0x81,0x10,0x61,0x10,0x61,0x10,0x61,0x10,0x61,0x10,0x61,0x10,0x61,
0x10,0x61,0x10,0x71,0x94,0x71,0x94,0x65,0x29,0x61,0x10,0x61,0x10,0x61,0x10,0x71,0x94,0x71,0x94,0x69,0x4A,0x61,0x10,0x61,0x10,0x61,0x10,0x61,0x10,0x61,0x10,0x61,0x10,
0x61,0x10,0x61,0x10,0x10,0x84,0x71,0x94,0x71,0x8C,0xC3,0x18,0x61,0x10,0x61,0x10,0xEB,0x5A,0x8E,0x73,0x30,0x8C,0x61,0x10,0x61,0x10,0x61,0x10,0x61,0x10,0x61,0x10,0x61,
0x10,0x61,0x10,0x8E,0x73,0x71,0x94,0x71,0x94,0xE3,0x18,0x61,0x10,0xC3,0x18,0x71,0x94,0x71,0x94,0x8E,0x73,0x61,0x10,0x61,0x10,0x61,0x10,0x61,0x10,0x61,0x10,0x61,0x10,
0x61,0x10,0x71,0x94,0x71,0x94,0x71,0x94,0xA2,0x10,0x61,0x10,0x71,0x94,0x71,0x94,0x71,0x94,0x61,0x10,0x61,0x10,0x61,0x10,0x61,0x10,0x61,0x10,0x61,0x10,0x61,0x10,0x61,
0x10,0x71,0x94,0x71,0x94,0x71,0x94,0x61,0x10,0x61,0x10,0x61,0x10,0x61,0x10,0x71,0x94,0x71,0x94,0x0C,0x63,0x61,0x10,0x61,0x10,0x61,0x10,0x61,0x10,0x61,0x10,0x61,0x10,
0x61,0x10,0x82,0x10,0x71,0x94,0x71,0x94,0x61,0x10,0x61,0x10,0x61,0x10,0x61,0x10,0x61,0x10,0x61,0x10,0x71,0x94,0x71,0x94,0x71,0x94,0xE7,0x41,0x8E,0x73,0x71,0x94,0x71,
0x94,0x0C,0x63,0x61,0x10,0x61,0x10,0x61,0x10,0x61,0x10,0x61,0x10,0x61,0x10,0x61,0x10,0x61,0x10,0x61,0x10,0x61,0x10,0x61,0x10,0x61,0x10,0x61,0x10,0x61,0x10,0x61,0x10,
0x61,0x10,0x61,0x10,0x61,0x10,0x61,0x10,0x61,0x10,0x61,0x10,0x61,0x10,0x61,0x10,0x61,0x10,0x61,0x10,0x61,0x10,0x61,0x10,0x61,0x10,0x61,0x10,0x61,0x10,0x61,0x10,0x61,
0x10,0x61,0x10,0x61,0x10,0x61,0x10,0x61,0x10,0x61,0x10,0x61,0x10,0x61,0x10,0x61,0x10,0x61,0x10,0x61,0x10,0x61,0x10,0x61,0x10,0x61,0x10,0x61,0x10,0x61,0x10,0x61,0x10,
0x61,0x10,0x61,0x10,0x61,0x10,0x61,0x10,0x61,0x10,0x61,0x10,0x61,0x10,0x61,0x10,0x61,0x10,0x61,0x10,0x61,0x10,0x61,0x10,0x61,0x10,0x61,0x10,0x61,0x10,0x61,0x10,0x61,
0x10,0x61,0x10,0x61,0x10,0x61,0x10,0x61,0x10,0x61,0x10,0x61,0x10,0x61,0x10,0x61,0x10,0x61,0x10,0x61,0x10,0x61,0x10,0x61,0x10,0x61,0x10,0x61,0x10,0x61,0x10,0x61,0x10,
0x61,0x10,0x61,0x10,0x61,0x10,0x61,0x10,0x61,0x10,0x61,0x10,0x61,0x10,0x61,0x10,0x61,0x10,0x61,0x10,0x61,0x10,0x61,0x10,0x61,0x10,0x61,0x10,0x61,0x10,0x61,0x10,0x61,
0x10,0x61,0x10,0x61,0x10,0x61,0x10,0x61,0x10,0x61,0x10,0x61,0x10,0x61,0x10,0x61,0x10,0x61,0x10,0x61,0x10,0x61,0x10,0x61,0x10,0x61,0x10,0x61,0x10,0x61,0x10,0x61,0x10,
0x61,0x10,0x61,0x10,0x61,0x10,0x61,0x10,0x61,0x10,0x61,0x10,0x61,0x10,0x61,0x10,0x61,0x10,0x61,0x10,0x61,0x10,0x61,0x10,0x61,0x10,0x61,0x10,0x61,0x10,0x61,0x10,0x61,
0x10,0x61,0x10,0x61,0x10,0x61,0x10,0x61,0x10,0x61,0x10,0x61,0x10,0x61,0x10,0x61,0x10,0x61,0x10,0x61,0x10,0x61,0x10,0x61,0x10,0x61,0x10,0x61,0x10,0x61,0x10,0x61,0x10,
0x61,0x10,0x61,0x10,0x61,0x10,0x61,0x10,0x61,0x10,0x61,0x10,0x61,0x10,0x61,0x10,0x61,0x10,0x61,0x10,0x61,0x10,0x61,0x10,0x61,0x10,0x61,0x10,0x61,0x10,0x61,0x10,0x61,
0x10,0x61,0x10,0x61,0x10,0x61,0x10,0x61,0x10,0x61,0x10,0x61,0x10,0x61,0x10,0x61,0x10,0x61,0x10,0x61,0x10,0x61,0x10,0x61,0x10,0x61,0x10,0x61,0x10,0x61,0x10,0x61,0x10,
0x61,0x10,0x61,0x10,0x61,0x10,0x61,0x10,0x61,0x10,0x61,0x10,0x61,0x10,0x61,0x10,0x61,0x10,0x61,0x10,0x61,0x10,0x61,0x10,0x61,0x10,0x61,0x10,0x61,0x10,0x61,0x10,0x61,
0x10,0x61,0x10,0x61,0x10,0x61,0x10,0x61,0x10,0x61,0x10,0x61,0x10,0x61,0x10,0x61,0x10,0x61,0x10,0x61,0x10,0x61,0x10,0x61,0x10,0x61,0x10,0x61,0x10,0x61,0x10,0x61,0x10,
0x61,0x10,0x61,0x10,0x61,0x10,0x61,0x10,0x61,0x10,0x61,0x10,0x61,0x10,0x61,0x10,0x61,0x10,0x61,0x10,0x61,0x10,0x61,0x10,0x61,0x10,0x61,0x10,0x61,0x10,0x71,0x94,0x71,
0x94,0x71,0x94,0x61,0x10,0x61,0x10,0x61,0x10,0x61,0x10,0x61,0x10,0x61,0x10,0x61,0x10,0x61,0x10,0x71,0x94,0x71,0x94,0x71,0x94,0x61,0x10,0x61,0x10,0x61,0x10,0xC7,0x39,
0x71,0x94,0x71,0x94,0x61,0x10,0x61,0x10,0x61,0x10,0x61,0x10,0x61,0x10,0x61,0x10,0x61,0x10,0x4D,0x6B,0x71,0x94,0x71,0x94,0x61,0x10,0x61,0x10,0x61,0x10,0x61,0x10,0x71,
0x94,0x71,0x94,0x71,0x94,0xE7,0x41,0x61,0x10,0x61,0x10,0x61,0x10,0x61,0x10,0x61,0x10,0x61,0x10,0xA2,0x18,0x71,0x94,0x71,0x94,0x65,0x29,0x61,0x10,0x61,0x10,0x61,0x10,
0x71,0x94,0x71,0x94,0xEF,0x83,0x82,0x10,0x61,0x10,0x61,0x10,0x61,0x10,0x61,0x10,0x61,0x10,0x61,0x10,0x61,0x10,0x71,0x94,0x71,0x94,0x6E,0x73,0x61,0x10,0x61,0x10,0x61,
0x10,0x71,0x94,0x71,0x94,0x71,0x94,0x61,0x10,0x61,0x10,0x61,0x10,0x61,0x10,0x61,0x10,0x61,0x10,0x61,0x10,0x0C,0x63,0x71,0x94,0x71,0x94,0xE3,0x18,0x61,0x10,0x61,0x10,
0x71,0x94,0x71,0x94,0x71,0x8C,0x61,0x10,0x61,0x10,0x61,0x10,0x61,0x10,0x61,0x10,0x61,0x10,0x61,0x10,0x71,0x94,0x71,0x94,0x71,0x94,0x61,0x10,0x61,0x10,0x71,0x94,0x71,
0x94,0x71,0x94,0x61,0x10,0x61,0x10,0x61,0x10,0x61,0x10,0x61,0x10,0x61,0x10,0x61,0x10,0x61,0x10,0x71,0x94,0x71,0x94,0x71,0x94,0x61,0x10,0x61,0x10,0x61,0x10,0x61,0x10,
0x71,0x94,0x71,0x94,0x51,0x8C,0xC2,0x18,0x61,0x10,0x61,0x10,0x61,0x10,0x61,0x10,0x61,0x10,0x61,0x10,0x08,0x42,0x71,0x94,0x71,0x94,0x61,0x10,0x61,0x10,0x61,0x10,0x61,
0x10,0x61,0x10,0x61,0x10,0xCF,0x7B,0x71,0x94,0x71,0x94,0x2C,0x6B,0x71,0x8C,0x71,0x94,0x71,0x94,0x86,0x31,0x61,0x10,0x61,0x10,0x61,0x10,0x61,0x10,0x61,0x10,0x61,0x10,
0x61,0x10,0x61,0x10,0x61,0x10,0x61,0x10,0x61,0x10,0x61,0x10,0x61,0x10,0x61,0x10,0x61,0x10,0x61,0x10,0x61,0x10,0x61,0x10,0x61,0x10,0x61,0x10,0x61,0x10,0x61,0x10,0x61,
0x10,0x61,0x10,0x61,0x10,0x61,0x10,0x61,0x10,0x61,0x10,0x61,0x10,0x61,0x10,0x61,0x10,0x61,0x10,0x61,0x10,0x61,0x10,0x61,0x10,0x61,0x10,0x61,0x10,0x61,0x10,0x61,0x10,
0x61,0x10,0x61,0x10,0x61,0x10,0x61,0x10,0x61,0x10,0x61,0x10,0x61,0x10,0x61,0x10,0x61,0x10,0x61,0x10,0x61,0x10,0x61,0x10,0x61,0x10,0x61,0x10,0x61,0x10,0x61,0x10,0x61,
0x10,0x61,0x10,0x61,0x10,0x61,0x10,0x61,0x10,0x61,0x10,0x61,0x10,0x61,0x10,0x61,0x10,0x61,0x10,0x61,0x10,0x61,0x10,0x61,0x10,0x61,0x10,0x61,0x10,0x61,0x10,0x61,0x10,
0x61,0x10,0x61,0x10,0x61,0x10,0x61,0x10,0x61,0x10,0x61,0x10,0x61,0x10,0x61,0x10,0x61,0x10,0x61,0x10,0x61,0x10,0x61,0x10,0x61,0x10,0x61,0x10,0x61,0x10,0x61,0x10,0x61,
0x10,0x61,0x10,0x61,0x10,0x61,0x10,0x61,0x10,0x61,0x10,0x61,0x10,0x61,0x10,0x61,0x10,0x61,0x10,0x61,0x10,0x61,0x10,0x61,0x10,0x61,0x10,0x61,0x10,0x61,0x10,0x61,0x10,
0x61,0x10,0x61,0x10,0x61,0x10,0x61,0x10,0x61,0x10,0x61,0x10,0x61,0x10,0x61,0x10,0x61,0x10,0x61,0x10,0x61,0x10,0x61,0x10,0x61,0x10,0x61,0x10,0x61,0x10,0x61,0x10,0x61,
0x10,0x61,0x10,0x61,0x10,0x61,0x10,0x61,0x10,0x61,0x10,0x61,0x10,0x61,0x10,0x61,0x10,0x61,0x10,0x61,0x10,0x61,0x10,0x61,0x10,0x61,0x10,0x61,0x10,0x61,0x10,0x61,0x10,
0x61,0x10,0x61,0x10,0x61,0x10,0x61,0x10,0x61,0x10,0x61,0x10,0x61,0x10,0x61,0x10,0x61,0x10,0x61,0x10,0x61,0x10,0x61,0x10,0x61,0x10,0x61,0x10,0x61,0x10,0x61,0x10,0x61,
0x10,0x61,0x10,0x61,0x10,0x61,0x10,0x61,0x10,0x61,0x10,0x61,0x10,0x61,0x10,0x61,0x10,0x61,0x10,0x61,0x10,0x61,0x10,0x61,0x10,0x61,0x10,0x61,0x10,0x61,0x10,0x61,0x10,
0x61,0x10,0x61,0x10,0x61,0x10,0x61,0x10,0x61,0x10,0x61,0x10,0x61,0x10,0x61,0x10,0x61,0x10,0x61,0x10,0x61,0x10,0x61,0x10,0x61,0x10,0x61,0x10,0x61,0x10,0x61,0x10,0x61,
0x10,0x61,0x10,0x61,0x10,0x61,0x10,0x61,0x10,0x61,0x10,0x61,0x10,0x61,0x10,0x61,0x10,0x61,0x10,0x61,0x10,0x61,0x10,0x61,0x10,0x61,0x10,0x61,0x10,0x61,0x10,0x61,0x10,
0x61,0x10,0x61,0x10,0x61,0x10,0x61,0x10,0x61,0x10,0x61,0x10,0x61,0x10,0x61,0x10,0x61,0x10,0x61,0x10,0x61,0x10,0x61,0x10,0x61,0x10,0x61,0x10,0x61,0x10,0x61,0x10,0x61,
0x10,0x61,0x10,0x61,0x10,0x61,0x10,0x61,0x10,0x61,0x10,0x61,0x10,0x61,0x10,0x71,0x94,0x71,0x94,0x71,0x94,0x45,0x29,0x61,0x10,0x61,0x10,0x61,0x10,0x61,0x10,0x61,0x10,
0x03,0x21,0x10,0x84,0x71,0x94,0x71,0x94,0x0C,0x63,0x61,0x10,0x61,0x10,0x61,0x10,0xC7,0x39,0x71,0x94,0x71,0x94,0x61,0x10,0x61,0x10,0x61,0x10,0x61,0x10,0x61,0x10,0x61,
0x10,0x61,0x10,0x4D,0x6B,0x71,0x94,0x71,0x94,0x61,0x10,0x61,0x10,0x61,0x10,0x61,0x10,0x2C,0x63,0x71,0x94,0x71,0x94,0x71,0x94,0x61,0x10,0x61,0x10,0x61,0x10,0x61,0x10,
0x61,0x10,0xE7,0x39,0x71,0x8C,0x71,0x94,0x71,0x94,0x65,0x29,0x61,0x10,0x61,0x10,0x61,0x10,0x65,0x29,0x71,0x94,0x71,0x94,0x71,0x8C,0x08,0x42,0x61,0x10,0x61,0x10,0x61,
0x10,0x61,0x10,0xA2,0x10,0x6D,0x6B,0x71,0x94,0x71,0x94,0x82,0x10,0x61,0x10,0x61,0x10,0x61,0x10,0x71,0x94,0x71,0x94,0x71,0x94,0xE7,0x39,0x61,0x10,0x61,0x10,0x61,0x10,
0x61,0x10,0x61,0x10,0xC7,0x39,0x71,0x94,0x71,0x94,0x0C,0x63,0x61,0x10,0x61,0x10,0x61,0x10,0x10,0x84,0x71,0x94,0x71,0x94,0x28,0x42,0x61,0x10,0x61,0x10,0x61,0x10,0x61,
0x10,0x61,0x10,0x45,0x29,0x71,0x94,0x71,0x94,0x30,0x8C,0x61,0x10,0x61,0x10,0x4D,0x6B,0x71,0x94,0x71,0x94,0xCF,0x7B,0xC3,0x18,0x61,0x10,0x61,0x10,0x61,0x10,0x61,0x10,
0x61,0x10,0x51,0x8C,0x71,0x94,0x71,0x94,0x71,0x94,0x61,0x10,0x61,0x10,0x61,0x10,0x61,0x10,0x71,0x94,0x71,0x94,0x71,0x94,0x71,0x94,0x61,0x10,0x61,0x10,0x61,0x10,0x61,
0x10,0x82,0x10,0x6D,0x6B,0x71,0x94,0x71,0x94,0xCB,0x5A,0x61,0x10,0x61,0x10,0x61,0x10,0x61,0x10,0x61,0x10,0x61,0x10,0xC3,0x18,0x51,0x8C,0x71,0x94,0x71,0x94,0x71,0x94,
0x71,0x94,0x8A,0x52,0x61,0x10,0x61,0x10,0x61,0x10,0x61,0x10,0x61,0x10,0x61,0x10,0x61,0x10,0x61,0x10,0x61,0x10,0x61,0x10,0x61,0x10,0x61,0x10,0x61,0x10,0x61,0x10,0x61,
0x10,0x61,0x10,0x61,0x10,0x61,0x10,0x61,0x10,0x61,0x10,0x61,0x10,0x61,0x10,0x61,0x10,0x61,0x10,0x61,0x10,0x61,0x10,0x61,0x10,0x61,0x10,0x61,0x10,0x61,0x10,0x61,0x10,
0x61,0x10,0x61,0x10,0x61,0x10,0x61,0x10,0x61,0x10,0x61,0x10,0x61,0x10,0x61,0x10,0x61,0x10,0x61,0x10,0x61,0x10,0x61,0x10,0x61,0x10,0x61,0x10,0x61,0x10,0x61,0x10,0x61,
0x10,0x61,0x10,0x61,0x10,0x61,0x10,0x61,0x10,0x61,0x10,0x61,0x10,0x61,0x10,0x61,0x10,0x61,0x10,0x61,0x10,0x61,0x10,0x61,0x10,0x61,0x10,0x61,0x10,0x61,0x10,0x61,0x10,
0x61,0x10,0x61,0x10,0x61,0x10,0x61,0x10,0x61,0x10,0x61,0x10,0x61,0x10,0x61,0x10,0x61,0x10,0x61,0x10,0x61,0x10,0x61,0x10,0x61,0x10,0x61,0x10,0x61,0x10,0x61,0x10,0x61,
0x10,0x61,0x10,0x61,0x10,0x61,0x10,0x61,0x10,0x61,0x10,0x61,0x10,0x61,0x10,0x61,0x10,0x61,0x10,0x61,0x10,0x61,0x10,0x61,0x10,0x61,0x10,0x61,0x10,0x61,0x10,0x61,0x10,
0x61,0x10,0x61,0x10,0x61,0x10,0x61,0x10,0x61,0x10,0x61,0x10,0x61,0x10,0x61,0x10,0x61,0x10,0x61,0x10,0x61,0x10,0x61,0x10,0x61,0x10,0x61,0x10,0x61,0x10,0x61,0x10,0x61,
0x10,0x61,0x10,0x61,0x10,0x61,0x10,0x61,0x10,0x61,0x10,0x61,0x10,0x61,0x10,0x61,0x10,0x61,0x10,0x61,0x10,0x61,0x10,0x61,0x10,0x61,0x10,0x61,0x10,0x61,0x10,0x61,0x10,
0x61,0x10,0x61,0x10,0x61,0x10,0x61,0x10,0x61,0x10,0x61,0x10,0x61,0x10,0x61,0x10,0x61,0x10,0x61,0x10,0x61,0x10,0x61,0x10,0x61,0x10,0x61,0x10,0x61,0x10,0x61,0x10,0x61,
0x10,0x61,0x10,0x61,0x10,0x61,0x10,0x61,0x10,0x61,0x10,0x61,0x10,0x61,0x10,0x61,0x10,0x61,0x10,0x61,0x10,0x61,0x10,0x61,0x10,0x61,0x10,0x61,0x10,0x61,0x10,0x61,0x10,
0x61,0x10,0x61,0x10,0x61,0x10,0x61,0x10,0x61,0x10,0x61,0x10,0x61,0x10,0x61,0x10,0x61,0x10,0x61,0x10,0x61,0x10,0x61,0x10,0x61,0x10,0x61,0x10,0x61,0x10,0x61,0x10,0x61,
0x10,0x61,0x10,0x61,0x10,0x61,0x10,0x61,0x10,0x61,0x10,0x61,0x10,0x61,0x10,0x61,0x10,0x61,0x10,0x61,0x10,0x61,0x10,0x61,0x10,0x61,0x10,0x61,0x10,0x61,0x10,0x61,0x10,
0x61,0x10,0x61,0x10,0x61,0x10,0x61,0x10,0x61,0x10,0x61,0x10,0x61,0x10,0x61,0x10,0x61,0x10,0x61,0x10,0x61,0x10,0x61,0x10,0x61,0x10,0x61,0x10,0x61,0x10,0x61,0x10,0x61,
0x10,0x61,0x10,0x61,0x10,0x61,0x10,0x61,0x10,0x61,0x10,0x61,0x10,0x61,0x10,0x61,0x10,0x61,0x10,0x61,0x10,0x61,0x10,0x61,0x10,0x61,0x10,0x61,0x10,0x61,0x10,0x61,0x10,
0x61,0x10,0x45,0x29,0x30,0x84,0x71,0x94,0x71,0x94,0x71,0x94,0x71,0x94,0x71,0x94,0x71,0x94,0x71,0x94,0x71,0x94,0x08,0x42,0x61,0x10,0x61,0x10,0x61,0x10,0x61,0x10,0x61,
0x10,0xC7,0x39,0x71,0x94,0x71,0x94,0x61,0x10,0x61,0x10,0x61,0x10,0x61,0x10,0x61,0x10,0x61,0x10,0x61,0x10,0x4D,0x6B,0x71,0x94,0x71,0x94,0x61,0x10,0x61,0x10,0x61,0x10,
0x61,0x10,0x61,0x10,0x61,0x10,0x51,0x8C,0x71,0x94,0x71,0x94,0x71,0x94,0x71,0x94,0x71,0x94,0x71,0x94,0x71,0x94,0x51,0x8C,0x71,0x94,0x71,0x94,0x65,0x29,0x61,0x10,0x61,
0x10,0x61,0x10,0x61,0x10,0x61,0x10,0x71,0x94,0x71,0x94,0x71,0x94,0x71,0x94,0x71,0x94,0x71,0x94,0x71,0x94,0x71,0x94,0x71,0x94,0x71,0x8C,0x49,0x4A,0x61,0x10,0x61,0x10,
0x61,0x10,0x61,0x10,0xE3,0x20,0x10,0x84,0x71,0x94,0x71,0x94,0x71,0x94,0x71,0x94,0x71,0x94,0x71,0x94,0x71,0x94,0x71,0x94,0x71,0x94,0x82,0x10,0x61,0x10,0x61,0x10,0x61,
0x10,0x61,0x10,0x61,0x10,0x61,0x10,0x71,0x94,0x71,0x94,0x71,0x94,0x71,0x94,0x71,0x94,0x71,0x94,0x71,0x94,0x71,0x94,0x6D,0x73,0x82,0x10,0x61,0x10,0x61,0x10,0x61,0x10,
0x61,0x10,0x61,0x10,0xA6,0x31,0x71,0x94,0x71,0x94,0x71,0x94,0x71,0x94,0x71,0x94,0x71,0x94,0x71,0x94,0x71,0x94,0xCF,0x7B,0xE3,0x20,0x61,0x10,0x61,0x10,0x61,0x10,0x61,
0x10,0x61,0x10,0x71,0x94,0x71,0x94,0x0C,0x63,0x51,0x8C,0x71,0x94,0x71,0x94,0x71,0x94,0x71,0x94,0x71,0x94,0x71,0x94,0x71,0x94,0x61,0x10,0x61,0x10,0x61,0x10,0x61,0x10,
0x61,0x10,0x61,0x10,0x61,0x10,0x61,0x10,0x61,0x10,0x81,0x10,0x10,0x84,0x71,0x94,0x71,0x94,0x08,0x42,0x61,0x10,0x61,0x10,0x61,0x10,0x61,0x10,0x61,0x10,0x61,0x10,0x61,
0x10,0x61,0x10,0x61,0x10,0x61,0x10,0x61,0x10,0x61,0x10,0x61,0x10,0x61,0x10,0x61,0x10,0x61,0x10,0x61,0x10,0x61,0x10,0x61,0x10,0x61,0x10,0x61,0x10,0x61,0x10,0x61,0x10,
0x61,0x10,0x61,0x10,0x61,0x10,0x61,0x10,0x61,0x10,0x61,0x10,0x61,0x10,0x61,0x10,0x61,0x10,0x61,0x10,0x61,0x10,0x61,0x10,0x61,0x10,0x61,0x10,0x61,0x10,0x61,0x10,0x61,
0x10,0x61,0x10,0x61,0x10,0x61,0x10,0x61,0x10,0x61,0x10,0x61,0x10,0x61,0x10,0x61,0x10,0x61,0x10,0x61,0x10,0x61,0x10,0x61,0x10,0x61,0x10,0x61,0x10,0x61,0x10,0x61,0x10,
0x61,0x10,0x61,0x10,0x61,0x10,0x61,0x10,0x61,0x10,0x61,0x10,0x61,0x10,0x61,0x10,0x61,0x10,0x61,0x10,0x61,0x10,0x61,0x10,0x61,0x10,0x61,0x10,0x61,0x10,0x61,0x10,0x61,
0x10,0x61,0x10,0x61,0x10,0x61,0x10,0x61,0x10,0x61,0x10,0x61,0x10,0x61,0x10,0x61,0x10,0x61,0x10,0x61,0x10,0x61,0x10,0x61,0x10,0x61,0x10,0x61,0x10,0x61,0x10,0x61,0x10,
0x61,0x10,0x61,0x10,0x61,0x10,0x61,0x10,0x61,0x10,0x61,0x10,0x61,0x10,0x61,0x10,0x61,0x10,0x61,0x10,0x61,0x10,0x61,0x10,0x61,0x10,0x61,0x10,0x61,0x10,0x61,0x10,0x61,
0x10,0x61,0x10,0x61,0x10,0x61,0x10,0x61,0x10,0x61,0x10,0x61,0x10,0x61,0x10,0x61,0x10,0x61,0x10,0x61,0x10,0x61,0x10,0x61,0x10,0x61,0x10,0x61,0x10,0x61,0x10,0x61,0x10,
0x61,0x10,0x61,0x10,0x61,0x10,0x61,0x10,0x61,0x10,0x61,0x10,0x61,0x10,0x61,0x10,0x61,0x10,0x61,0x10,0x61,0x10,0x61,0x10,0x61,0x10,0x61,0x10,0x61,0x10,0x61,0x10,0x61,
0x10,0x61,0x10,0x61,0x10,0x61,0x10,0x61,0x10,0x61,0x10,0x61,0x10,0x61,0x10,0x61,0x10,0x61,0x10,0x61,0x10,0x61,0x10,0x61,0x10,0x61,0x10,0x61,0x10,0x61,0x10,0x61,0x10,
0x61,0x10,0x61,0x10,0x61,0x10,0x61,0x10,0x61,0x10,0x61,0x10,0x61,0x10,0x61,0x10,0x61,0x10,0x61,0x10,0x61,0x10,0x61,0x10,0x61,0x10,0x61,0x10,0x61,0x10,0x61,0x10,0x61,
0x10,0x61,0x10,0x61,0x10,0x61,0x10,0x61,0x10,0x61,0x10,0x61,0x10,0x61,0x10,0x61,0x10,0x61,0x10,0x61,0x10,0x61,0x10,0x61,0x10,0x61,0x10,0x61,0x10,0x61,0x10,0x61,0x10,
0x61,0x10,0x61,0x10,0x61,0x10,0x61,0x10,0x61,0x10,0x61,0x10,0x61,0x10,0x61,0x10,0x61,0x10,0x61,0x10,0x61,0x10,0x61,0x10,0x61,0x10,0x61,0x10,0x61,0x10,0x61,0x10,0x61,
0x10,0x61,0x10,0x61,0x10,0x61,0x10,0x61,0x10,0x61,0x10,0x61,0x10,0x61,0x10,0x61,0x10,0x61,0x10,0x61,0x10,0x61,0x10,0x61,0x10,0x61,0x10,0x61,0x10,0x61,0x10,0x61,0x10,
0x61,0x10,0x61,0x10,0x61,0x10,0x61,0x10,0x61,0x10,0x61,0x10,0x61,0x10,0x61,0x10,0x61,0x10,0x61,0x10,0x61,0x10,0x61,0x10,0x2C,0x6B,0x51,0x8C,0x71,0x94,0x71,0x94,0x71,
0x94,0x71,0x94,0xCF,0x7B,0x08,0x42,0x61,0x10,0x61,0x10,0x61,0x10,0x61,0x10,0x61,0x10,0x61,0x10,0xC6,0x39,0x30,0x84,0x30,0x84,0x61,0x10,0x61,0x10,0x61,0x10,0x61,0x10,
0x61,0x10,0x61,0x10,0x61,0x10,0x0C,0x63,0x30,0x84,0x30,0x84,0x61,0x10,0x61,0x10,0x61,0x10,0x61,0x10,0x61,0x10,0x61,0x10,0x61,0x10,0x82,0x10,0x71,0x94,0x71,0x94,0x71,
0x94,0x71,0x94,0xCB,0x5A,0xC2,0x18,0x61,0x10,0x30,0x84,0x30,0x84,0x45,0x29,0x61,0x10,0x61,0x10,0x61,0x10,0x61,0x10,0x61,0x10,0x61,0x10,0xE3,0x20,0xCB,0x5A,0x71,0x94,
0x71,0x94,0x71,0x94,0x71,0x94,0x4D,0x6B,0xA6,0x31,0x61,0x10,0x61,0x10,0x61,0x10,0x61,0x10,0x61,0x10,0x61,0x10,0x61,0x10,0x61,0x10,0x61,0x10,0x4D,0x6B,0x71,0x94,0x71,
0x94,0x71,0x94,0x71,0x94,0x71,0x94,0xCB,0x5A,0xE3,0x18,0x61,0x10,0x61,0x10,0x61,0x10,0x61,0x10,0x61,0x10,0x61,0x10,0x61,0x10,0x61,0x10,0x8A,0x52,0x71,0x94,0x71,0x94,
0x71,0x94,0x71,0x94,0x71,0x94,0x0C,0x63,0x61,0x10,0x61,0x10,0x61,0x10,0x61,0x10,0x61,0x10,0x61,0x10,0x61,0x10,0x61,0x10,0xC7,0x39,0x6D,0x73,0x71,0x94,0x71,0x94,0x71,
0x94,0x71,0x94,0x30,0x84,0xE3,0x20,0x61,0x10,0x61,0x10,0x61,0x10,0x61,0x10,0x61,0x10,0x61,0x10,0x61,0x10,0x71,0x94,0x71,0x94,0xC7,0x39,0x61,0x10,0x51,0x8C,0x71,0x94,
0x71,0x94,0x71,0x94,0xAE,0x73,0xE7,0x39,0x81,0x10,0x61,0x10,0x61,0x10,0x61,0x10,0x61,0x10,0x61,0x10,0x61,0x10,0x61,0x10,0x61,0x10,0x61,0x10,0x61,0x10,0x24,0x21,0x71,
0x94,0x71,0x94,0x61,0x10,0x61,0x10,0x61,0x10,0x61,0x10,0x61,0x10,0x61,0x10,0x61,0x10,0x61,0x10,0x61,0x10,0x61,0x10,0x61,0x10,0x61,0x10,0x61,0x10,0x61,0x10,0x61,0x10,
0x61,0x10,0x61,0x10,0x61,0x10,0x61,0x10,0x61,0x10,0x61,0x10,0x61,0x10,0x61,0x10,0x61,0x10,0x61,0x10,0x61,0x10,0x61,0x10,0x61,0x10,0x61,0x10,0x61,0x10,0x61,0x10,0x61,
0x10,0x61,0x10,0x61,0x10,0x61,0x10,0x61,0x10,0x61,0x10,0x61,0x10,0x61,0x10,0x61,0x10,0x61,0x10,0x61,0x10,0x61,0x10,0x61,0x10,0x61,0x10,0x61,0x10,0x61,0x10,0x61,0x10,
0x61,0x10,0x61,0x10,0x61,0x10,0x61,0x10,0x61,0x10,0x61,0x10,0x61,0x10,0x61,0x10,0x61,0x10,0x61,0x10,0x61,0x10,0x61,0x10,0x61,0x10,0x61,0x10,0x61,0x10,0x61,0x10,0x61,
0x10,0x61,0x10,0x61,0x10,0x61,0x10,0x61,0x10,0x61,0x10,0x61,0x10,0x61,0x10,0x61,0x10,0x61,0x10,0x61,0x10,0x61,0x10,0x61,0x10,0x61,0x10,0x61,0x10,0x61,0x10,0x61,0x10,
0x61,0x10,0x61,0x10,0x61,0x10,0x61,0x10,0x61,0x10,0x61,0x10,0x61,0x10,0x61,0x10,0x61,0x10,0x61,0x10,0x61,0x10,0x61,0x10,0x61,0x10,0x61,0x10,0x61,0x10,0x61,0x10,0x61,
0x10,0x61,0x10,0x61,0x10,0x61,0x10,0x61,0x10,0x61,0x10,0x61,0x10,0x61,0x10,0x61,0x10,0x61,0x10,0x61,0x10,0x61,0x10,0x61,0x10,0x61,0x10,0x61,0x10,0x61,0x10,0x61,0x10,
0x61,0x10,0x61,0x10,0x61,0x10,0x61,0x10,0x61,0x10,0x61,0x10,0x61,0x10,0x61,0x10,0x61,0x10,0x61,0x10,0x61,0x10,0x61,0x10,0x61,0x10,0x61,0x10,0x61,0x10,0x61,0x10,0x61,
0x10,0x61,0x10,0x61,0x10,0x61,0x10,0x61,0x10,0x61,0x10,0x61,0x10,0x61,0x10,0x61,0x10,0x61,0x10,0x61,0x10,0x61,0x10,0x61,0x10,0x61,0x10,0x61,0x10,0x61,0x10,0x61,0x10,
0x61,0x10,0x61,0x10,0x61,0x10,0x61,0x10,0x61,0x10,0x61,0x10,0x61,0x10,0x61,0x10,0x61,0x10,0x61,0x10,0x61,0x10,0x61,0x10,0x61,0x10,0x61,0x10,0x61,0x10,0x61,0x10,0x61,
0x10,0x61,0x10,0x61,0x10,0x61,0x10,0x61,0x10,0x61,0x10,0x61,0x10,0x61,0x10,0x61,0x10,0x61,0x10,0x61,0x10,0x61,0x10,0x61,0x10,0x61,0x10,0x61,0x10,0x61,0x10,0x61,0x10,
0x61,0x10,0x61,0x10,0x61,0x10,0x61,0x10,0x61,0x10,0x61,0x10,0x61,0x10,0x61,0x10,0x61,0x10,0x61,0x10,0x61,0x10,0x61,0x10,0x61,0x10,0x61,0x10,0x61,0x10,0x61,0x10,0x61,
0x10,0x61,0x10,0x61,0x10,0x61,0x10,0x61,0x10,0x61,0x10,0x61,0x10,0x61,0x10,0x61,0x10,0x61,0x10,0x61,0x10,0x61,0x10,0x61,0x10,0x61,0x10,0x61,0x10,0x61,0x10,0x61,0x10,
0x61,0x10,0x61,0x10,0x61,0x10,0x61,0x10,0x61,0x10,0x61,0x10,0x61,0x10,0x61,0x10,0x61,0x10,0x61,0x10,0x61,0x10,0x61,0x10,0x61,0x10,0x61,0x10,0x61,0x10,0x61,0x10,0x61,
0x10,0x61,0x10,0x61,0x10,0x61,0x10,0x61,0x10,0x61,0x10,0x82,0x10,0x28,0x42,0x49,0x4A,0x28,0x42,0x85,0x31,0x61,0x10,0x61,0x10,0x61,0x10,0x61,0x10,0x61,0x10,0x61,0x10,
0x61,0x10,0x61,0x10,0x61,0x10,0x61,0x10,0x61,0x10,0x61,0x10,0x61,0x10,0x61,0x10,0x61,0x10,0x61,0x10,0x61,0x10,0x61,0x10,0x61,0x10,0x61,0x10,0x61,0x10,0x61,0x10,0x61,
0x10,0x61,0x10,0x61,0x10,0x61,0x10,0x61,0x10,0x61,0x10,0x61,0x10,0x45,0x29,0x08,0x42,0x8A,0x52,0xA6,0x39,0x61,0x10,0x61,0x10,0x61,0x10,0x61,0x10,0x61,0x10,0x61,0x10,
0x61,0x10,0x61,0x10,0x61,0x10,0x61,0x10,0x61,0x10,0x61,0x10,0x61,0x10,0x61,0x10,0xE7,0x41,0x8A,0x52,0x8A,0x52,0x28,0x42,0x61,0x10,0x61,0x10,0x61,0x10,0x61,0x10,0x61,
0x10,0x61,0x10,0x61,0x10,0x61,0x10,0x61,0x10,0x61,0x10,0x61,0x10,0x61,0x10,0x65,0x29,0x49,0x4A,0x8A,0x52,0xC7,0x39,0x04,0x21,0x61,0x10,0x61,0x10,0x61,0x10,0x61,0x10,
0x61,0x10,0x61,0x10,0x61,0x10,0x61,0x10,0x61,0x10,0x61,0x10,0x61,0x10,0x04,0x21,0xE7,0x41,0x49,0x4A,0x28,0x42,0x86,0x31,0x61,0x10,0x61,0x10,0x61,0x10,0x61,0x10,0x61,
0x10,0x61,0x10,0x61,0x10,0x61,0x10,0x61,0x10,0x61,0x10,0x61,0x10,0x86,0x31,0x28,0x4A,0x49,0x4A,0xE7,0x39,0x61,0x10,0x61,0x10,0x61,0x10,0x61,0x10,0x61,0x10,0x61,0x10,
0x61,0x10,0x61,0x10,0x61,0x10,0x71,0x94,0x71,0x94,0xC7,0x39,0x61,0x10,0xA2,0x18,0xC7,0x39,0x49,0x4A,0x69,0x4A,0x61,0x10,0x61,0x10,0x61,0x10,0x61,0x10,0x61,0x10,0x61,
0x10,0x61,0x10,0x61,0x10,0x61,0x10,0x61,0x10,0x61,0x10,0x61,0x10,0x61,0x10,0x24,0x21,0x71,0x94,0x71,0x94,0x61,0x10,0x61,0x10,0x61,0x10,0x61,0x10,0x61,0x10,0x61,0x10,
0x61,0x10,0x61,0x10,0x61,0x10,0x61,0x10,0x61,0x10,0x61,0x10,0x61,0x10,0x61,0x10,0x61,0x10,0x61,0x10,0x61,0x10,0x61,0x10,0x61,0x10,0x61,0x10,0x61,0x10,0x61,0x10,0x61,
0x10,0x61,0x10,0x61,0x10,0x61,0x10,0x61,0x10,0x61,0x10,0x61,0x10,0x61,0x10,0x61,0x10,0x61,0x10,0x61,0x10,0x61,0x10,0x61,0x10,0x61,0x10,0x61,0x10,0x61,0x10,0x61,0x10,
0x61,0x10,0x61,0x10,0x61,0x10,0x61,0x10,0x61,0x10,0x61,0x10,0x61,0x10,0x61,0x10,0x61,0x10,0x61,0x10,0x61,0x10,0x61,0x10,0x61,0x10,0x61,0x10,0x61,0x10,0x61,0x10,0x61,
0x10,0x61,0x10,0x61,0x10,0x61,0x10,0x61,0x10,0x61,0x10,0x61,0x10,0x61,0x10,0x61,0x10,0x61,0x10,0x61,0x10,0x61,0x10,0x61,0x10,0x61,0x10,0x61,0x10,0x61,0x10,0x61,0x10,
0x61,0x10,0x61,0x10,0x61,0x10,0x61,0x10,0x61,0x10,0x61,0x10,0x61,0x10,0x61,0x10,0x61,0x10,0x61,0x10,0x61,0x10,0x61,0x10,0x61,0x10,0x61,0x10,0x61,0x10,0x61,0x10,0x61,
0x10,0x61,0x10,0x61,0x10,0x61,0x10,0x61,0x10,0x61,0x10,0x61,0x10,0x61,0x10,0x61,0x10,0x61,0x10,0x61,0x10,0x61,0x10,0x61,0x10,0x61,0x10,0x61,0x10,0x61,0x10,0x61,0x10,
0x61,0x10,0x61,0x10,0x61,0x10,0x61,0x10,0x61,0x10,0x61,0x10,0x61,0x10,0x61,0x10,0x61,0x10,0x61,0x10,0x61,0x10,0x61,0x10,0x61,0x10,0x61,0x10,0x61,0x10,0x61,0x10,0x61,
0x10,0x61,0x10,0x61,0x10,0x61,0x10,0x61,0x10,0x61,0x10,0x61,0x10,0x61,0x10,0x61,0x10,0x61,0x10,0x61,0x10,0x61,0x10,0x61,0x10,0x61,0x10,0x61,0x10,0x61,0x10,0x61,0x10,
0x61,0x10,0x61,0x10,0x61,0x10,0x61,0x10,0x61,0x10,0x61,0x10,0x61,0x10,0x61,0x10,0x61,0x10,0x61,0x10,0x61,0x10,0x61,0x10,0x61,0x10,0x61,0x10,0x61,0x10,0x61,0x10,0x61,
0x10,0x61,0x10,0x61,0x10,0x61,0x10,0x61,0x10,0x61,0x10,0x61,0x10,0x61,0x10,0x61,0x10,0x61,0x10,0x61,0x10,0x61,0x10,0x61,0x10,0x61,0x10,0x61,0x10,0x61,0x10,0x61,0x10,
0x61,0x10,0x61,0x10,0x61,0x10,0x61,0x10,0x61,0x10,0x61,0x10,0x61,0x10,0x61,0x10,0x61,0x10,0x61,0x10,0x61,0x10,0x61,0x10,0x61,0x10,0x61,0x10,0x61,0x10,0x61,0x10,0x61,
0x10,0x61,0x10,0x61,0x10,0x61,0x10,0x61,0x10,0x61,0x10,0x61,0x10,0x61,0x10,0x61,0x10,0x61,0x10,0x61,0x10,0x61,0x10,0x61,0x10,0x61,0x10,0x61,0x10,0x61,0x10,0x61,0x10,
0x61,0x10,0x61,0x10,0x61,0x10,0x61,0x10,0x61,0x10,0x61,0x10,0x61,0x10,0x61,0x10,0x61,0x10,0x61,0x10,0x61,0x10,0x61,0x10,0x61,0x10,0x61,0x10,0x61,0x10,0x61,0x10,0x61,
0x10,0x61,0x10,0x61,0x10,0x61,0x10,0x61,0x10,0x61,0x10,0x61,0x10,0x61,0x10,0x61,0x10,0x61,0x10,0x61,0x10,0x61,0x10,0x61,0x10,0x61,0x10,0x61,0x10,0x61,0x10,0x61,0x10,
0x61,0x10,0x61,0x10,0x61,0x10,0x61,0x10,0x61,0x10,0x61,0x10,0x61,0x10,0x61,0x10,0x61,0x10,0x61,0x10,0x61,0x10,0x61,0x10,0x61,0x10,0x61,0x10,0x61,0x10,0x61,0x10,0x61,
0x10,0x61,0x10,0x61,0x10,0x61,0x10,0x61,0x10,0x61,0x10,0x61,0x10,0x61,0x10,0x61,0x10,0x61,0x10,0x61,0x10,0x61,0x10,0x61,0x10,0x61,0x10,0x61,0x10,0x61,0x10,0x61,0x10,
0x61,0x10,0x61,0x10,0x61,0x10,0x61,0x10,0x61,0x10,0x61,0x10,0x61,0x10,0x61,0x10,0x61,0x10,0x61,0x10,0x61,0x10,0x61,0x10,0x61,0x10,0x61,0x10,0x61,0x10,0x61,0x10,0x61,
0x10,0x61,0x10,0x61,0x10,0x61,0x10,0x61,0x10,0x61,0x10,0x61,0x10,0x61,0x10,0x61,0x10,0x61,0x10,0x61,0x10,0x61,0x10,0x61,0x10,0x61,0x10,0x61,0x10,0x61,0x10,0x61,0x10,
0x61,0x10,0x61,0x10,0x61,0x10,0x61,0x10,0x61,0x10,0x61,0x10,0x61,0x10,0x61,0x10,0x61,0x10,0x61,0x10,0x61,0x10,0x61,0x10,0x61,0x10,0x61,0x10,0x61,0x10,0x61,0x10,0x61,
0x10,0x61,0x10,0x61,0x10,0x61,0x10,0x61,0x10,0x61,0x10,0x61,0x10,0x61,0x10,0x61,0x10,0x61,0x10,0x61,0x10,0x61,0x10,0x61,0x10,0x61,0x10,0x61,0x10,0x61,0x10,0x61,0x10,
0x61,0x10,0x61,0x10,0x61,0x10,0x61,0x10,0x61,0x10,0x61,0x10,0x61,0x10,0x61,0x10,0x61,0x10,0x61,0x10,0x61,0x10,0x61,0x10,0x71,0x94,0x71,0x94,0xC7,0x39,0x61,0x10,0x61,
0x10,0x61,0x10,0x61,0x10,0x61,0x10,0x61,0x10,0x61,0x10,0x61,0x10,0x61,0x10,0x61,0x10,0x61,0x10,0x61,0x10,0x61,0x10,0x61,0x10,0x61,0x10,0x61,0x10,0x61,0x10,0x81,0x10,
0xEF,0x83,0x71,0x94,0xAA,0x52,0x61,0x10,0x61,0x10,0x61,0x10,0x61,0x10,0x61,0x10,0x61,0x10,0x61,0x10,0x61,0x10,0x61,0x10,0x61,0x10,0x61,0x10,0x61,0x10,0x61,0x10,0x61,
0x10,0x61,0x10,0x61,0x10,0x61,0x10,0x61,0x10,0x61,0x10,0x61,0x10,0x61,0x10,0x61,0x10,0x61,0x10,0x61,0x10,0x61,0x10,0x61,0x10,0x61,0x10,0x61,0x10,0x61,0x10,0x61,0x10,
0x61,0x10,0x61,0x10,0x61,0x10,0x61,0x10,0x61,0x10,0x61,0x10,0x61,0x10,0x61,0x10,0x61,0x10,0x61,0x10,0x61,0x10,0x61,0x10,0x61,0x10,0x61,0x10,0x61,0x10,0x61,0x10,0x61,
0x10,0x61,0x10,0x61,0x10,0x61,0x10,0x61,0x10,0x61,0x10,0x61,0x10,0x61,0x10,0x61,0x10,0x61,0x10,0x61,0x10,0x61,0x10,0x61,0x10,0x61,0x10,0x61,0x10,0x61,0x10,0x61,0x10,
0x61,0x10,0x61,0x10,0x61,0x10,0x61,0x10,0x61,0x10,0x61,0x10,0x61,0x10,0x61,0x10,0x61,0x10,0x61,0x10,0x61,0x10,0x61,0x10,0x61,0x10,0x61,0x10,0x61,0x10,0x61,0x10,0x61,
0x10,0x61,0x10,0x61,0x10,0x61,0x10,0x61,0x10,0x61,0x10,0x61,0x10,0x61,0x10,0x61,0x10,0x61,0x10,0x61,0x10,0x61,0x10,0x61,0x10,0x61,0x10,0x61,0x10,0x61,0x10,0x61,0x10,
0x61,0x10,0x61,0x10,0x61,0x10,0x61,0x10,0x61,0x10,0x61,0x10,0x61,0x10,0x61,0x10,0x61,0x10,0x61,0x10,0x61,0x10,0x61,0x10,0x61,0x10,0x61,0x10,0x61,0x10,0x61,0x10,0x61,
0x10,0x61,0x10,0x61,0x10,0x61,0x10,0x61,0x10,0x61,0x10,0x61,0x10,0x61,0x10,0x61,0x10,0x61,0x10,0x61,0x10,0x61,0x10,0x61,0x10,0x61,0x10,0x61,0x10,0x61,0x10,0x61,0x10,
0x61,0x10,0x61,0x10,0x61,0x10,0x61,0x10,0x61,0x10,0x61,0x10,0x61,0x10,0x61,0x10,0x61,0x10,0x61,0x10,0x61,0x10,0x61,0x10,0x61,0x10,0x61,0x10,0x61,0x10,0x61,0x10,0x61,
0x10,0x61,0x10,0x61,0x10,0x61,0x10,0x61,0x10,0x61,0x10,0x61,0x10,0x61,0x10,0x61,0x10,0x61,0x10,0x61,0x10,0x61,0x10,0x61,0x10,0x61,0x10,0x61,0x10,0x61,0x10,0x61,0x10,
0x61,0x10,0x61,0x10,0x61,0x10,0x61,0x10,0x61,0x10,0x61,0x10,0x61,0x10,0x61,0x10,0x61,0x10,0x61,0x10,0x61,0x10,0x61,0x10,0x61,0x10,0x61,0x10,0x61,0x10,0x61,0x10,0x61,
0x10,0x61,0x10,0x61,0x10,0x61,0x10,0x61,0x10,0x61,0x10,0x61,0x10,0x61,0x10,0x61,0x10,0x61,0x10,0x61,0x10,0x61,0x10,0x61,0x10,0x61,0x10,0x61,0x10,0x61,0x10,0x61,0x10,
0x61,0x10,0x61,0x10,0x61,0x10,0x61,0x10,0x61,0x10,0x61,0x10,0x61,0x10,0x61,0x10,0x61,0x10,0x61,0x10,0x61,0x10,0x61,0x10,0x61,0x10,0x61,0x10,0x61,0x10,0x61,0x10,0x61,
0x10,0x61,0x10,0x61,0x10,0x61,0x10,0x61,0x10,0x61,0x10,0x61,0x10,0x61,0x10,0x61,0x10,0x61,0x10,0x61,0x10,0x61,0x10,0x61,0x10,0x61,0x10,0x61,0x10,0x61,0x10,0x61,0x10,
0x61,0x10,0x61,0x10,0x61,0x10,0x61,0x10,0x61,0x10,0x61,0x10,0x61,0x10,0x61,0x10,0x61,0x10,0x61,0x10,0x61,0x10,0x61,0x10,0x61,0x10,0x61,0x10,0x61,0x10,0x61,0x10,0x61,
0x10,0x61,0x10,0x61,0x10,0x61,0x10,0x61,0x10,0x61,0x10,0x61,0x10,0x61,0x10,0x61,0x10,0x61,0x10,0x61,0x10,0x61,0x10,0x61,0x10,0x61,0x10,0x61,0x10,0x61,0x10,0x61,0x10,
0x61,0x10,0x61,0x10,0x61,0x10,0x61,0x10,0x61,0x10,0x61,0x10,0x61,0x10,0x61,0x10,0x61,0x10,0x61,0x10,0x61,0x10,0x61,0x10,0x61,0x10,0x61,0x10,0x61,0x10,0x61,0x10,0x61,
0x10,0x61,0x10,0x61,0x10,0x61,0x10,0x61,0x10,0x61,0x10,0x61,0x10,0x61,0x10,0x61,0x10,0x61,0x10,0x61,0x10,0x61,0x10,0x61,0x10,0x61,0x10,0x61,0x10,0x61,0x10,0x61,0x10,
0x61,0x10,0x61,0x10,0x61,0x10,0x61,0x10,0x61,0x10,0x61,0x10,0x61,0x10,0x61,0x10,0x61,0x10,0x61,0x10,0x61,0x10,0x61,0x10,0x61,0x10,0x61,0x10,0x61,0x10,0x61,0x10,0x61,
0x10,0x61,0x10,0x61,0x10,0x61,0x10,0x61,0x10,0x61,0x10,0x61,0x10,0x61,0x10,0x61,0x10,0x61,0x10,0x61,0x10,0x61,0x10,0x61,0x10,0x61,0x10,0x61,0x10,0x61,0x10,0x61,0x10,
0x61,0x10,0x61,0x10,0x61,0x10,0x61,0x10,0x61,0x10,0x61,0x10,0x61,0x10,0x61,0x10,0x61,0x10,0x61,0x10,0x61,0x10,0x61,0x10,0x61,0x10,0x61,0x10,0x61,0x10,0x61,0x10,0x61,
0x10,0x61,0x10,0x61,0x10,0x61,0x10,0x61,0x10,0x71,0x94,0x71,0x94,0xC7,0x39,0x61,0x10,0x61,0x10,0x61,0x10,0x61,0x10,0x61,0x10,0x61,0x10,0x61,0x10,0x61,0x10,0x61,0x10,
0x61,0x10,0x61,0x10,0x61,0x10,0x61,0x10,0x61,0x10,0x61,0x10,0x61,0x10,0x61,0x10,0x86,0x31,0x71,0x94,0x71,0x94,0x04,0x21,0x61,0x10,0x61,0x10,0x61,0x10,0x61,0x10,0x61,
0x10,0x61,0x10,0x61,0x10,0x61,0x10,0x61,0x10,0x61,0x10,0x61,0x10,0x61,0x10,0x61,0x10,0x61,0x10,0x61,0x10,0x61,0x10,0x61,0x10,0x61,0x10,0x61,0x10,0x61,0x10,0x61,0x10,
0x61,0x10,0x61,0x10,0x61,0x10,0x61,0x10,0x61,0x10,0x61,0x10,0x61,0x10,0x61,0x10,0x61,0x10,0x61,0x10,0x61,0x10,0x61,0x10,0x61,0x10,0x61,0x10,0x61,0x10,0x61,0x10,0x61,
0x10,0x61,0x10,0x61,0x10,0x61,0x10,0x61,0x10,0x61,0x10,0x61,0x10,0x61,0x10,0x61,0x10,0x61,0x10,0x61,0x10,0x61,0x10,0x61,0x10,0x61,0x10,0x61,0x10,0x61,0x10,0x61,0x10,
0x61,0x10,0x61,0x10,0x61,0x10,0x61,0x10,0x61,0x10,0x61,0x10,0x61,0x10,0x61,0x10,0x61,0x10,0x61,0x10,0x61,0x10,0x61,0x10,0x61,0x10,0x61,0x10,0x61,0x10,0x61,0x10,0x61,
0x10,0x61,0x10,0x61,0x10,0x61,0x10,0x61,0x10,0x61,0x10,0x61,0x10,0x61,0x10,0x61,0x10,0x61,0x10,0x61,0x10,0x61,0x10,0x61,0x10,0x61,0x10,0x61,0x10,0x61,0x10,0x61,0x10,
0x61,0x10,0x61,0x10,0x61,0x10,0x61,0x10,0x61,0x10,0x61,0x10,0x61,0x10,0x61,0x10,0x61,0x10,0x61,0x10,0x61,0x10,0x61,0x10,0x61,0x10,0x61,0x10,0x61,0x10,0x61,0x10,0x61,
0x10,0x61,0x10,0x61,0x10,0x61,0x10,0x61,0x10,0x61,0x10,0x61,0x10,0x61,0x10,0x61,0x10,0x61,0x10,0x61,0x10,0x61,0x10,0x61,0x10,0x61,0x10,0x61,0x10,0x61,0x10,0x61,0x10,
0x61,0x10,0x61,0x10,0x61,0x10,0x61,0x10,0x61,0x10,0x61,0x10,0x61,0x10,0x61,0x10,0x61,0x10,0x61,0x10,0x61,0x10,0x61,0x10,0x61,0x10,0x61,0x10,0x61,0x10,0x61,0x10,0x61,
0x10,0x61,0x10,0x61,0x10,0x61,0x10,0x61,0x10,0x61,0x10,0x61,0x10,0x61,0x10,0x61,0x10,0x61,0x10,0x61,0x10,0x61,0x10,0x61,0x10,0x61,0x10,0x61,0x10,0x61,0x10,0x61,0x10,
0x61,0x10,0x61,0x10,0x61,0x10,0x61,0x10,0x61,0x10,0x61,0x10,0x61,0x10,0x61,0x10,0x61,0x10,0x61,0x10,0x61,0x10,0x61,0x10,0x61,0x10,0x61,0x10,0x61,0x10,0x61,0x10,0x61,
0x10,0x61,0x10,0x61,0x10,0x61,0x10,0x61,0x10,0x61,0x10,0x61,0x10,0x61,0x10,0x61,0x10,0x61,0x10,0x61,0x10,0x61,0x10,0x61,0x10,0x61,0x10,0x61,0x10,0x61,0x10,0x61,0x10,
0x61,0x10,0x61,0x10,0x61,0x10,0x61,0x10,0x61,0x10,0x61,0x10,0x61,0x10,0x61,0x10,0x61,0x10,0x61,0x10,0x61,0x10,0x61,0x10,0x61,0x10,0x61,0x10,0x61,0x10,0x61,0x10,0x61,
0x10,0x61,0x10,0x61,0x10,0x61,0x10,0x61,0x10,0x61,0x10,0x61,0x10,0x61,0x10,0x61,0x10,0x61,0x10,0x61,0x10,0x61,0x10,0x61,0x10,0x61,0x10,0x61,0x10,0x61,0x10,0x61,0x10,
0x61,0x10,0x61,0x10,0x61,0x10,0x61,0x10,0x61,0x10,0x61,0x10,0x61,0x10,0x61,0x10,0x61,0x10,0x61,0x10,0x61,0x10,0x61,0x10,0x61,0x10,0x61,0x10,0x61,0x10,0x61,0x10,0x61,
0x10,0x61,0x10,0x61,0x10,0x61,0x10,0x61,0x10,0x61,0x10,0x61,0x10,0x61,0x10,0x61,0x10,0x61,0x10,0x61,0x10,0x61,0x10,0x61,0x10,0x61,0x10,0x61,0x10,0x61,0x10,0x61,0x10,
0x61,0x10,0x61,0x10,0x61,0x10,0x61,0x10,0x61,0x10,0x61,0x10,0x61,0x10,0x61,0x10,0x61,0x10,0x61,0x10,0x61,0x10,0x61,0x10,0x61,0x10,0x61,0x10,0x61,0x10,0x61,0x10,0x61,
0x10,0x61,0x10,0x61,0x10,0x61,0x10,0x61,0x10,0x61,0x10,0x61,0x10,0x61,0x10,0x61,0x10,0x61,0x10,0x61,0x10,0x61,0x10,0x61,0x10,0x61,0x10,0x61,0x10,0x61,0x10,0x61,0x10,
0x61,0x10,0x61,0x10,0x61,0x10,0x61,0x10,0x61,0x10,0x61,0x10,0x61,0x10,0x61,0x10,0x61,0x10,0x61,0x10,0x61,0x10,0x61,0x10,0x61,0x10,0x61,0x10,0x61,0x10,0x61,0x10,0x61,
0x10,0x61,0x10,0x61,0x10,0x61,0x10,0x61,0x10,0x61,0x10,0x61,0x10,0x61,0x10,0x61,0x10,0x61,0x10,0x61,0x10,0x61,0x10,0x61,0x10,0x61,0x10,0x61,0x10,0x61,0x10,0x61,0x10,
0x61,0x10,0x61,0x10,0x61,0x10,0x61,0x10,0x61,0x10,0x61,0x10,0x61,0x10,0x61,0x10,0x61,0x10,0x61,0x10,0x61,0x10,0x61,0x10,0x61,0x10,0x61,0x10,0x61,0x10,0x61,0x10,0x61,
0x10,0x61,0x10,0x61,0x10,0x61,0x10,0x61,0x10,0x61,0x10,0x61,0x10,0x61,0x10,0x61,0x10,0x61,0x10,0x61,0x10,0x61,0x10,0x61,0x10,0x61,0x10,0x71,0x94,0x71,0x94,0xC7,0x39,
0x61,0x10,0x61,0x10,0x61,0x10,0x61,0x10,0x61,0x10,0x61,0x10,0x61,0x10,0x61,0x10,0x61,0x10,0x61,0x10,0x61,0x10,0x61,0x10,0x61,0x10,0x61,0x10,0x61,0x10,0x61,0x10,0xAA,
0x52,0x71,0x94,0x71,0x94,0x71,0x94,0x61,0x10,0x61,0x10,0x61,0x10,0x61,0x10,0x61,0x10,0x61,0x10,0x61,0x10,0x61,0x10,0x61,0x10,0x61,0x10,0x61,0x10,0x61,0x10,0x61,0x10,
0x61,0x10,0x61,0x10,0x61,0x10,0x61,0x10,0x61,0x10,0x61,0x10,0x61,0x10,0x61,0x10,0x61,0x10,0x61,0x10,0x61,0x10,0x61,0x10,0x61,0x10,0x61,0x10,0x61,0x10,0x61,0x10,0x61,
0x10,0x61,0x10,0x61,0x10,0x61,0x10,0x61,0x10,0x61,0x10,0x61,0x10,0x61,0x10,0x61,0x10,0x61,0x10,0x61,0x10,0x61,0x10,0x61,0x10,0x61,0x10,0x61,0x10,0x61,0x10,0x61,0x10,
0x61,0x10,0x61,0x10,0x61,0x10,0x61,0x10,0x61,0x10,0x61,0x10,0x61,0x10,0x61,0x10,0x61,0x10,0x61,0x10,0x61,0x10,0x61,0x10,0x61,0x10,0x61,0x10,0x61,0x10,0x61,0x10,0x61,
0x10,0x61,0x10,0x61,0x10,0x61,0x10,0x61,0x10,0x61,0x10,0x61,0x10,0x61,0x10,0x61,0x10,0x61,0x10,0x61,0x10,0x61,0x10,0x61,0x10,0x61,0x10,0x61,0x10,0x61,0x10,0x61,0x10,
0x61,0x10,0x61,0x10,0x61,0x10,0x61,0x10,0x61,0x10,0x61,0x10,0x61,0x10,0x61,0x10,0x61,0x10,0x61,0x10,0x61,0x10,0x61,0x10,0x61,0x10,0x61,0x10,0x61,0x10,0x61,0x10,0x61,
0x10,0x61,0x10,0x61,0x10,0x61,0x10,0x61,0x10,0x61,0x10,0x61,0x10,0x61,0x10,0x61,0x10,0x61,0x10,0x61,0x10,0x61,0x10,0x61,0x10,0x61,0x10,0x61,0x10,0x61,0x10,0x61,0x10,
0x61,0x10,0x61,0x10,0x61,0x10,0x61,0x10,0x61,0x10,0x61,0x10,0x61,0x10,0x61,0x10,0x61,0x10,0x61,0x10,0x61,0x10,0x61,0x10,0x61,0x10,0x61,0x10,0x61,0x10,0x61,0x10,0x61,
0x10,0x61,0x10,0x61,0x10,0x61,0x10,0x61,0x10,0x61,0x10,0x61,0x10,0x61,0x10,0x61,0x10,0x61,0x10,0x61,0x10,0x61,0x10,0x61,0x10,0x61,0x10,0x61,0x10,0x61,0x10,0x61,0x10,
0x61,0x10,0x61,0x10,0x61,0x10,0x61,0x10,0x61,0x10,0x61,0x10,0x61,0x10,0x61,0x10,0x61,0x10,0x61,0x10,0x61,0x10,0x61,0x10,0x61,0x10,0x61,0x10,0x61,0x10,0x61,0x10,0x61,
0x10,0x61,0x10,0x61,0x10,0x61,0x10,0x61,0x10,0x61,0x10,0x61,0x10,0x61,0x10,0x61,0x10,0x61,0x10,0x61,0x10,0x61,0x10,0x61,0x10,0x61,0x10,0x61,0x10,0x61,0x10,0x61,0x10,
0x61,0x10,0x61,0x10,0x61,0x10,0x61,0x10,0x61,0x10,0x61,0x10,0x61,0x10,0x61,0x10,0x61,0x10,0x61,0x10,0x61,0x10,0x61,0x10,0x61,0x10,0x61,0x10,0x61,0x10,0x61,0x10,0x61,
0x10,0x61,0x10,0x61,0x10,0x61,0x10,0x61,0x10,0x61,0x10,0x61,0x10,0x61,0x10,0x61,0x10,0x61,0x10,0x61,0x10,0x61,0x10,0x61,0x10,0x61,0x10,0x61,0x10,0x61,0x10,0x61,0x10,
0x61,0x10,0x61,0x10,0x61,0x10,0x61,0x10,0x61,0x10,0x61,0x10,0x61,0x10,0x61,0x10,0x61,0x10,0x61,0x10,0x61,0x10,0x61,0x10,0x61,0x10,0x61,0x10,0x61,0x10,0x61,0x10,0x61,
0x10,0x61,0x10,0x61,0x10,0x61,0x10,0x61,0x10,0x61,0x10,0x61,0x10,0x61,0x10,0x61,0x10,0x61,0x10,0x61,0x10,0x61,0x10,0x61,0x10,0x61,0x10,0x61,0x10,0x61,0x10,0x61,0x10,
0x61,0x10,0x61,0x10,0x61,0x10,0x61,0x10,0x61,0x10,0x61,0x10,0x61,0x10,0x61,0x10,0x61,0x10,0x61,0x10,0x61,0x10,0x61,0x10,0x61,0x10,0x61,0x10,0x61,0x10,0x61,0x10,0x61,
0x10,0x61,0x10,0x61,0x10,0x61,0x10,0x61,0x10,0x61,0x10,0x61,0x10,0x61,0x10,0x61,0x10,0x61,0x10,0x61,0x10,0x61,0x10,0x61,0x10,0x61,0x10,0x61,0x10,0x61,0x10,0x61,0x10,
0x61,0x10,0x61,0x10,0x61,0x10,0x61,0x10,0x61,0x10,0x61,0x10,0x61,0x10,0x61,0x10,0x61,0x10,0x61,0x10,0x61,0x10,0x61,0x10,0x61,0x10,0x61,0x10,0x61,0x10,0x61,0x10,0x61,
0x10,0x61,0x10,0x61,0x10,0x61,0x10,0x61,0x10,0x61,0x10,0x61,0x10,0x61,0x10,0x61,0x10,0x61,0x10,0x61,0x10,0x61,0x10,0x61,0x10,0x61,0x10,0x61,0x10,0x61,0x10,0x61,0x10,
0x61,0x10,0x61,0x10,0x61,0x10,0x61,0x10,0x61,0x10,0x61,0x10,0x61,0x10,0x61,0x10,0x61,0x10,0x61,0x10,0x61,0x10,0x61,0x10,0x61,0x10,0x61,0x10,0x61,0x10,0x61,0x10,0x61,
0x10,0x61,0x10,0x61,0x10,0x61,0x10,0x61,0x10,0x61,0x10,0x61,0x10,0x61,0x10,0x61,0x10,0x61,0x10,0x61,0x10,0x61,0x10,0x61,0x10,0x61,0x10,0x61,0x10,0x61,0x10,0x61,0x10,
0x61,0x10,0x61,0x10,0x61,0x10,0x61,0x10,0x61,0x10,0x61,0x10,0x71,0x94,0x71,0x94,0xC7,0x39,0x61,0x10,0x61,0x10,0x61,0x10,0x61,0x10,0x61,0x10,0x61,0x10,0x61,0x10,0x61,
0x10,0x61,0x10,0x61,0x10,0x61,0x10,0x61,0x10,0x61,0x10,0xA6,0x31,0x08,0x42,0x08,0x42,0x71,0x94,0x71,0x94,0x71,0x94,0x8E,0x73,0x61,0x10,0x61,0x10,0x61,0x10,0x61,0x10,
0x61,0x10,0x61,0x10,0x61,0x10,0x61,0x10,0x61,0x10,0x61,0x10,0x61,0x10,0x61,0x10,0x61,0x10,0x61,0x10,0x61,0x10,0x61,0x10,0x61,0x10,0x61,0x10,0x61,0x10,0x61,0x10,0x61,
0x10,0x61,0x10,0x61,0x10,0x61,0x10,0x61,0x10,0x61,0x10,0x61,0x10,0x61,0x10,0x61,0x10,0x61,0x10,0x61,0x10,0x61,0x10,0x61,0x10,0x61,0x10,0x61,0x10,0x61,0x10,0x61,0x10,
0x61,0x10,0x61,0x10,0x61,0x10,0x61,0x10,0x61,0x10,0x61,0x10,0x61,0x10,0x61,0x10,0x61,0x10,0x61,0x10,0x61,0x10,0x61,0x10,0x61,0x10,0x61,0x10,0x61,0x10,0x61,0x10,0x61,
0x10,0x61,0x10,0x61,0x10,0x61,0x10,0x61,0x10,0x61,0x10,0x61,0x10,0x61,0x10,0x61,0x10,0x61,0x10,0x61,0x10,0x61,0x10,0x61,0x10,0x61,0x10,0x61,0x10,0x61,0x10,0x61,0x10,
0x61,0x10,0x61,0x10,0x61,0x10,0x61,0x10,0x61,0x10,0x61,0x10,0x61,0x10,0x61,0x10,0x61,0x10,0x61,0x10,0x61,0x10,0x61,0x10,0x61,0x10,0x61,0x10,0x61,0x10,0x61,0x10,0x61,
0x10,0x61,0x10,0x61,0x10,0x61,0x10,0x61,0x10,0x61,0x10,0x61,0x10,0x61,0x10,0x61,0x10,0x61,0x10,0x61,0x10,0x61,0x10,0x61,0x10,0x61,0x10,0x61,0x10,0x61,0x10,0x61,0x10,
0x61,0x10,0x61,0x10,0x61,0x10,0x61,0x10,0x61,0x10,0x61,0x10,0x61,0x10,0x61,0x10,0x61,0x10,0x61,0x10,0x61,0x10,0x61,0x10,0x61,0x10,0x61,0x10,0x61,0x10,0x61,0x10,0x61,
0x10,0x61,0x10,0x61,0x10,0x61,0x10,0x61,0x10,0x61,0x10,0x61,0x10,0x61,0x10,0x61,0x10,0x61,0x10,0x61,0x10,0x61,0x10,0x61,0x10,0x61,0x10,0x61,0x10,0x61,0x10,0x61,0x10,
0x61,0x10,0x61,0x10,0x61,0x10,0x61,0x10,0x61,0x10,0x61,0x10,0x61,0x10,0x61,0x10,0x61,0x10,0x61,0x10,0x61,0x10,0x61,0x10,0x61,0x10,0x61,0x10,0x61,0x10,0x61,0x10,0x61,
0x10,0x61,0x10,0x61,0x10,0x61,0x10,0x61,0x10,0x61,0x10,0x61,0x10,0x61,0x10,0x61,0x10,0x61,0x10,0x61,0x10,0x61,0x10,0x61,0x10,0x61,0x10,0x61,0x10,0x61,0x10,0x61,0x10,
0x61,0x10,0x61,0x10,0x61,0x10,0x61,0x10,0x61,0x10,0x61,0x10,0x61,0x10,0x61,0x10,0x61,0x10,0x61,0x10,0x61,0x10,0x61,0x10,0x61,0x10,0x61,0x10,0x61,0x10,0x61,0x10,0x61,
0x10,0x61,0x10,0x61,0x10,0x61,0x10,0x61,0x10,0x61,0x10,0x61,0x10,0x61,0x10,0x61,0x10,0x61,0x10,0x61,0x10,0x61,0x10,0x61,0x10,0x61,0x10,0x61,0x10,0x61,0x10,0x61,0x10,
0x61,0x10,0x61,0x10,0x61,0x10,0x61,0x10,0x61,0x10,0x61,0x10,0x61,0x10,0x61,0x10,0x61,0x10,0x61,0x10,0x61,0x10,0x61,0x10,0x61,0x10,0x61,0x10,0x61,0x10,0x61,0x10,0x61,
0x10,0x61,0x10,0x61,0x10,0x61,0x10,0x61,0x10,0x61,0x10,0x61,0x10,0x61,0x10,0x61,0x10,0x61,0x10,0x61,0x10,0x61,0x10,0x61,0x10,0x61,0x10,0x61,0x10,0x61,0x10,0x61,0x10,
0x61,0x10,0x61,0x10,0x61,0x10,0x61,0x10,0x61,0x10,0x61,0x10,0x61,0x10,0x61,0x10,0x61,0x10,0x61,0x10,0x61,0x10,0x61,0x10,0x61,0x10,0x61,0x10,0x61,0x10,0x61,0x10,0x61,
0x10,0x61,0x10,0x61,0x10,0x61,0x10,0x61,0x10,0x61,0x10,0x61,0x10,0x61,0x10,0x61,0x10,0x61,0x10,0x61,0x10,0x61,0x10,0x61,0x10,0x61,0x10,0x61,0x10,0x61,0x10,0x61,0x10,
0x61,0x10,0x61,0x10,0x61,0x10,0x61,0x10,0x61,0x10,0x61,0x10,0x61,0x10,0x61,0x10,0x61,0x10,0x61,0x10,0x61,0x10,0x61,0x10,0x61,0x10,0x61,0x10,0x61,0x10,0x61,0x10,0x61,
0x10,0x61,0x10,0x61,0x10,0x61,0x10,0x61,0x10,0x61,0x10,0x61,0x10,0x61,0x10,0x61,0x10,0x61,0x10,0x61,0x10,0x61,0x10,0x61,0x10,0x61,0x10,0x61,0x10,0x61,0x10,0x61,0x10,
0x61,0x10,0x61,0x10,0x61,0x10,0x61,0x10,0x61,0x10,0x61,0x10,0x61,0x10,0x61,0x10,0x61,0x10,0x61,0x10,0x61,0x10,0x61,0x10,0x61,0x10,0x61,0x10,0x61,0x10,0x61,0x10,0x61,
0x10,0x61,0x10,0x61,0x10,0x61,0x10,0x61,0x10,0x61,0x10,0x61,0x10,0x61,0x10,0x61,0x10,0x61,0x10,0x61,0x10,0x61,0x10,0x61,0x10,0x61,0x10,0x61,0x10,0x61,0x10,0x61,0x10,
0x61,0x10,0x61,0x10,0x61,0x10,0x61,0x10,0x61,0x10,0x61,0x10,0x61,0x10,0x61,0x10,0x61,0x10,0x61,0x10,0x61,0x10,0x61,0x10,0x61,0x10,0x61,0x10,0x61,0x10,0x71,0x94,0x71,
0x94,0xC7,0x39,0x61,0x10,0x61,0x10,0x61,0x10,0x61,0x10,0x61,0x10,0x61,0x10,0x61,0x10,0x61,0x10,0x61,0x10,0x61,0x10,0x61,0x10,0x61,0x10,0x61,0x10,0x45,0x29,0x71,0x94,
0x71,0x94,0x71,0x94,0x71,0x94,0x71,0x94,0x61,0x10,0x61,0x10,0x61,0x10,0x61,0x10,0x61,0x10,0x61,0x10,0x61,0x10,0x61,0x10,0x61,0x10,0x61,0x10,0x61,0x10,0x61,0x10,0x61,
0x10,0x61,0x10,0x61,0x10,0x61,0x10,0x61,0x10,0x61,0x10,0x61,0x10,0x61,0x10,0x61,0x10,0x61,0x10,0x61,0x10,0x61,0x10,0x61,0x10,0x61,0x10,0x61,0x10,0x61,0x10,0x61,0x10,
0x61,0x10,0x61,0x10,0x61,0x10,0x61,0x10,0x61,0x10,0x61,0x10,0x61,0x10,0x61,0x10,0x61,0x10,0x61,0x10,0x61,0x10,0x61,0x10,0x61,0x10,0x61,0x10,0x61,0x10,0x61,0x10,0x61,
0x10,0x61,0x10,0x61,0x10,0x61,0x10,0x61,0x10,0x61,0x10,0x61,0x10,0x61,0x10,0x61,0x10,0x61,0x10,0x61,0x10,0x61,0x10,0x61,0x10,0x61,0x10,0x61,0x10,0x61,0x10,0x61,0x10,
0x61,0x10,0x61,0x10,0x61,0x10,0x61,0x10,0x61,0x10,0x61,0x10,0x61,0x10,0x61,0x10,0x61,0x10,0x61,0x10,0x61,0x10,0x61,0x10,0x61,0x10,0x61,0x10,0x61,0x10,0x61,0x10,0x61,
0x10,0x61,0x10,0x61,0x10,0x61,0x10,0x61,0x10,0x61,0x10,0x61,0x10,0x61,0x10,0x61,0x10,0x61,0x10,0x61,0x10,0x61,0x10,0x61,0x10,0x61,0x10,0x61,0x10,0x61,0x10,0x61,0x10,
0x61,0x10,0x61,0x10,0x61,0x10,0x61,0x10,0x61,0x10,0x61,0x10,0x61,0x10,0x61,0x10,0x61,0x10,0x61,0x10,0x61,0x10,0x61,0x10,0x61,0x10,0x61,0x10,0x61,0x10,0x61,0x10,0x61,
0x10,0x61,0x10,0x61,0x10,0x61,0x10,0x61,0x10,0x61,0x10,0x61,0x10,0x61,0x10,0x61,0x10,0x61,0x10,0x61,0x10,0x61,0x10,0x61,0x10,0x61,0x10,0x61,0x10,0x61,0x10,0x61,0x10,
0x61,0x10,0x61,0x10,0x61,0x10,0x61,0x10,0x61,0x10,0x61,0x10,0x61,0x10,0x61,0x10,0x61,0x10,0x61,0x10,0x61,0x10,0x61,0x10,0x61,0x10,0x61,0x10,0x61,0x10,0x61,0x10,0x61,
0x10,0x61,0x10,0x61,0x10,0x61,0x10,0x61,0x10,0x61,0x10,0x61,0x10,0x61,0x10,0x61,0x10,0x61,0x10,0x61,0x10,0x61,0x10,0x61,0x10,0x61,0x10,0x61,0x10,0x61,0x10,0x61,0x10,
0x61,0x10,0x61,0x10,0x61,0x10,0x61,0x10,0x61,0x10,0x61,0x10,0x61,0x10,0x61,0x10,0x61,0x10,0x61,0x10,0x61,0x10,0x61,0x10,0x61,0x10,0x61,0x10,0x61,0x10,0x61,0x10,0x61,
0x10,0x61,0x10,0x61,0x10,0x61,0x10,0x61,0x10,0x61,0x10,0x61,0x10,0x61,0x10,0x61,0x10,0x61,0x10,0x61,0x10,0x61,0x10,0x61,0x10,0x61,0x10,0x61,0x10,0x61,0x10,0x61,0x10,
0x61,0x10,0x61,0x10,0x61,0x10,0x61,0x10,0x61,0x10,0x61,0x10,0x61,0x10,0x61,0x10,0x61,0x10,0x61,0x10,0x61,0x10,0x61,0x10,0x61,0x10,0x61,0x10,0x61,0x10,0x61,0x10,0x61,
0x10,0x61,0x10,0x61,0x10,0x61,0x10,0x61,0x10,0x61,0x10,0x61,0x10,0x61,0x10,0x61,0x10,0x61,0x10,0x61,0x10,0x61,0x10,0x61,0x10,0x61,0x10,0x61,0x10,0x61,0x10,0x61,0x10,
0x61,0x10,0x61,0x10,0x61,0x10,0x61,0x10,0x61,0x10,0x61,0x10,0x61,0x10,0x61,0x10,0x61,0x10,0x61,0x10,0x61,0x10,0x61,0x10,0x61,0x10,0x61,0x10,0x61,0x10,0x61,0x10,0x61,
0x10,0x61,0x10,0x61,0x10,0x61,0x10,0x61,0x10,0x61,0x10,0x61,0x10,0x61,0x10,0x61,0x10,0x61,0x10,0x61,0x10,0x61,0x10,0x61,0x10,0x61,0x10,0x61,0x10,0x61,0x10,0x61,0x10,
0x61,0x10,0x61,0x10,0x61,0x10,0x61,0x10,0x61,0x10,0x61,0x10,0x61,0x10,0x61,0x10,0x61,0x10,0x61,0x10,0x61,0x10,0x61,0x10,0x61,0x10,0x61,0x10,0x61,0x10,0x61,0x10,0x61,
0x10,0x61,0x10,0x61,0x10,0x61,0x10,0x61,0x10,0x61,0x10,0x61,0x10,0x61,0x10,0x61,0x10,0x61,0x10,0x61,0x10,0x61,0x10,0x61,0x10,0x61,0x10,0x61,0x10,0x61,0x10,0x61,0x10,
0x61,0x10,0x61,0x10,0x61,0x10,0x61,0x10,0x61,0x10,0x61,0x10,0x61,0x10,0x61,0x10,0x61,0x10,0x61,0x10,0x61,0x10,0x61,0x10,0x61,0x10,0x61,0x10,0x61,0x10,0x61,0x10,0x61,
0x10,0x61,0x10,0x61,0x10,0x61,0x10,0x61,0x10,0x61,0x10,0x61,0x10,0x61,0x10,0x61,0x10,0x61,0x10,0x61,0x10,0x61,0x10,0x61,0x10,0x61,0x10,0x61,0x10,0x61,0x10,0x61,0x10,
0x61,0x10,0x61,0x10,0x61,0x10,0x61,0x10,0x61,0x10,0x61,0x10,0x61,0x10,0x61,0x10,0x61,0x10,0x61,0x10,0x61,0x10,0x61,0x10,0x61,0x10,0x61,0x10,0x61,0x10,0x61,0x10,0x61,
0x10,0x61,0x10,0x61,0x10,0x61,0x10,0x61,0x10,0x61,0x10,0x61,0x10,0x61,0x10,0x71,0x94,0x71,0x94,0xC7,0x39,0x61,0x10,0x61,0x10,0x61,0x10,0x61,0x10,0x61,0x10,0x61,0x10,
0x61,0x10,0x61,0x10,0x61,0x10,0x61,0x10,0x61,0x10,0x61,0x10,0x61,0x10,0xC3,0x18,0x71,0x94,0x71,0x94,0x71,0x94,0x71,0x8C,0x69,0x52,0x61,0x10,0x61,0x10,0x61,0x10,0x61,
0x10,0x61,0x10,0x61,0x10,0x61,0x10,0x61,0x10,0x61,0x10,0x61,0x10,0x61,0x10,0x61,0x10,0x61,0x10,0x61,0x10,0x61,0x10,0x61,0x10,0x61,0x10,0x61,0x10,0x61,0x10,0x61,0x10,
0x61,0x10,0x61,0x10,0x61,0x10,0x61,0x10,0x61,0x10,0x61,0x10,0x61,0x10,0x61,0x10,0x61,0x10,0x61,0x10,0x61,0x10,0x61,0x10,0x61,0x10,0x61,0x10,0x61,0x10,0x61,0x10,0x61,
0x10,0x61,0x10,0x61,0x10,0x61,0x10,0x61,0x10,0x61,0x10,0x61,0x10,0x61,0x10,0x61,0x10,0x61,0x10,0x61,0x10,0x61,0x10,0x61,0x10,0x61,0x10,0x61,0x10,0x61,0x10,0x61,0x10,
0x61,0x10,0x61,0x10,0x61,0x10,0x61,0x10,0x61,0x10,0x61,0x10,0x61,0x10,0x61,0x10,0x61,0x10,0x61,0x10,0x61,0x10,0x61,0x10,0x61,0x10,0x61,0x10,0x61,0x10,0x61,0x10,0x61,
0x10,0x61,0x10,0x61,0x10,0x61,0x10,0x61,0x10,0x61,0x10,0x61,0x10,0x61,0x10,0x61,0x10,0x61,0x10,0x61,0x10,0x61,0x10,0x61,0x10,0x61,0x10,0x61,0x10,0x61,0x10,0x61,0x10,
0x61,0x10,0x61,0x10,0x61,0x10,0x61,0x10,0x61,0x10,0x61,0x10,0x61,0x10,0x61,0x10,0x61,0x10,0x61,0x10,0x61,0x10,0x61,0x10,0x61,0x10,0x61,0x10,0x61,0x10,0x61,0x10,0x61,
0x10,0x61,0x10,0x61,0x10,0x61,0x10,0x61,0x10,0x61,0x10,0x61,0x10,0x61,0x10,0x61,0x10,0x61,0x10,0x61,0x10,0x61,0x10,0x61,0x10,0x61,0x10,0x61,0x10,0x61,0x10,0x61,0x10,
0x61,0x10,0x61,0x10,0x61,0x10,0x61,0x10,0x61,0x10,0x61,0x10,0x61,0x10,0x61,0x10,0x61,0x10,0x61,0x10,0x61,0x10,0x61,0x10,0x61,0x10,0x61,0x10,0x61,0x10,0x61,0x10,0x61,
0x10,0x61,0x10,0x61,0x10,0x61,0x10,0x61,0x10,0x61,0x10,0x61,0x10,0x61,0x10,0x61,0x10,0x61,0x10,0x61,0x10,0x61,0x10,0x61,0x10,0x61,0x10,0x61,0x10,0x61,0x10,0x61,0x10,
0x61,0x10,0x61,0x10,0x61,0x10,0x61,0x10,0x61,0x10,0x61,0x10,0x61,0x10,0x61,0x10,0x61,0x10,0x61,0x10,0x61,0x10,0x61,0x10,0x61,0x10,0x61,0x10,0x61,0x10,0x61,0x10,0x61,
0x10,0x61,0x10,0x61,0x10,0x61,0x10,0x61,0x10,0x61,0x10,0x61,0x10,0x61,0x10,0x61,0x10,0x61,0x10,0x61,0x10,0x61,0x10,0x61,0x10,0x61,0x10,0x61,0x10,0x61,0x10,0x61,0x10,
0x61,0x10,0x61,0x10,0x61,0x10,0x61,0x10,0x61,0x10,0x61,0x10,0x61,0x10,0x61,0x10,0x61,0x10,0x61,0x10,0x61,0x10,0x61,0x10,0x61,0x10,0x61,0x10,0x61,0x10,0x61,0x10,0x61,
0x10,0x61,0x10,0x61,0x10,0x61,0x10,0x61,0x10,0x61,0x10,0x61,0x10,0x61,0x10,0x61,0x10,0x61,0x10,0x61,0x10,0x61,0x10,0x61,0x10,0x61,0x10,0x61,0x10,0x61,0x10,0x61,0x10,
0x61,0x10,0x61,0x10,0x61,0x10,0x61,0x10,0x61,0x10,0x61,0x10,0x61,0x10,0x61,0x10,0x61,0x10,0x61,0x10,0x61,0x10,0x61,0x10,0x61,0x10,0x61,0x10,0x61,0x10,0x61,0x10,0x61,
0x10,0x61,0x10,0x61,0x10,0x61,0x10,0x61,0x10,0x61,0x10,0x61,0x10,0x61,0x10,0x61,0x10,0x61,0x10,0x61,0x10,0x61,0x10,0x61,0x10,0x61,0x10,0x61,0x10,0x61,0x10,0x61,0x10,
0x61,0x10,0x61,0x10,0x61,0x10,0x61,0x10,0x61,0x10,0x61,0x10,0x61,0x10,0x61,0x10,0x61,0x10,0x61,0x10,0x61,0x10,0x61,0x10,0x61,0x10,0x61,0x10,0x61,0x10,0x61,0x10,0x61,
0x10,0x61,0x10,0x61,0x10,0x61,0x10,0x61,0x10,0x61,0x10,0x61,0x10,0x61,0x10,0x61,0x10,0x61,0x10,0x61,0x10,0x61,0x10,0x61,0x10,0x61,0x10,0x61,0x10,0x61,0x10,0x61,0x10,
0x61,0x10,0x61,0x10,0x61,0x10,0x61,0x10,0x61,0x10,0x61,0x10,0x61,0x10,0x61,0x10,0x61,0x10,0x61,0x10,0x61,0x10,0x61,0x10,0x61,0x10,0x61,0x10,0x61,0x10,0x61,0x10,0x61,
0x10,0x61,0x10,0x61,0x10,0x61,0x10,0x61,0x10,0x61,0x10,0x61,0x10,0x61,0x10,0x61,0x10,0x61,0x10,0x61,0x10,0x61,0x10,0x61,0x10,0x61,0x10,0x61,0x10,0x61,0x10,0x61,0x10,
0x61,0x10,0x61,0x10,0x61,0x10,0x61,0x10,0x61,0x10,0x61,0x10,0x61,0x10,0x61,0x10,0x61,0x10,0x61,0x10,0x61,0x10,0x61,0x10,0x61,0x10,0x61,0x10,0x61,0x10,0x61,0x10,0x61,
0x10,0x61,0x10,0x61,0x10,0x61,0x10,0x61,0x10,0x61,0x10,0x61,0x10,0x61,0x10,0x61,0x10,0x61,0x10,0x61,0x10,0x61,0x10,0x61,0x10,0x61,0x10,0x61,0x10,0x61,0x10,0x61,0x10,
0x61,0x10,0x61,0x10,0x61,0x10,0x61,0x10,0x61,0x10,0x61,0x10,0x61,0x10,0x61,0x10,0x61,0x10,0x61,0x10,0x61,0x10,0x61,0x10,0x61,0x10,0x61,0x10,0x61,0x10,0x61,0x10,0x61,
0x10,0x61,0x10,0xA2,0x10,0x61,0x10,0x61,0x10,0x61,0x10,0x61,0x10,0x61,0x10,0x61,0x10,0x61,0x10,0x61,0x10,0x61,0x10,0x61,0x10,0x61,0x10,0x61,0x10,0x61,0x10,0x61,0x10,
0x61,0x10,0x61,0x10,0x61,0x10,0x61,0x10,0x61,0x10,0x61,0x10,0x61,0x10,0x61,0x10,0x61,0x10,0x61,0x10,0x61,0x10,0x61,0x10,0x61,0x10,0x61,0x10,0x61,0x10,0x61,0x10,0x61,
0x10,0x61,0x10,0x61,0x10,0x61,0x10,0x61,0x10,0x61,0x10,0x61,0x10,0x61,0x10,0x61,0x10,0x61,0x10,0x61,0x10,0x61,0x10,0x61,0x10,0x61,0x10,0x61,0x10,0x61,0x10,0x61,0x10,
0x61,0x10,0x61,0x10,0x61,0x10,0x61,0x10,0x61,0x10,0x61,0x10,0x61,0x10,0x61,0x10,0x61,0x10,0x61,0x10,0x61,0x10,0x61,0x10,0x61,0x10,0x61,0x10,0x61,0x10,0x61,0x10,0x61,
0x10,0x61,0x10,0x61,0x10,0x61,0x10,0x61,0x10,0x61,0x10,0x61,0x10,0x61,0x10,0x61,0x10,0x61,0x10,0x61,0x10,0x61,0x10,0x61,0x10,0x61,0x10,0x61,0x10,0x61,0x10,0x61,0x10,
0x61,0x10,0x61,0x10,0x61,0x10,0x61,0x10,0x61,0x10,0x61,0x10,0x61,0x10,0x61,0x10,0x61,0x10,0x61,0x10,0x61,0x10,0x61,0x10,0x61,0x10,0x61,0x10,0x61,0x10,0x61,0x10,0x61,
0x10,0x61,0x10,0x61,0x10,0x61,0x10,0x61,0x10,0x61,0x10,0x61,0x10,0x61,0x10,0x61,0x10,0x61,0x10,0x61,0x10,0x61,0x10,0x61,0x10,0x61,0x10,0x61,0x10,0x61,0x10,0x61,0x10,
0x61,0x10,0x61,0x10,0x61,0x10,0x61,0x10,0x61,0x10,0x61,0x10,0x61,0x10,0x61,0x10,0x61,0x10,0x61,0x10,0x61,0x10,0x61,0x10,0x61,0x10,0x61,0x10,0x61,0x10,0x61,0x10,0x61,
0x10,0x61,0x10,0x61,0x10,0x61,0x10,0x61,0x10,0x61,0x10,0x61,0x10,0x61,0x10,0x61,0x10,0x61,0x10,0x61,0x10,0x61,0x10,0x61,0x10,0x61,0x10,0x61,0x10,0x61,0x10,0x61,0x10,
0x61,0x10,0x61,0x10,0x61,0x10,0x61,0x10,0x61,0x10,0x61,0x10,0x61,0x10,0x61,0x10,0x61,0x10,0x61,0x10,0x61,0x10,0x61,0x10,0x61,0x10,0x61,0x10,0x61,0x10,0x61,0x10,0x61,
0x10,0x61,0x10,0x61,0x10,0x61,0x10,0x61,0x10,0x61,0x10,0x61,0x10,0x61,0x10,0x61,0x10,0x61,0x10,0x61,0x10,0x61,0x10,0x61,0x10,0x61,0x10,0x61,0x10,0x61,0x10,0x61,0x10,
0x61,0x10,0x61,0x10,0x61,0x10,0x61,0x10,0x61,0x10,0x61,0x10,0x61,0x10,0x61,0x10,0x61,0x10,0x61,0x10,0x61,0x10,0x61,0x10,0x61,0x10,0x61,0x10,0x61,0x10,0x61,0x10,0x61,
0x10,0x61,0x10,0x61,0x10,0x61,0x10,0x61,0x10,0x61,0x10,0x61,0x10,0x61,0x10,0x61,0x10,0x61,0x10,0x61,0x10,0x61,0x10,0x61,0x10,0x61,0x10,0x61,0x10,0x61,0x10,0x61,0x10,
0x61,0x10,0x61,0x10,0x61,0x10,0x61,0x10,0x61,0x10,0x61,0x10,0x61,0x10,0x61,0x10,0x61,0x10,0x61,0x10,0x61,0x10,0x61,0x10,0x61,0x10,0x61,0x10,0x61,0x10,0x61,0x10,0x61,
0x10,0x61,0x10,0x61,0x10,0x61,0x10,0x61,0x10,0x61,0x10,0x61,0x10,0x61,0x10,0x61,0x10,0x61,0x10,0x61,0x10,0x61,0x10,0x61,0x10,0x61,0x10,0x61,0x10,0x61,0x10,0x61,0x10,
0x61,0x10,0x61,0x10,0x61,0x10,0x61,0x10,0x61,0x10,0x61,0x10,0x61,0x10,0x61,0x10,0x61,0x10,0x61,0x10,0x61,0x10,0x61,0x10,0x61,0x10,0x61,0x10,0x61,0x10,0x61,0x10,0x61,
0x10,0x61,0x10,0x61,0x10,0x61,0x10,0x61,0x10,0x61,0x10,0x61,0x10,0x61,0x10,0x61,0x10,0x61,0x10,0x61,0x10,0x61,0x10,0x61,0x10,0x61,0x10,0x61,0x10,0x61,0x10,0x61,0x10,
0x61,0x10,0x61,0x10,0x61,0x10,0x61,0x10,0x61,0x10,0x61,0x10,0x61,0x10,0x61,0x10,0x61,0x10,0x61,0x10,0x61,0x10,0x61,0x10,0x61,0x10,0x61,0x10,0x61,0x10,0x61,0x10,0x61,
0x10,0x61,0x10,0x61,0x10,0x61,0x10,0x61,0x10,0x61,0x10,0x61,0x10,0x61,0x10,0x61,0x10,0x61,0x10,0x61,0x10,0x61,0x10,0x61,0x10,0x61,0x10,0x61,0x10,0x61,0x10,0x61,0x10,
0x61,0x10,0x61,0x10,0x61,0x10,0x61,0x10,0x61,0x10,0x61,0x10,0x61,0x10,0x61,0x10,0x61,0x10,0x61,0x10,0x61,0x10,0x61,0x10,0x61,0x10,0x61,0x10,0x61,0x10,0x61,0x10,0x61,
0x10,0x61,0x10,0x61,0x10,0x61,0x10,0x61,0x10,0x61,0x10,0x61,0x10,0x61,0x10,0x61,0x10,0x61,0x10,0x61,0x10,0x61,0x10,0x61,0x10,0x61,0x10,0x61,0x10,0x61,0x10,0x61,0x10,
0x61,0x10,0x61,0x10,0x61,0x10,0x61,0x10,0x61,0x10,0x61,0x10,0x61,0x10,0x61,0x10,0x61,0x10,0x61,0x10,0x61,0x10,0x61,0x10,0x61,0x10,0x61,0x10,0x61,0x10,0x61,0x10,0x61,
0x10,0x61,0x10,0x61,0x10,0x61,0x10,0x61,0x10,0x61,0x10,0x61,0x10,0x61,0x10,0x61,0x10,0x61,0x10,0x61,0x10,0x61,0x10,0x61,0x10,0x61,0x10,0x61,0x10,0x61,0x10,0x61,0x10,
0x61,0x10,0x61,0x10,0x61,0x10,0x61,0x10,0x61,0x10,0x61,0x10,0x61,0x10,0x61,0x10,0x61,0x10,0x61,0x10,0x61,0x10,0x61,0x10,0x61,0x10,0x61,0x10,0x61,0x10,0x61,0x10,0x61,
0x10,0x61,0x10,0x61,0x10,0x61,0x10,0x61,0x10,0x61,0x10,0x61,0x10,0x61,0x10,0x61,0x10,0x61,0x10,0x61,0x10,0x61,0x10,0x61,0x10,0x61,0x10,0x61,0x10,0x61,0x10,0x61,0x10,
0x61,0x10,0x61,0x10,0x61,0x10,0x61,0x10,0x61,0x10,0x61,0x10,0x61,0x10,0x61,0x10,0x61,0x10,0x61,0x10,0x61,0x10,0x61,0x10,0x61,0x10,0x61,0x10,0x61,0x10,0x61,0x10,0x61,
0x10,0x61,0x10,0x61,0x10,0x61,0x10,0x61,0x10,0x61,0x10,0x61,0x10,0x61,0x10,0x61,0x10,0x61,0x10,0x61,0x10,0x61,0x10,0x61,0x10,0x61,0x10,0x61,0x10,0x61,0x10,0x61,0x10,
0x61,0x10,0x61,0x10,0x61,0x10,0x61,0x10,0x61,0x10,0x61,0x10,0x61,0x10,0x61,0x10,0x61,0x10,0x61,0x10,0x61,0x10,0x61,0x10,0x61,0x10,0x61,0x10,0x61,0x10,0x61,0x10,0x61,
0x10,0x61,0x10,0x61,0x10,0x61,0x10,0x61,0x10,0x61,0x10,0x61,0x10,0x61,0x10,0x61,0x10,0x61,0x10,0x61,0x10,0x61,0x10,0x61,0x10,0x61,0x10,0x61,0x10,0x61,0x10,0x61,0x10,
0x61,0x10,0x61,0x10,0x61,0x10,0x61,0x10,0x61,0x10,0x61,0x10,0x61,0x10,0x61,0x10,0x61,0x10,0x61,0x10,0x61,0x10,0x61,0x10,0x61,0x10,0x61,0x10,0x61,0x10,0x61,0x10,0x61,
0x10,0x61,0x10,0x61,0x10,0x61,0x10,0x61,0x10,0x61,0x10,0x61,0x10,0x61,0x10,0x61,0x10,0x61,0x10,0x61,0x10,0x61,0x10,0x61,0x10,0x61,0x10,0x61,0x10,0x61,0x10,0x61,0x10,
0x61,0x10,0x61,0x10,0x61,0x10,0x61,0x10,0x61,0x10,0x61,0x10,0x61,0x10,0x61,0x10,0x61,0x10,0x61,0x10,0x61,0x10,0x61,0x10,0x61,0x10,0x61,0x10,0x61,0x10,0x61,0x10,0x61,
0x10,0x61,0x10,0x61,0x10,0x61,0x10,0x61,0x10,0x61,0x10,0x61,0x10,0x61,0x10,0x61,0x10,0x61,0x10,0x61,0x10,0x61,0x10,0x61,0x10,0x61,0x10,0x61,0x10,0x61,0x10,0x61,0x10,
0x61,0x10,0x61,0x10,0x61,0x10,0x61,0x10,0x61,0x10,0x61,0x10,0x61,0x10,0x61,0x10,0x61,0x10,0x61,0x10,0x61,0x10,0x61,0x10,0x61,0x10,0x61,0x10,0x61,0x10,0x61,0x10,0x61,
0x10,0x61,0x10,0x61,0x10,0x61,0x10,0x61,0x10,0x61,0x10,0x61,0x10,0x61,0x10,0x61,0x10,0x61,0x10,0x61,0x10,0x61,0x10,0x61,0x10,0x61,0x10,0x61,0x10,0x61,0x10,0x61,0x10,
0x61,0x10,0x61,0x10,0x61,0x10,0x61,0x10,0x61,0x10,0x61,0x10,0x61,0x10,0x61,0x10,0x61,0x10,0x61,0x10,0x61,0x10,0x61,0x10,0x61,0x10,0x61,0x10,0x61,0x10,0x61,0x10,0x61,
0x10,0x61,0x10,0x61,0x10,0x61,0x10,0x61,0x10,0x61,0x10,0x61,0x10,0x61,0x10,0x61,0x10,0x61,0x10,0x61,0x10,0x61,0x10,0x61,0x10,0x61,0x10,0x61,0x10,0x61,0x10,0x61,0x10,
0x61,0x10,0x61,0x10,0x61,0x10,0x61,0x10,0x61,0x10,0x61,0x10,0x61,0x10,0x61,0x10,0x61,0x10,0x61,0x10,0x61,0x10,0x61,0x10,0x61,0x10,0x61,0x10,0x61,0x10,0x61,0x10,0x61,
0x10,0x61,0x10,0x61,0x10,0x61,0x10,0x61,0x10,0x61,0x10,0x61,0x10,0x61,0x10,0x61,0x10,0x61,0x10,0x61,0x10,0x61,0x10,0x61,0x10,0x61,0x10,0x61,0x10,0x61,0x10,0x61,0x10,
0x61,0x10,0x61,0x10,0x61,0x10,0x61,0x10,0x61,0x10,0x61,0x10,0x61,0x10,0x61,0x10,0x61,0x10,0x61,0x10,0x61,0x10,0x61,0x10,0x61,0x10,0x61,0x10,0x61,0x10,0x61,0x10,0x61,
0x10,0x61,0x10,0x61,0x10,0x61,0x10,0x61,0x10,0x61,0x10,0x61,0x10,0x61,0x10,0x61,0x10,0x61,0x10,0x61,0x10,0x61,0x10,0x61,0x10,0x61,0x10,0x61,0x10,0x61,0x10,0x61,0x10,
0x61,0x10,0x61,0x10,0x61,0x10,0x61,0x10,0x61,0x10,0x61,0x10,0x61,0x10,0x61,0x10,0x61,0x10,0x61,0x10,0x61,0x10,0x61,0x10,0x61,0x10,0x61,0x10,0x61,0x10,0x61,0x10,0x61,
0x10,0x61,0x10,0x61,0x10,0x61,0x10,0x61,0x10,0x61,0x10,0x61,0x10,0x61,0x10,0x61,0x10,0x61,0x10,0x61,0x10,0x61,0x10,0x61,0x10,0x61,0x10,0x61,0x10,0x61,0x10,0x61,0x10,
0x61,0x10,0x61,0x10,0x61,0x10,0x61,0x10,0x61,0x10,0x61,0x10,0x61,0x10,0x61,0x10,0x61,0x10,0x61,0x10,0x61,0x10,0x61,0x10,0x61,0x10,0x61,0x10,0x61,0x10,0x61,0x10,0x61,
0x10,0x61,0x10,0x61,0x10,0x61,0x10,0x61,0x10,0x61,0x10,0x61,0x10,0x61,0x10,0x61,0x10,0x61,0x10,0x61,0x10,0x61,0x10,0x61,0x10,0x61,0x10,0x61,0x10,0x61,0x10,0x61,0x10,
0x61,0x10,0x61,0x10,0x61,0x10,0x61,0x10,0x61,0x10,0x61,0x10,0x61,0x10,0x61,0x10,0x61,0x10,0x61,0x10,0x61,0x10,0x61,0x10,0x61,0x10,0x61,0x10,0x61,0x10,0x61,0x10,0x61,
0x10,0x61,0x10,0x61,0x10,0x61,0x10,0x61,0x10,0x61,0x10,0x61,0x10,0x61,0x10,0x61,0x10,0x61,0x10,0x61,0x10,0x61,0x10,0x61,0x10,0x61,0x10,0x61,0x10,0x61,0x10,0x61,0x10,
0x61,0x10,0x61,0x10,0x61,0x10,0x61,0x10,0x61,0x10,0x61,0x10,0x61,0x10,0x61,0x10,0x61,0x10,0x61,0x10,0x61,0x10,0x61,0x10,0x61,0x10,0x61,0x10,0x61,0x10,0x61,0x10,0x61,
0x10,0x61,0x10,0x61,0x10,0x61,0x10,0x61,0x10,0x61,0x10,0x61,0x10,0x61,0x10,0x61,0x10,0x61,0x10,0x61,0x10,0x61,0x10,0x61,0x10,0x61,0x10,0x61,0x10,0x61,0x10,0x61,0x10,
0x61,0x10,0x61,0x10,0x61,0x10,0x61,0x10,0x61,0x10,0x61,0x10,0x61,0x10,0x61,0x10,0x61,0x10,0x61,0x10,0x61,0x10,0x61,0x10,0x61,0x10,0x61,0x10,0x61,0x10,0x61,0x10,0x61,
0x10,0x61,0x10,0x61,0x10,0x61,0x10,0x61,0x10,0x61,0x10,0x61,0x10,0x61,0x10,0x61,0x10,0x61,0x10,0x61,0x10,0x61,0x10,0x61,0x10,0x61,0x10,0x61,0x10,0x61,0x10,0x61,0x10,
0x61,0x10,0x61,0x10,0x61,0x10,0x61,0x10,0x61,0x10,0x61,0x10,0x61,0x10,0x61,0x10,0x61,0x10,0x61,0x10,0x61,0x10,0x61,0x10,0x61,0x10,0x61,0x10,0x61,0x10,0x61,0x10,0x61,
0x10,0x61,0x10,0x61,0x10,0x61,0x10,0x61,0x10,0x61,0x10,0x61,0x10,0x61,0x10,0x61,0x10,0x61,0x10,0x61,0x10,0x61,0x10,0x61,0x10,0x61,0x10,0x61,0x10,0x61,0x10,0x61,0x10,
0x61,0x10,0x61,0x10,0x61,0x10,0x61,0x10,0x61,0x10,0x61,0x10,0x61,0x10,0x61,0x10,0x61,0x10,0x61,0x10,0x61,0x10,0x61,0x10,0x61,0x10,0x61,0x10,0x61,0x10,0x61,0x10,0x61,
0x10,0x61,0x10,0x61,0x10,0x61,0x10,0x61,0x10,0x61,0x10,0x61,0x10,0x61,0x10,0x61,0x10,0x61,0x10,0x61,0x10,0x61,0x10,0x61,0x10,0x61,0x10,0x61,0x10,0x61,0x10,0x61,0x10,
0x61,0x10,0x61,0x10,0x61,0x10,0x61,0x10,0x61,0x10,0x61,0x10,0x61,0x10,0x61,0x10,0x61,0x10,0x61,0x10,0x61,0x10,0x61,0x10,0x61,0x10,0x61,0x10,0x61,0x10,0x61,0x10,0x61,
0x10,0x61,0x10,0x61,0x10,0x61,0x10,0x61,0x10,0x61,0x10,0x61,0x10,0x61,0x10,0x61,0x10,0x61,0x10,0x61,0x10,0x61,0x10,0x61,0x10,0x61,0x10,0x61,0x10,0x61,0x10,0x61,0x10,
0x61,0x10,0x61,0x10,0x61,0x10,0x61,0x10,0x61,0x10,0x61,0x10,0x61,0x10,0x61,0x10,0x61,0x10,0x61,0x10,0x61,0x10,0x61,0x10,0x61,0x10,0x61,0x10,0x61,0x10,0x61,0x10,0x61,
0x10,0x61,0x10,0x61,0x10,0x61,0x10,0x61,0x10,0x61,0x10,0x61,0x10,0x61,0x10,0x61,0x10,0x61,0x10,0x61,0x10,0x61,0x10,0x61,0x10,0x61,0x10,0x61,0x10,0x61,0x10,0x61,0x10,
0x61,0x10,0x61,0x10,0x61,0x10,0x61,0x10,0x61,0x10,0x61,0x10,0x61,0x10,0x61,0x10,0x61,0x10,0x61,0x10,0x61,0x10,0x61,0x10,0x61,0x10,0x61,0x10,0x61,0x10,0x61,0x10,0x61,
0x10,0x61,0x10,0x61,0x10,0x61,0x10,0x61,0x10,0x61,0x10,0x61,0x10,0x61,0x10,0x61,0x10,0x61,0x10,0x61,0x10,0x61,0x10,0x61,0x10,0x61,0x10,0x61,0x10,0x61,0x10,0x61,0x10,
0x61,0x10,0x61,0x10,0x61,0x10,0x61,0x10,0x61,0x10,0x61,0x10,0x61,0x10,0x61,0x10,0x61,0x10,0x61,0x10,0x61,0x10,0x61,0x10,0x61,0x10,0x61,0x10,0x61,0x10,0x61,0x10,0x61,
0x10,0x61,0x10,0x61,0x10,0x61,0x10,0x61,0x10,0x61,0x10,0x61,0x10,0x61,0x10,0x61,0x10,0x61,0x10,0x61,0x10,0x61,0x10,0x61,0x10,0x61,0x10,0x61,0x10,0x61,0x10,0x61,0x10,
0x61,0x10,0x61,0x10,0x61,0x10,0x61,0x10,0x61,0x10,0x61,0x10,0x61,0x10,0x61,0x10,0x61,0x10,0x61,0x10,0x61,0x10,0x61,0x10,0x61,0x10,0x61,0x10,0x61,0x10,0x61,0x10,0x61,
0x10,0x61,0x10,0x61,0x10,0x61,0x10,0x61,0x10,0x61,0x10,0x61,0x10,0x61,0x10,0x61,0x10,0x61,0x10,0x61,0x10,0x61,0x10,0x61,0x10,0x61,0x10,0x61,0x10,0x61,0x10,0x61,0x10,
0x61,0x10,0x61,0x10,0x61,0x10,0x61,0x10,0x61,0x10,0x61,0x10,0x61,0x10,0x61,0x10,0x61,0x10,0x61,0x10,0x61,0x10,0x61,0x10,0x61,0x10,0x61,0x10,0x61,0x10,0x61,0x10,0x61,
0x10,0x61,0x10,0x61,0x10,0x61,0x10,0x61,0x10,0x61,0x10,0x61,0x10,0x61,0x10,0x61,0x10,0x61,0x10,0x61,0x10,0x61,0x10,0x61,0x10,0x61,0x10,0x61,0x10,0x61,0x10,0x61,0x10,
0x61,0x10,0x61,0x10,0x61,0x10,0x61,0x10,0x61,0x10,0x61,0x10,0x61,0x10,0x61,0x10,0x61,0x10,0x61,0x10,0x61,0x10,0x61,0x10,0x61,0x10,0x61,0x10,0x61,0x10,0x61,0x10,0x61,
0x10,0x61,0x10,0x61,0x10,0x61,0x10,0x61,0x10,0x61,0x10,0x61,0x10,0x61,0x10,0x61,0x10,0x61,0x10,0x61,0x10,0x61,0x10,0x61,0x10,0x61,0x10,0x61,0x10,0x61,0x10,0x61,0x10,
0x61,0x10,0x61,0x10,0x61,0x10,0x61,0x10,0x61,0x10,0x61,0x10,0x61,0x10,0x61,0x10,0x61,0x10,0x61,0x10,0x61,0x10,0x61,0x10,0x61,0x10,0x61,0x10,0x61,0x10,0x61,0x10,0x61,
0x10,0x61,0x10,0x61,0x10,0x61,0x10,0x61,0x10,0x61,0x10,0x61,0x10,0x61,0x10,0x61,0x10,0x61,0x10,0x61,0x10,0x61,0x10,0x61,0x10,0x61,0x10,0x61,0x10,0x61,0x10,0x61,0x10,
0x61,0x10,0x61,0x10,0x61,0x10,0x61,0x10,0x61,0x10,0x61,0x10,0x61,0x10,0x61,0x10,0x61,0x10,0x61,0x10,0x61,0x10,0x61,0x10,0x61,0x10,0x61,0x10,0x61,0x10,0x61,0x10,0x61,
0x10,0x61,0x10,0x61,0x10,0x61,0x10,0x61,0x10,0x61,0x10,0x61,0x10,0x61,0x10,0x61,0x10,0x61,0x10,0x61,0x10,0x61,0x10,0x61,0x10,0x61,0x10,0x61,0x10,0x61,0x10,0x61,0x10,
0x61,0x10,0x61,0x10,0x61,0x10,0x61,0x10,0x61,0x10,0x61,0x10,0x61,0x10,0x61,0x10,0x61,0x10,0x61,0x10,0x61,0x10,0x61,0x10,0x61,0x10,0x61,0x10,0x61,0x10,0x61,0x10,0x61,
0x10,0x61,0x10,0x61,0x10,0x61,0x10,0x61,0x10,0x61,0x10,0x61,0x10,0x61,0x10,0x61,0x10,0x61,0x10,0x61,0x10,0x61,0x10,0x61,0x10,0x61,0x10,0x61,0x10,0x61,0x10,0x61,0x10,
0x61,0x10,0x61,0x10,0x61,0x10,0x61,0x10,0x61,0x10,0x61,0x10,0x61,0x10,0x61,0x10,0x61,0x10,0x61,0x10,0x61,0x10,0x61,0x10,0x61,0x10,0x61,0x10,0x61,0x10,0x61,0x10,0x61,
0x10,0x61,0x10,0x61,0x10,0x61,0x10,0x61,0x10,0x61,0x10,0x61,0x10,0x61,0x10,0x61,0x10,0x61,0x10,0x61,0x10,0x61,0x10,0x61,0x10,0x61,0x10,0x61,0x10,0x61,0x10,0x61,0x10,
0x61,0x10,0x61,0x10,0x61,0x10,0x61,0x10,0x61,0x10,0x61,0x10,0x61,0x10,0x61,0x10,0x61,0x10,0x61,0x10,0x61,0x10,0x61,0x10,0x61,0x10,0x61,0x10,0x61,0x10,0x61,0x10,0x61,
0x10,0x61,0x10,0x61,0x10,0x61,0x10,0x61,0x10,0x61,0x10,0x61,0x10,0x61,0x10,0x61,0x10,0x61,0x10,0x61,0x10,0x61,0x10,0x61,0x10,0x61,0x10,0x61,0x10,0x61,0x10,0x61,0x10,
0x61,0x10,0x61,0x10,0x61,0x10,0x61,0x10,0x61,0x10,0x61,0x10,0x61,0x10,0x61,0x10,0x61,0x10,0x61,0x10,0x61,0x10,0x61,0x10,0x61,0x10,0x61,0x10,0x61,0x10,0x61,0x10,0x61,
0x10,0x61,0x10,0x61,0x10,0x61,0x10,0x61,0x10,0x61,0x10,0x61,0x10,0x61,0x10,0x61,0x10,0x61,0x10,0x61,0x10,0x61,0x10,0x61,0x10,0x61,0x10,0x61,0x10,0x61,0x10,0x61,0x10,
0x61,0x10,0x61,0x10,0x61,0x10,0x61,0x10,0x61,0x10,0x61,0x10,0x61,0x10,0x61,0x10,0x61,0x10,0x61,0x10,0x61,0x10,0x61,0x10,0x61,0x10,0x61,0x10,0x61,0x10,0x61,0x10,0x61,
0x10,0x61,0x10,0x61,0x10,0x61,0x10,0x61,0x10,0x61,0x10,0x61,0x10,0x61,0x10,0x61,0x10,0x61,0x10,0x61,0x10,0x61,0x10,0x61,0x10,0x61,0x10,0x61,0x10,0x61,0x10,0x61,0x10,
0x61,0x10,0x61,0x10,0x61,0x10,0x61,0x10,0x61,0x10,0x61,0x10,0x61,0x10,0x61,0x10,0x61,0x10,0x61,0x10,0x61,0x10,0x61,0x10,0x61,0x10,0x61,0x10,0x61,0x10,0x61,0x10,0x61,
0x10,0x61,0x10,0x61,0x10,0x61,0x10,0x61,0x10,0x61,0x10,0x61,0x10,0x61,0x10,0x61,0x10,0x61,0x10,0x61,0x10,0x61,0x10,0x61,0x10,0x61,0x10,0x61,0x10,0x61,0x10,0x61,0x10,
0x61,0x10,0x61,0x10,0x61,0x10,0x61,0x10,0x61,0x10,0x61,0x10,0x61,0x10,0x61,0x10,0x61,0x10,0x61,0x10,0x61,0x10,0x61,0x10,0x61,0x10,0x61,0x10,0x61,0x10,0x61,0x10,0x61,
0x10,0x61,0x10,0x61,0x10,0x61,0x10,0x61,0x10,0x61,0x10,0x61,0x10,0x61,0x10,0x61,0x10,0x61,0x10,0x61,0x10,0x61,0x10,0x61,0x10,0x61,0x10,0x61,0x10,0x61,0x10,0x61,0x10,
0x61,0x10,0x61,0x10,0x61,0x10,0x61,0x10,0x61,0x10,0x61,0x10,0x61,0x10,0x61,0x10,0x61,0x10,0x61,0x10,0x61,0x10,0x61,0x10,0x61,0x10,0x61,0x10,0x61,0x10,0x61,0x10,0x61,
0x10,0x61,0x10,0x61,0x10,0x61,0x10,0x61,0x10,0x61,0x10,0x61,0x10,0x61,0x10,0x61,0x10,0x61,0x10,0x61,0x10,0x61,0x10,0x61,0x10,0x61,0x10,0x61,0x10,0x61,0x10,0x61,0x10,
0x61,0x10,0x61,0x10,0x61,0x10,0x61,0x10,0x61,0x10,0x61,0x10,0x61,0x10,0x61,0x10,0x61,0x10,0x61,0x10,0x61,0x10,0x61,0x10,0x61,0x10,0x61,0x10,0x61,0x10,0x61,0x10,0x61,
0x10,0x61,0x10,0x61,0x10,0x61,0x10,0x61,0x10,0x61,0x10,0x61,0x10,0x61,0x10,0x61,0x10,0x61,0x10,0x61,0x10,0x61,0x10,0x61,0x10,0x61,0x10,0x61,0x10,0x61,0x10,0x61,0x10,
0x61,0x10,0x61,0x10,0x61,0x10,0x61,0x10,0x61,0x10,0x61,0x10,0x61,0x10,0x61,0x10,0x61,0x10,0x61,0x10,0x61,0x10,0x61,0x10,0x61,0x10,0x61,0x10,0x61,0x10,0x61,0x10,0x61,
0x10,0x61,0x10,0x61,0x10,0x61,0x10,0x61,0x10,0x61,0x10,0x61,0x10,0x61,0x10,0x61,0x10,0x61,0x10,0x61,0x10,0x61,0x10,0x61,0x10,0x61,0x10,0x61,0x10,0x61,0x10,0x61,0x10,
0x61,0x10,0x61,0x10,0x61,0x10,0x61,0x10,0x61,0x10,0x61,0x10,0x61,0x10,0x61,0x10,0x61,0x10,0x61,0x10,0x61,0x10,0x61,0x10,0x61,0x10,0x61,0x10,0x61,0x10,0x61,0x10,0x61,
0x10,0x61,0x10,0x61,0x10,0x61,0x10,0x61,0x10,0x61,0x10,0x61,0x10,0x61,0x10,0x61,0x10,0x61,0x10,0x61,0x10,0x61,0x10,0x61,0x10,0x61,0x10,0x61,0x10,0x61,0x10,0x61,0x10,
0x61,0x10,0x61,0x10,0x61,0x10,0x61,0x10,0x61,0x10,0x61,0x10,0x61,0x10,0x61,0x10,0x61,0x10,0x61,0x10,0x61,0x10,0x61,0x10,0x61,0x10,0x61,0x10,0x61,0x10,0x61,0x10,0x61,
0x10,0x61,0x10,0x61,0x10,0x61,0x10,0x61,0x10,0x61,0x10,0x61,0x10,0x61,0x10,0x61,0x10,0x61,0x10,0x61,0x10,0x61,0x10,0x61,0x10,0x61,0x10,0x61,0x10,0x61,0x10,0x61,0x10,
0x61,0x10,0x61,0x10,0x61,0x10,0x61,0x10,0x61,0x10,0x61,0x10,0x61,0x10,0x61,0x10,0x61,0x10,0x61,0x10,0x61,0x10,0x61,0x10,0x61,0x10,0x61,0x10,0x61,0x10,0x61,0x10,0x61,
0x10,0x61,0x10,0x61,0x10,0x61,0x10,0x61,0x10,0x61,0x10,0x61,0x10,0x61,0x10,0x61,0x10,0x61,0x10,0x61,0x10,0x61,0x10,0x61,0x10,0x61,0x10,0x61,0x10,0x61,0x10,0x61,0x10,
0x61,0x10,0x61,0x10,0x61,0x10,0x61,0x10,0x61,0x10,0x61,0x10,0x61,0x10,0x61,0x10,0x61,0x10,0x61,0x10,0x61,0x10,0x61,0x10,0x61,0x10,0x61,0x10,0x61,0x10,0x61,0x10,0x61,
0x10,0x61,0x10,0x61,0x10,0x61,0x10,0x61,0x10,0x61,0x10,0x61,0x10,0x61,0x10,0x61,0x10,0x61,0x10,0x61,0x10,0x61,0x10,0x61,0x10,0x61,0x10,0x61,0x10,0x61,0x10,0x61,0x10,
0x61,0x10,0x61,0x10,0x61,0x10,0x61,0x10,0x61,0x10,0x61,0x10,0x61,0x10,0x61,0x10,0x61,0x10,0x61,0x10,0x61,0x10,0x61,0x10,0x61,0x10,0x61,0x10,0x61,0x10,0x61,0x10,0x61,
0x10,0x61,0x10,0x61,0x10,0x61,0x10,0x61,0x10,0x61,0x10,0x61,0x10,0x61,0x10,0x61,0x10,0x61,0x10,0x61,0x10,0x61,0x10,0x61,0x10,0x61,0x10,0x61,0x10,0x61,0x10,0x61,0x10,
0x61,0x10,0x61,0x10,0x61,0x10,0x61,0x10,0x61,0x10,0x61,0x10,0x61,0x10,0x61,0x10,0x61,0x10,0x61,0x10,0x61,0x10,0x61,0x10,0x61,0x10,0x61,0x10,0x61,0x10,0x61,0x10,0x61,
0x10,0x61,0x10,0x61,0x10,0x61,0x10,0x61,0x10,0x61,0x10,0x61,0x10,0x61,0x10,0x61,0x10,0x61,0x10,0x61,0x10,0x61,0x10,0x61,0x10,0x61,0x10,0x61,0x10,0x61,0x10,0x61,0x10,
0x61,0x10,0x61,0x10,0x61,0x10,0x61,0x10,0x61,0x10,0x61,0x10,0x61,0x10,0x61,0x10,0x61,0x10,0x61,0x10,0x61,0x10,0x61,0x10,0x61,0x10,0x61,0x10,0x61,0x10,0x61,0x10,0x61,
0x10,0x61,0x10,0x61,0x10,0x61,0x10,0x61,0x10,0x61,0x10,0x61,0x10,0x61,0x10,0x61,0x10,0x61,0x10,0x61,0x10,0x61,0x10,0x61,0x10,0x61,0x10,0x61,0x10,0x61,0x10,0x61,0x10,
0x61,0x10,0x61,0x10,0x61,0x10,0x61,0x10,0x61,0x10,0x61,0x10,0x61,0x10,0x61,0x10,0x61,0x10,0x61,0x10,0x61,0x10,0x61,0x10,0x61,0x10,0x61,0x10,0x61,0x10,0x61,0x10,0x61,
0x10,0x61,0x10,0x61,0x10,0x61,0x10,0x61,0x10,0x61,0x10,0x61,0x10,0x61,0x10,0x61,0x10,0x61,0x10,0x61,0x10,0x61,0x10,0x61,0x10,0x61,0x10,0x61,0x10,0x61,0x10,0x61,0x10,
0x61,0x10,0x61,0x10,0x61,0x10,0x61,0x10,0x61,0x10,0x61,0x10,0x61,0x10,0x61,0x10,0x61,0x10,0x61,0x10,0x61,0x10,0x61,0x10,0x61,0x10,0x61,0x10,0x61,0x10,0x61,0x10,0x61,
0x10,0x61,0x10,0x61,0x10,0x61,0x10,0x61,0x10,0x61,0x10,0x61,0x10,0x61,0x10,0x61,0x10,0x61,0x10,0x61,0x10,0x61,0x10,0x61,0x10,0x61,0x10,0x61,0x10,0x61,0x10,0x61,0x10,
0x61,0x10,0x61,0x10,0x61,0x10,0x61,0x10,0x61,0x10,0x61,0x10,0x61,0x10,0x61,0x10,0x61,0x10,0x61,0x10,0x61,0x10,0x61,0x10,0x61,0x10,0x61,0x10,0x61,0x10,0x61,0x10,0x61,
0x10,0x61,0x10,0x61,0x10,0x61,0x10,0x61,0x10,0x61,0x10,0x61,0x10,0x61,0x10,0x61,0x10,0x61,0x10,0x61,0x10,0x61,0x10,0x61,0x10,0x61,0x10,0x61,0x10,0x61,0x10,0x61,0x10,
0x61,0x10,0x61,0x10,0x61,0x10,0x61,0x10,0x61,0x10,0x61,0x10,0x61,0x10,0x61,0x10,0x61,0x10,0x61,0x10,0x61,0x10,0x61,0x10,0x61,0x10,0x61,0x10,0x61,0x10,0x61,0x10,0x61,
0x10,0x61,0x10,0x61,0x10,0x61,0x10,0x61,0x10,0x61,0x10,0x61,0x10,0x61,0x10,0x61,0x10,0x61,0x10,0x61,0x10,0x61,0x10,0x61,0x10,0x61,0x10,0x61,0x10,0x61,0x10,0x61,0x10,
0x61,0x10,0x61,0x10,0x61,0x10,0x61,0x10,0x61,0x10,0x61,0x10,0x61,0x10,0x61,0x10,0x61,0x10,0x61,0x10,0x61,0x10,0x61,0x10,0x61,0x10,0x61,0x10,0x61,0x10,0x61,0x10,0x61,
0x10,0x61,0x10,0x61,0x10,0x61,0x10,0x61,0x10,0x61,0x10,0x61,0x10,0x61,0x10,0x61,0x10,0x61,0x10,0x61,0x10,0x61,0x10,0x61,0x10,0x61,0x10,0x61,0x10,0x61,0x10,0x61,0x10,
0x61,0x10,0x61,0x10,0x61,0x10,0x61,0x10,0x61,0x10,0x61,0x10,0x61,0x10,0x61,0x10,0x61,0x10,0x61,0x10,0x61,0x10,0x61,0x10,0x61,0x10,0x61,0x10,0x61,0x10,0x61,0x10,0x61,
0x10,0x61,0x10,0x61,0x10,0x61,0x10,0x61,0x10,0x61,0x10,0x61,0x10,0x61,0x10,0x61,0x10,0x61,0x10,0x61,0x10,0x61,0x10,0x61,0x10,0x61,0x10,0x61,0x10,0x61,0x10,0x61,0x10,
0x61,0x10,0x61,0x10,0x61,0x10,0x61,0x10,0x61,0x10,0x61,0x10,0x61,0x10,0x61,0x10,0x61,0x10,0x61,0x10,0x61,0x10,0x61,0x10,0x61,0x10,0x61,0x10,0x61,0x10,0x61,0x10,0x61,
0x10,0x61,0x10,0x61,0x10,0x61,0x10,0x61,0x10,0x61,0x10,0x61,0x10,0x61,0x10,0x61,0x10,0x61,0x10,0x61,0x10,0x61,0x10,0x61,0x10,0x61,0x10,0x61,0x10,0x61,0x10,0x61,0x10,
0x61,0x10,0x61,0x10,0x61,0x10,0x61,0x10,0x61,0x10,0x61,0x10,0x61,0x10,0x61,0x10,0x61,0x10,0x61,0x10,0x61,0x10,0x61,0x10,0x61,0x10,0x61,0x10,0x61,0x10,0x61,0x10,0x61,
0x10,0x61,0x10,0x61,0x10,0x61,0x10,0x61,0x10,0x61,0x10,0x61,0x10,0x61,0x10,0x61,0x10,0x61,0x10,0x61,0x10,0x61,0x10,0x61,0x10,0x61,0x10,0x61,0x10,0x61,0x10,0x61,0x10,
0x61,0x10,0x61,0x10,0x61,0x10,0x61,0x10,0x61,0x10,0x61,0x10,0x61,0x10,0x61,0x10,0x61,0x10,0x61,0x10,0x61,0x10,0x61,0x10,0x61,0x10,0x61,0x10,0x61,0x10,0x61,0x10,0x61,
0x10,0x61,0x10,0x61,0x10,0x61,0x10,0x61,0x10,0x61,0x10,0x61,0x10,0x61,0x10,0x61,0x10,0x61,0x10,0x61,0x10,0x61,0x10,0x61,0x10,0x61,0x10,0x61,0x10,0x61,0x10,0x61,0x10,
0x61,0x10,0x61,0x10,0x61,0x10,0x61,0x10,0x61,0x10,0x61,0x10,0x61,0x10,0x61,0x10,0x61,0x10,0x61,0x10,0x61,0x10,0x61,0x10,0x61,0x10,0x61,0x10,0x61,0x10,0x61,0x10,0x61,
0x10,0x61,0x10,0x61,0x10,0x61,0x10,0x61,0x10,0x61,0x10,0x61,0x10,0x61,0x10,0x61,0x10,0x61,0x10,0x61,0x10,0x61,0x10,0x61,0x10,0x61,0x10,0x61,0x10,0x61,0x10,0x61,0x10,
0x61,0x10,0x61,0x10,0x61,0x10,0x61,0x10,0x61,0x10,0x61,0x10,0x61,0x10,0x61,0x10,0x61,0x10,0x61,0x10,0x61,0x10,0x61,0x10,0x61,0x10,0x61,0x10,0x61,0x10,0x61,0x10,0x61,
0x10,0x61,0x10,0x61,0x10,0x61,0x10,0x61,0x10,0x61,0x10,0x61,0x10,0x61,0x10,0x61,0x10,0x61,0x10,0x61,0x10,0x61,0x10,0x61,0x10,0x61,0x10,0x61,0x10,0x61,0x10,0x61,0x10,
0x61,0x10,0x61,0x10,0x61,0x10,0x61,0x10,0x61,0x10,0x61,0x10,0x61,0x10,0x61,0x10,0x61,0x10,0x61,0x10,0x61,0x10,0x61,0x10,0x61,0x10,0x61,0x10,0x61,0x10,0x61,0x10,0x61,
0x10,0x61,0x10,0x61,0x10,0x61,0x10,0x61,0x10,0x61,0x10,0x61,0x10,0x61,0x10,0x61,0x10,0x61,0x10,0x61,0x10,0x61,0x10,0x61,0x10,0x61,0x10,0x61,0x10,0x61,0x10,0x61,0x10,
0x61,0x10,0x61,0x10,0x61,0x10,0x61,0x10,0x61,0x10,0x61,0x10,0x61,0x10,0x61,0x10,0x61,0x10,0x61,0x10,0x61,0x10,0x61,0x10,0x61,0x10,0x61,0x10,0x61,0x10,0x61,0x10,0x61,
0x10,0x61,0x10,0x61,0x10,0x61,0x10,0x61,0x10,0x61,0x10,0x61,0x10,0x61,0x10,0x61,0x10,0x61,0x10,0x61,0x10,0x61,0x10,0x61,0x10,0x61,0x10,0x61,0x10,0x61,0x10,0x61,0x10,
0x61,0x10,0x61,0x10,0x61,0x10,0x61,0x10,0x61,0x10,0x61,0x10,0x61,0x10,0x61,0x10,0x61,0x10,0x61,0x10,0x61,0x10,0x61,0x10,0x61,0x10,0x61,0x10,0x61,0x10,0x61,0x10,0x61,
0x10,0x61,0x10,0x61,0x10,0x61,0x10,0x61,0x10,0x61,0x10,0x61,0x10,0x61,0x10,0x61,0x10,0x61,0x10,0x61,0x10,0x61,0x10,0x61,0x10,0x61,0x10,0x61,0x10,0x61,0x10,0x61,0x10,
0x61,0x10,0x61,0x10,0x61,0x10,0x61,0x10,0x61,0x10,0x61,0x10,0x61,0x10,0x61,0x10,0x61,0x10,0x61,0x10,0x61,0x10,0x61,0x10,0x61,0x10,0x61,0x10,0x61,0x10,0x61,0x10,0x61,
0x10,0x61,0x10,0x61,0x10,0x61,0x10,0x61,0x10,0x61,0x10,0x61,0x10,0x61,0x10,0x61,0x10,0x61,0x10,0x61,0x10,0x61,0x10,0x61,0x10,0x61,0x10,0x61,0x10,0x61,0x10,0x61,0x10,
0x61,0x10,0x61,0x10,0x61,0x10,0x61,0x10,0x61,0x10,0x61,0x10,0x61,0x10,0x61,0x10,0x61,0x10,0x61,0x10,0x61,0x10,0x61,0x10,0x61,0x10,0x61,0x10,0x61,0x10,0x61,0x10,0x61,
0x10,0x61,0x10,0x61,0x10,0x61,0x10,0x61,0x10,0x61,0x10,0x61,0x10,0x61,0x10,0x61,0x10,0x61,0x10,0x61,0x10,0x61,0x10,0x61,0x10,0x61,0x10,0x61,0x10,0x61,0x10,0x61,0x10,
0x61,0x10,0x61,0x10,0x61,0x10,0x61,0x10,0x61,0x10,0x61,0x10,0x61,0x10,0x61,0x10,0x61,0x10,0x61,0x10,0x61,0x10,0x61,0x10,0x61,0x10,0x61,0x10,0x61,0x10,0x61,0x10,0x61,
0x10,0x61,0x10,0x61,0x10,0x61,0x10,0x61,0x10,0x61,0x10,0x61,0x10,0x61,0x10,0x61,0x10,0x61,0x10,0x61,0x10,0x61,0x10,0x61,0x10,0x61,0x10,0x61,0x10,0x61,0x10,0x61,0x10,
0x61,0x10,0x61,0x10,0x61,0x10,0x61,0x10,0x61,0x10,0x61,0x10,0x61,0x10,0x61,0x10,0x61,0x10,0x61,0x10,0x61,0x10,0x61,0x10,0x61,0x10,0x61,0x10,0x61,0x10,0x61,0x10,0x61,
0x10,0x61,0x10,0x61,0x10,0x61,0x10,0x61,0x10,0x61,0x10,0x61,0x10,0x61,0x10,0x61,0x10,0x61,0x10,0x61,0x10,0x61,0x10,0x61,0x10,0x61,0x10,0x61,0x10,0x61,0x10,0x61,0x10,
0x61,0x10,0x61,0x10,0x61,0x10,0x61,0x10,0x61,0x10,0x61,0x10,0x61,0x10,0x61,0x10,0x61,0x10,0x61,0x10,0x61,0x10,0x61,0x10,0x61,0x10,0x61,0x10,0x61,0x10,0x61,0x10,0x61,
0x10,0x61,0x10,0x61,0x10,0x61,0x10,0x61,0x10,0x61,0x10,0x61,0x10,0x61,0x10,0x61,0x10,0x61,0x10,0x61,0x10,0x61,0x10,0x61,0x10,0x61,0x10,0x61,0x10,0x61,0x10,0x61,0x10,
0x61,0x10,0x61,0x10,0x61,0x10,0x61,0x10,0x61,0x10,0x61,0x10,0x61,0x10,0x61,0x10,0x61,0x10,0x61,0x10,0x61,0x10,0x61,0x10,0x61,0x10,0x61,0x10,0x61,0x10,0x61,0x10,0x61,
0x10,0x61,0x10,0x61,0x10,0x61,0x10,0x61,0x10,0x61,0x10,0x61,0x10,0x61,0x10,0x61,0x10,0x61,0x10,0x61,0x10,0x61,0x10,0x61,0x10,0x61,0x10,0x61,0x10,0x61,0x10,0x61,0x10,
0x61,0x10,0x61,0x10,0x61,0x10,0x61,0x10,0x61,0x10,0x61,0x10,0x61,0x10,0x61,0x10,0x61,0x10,0x61,0x10,0x61,0x10,0x61,0x10,0x61,0x10,0x61,0x10,0x61,0x10,0x61,0x10,0x61,
0x10,0x61,0x10,0x61,0x10,0x61,0x10,0x61,0x10,0x61,0x10,0x61,0x10,0x61,0x10,0x61,0x10,0x61,0x10,0x61,0x10,0x61,0x10,0x61,0x10,0x61,0x10,0x61,0x10,0x61,0x10,0x61,0x10,
0x61,0x10,0x61,0x10,0x61,0x10,0x61,0x10,0x61,0x10,0x61,0x10,0x61,0x10,0x61,0x10,0x61,0x10,0x61,0x10,0x61,0x10,0x61,0x10,0x61,0x10,0x61,0x10,0x61,0x10,0x61,0x10,0x61,
0x10,0x61,0x10,0x61,0x10,0x61,0x10,0x61,0x10,0x61,0x10,0x61,0x10,0x61,0x10,0x61,0x10,0x61,0x10,0x61,0x10,0x61,0x10,0x61,0x10,0x61,0x10,0x61,0x10,0x61,0x10,0x61,0x10,
0x61,0x10,0x61,0x10,0x61,0x10,0x61,0x10,0x61,0x10,0x61,0x10,0x61,0x10,0x61,0x10,0x61,0x10,0x61,0x10,0x61,0x10,0x61,0x10,0x61,0x10,0x61,0x10,0x61,0x10,0x61,0x10,0x61,
0x10,0x61,0x10,0x61,0x10,0x61,0x10,0x61,0x10,0x61,0x10,0x61,0x10,0x61,0x10,0x61,0x10,0x61,0x10,0x61,0x10,0x61,0x10,0x61,0x10,0x61,0x10,0x61,0x10,0x61,0x10,0x61,0x10,
0x61,0x10,0x61,0x10,0x61,0x10,0x61,0x10,0x61,0x10,0x61,0x10,0x61,0x10,0x61,0x10,0x61,0x10,0x61,0x10,0x61,0x10,0x61,0x10,0x61,0x10,0x61,0x10,0x61,0x10,0x61,0x10,0x61,
0x10,0x61,0x10,0x61,0x10,0x61,0x10,0x61,0x10,0x61,0x10,0x61,0x10,0x61,0x10,0x61,0x10,0x61,0x10,0x61,0x10,0x61,0x10,0x61,0x10,0x61,0x10,0x61,0x10,0x61,0x10,0x61,0x10,
0x61,0x10,0x61,0x10,0x61,0x10,0x61,0x10,0x61,0x10,0x61,0x10,0x61,0x10,0x61,0x10,0x61,0x10,0x61,0x10,0x61,0x10,0x61,0x10,0x61,0x10,0x61,0x10,0x61,0x10,0x61,0x10,0x61,
0x10,0x61,0x10,0x61,0x10,0x61,0x10,0x61,0x10,0x61,0x10,0x61,0x10,0x61,0x10,0x61,0x10,0x61,0x10,0x61,0x10,0x61,0x10,0x61,0x10,0x61,0x10,0x61,0x10,0x61,0x10,0x61,0x10,
0x61,0x10,0x61,0x10,0x61,0x10,0x61,0x10,0x61,0x10,0x61,0x10,0x61,0x10,0x61,0x10,0x61,0x10,0x61,0x10,0x61,0x10,0x61,0x10,0x61,0x10,0x61,0x10,0x61,0x10,0x61,0x10,0x61,
0x10,0x61,0x10,0x61,0x10,0x61,0x10,0x61,0x10,0x61,0x10,0x61,0x10,0x61,0x10,0x61,0x10,0x61,0x10,0x61,0x10,0x61,0x10,0x61,0x10,0x61,0x10,0x61,0x10,0x61,0x10,0x61,0x10,
};
