:020000040000fa
:020000041fc01b
:042ff400d9fff8ff0a
:020000040000fa
:020000041fc01b
:042ff800fb097fff53
:020000040000fa
:020000041fc01b
:042ffc00ffffff7f55
:020000040000fa
:020000041fc01b
:10000000c0bf1a3c10005a2708004003000000003f
:1000100000601a40c0045a7f050040130000000031
:10002000059d1a3cfc245a270800400300000000ec
:1000300002a01d3cf8ffbd2701a01c3c30809c277e
:100040000260094020582001801e2a7d8449497d94
:1000500002608940c000000000e0dc4102608b408b
:10006000059d083c9825082509f8000100000000be
:1000700000a0083c9800082500a0093c0407292599
:100080000600001000000000000000ad040000adfc
:10009000080000ad0c0000ad100008252b08090178
:1000a000f9ff201400000000059d083c40040825cd
:1000b0000000098d180020110400082500000a8d99
:1000c0000400082500000b8d0900601104000825bc
:1000d00000000c91ffff4a250100082500002ca11b
:1000e000fbff40150100292505000010000000005d
:1000f000000020a1ffff4a25fdff40150100292532
:1001000003000825fcff0a24244048010000098d53
:10011000e7ff2015000000000000093c0000292531
:1001200010002011000000000200093c00002925f9
:1001300088bf0a3c10204a25000049ad0200093c56
:100140000000292588bf0a3c20204a25000049ad2f
:100150000200093c0000292588bf0a3c30204a25be
:10016000000049ad00488040ffff0a2400588a4043
:10017000c09f093c00102925017889400000093cf6
:100180000100292500000a2444492a7d01608a4093
:100190008000093c00688940008008408005097d96
:1001a000404c0900006008405800013c2440010117
:1001b0002540280100608840059d083ca0250825b1
:1001c00009f800010000000000600840bfff013c8a
:1001d000ffff21342440010100608840000084308a
:1001e0000000a530059d083c4425082508000001b5
:0401f000000000000b
:020000040000fa
:020000041fc01b
:10038000059d1a3c70255a27080040030000000014
:020000040000fa
:020000041fc01b
:10118000059d1a3cf01c5a2708004003000000008f
:020000040000fa
:020000041fc01b
:08120000b321410b00000000c6
:020000040000fa
:020000041fc01b
:08138000f520410b0000000004
:020000040000fa
:020000041fc01b
:0813e0008121410b0000000017
:020000040000fa
:020000041fc01b
:081560008d22410b0000000088
:020000040000fa
:020000041d00dd
:10000800000000001000009d001039003b00e08354
:10001800e083e083e083e083e083e083e083e083c0
:10002800e083e083e083e083e083e083e083e083b0
:10003800e083e083e083e083e083e083e083e083a0
:10004800e083e083e083e083e083e083e083e08390
:10005800e083e083e083e083e083e083e083e08380
:10006800e083e083e083e083e083e083e083e08370
:10007800e083e083e083e083e083e083e083e08360
:10008800e083e083e083e083e083e083e083e08350
:10009800e083e083e083e083e083e083e083e08340
:1000a800e083e083e083e083e083e083e083e08330
:1000b800e083e083e083e083e083e083e083ffff85
:1000c800e083e083e083e083e083e083e083e08310
:1000d800e083e083e083e083e083e083e083e08300
:1000e800e083e083e083e083e083e083e083e083f0
:1000f800e083e083e083e083e083e083e083e083e0
:10010800e083e083e083e083e083e083e083e083cf
:10011800e083e083e083e083e083e083e083e083bf
:10012800e083e083e083e083e083e083e083e083af
:10013800e083ffffdfffffffe083e083e083e083ee
:10014800e083e083e083e083e083e083e083e0838f
:10015800e083e083e083e083e083e083e083e0837f
:10016800e083e083e083e083e083e083e083e0836f
:10017800e083e083e083e083e083e083e083e0835f
:10018800e083e083e083e083e083e083e083e0834f
:10019800e083e083e083e083e083e083e083e0833f
:1001a800e083e083e083ffffffffffffffffffff28
:1001b800e083e083e083e083e083e083e083e0831f
:1001c800e083e083e083e083e083e083e083e0830f
:1001d800e083e083e083e083e083e083e083e083ff
:1001e800e083e083e083e083e083e083e083e083ef
:1001f800e083e083e083e083e083e083e083e083df
:10020800e083e083e083e083e083e083e083e083ce
:10021800e083e083e083e083e083ffffffffffffed
:10022800ffffffffffffffffe083e083e083e08342
:10023800e083e083e083e083e083e083e083e0839e
:10024800e083e083e083e083e083e083e083e0838e
:10025800e083e083e083e083e083e083e083e0837e
:10026800e083e083e083e083e083e083e083e0836e
:10027800e083e083e083e083e083e083e083e0835e
:10028800e083e083e083e083e083e083e083ffffb3
:10029800ffffffffffffffffffffffffffffffff66
:1002a800e083e083e083e083e083e083e083e0832e
:1002b800e083e083e083e083e083e083e083e0831e
:1002c800e083e083e083e083e083e083e083e0830e
:1002d800e083e083e083e083e083e083e083e083fe
:1002e800e083e083e083e083e083e083e083e083ee
:1002f800e083e083e083e083e083e083e083e083de
:10030800e083ffffffffffffffffffffffffffff90
:10031800ffffffffffffffffe083e083e083e08351
:10032800e083e083e083e083e083e083e083e083ad
:10033800e083e083e083e083e083e083e083e0839d
:10034800e083e083e083e083e083e083e083e0838d
:10035800e083e083e083e083e083e083e083e0837d
:10036800e083e083e083e083e083e083e083e0836d
:10037800e083e083e083ffffffffffffffffffff56
:10038800ffffffffffffffffffffffffdfffffff95
:10039800e083e083e083e083e083e083e083e0833d
:1003a800e083e083e083e083e083e083e083e0832d
:1003b800e083e083e083e083e083e083e083e0831d
:1003c800e083e083e083e083e083e083e083e0830d
:1003d800e083e083e083e083e083e083e083e083fd
:1003e800e083e083e083e083e083ffffffffffff1c
:1003f800ffffffffffffffffffffffffffffffff05
:10040800ffffffffffffffffe083e083e083e08360
:10041800e083e083e083e083e083e083e083e083bc
:10042800e083e083e083e083e083e083e083e083ac
:10043800e083e083e083e083e083e083e083e0839c
:10044800e083e083e083e083e083e083e083e0838c
:10045800e083e083e083e083e083e083e083ffffe1
:10046800ffffffffffffffffffffffffffffffff94
:10047800ffffffffffffffffffffffffffffffff84
:10048800e083e083e083e083e083e083e083e0834c
:10049800e083e083e083e083e083e083e083e0833c
:1004a800e083e083e083e083e083e083e083e0832c
:1004b800e083e083e083e083e083e083e083e0831c
:1004c800e083e083e083e083e083e083e083e0830c
:1004d800e083ffffffffffffffffffffffffffffbf
:1004e800ffffffffffffffffffffffffffffffff14
:1004f800ffffffffffffffffe083e083e083e08370
:10050800e083e083e083e083e083e083e083e083cb
:10051800e083e083e083e083e083e083e083e083bb
:10052800e083e083e083e083e083e083e083e083ab
:10053800e083e083e083e083e083e083e083e0839b
:10054800e083e083e083ffffffffffffffffffff84
:10055800ffffffffffffffffffffffffffffffffa3
:10056800ffffffffffffffffffffffffffffffff93
:10057800e083e083e083e083e083e083e083e0835b
:10058800e083e083e083e083e083e083e083e0834b
:10059800e083e083e083e083e083e083e083e0833b
:1005a800e083e083e083e083e083e083e083e0832b
:1005b800e083e083e083e083e083ffffffffffff4a
:1005c800ffffffffffffffffffffffffffffffff33
:1005d800ffffffffffffffffffffffffffffffff23
:1005e800ffffffffffffffffe083e083e083e0837f
:1005f800e083e083e083e083e083e083e083e083db
:10060800e083e083e083e083e083e083e083e083ca
:10061800e083e083e083e083e083e083e083e083ba
:10062800e083e083e083e083e083e083e083ffff0f
:10063800ffffffffffffffffffffffffffffffffc2
:10064800ffffffffffffffffffffffffffffffffb2
:10065800ffffffffffffffffffffffffffffffffa2
:10066800e083e083e083e083e083e083e083e0836a
:10067800e083e083e083e083e083e083e083e0835a
:10068800e083e083e083e083e083e083e083e0834a
:10069800e083e083e083e083e083e083e083e0833a
:1006a800e083ffffdfffffffffffffffffffffff0d
:1006b800ffffffffffffffffffffffffffffffff42
:1006c800ffffffffffffffffffffffffffffffff32
:1006d800ffffffffffffffffe083e083e083e0838e
:1006e800e083e083e083e083e083e083e083e083ea
:1006f800e083e083e083e083e083e083e083e083da
:10070800e083e083e083e083e083e083e083e083c9
:10071800e083e083e083ffffffffffffffffffffb2
:10072800ffffffffffffffffffffffffffffffffd1
:10073800ffffffffffffffffffffffffffffffffc1
:10074800ffffffffffffffffffffffffffffffffb1
:10075800e083e083e083e083e083e083e083e08379
:10076800e083e083e083e083e083e083e083e08369
:10077800e083e083e083e083e083e083e083e08359
:10078800e083e083e083e083e083ffffffffffff78
:10079800ffffffffffffffffffffffffffffffff61
:1007a800ffffffffffffffffffffffffffffffff51
:1007b800ffffffffffffffffffffffffffffffff41
:1007c800ffffffffffffffffe083e083e083e0839d
:1007d800e083e083e083e083e083e083e083e083f9
:1007e800e083e083e083e083e083e083e083e083e9
:1007f800e083e083e083e083e083e083e083ffff3e
:10080800fffffffffffffffffffffffffffffffff0
:10081800ffffffffffffffffffffffffffffffffe0
:10082800ffffffffffffffffffffffffffffffffd0
:10083800ffffffffffffffffffffffffffffffffc0
:10084800e083e083e083e083e083e083e083e08388
:10085800e083e083e083e083e083e083e083e08378
:10086800e083e083e083e083e083e083e083e08368
:10087800e083ffffffffffffffffffffffffffff1b
:10088800ffffffffffffffffffffffffffffffff70
:10089800ffffffffffffffffffffffffffffffff60
:1008a800ffffffffffffffffffffffffffffffff50
:1008b800ffffffffffffffffe083e083e083e083ac
:1008c800e083e083e083e083e083e083e083e08308
:1008d800e083e083e083e083e083e083e083e083f8
:1008e800e083e083e083ffffffffffffffffffffe1
:1008f800ffffffffffffffffffffffffffffffff00
:10090800ffffffffffffffffffffffffffffffffef
:10091800ffffffffffffffffffffffffffffffffdf
:10092800ffffffffffffffffffffffffffffffffcf
:10093800e083e083e083e083e083e083e083e08397
:10094800e083e083e083e083e083e083e083e08387
:10095800e083e083e083e083e083ffffffffffffa6
:10096800ffffffffffffffffffffffffffffffff8f
:10097800ffffffffffffffffffffffffffffffff7f
:10098800ffffffffffffffffffffffffffffffff6f
:10099800ffffffffffffffffffffffffffffffff5f
:1009a800ffffffffffffffffe083e083e083e083bb
:1009b800e083e083e083e083e083e083e083e08317
:1009c800e083e083e083e083e083e083e083ffff6c
:1009d800ffffffffffffffffffffffffffffffff1f
:1009e800ffffffffffffffffffffffffffffffff0f
:1009f800ffffffffffffffffffffffffffffffffff
:100a0800ffffffffffffffffffffffffffffffffee
:100a1800ffffffffffffffffffffffffffffffffde
:100a2800e083e083e083e083e083e083e083e083a6
:100a3800e083e083e083e083e083e083e083e08396
:100a4800e083ffffffffffffffffffffffffffff49
:100a5800ffffffffffffffffffffffffffffffff9e
:100a6800ffffffffffffffffffffffffffffffff8e
:100a7800ffffffffffffffffffffffffffffffff7e
:100a8800ffffffffffffffffffffffffffffffff6e
:100a9800ffffffffffffffffe083e083e083e083ca
:100aa800e083e083e083e083e083e083e083e08326
:100ab800e083e083e083ffffffffffffffffffff0f
:100ac800ffffffffffffffffffffffffffffffff2e
:100ad800ffffffffffffffffffffffffffffffff1e
:100ae800ffffffffffffffffffffffffffffffff0e
:100af800fffffffffffffffffffffffffffffffffe
:100b0800ffffffffffffffffffffffffffffffffed
:100b1800e083e083e083e083e083e083e083e083b5
:100b2800e083e083e083e083e083ffffffffffffd4
:100b3800ffffffffffffffffffffffffffffffffbd
:100b4800ffffffffffffffffffffffffffffffffad
:100b5800ffffffffffffffffffffffffffffffff9d
:100b6800ffffffffffffffffffffffffffffffff8d
:100b7800ffffffffffffffffffffffffffffffff7d
:100b8800ffffffffffffffffe083e083e083e083d9
:100b9800e083e083e083e083e083e083e083ffff9a
:100ba800ffffffffffffffffffffffffffffffff4d
:100bb800ffffffffffffffffffffffffffffffff3d
:100bc800ffffffffffffffffffffffffffffffff2d
:100bd800ffffffffffffffffffffffffffffffff1d
:100be800ffffffffffffffffffffffffffffffff0d
:100bf800fffffffffffffffffffffffffffffffffd
:100c0800e083e083e083e083e083e083e083e083c4
:100c1800e083ffffffffffffffffffffffffffff77
:100c2800ffffffffffffffffffffffffffffffffcc
:100c3800ffffffffffffffffffffffffffffffffbc
:100c4800ffffffffffffffffffffffffffffffffac
:100c5800ffffffffffffffffffffffffffffffff9c
:100c6800ffffffffffffffffffffffffffffffff8c
:100c7800ffffffffffffffffe083e083e083e083e8
:100c8800e083e083e083ffffffffffffffffffff3d
:100c9800ffffffffffffffffffffffffffffffff5c
:100ca800ffffffffffffffffffffffffffffffff4c
:100cb800ffffffffffffffffffffffffffffffff3c
:100cc800ffffffffffffffffffffffffffffffff2c
:100cd800ffffffffffffffffffffffffffffffff1c
:100ce800ffffffffffffffffffffffffffffffff0c
:100cf800e083e083e083e083e083ffffffffffff03
:100d0800ffffffffffffffffffffffffffffffffeb
:100d1800ffffffffffffffffffffffffffffffffdb
:100d2800ffffffffffffffffffffffffffffffffcb
:100d3800ffffffffffffffffffffffffffffffffbb
:100d4800ffffffffffffffffffffffffffffffffab
:100d5800ffffffffffffffffffffffffffffffff9b
:100d6800ffffffffffffffffe083e083e083e083f7
:100d7800e083e083e083e083e083e083e083e08353
:100d8800e083e083e083e083e083e083ffffffff0d
:100d9800ffffffffffffffffffffffffffffffff5b
:100da800ffffffffffffffffffffffffffffffff4b
:100db800ffffffffffffffffffffffffffffffff3b
:100dc800ffffe083e083e083e083e083e083e08368
:100dd800e083e083e083e083e083e083e083e083f3
:100de800e083e083e083e083e083e083e083e083e3
:100df800e083e083e083e083e083e083e083e083d3
:100e0800e083ffffffffffffffffffffffffffff85
:100e1800ffffffffffffffffffffffffffffffffda
:100e2800ffffffffffffffffffffffffffffffffca
:100e3800ffffffffffffffffe083e083e083e08326
:100e4800e083e083e083e083e083e083e083e08382
:100e5800e083e083e083e083e083e083e083e08372
:100e6800e083e083e083e083e083e083e083e08362
:100e7800e083e083e083e083ffffffffffffffffe6
:100e8800ffffffffffffffffffffffffffffffff6a
:100e9800ffffffffffffffffffffffffffffffff5a
:100ea800ffffffffffffffffffffffffffffe083e5
:100eb800e083e083e083e083e083e083e083e08312
:100ec800e083e083e083e083e083e083e083e08302
:100ed800e083e083e083e083e083e083e083e083f2
:100ee800e083e083e083e083e083e083e083ffff47
:100ef800fffffffffffffffffffffffffffffffffa
:100f0800ffffffffffffffffffffffffffffffffe9
:100f1800ffffffffffffffffffffffffffffffffd9
:100f2800ffffffffe083e083e083e083e083e0836b
:100f3800e083e083e083e083e083e083e083e08391
:100f4800e083e083e083e083e083e083e083e08381
:100f5800e083e083e083e083e083e083e083e08371
:100f6800e083e083ffffffffffffffffffffffffbf
:100f7800ffffffffffffffffffffffffffffffff79
:100f8800ffffffffffffffffffffffffffffffff69
:100f9800ffffffffffffffffffffe083e083e0832a
:100fa800e083e083e083e083e083e083e083e08321
:100fb800e083e083e083e083e083e083e083e08311
:100fc800e083e083e083e083e083e083e083e08301
:100fd800e083e083e083e083e083ffffffffffff20
:100fe800ffffffffffffffffffffffffffffffff09
:100ff800fffffffffffffffffffffffffffffffff9
:10100800ffffffffffffffffffffffffffffffffe8
:10101800e083e083e083e083e083e083e083e083b0
:10102800e083e083e083e083e083e083e083e083a0
:10103800e083e083e083e083e083e083e083e08390
:10104800e083e083e083e083e083e083e083e08380
:10105800ffffffffffffffffffffffffffffffff98
:10106800ffffffffffffffffffffffffffffffff88
:10107800ffffffffffffffffffffffffffffffff78
:10108800ffffffffffffe083e083e083e083e0836f
:10109800e083e083e083e083e083e083e083e08330
:1010a800e083e083e083e083e083e083e083e08320
:1010b800e083e083e083e083e083e083e083e08310
:1010c800e083e083e083fffffffffffffffffffff9
:1010d800ffffffffffffffffffffffffffffffff18
:1010e800ffffffffffffffffffffffffffffffff08
:1010f800ffffffffffffffffffffffffe083e0832e
:10110800e083e083e083e083e083e083e083e083bf
:10111800e083e083e083e083e083e083e083e083af
:10112800e083e083e083e083e083e083e083e0839f
:10113800e083e083e083e083e083e083ffffffff59
:10114800ffffffffffffffffffffffffffffffffa7
:10115800ffffffffffffffffffffffffffffffff97
:10116800ffffffffffffffffffffffffffffffff87
:10117800ffffe083e083e083e083e083e083e083b4
:10118800e083e083e083e083e083e083e083e0833f
:10119800e083e083e083e083e083e083e083e0832f
:1011a800e083e083e083e083e083e083e083e0831f
:1011b800e083ffffffffffffffffffffffffffffd2
:1011c800ffffffffffffffffffffffffffffffff27
:1011d800ffffffffffffffffffffffffffffffff17
:1011e800ffffffffffffffffe083e083e083e08373
:1011f800e083e083e083e083e083e083e083e083cf
:10120800e083e083e083e083e083e083e083e083be
:10121800e083e083e083e083e083e083e083e083ae
:10122800e083e083e083e083ffffffffffffffff32
:10123800ffffffffffffffffffffffffffffffffb6
:10124800ffffffffffffffffffffffffffffffffa6
:10125800ffffffffffffffffffffffffffffe08331
:10126800e083e083e083e083e083e083e083e0835e
:10127800e083e083e083e083e083e083e083e0834e
:10128800e083e083e083e083e083e083e083e0833e
:10129800e083e083e083e083e083e083e083ffff93
:1012a800ffffffffffffffffffffffffffffffff46
:1012b800ffffffffffffffffffffffffffffffff36
:1012c800ffffffffffffffffffffffffffffffff26
:1012d800ffffffffe083e083e083e083e083e083b8
:1012e800e083e083e083e083e083e083e083e083de
:1012f800e083e083e083e083e083e083e083e083ce
:10130800e083e083e083e083e083e083e083e083bd
:10131800e083e083ffffffffffffffffffffffff0b
:10132800ffffffffffffffffffffffffffffffffc5
:10133800ffffffffffffffffffffffffffffffffb5
:10134800ffffffffffffffffffffe083e083e08376
:10135800e083e083e083e083e083e083e083e0836d
:10136800e083e083e083e083e083e083e083e0835d
:10137800e083e083e083e083e083e083e083e0834d
:10138800e083e083e083e083e083ffffffffffff6c
:10139800ffffffffffffffffffffffffffffffff55
:1013a800ffffffffffffffffffffffffffffffff45
:1013b800ffffffffffffffffffffffffffffffff35
:1013c800e083e083e083e083e083e083e083e083fd
:1013d800e083e083e083e083e083e083e083e083ed
:1013e800e083e083e083e083e083e083e083e083dd
:1013f800e083e083e083e083e083e083e083e083cd
:10140800ffffffffffffffffffffffffffffffffe4
:10141800ffffffffffffffffffffffffffffffffd4
:10142800ffffffffffffffffffffffffffffffffc4
:10143800ffffffffffffe083e083e083e083e083bb
:10144800e083e083e083e083e083e083e083e0837c
:10145800e083e083e083e083e083e083e083e0836c
:10146800e083e083e083e083e083e083e083e0835c
:10147800e083e083e083ffffffffffffffffffff45
:10148800ffffffffffffffffffffffffffffffff64
:10149800ffffffffffffffffffffffffffffffff54
:1014a800ffffffffffffffffffffffffe083e0837a
:1014b800e083e083e083e083e083e083e083e0830c
:1014c800e083e083e083e083e083e083e083e083fc
:1014d800e083e083e083e083e083e083e083e083ec
:1014e800e083e083e083e083e083e083ffffffffa6
:1014f800fffffffffffffffffffffffffffffffff4
:10150800ffffffffffffffffffffffffffffffffe3
:10151800ffffffffffffffffffffffffffffffffd3
:10152800ffffe083e083e083e083e083e083e08300
:10153800e083e083e083e083e083e083e083e0838b
:10154800e083e083e083e083e083e083e083e0837b
:10155800e083e083e083e083e083e083e083e0836b
:10156800e083ffffffffffffffffffffffffffff1e
:10157800ffffffffffffffffffffffffffffffff73
:10158800ffffffffffffffffffffffffffffffff63
:10159800ffffffffffffffffe083e083e083e083bf
:1015a800e083e083e083e083e083e083e083e0831b
:1015b800e083e083e083e083e083e083e083e0830b
:1015c800e083e083e083e083e083e083e083e083fb
:1015d800e083e083e083e083ffffffffffffffff7f
:1015e800ffffffffffffffffffffffffffffffff03
:1015f800fffffffffffffffffffffffffffffffff3
:10160800ffffffffffffffffffffffffffffe0837d
:10161800e083e083e083e083e083e083e083e083aa
:10162800e083e083e083e083e083e083e083e0839a
:10163800e083e083e083e083e083e083e083e0838a
:10164800e083e083e083e083e083e083e083ffffdf
:10165800ffffffffffffffffffffffffffffffff92
:10166800ffffffffffffffffffffffffffffffff82
:10167800ffffffffffffffffffffffffffffffff72
:10168800ffffffffe083e083e083e083e083e08304
:10169800e083e083e083e083e083e083e083e0832a
:1016a800e083e083e083e083e083e083e083e0831a
:1016b800e083e083e083e083e083e083e083e0830a
:1016c800e083e083ffffffffffffffffffffffff58
:1016d800ffffffffffffffffffffffffffffffff12
:1016e800ffffffffffffffffffffffffffffffff02
:1016f800ffffffffffffffffffffe083e083e083c3
:10170800e083e083e083e083e083e083e083e083b9
:10171800e083e083e083e083e083e083e083e083a9
:10172800e083e083e083e083e083e083e083e08399
:10173800e083e083e083e083e083ffffffffffffb8
:10174800ffffffffffffffffffffffffffffffffa1
:10175800ffffffffffffffffffffffffffffffff91
:10176800ffffffffffffffffffffffffffffffff81
:10177800e083e083e083e083e083e083e083e08349
:10178800e083e083e083e083e083e083e083e08339
:10179800e083e083e083e083e083e083e083e08329
:1017a800e083e083e083e083e083e083e083e08319
:1017b800ffffffffffffffffffffffffffffffff31
:1017c800ffffffffffffffffffffffffffffffff21
:1017d800ffffffffffffffffffffffffffffffff11
:1017e800ffffffffffffe083e083e083e083e08308
:1017f800e083e083e083e083e083e083e083e083c9
:10180800e083e083e083e083e083e083e083e083b8
:10181800e083e083e083e083e083e083e083e083a8
:10182800e083e083e083ffffffffffffffffffff91
:10183800ffffffffffffffffffffffffffffffffb0
:10184800ffffffffffffffffffffffffffffffffa0
:10185800ffffffffffffffffffffffffe083e083c6
:10186800e083e083e083e083e083e083e083e08358
:10187800e083e083e083e083e083e083e083e08348
:10188800e083e083e083e083e083e083e083e08338
:10189800e083e083e083e083e083e083fffffffff2
:1018a800ffffffffffffffffffffffffffffffff40
:1018b800ffffffffffffffffffffffffffffffff30
:1018c800ffffffffffffffffffffffffffffffff20
:1018d800ffffe083e083e083e083e083e083e0834d
:1018e800e083e083e083e083e083e083e083e083d8
:1018f800e083e083e083e083e083e083e083e083c8
:10190800e083e083e083e083e083e083e083e083b7
:10191800e083ffffffffffffffffffffffffffff6a
:10192800ffffffffffffffffffffffffffffffffbf
:10193800ffffffffffffffffffffffffffffffffaf
:10194800ffffffffffffffffe083e083e083e0830b
:10195800e083e083e083e083e083e083e083e08367
:10196800e083e083e083e083e083e083e083e08357
:10197800e083e083e083e083e083e083e083e08347
:10198800e083e083e083e083ffffffffdfffdff713
:10199800dfffdfffdfffbff7dff7bff7dfffffff87
:1019a800ffffffffdfffffffdfffffffbff7ffffc7
:1019b800dfffffffbff7dfffbff7ffffffffe0839a
:1019c800e083e083e083e083e083e083e083e083f7
:1019d800e083e083e083e083e083e083e083e083e7
:1019e800e083e083e083e083e083e083e083e083d7
:1019f800e083e083e083e083e083e083e083e083c7
:101a0800e083e083e083e083e083e083e083e083b6
:101a1800e083e083e083e083e083e083e083e083a6
:101a2800e083e083e083e083e083e083e083e08396
:101a3800e083e083e083e083e083e083e083e08386
:101a4800e083e083e083e083e083e083e083e08376
:101a5800e083e08300000000641a009d0010390054
:101a68003b00e083e083e083e083e083e083e0837e
:101a7800e083e083e083e083e083e083e083e08346
:101a8800e083e083e083e083e083e083e083e08336
:101a9800e083e083e083e083e083e083e083e08326
:101aa800e083e083e083e083e083e083e083e08316
:101ab800e083e083e083e083e083e083e083e08306
:101ac800e083e083e083e083e083e083e083e083f6
:101ad800e083e083e083e083e083e083e083e083e6
:101ae800e083e083e083e083e083e083e083e083d6
:101af800e083e083e083e083ffffffffbff7dfffc2
:101b0800bff7ffffdfffffffbff7ffffdfffffffad
:101b1800dfffffffffffffffdfffbff7dff7bff7c5
:101b2800dfffdfffdfffdff7dfffffffffffe08300
:101b3800e083e083e083e083e083e083e083e08385
:101b4800e083e083e083e083e083e083e083e08375
:101b5800e083e083e083e083e083e083e083e08365
:101b6800e083e083e083e083e083e083e083ffffba
:101b7800ffffffffffffffffffffffffffffffff6d
:101b8800ffffffffffffffffffffffffffffffff5d
:101b9800ffffffffffffffffffffffffffffffff4d
:101ba800ffffffffe083e083e083e083e083e083df
:101bb800e083e083e083e083e083e083e083e08305
:101bc800e083e083e083e083e083e083e083e083f5
:101bd800e083e083e083e083e083e083e083e083e5
:101be800e083e083ffffffffffffffffffffffff33
:101bf800ffffffffffffffffffffffffffffffffed
:101c0800ffffffffffffffffffffffffffffffffdc
:101c1800ffffffffffffffffffffe083e083e0839d
:101c2800e083e083e083e083e083e083e083e08394
:101c3800e083e083e083e083e083e083e083e08384
:101c4800e083e083e083e083e083e083e083e08374
:101c5800e083e083e083e083e083ffffffffffff93
:101c6800ffffffffffffffffffffffffffffffff7c
:101c7800ffffffffffffffffffffffffffffffff6c
:101c8800ffffffffffffffffffffffffffffffff5c
:101c9800e083e083e083e083e083e083e083e08324
:101ca800e083e083e083e083e083e083e083e08314
:101cb800e083e083e083e083e083e083e083e08304
:101cc800e083e083e083e083e083e083e083e083f4
:101cd800ffffffffffffffffffffffffffffffff0c
:101ce800fffffffffffffffffffffffffffffffffc
:101cf800ffffffffffffffffffffffffffffffffec
:101d0800ffffffffffffe083e083e083e083e083e2
:101d1800e083e083e083e083e083e083e083e083a3
:101d2800e083e083e083e083e083e083e083e08393
:101d3800e083e083e083e083e083e083e083e08383
:101d4800e083e083e083ffffffffffffffffffff6c
:101d5800ffffffffffffffffffffffffffffffff8b
:101d6800ffffffffffffffffffffffffffffffff7b
:101d7800ffffffffffffffffffffffffe083e083a1
:101d8800e083e083e083e083e083e083e083e08333
:101d9800e083e083e083e083e083e083e083e08323
:101da800e083e083e083e083e083e083e083e08313
:101db800e083e083e083e083e083e083ffffffffcd
:101dc800ffffffffffffffffffffffffffffffff1b
:101dd800ffffffffffffffffffffffffffffffff0b
:101de800fffffffffffffffffffffffffffffffffb
:101df800ffffe083e083e083e083e083e083e08328
:101e0800e083e083e083e083e083e083e083e083b2
:101e1800e083e083e083e083e083e083e083e083a2
:101e2800e083e083e083e083e083e083e083e08392
:101e3800e083ffffffffffffffffffffffffffff45
:101e4800ffffffffffffffffffffffffffffffff9a
:101e5800ffffffffffffffffffffffffffffffff8a
:101e6800ffffffffffffffffe083e083e083e083e6
:101e7800e083e083e083e083e083e083e083e08342
:101e8800e083e083e083e083e083e083e083e08332
:101e9800e083e083e083e083e083e083e083e08322
:101ea800e083e083e083e083ffffffffffffffffa6
:101eb800ffffffffffffffffffffffffffffffff2a
:101ec800ffffffffffffffffffffffffffffffff1a
:101ed800ffffffffffffffffffffffffffffe083a5
:101ee800e083e083e083e083e083e083e083e083d2
:101ef800e083e083e083e083e083e083e083e083c2
:101f0800e083e083e083e083e083e083e083e083b1
:101f1800e083e083e083e083e083e083e083ffff06
:101f2800ffffffffffffffffffffffffffffffffb9
:101f3800ffffffffffffffffffffffffffffffffa9
:101f4800ffffffffffffffffffffffffffffffff99
:101f5800ffffffffe083e083e083e083e083e0832b
:101f6800e083e083e083e083e083e083e083e08351
:101f7800e083e083e083e083e083e083e083e08341
:101f8800e083e083e083e083e083e083e083e08331
:101f9800e083e083ffffffffffffffffffffffff7f
:101fa800ffffffffffffffffffffffffffffffff39
:101fb800ffffffffffffffffffffffffffffffff29
:101fc800ffffffffffffffffffffe083e083e083ea
:101fd800e083e083e083e083e083e083e083e083e1
:101fe800e083e083e083e083e083e083e083e083d1
:101ff800e083e083e083e083e083e083e083e083c1
:10200800e083e083e083e083e083ffffffffffffdf
:10201800ffffffffffffffffffffffffffffffffc8
:10202800ffffffffffffffffffffffffffffffffb8
:10203800ffffffffffffffffffffffffffffffffa8
:10204800e083e083e083e083e083e083e083e08370
:10205800e083e083e083e083e083e083e083e08360
:10206800e083e083e083e083e083e083e083e08350
:10207800e083e083e083e083e083e083e083e08340
:10208800ffffffffffffffffffffffffffffffff58
:10209800ffffffffffffffffffffffffffffffff48
:1020a800ffffffffffffffffffffffffffffffff38
:1020b800ffffffffffffe083e083e083e083e0832f
:1020c800e083e083e083e083e083e083e083e083f0
:1020d800e083e083e083e083e083e083e083e083e0
:1020e800e083e083e083e083e083e083e083e083d0
:1020f800e083e083e083ffffffffffffffffffffb9
:10210800ffffffffffffffffffffffffffffffffd7
:10211800ffffffffffffffffffffffffffffffffc7
:10212800ffffffffffffffffffffffffe083e083ed
:10213800e083e083e083e083e083e083e083e0837f
:10214800e083e083e083e083e083e083e083e0836f
:10215800e083e083e083e083e083e083e083e0835f
:10216800e083e083e083e083e083e083ffffffff19
:10217800ffffffffffffffffffffffffffffffff67
:10218800ffffffffffffffffffffffffffffffff57
:10219800ffffffffffffffffffffffffffffffff47
:1021a800ffffe083e083e083e083e083e083e08374
:1021b800e083e083e083e083e083e083e083e083ff
:1021c800e083e083e083e083e083e083e083e083ef
:1021d800e083e083e083e083e083e083e083e083df
:1021e800e083ffffffffffffffffffffffffffff92
:1021f800ffffffffffffffffffffffffffffffffe7
:10220800ffffffffffffffffffffffffffffffffd6
:10221800ffffffffffffffffe083e083e083e08332
:10222800e083e083e083e083e083e083e083e0838e
:10223800e083e083e083e083e083e083e083e0837e
:10224800e083e083e083e083e083e083e083e0836e
:10225800e083e083e083e083fffffffffffffffff2
:10226800ffffffffffffffffffffffffffffffff76
:10227800ffffffffffffffffffffffffffffffff66
:10228800ffffffffffffffffffffffffffffe083f1
:10229800e083e083e083e083e083e083e083e0831e
:1022a800e083e083e083e083e083e083e083e0830e
:1022b800e083e083e083e083e083e083e083e083fe
:1022c800e083e083e083e083e083e083e083ffff53
:1022d800ffffffffffffffffffffffffffffffff06
:1022e800fffffffffffffffffffffffffffffffff6
:1022f800ffffffffffffffffffffffffffffffffe6
:10230800ffffffffe083e083e083e083e083e08377
:10231800e083e083e083e083e083e083e083e0839d
:10232800e083e083e083e083e083e083e083e0838d
:10233800e083e083e083e083e083e083e083e0837d
:10234800e083e083ffffffffffffffffffffffffcb
:10235800ffffffffffffffffffffffffffffffff85
:10236800ffffffffffffffffffffffffffffffff75
:10237800ffffffffffffffffffffe083e083e08336
:10238800e083e083e083e083e083e083e083e0832d
:10239800e083e083e083e083e083e083e083e0831d
:1023a800e083e083e083e083e083e083e083e0830d
:1023b800e083e083e083e083e083ffffffffffff2c
:1023c800ffffffffffffffffffffffffffffffff15
:1023d800ffffffffffffffffffffffffffffffff05
:1023e800fffffffffffffffffffffffffffffffff5
:1023f800e083e083e083e083e083e083e083e083bd
:10240800e083e083e083e083e083e083e083e083ac
:10241800e083e083e083e083e083e083e083e0839c
:10242800e083e083e083e083e083e083e083e0838c
:10243800ffffffffffffffffffffffffffffffffa4
:10244800ffffffffffffffffffffffffffffffff94
:10245800ffffffffffffffffffffffffffffffff84
:10246800ffffffffffffe083e083e083e083e0837b
:10247800e083e083e083e083e083e083e083e0833c
:10248800e083e083e083e083e083e083e083e0832c
:10249800e083e083e083e083e083e083e083e0831c
:1024a800e083e083e083ffffffffffffffffffff05
:1024b800ffffffffffffffffffffffffffffffff24
:1024c800ffffffffffffffffffffffffffffffff14
:1024d800ffffffffffffffffffffffffe083e0833a
:1024e800e083e083e083e083e083e083e083e083cc
:1024f800e083e083e083e083e083e083e083e083bc
:10250800e083e083e083e083e083e083e083e083ab
:10251800e083e083e083e083e083e083ffffffff65
:10252800ffffffffffffffffffffffffffffffffb3
:10253800ffffffffffffffffffffffffffffffffa3
:10254800ffffffffffffffffffffffffffffffff93
:10255800ffffe083e083e083e083e083e083e083c0
:10256800e083e083e083e083e083e083e083e0834b
:10257800e083e083e083e083e083e083e083e0833b
:10258800e083e083e083e083e083e083e083e0832b
:10259800e083ffffffffffffffffffffffffffffde
:1025a800ffffffffffffffffffffffffffffffff33
:1025b800ffffffffffffffffffffffffffffffff23
:1025c800ffffffffffffffffe083e083e083e0837f
:1025d800e083e083e083e083e083e083e083e083db
:1025e800e083e083e083e083e083e083e083e083cb
:1025f800e083e083e083e083e083e083e083e083bb
:10260800e083e083e083e083ffffffffffffffff3e
:10261800ffffffffffffffffffffffffffffffffc2
:10262800ffffffffffffffffffffffffffffffffb2
:10263800ffffffffffffffffffffffffffffe0833d
:10264800e083e083e083e083e083e083e083e0836a
:10265800e083e083e083e083e083e083e083e0835a
:10266800e083e083e083e083e083e083e083e0834a
:10267800e083e083e083e083e083e083e083ffff9f
:10268800ffffffffffffffffffffffffffffffff52
:10269800ffffffffffffffffffffffffffffffff42
:1026a800ffffffffffffffffffffffffffffffff32
:1026b800ffffffffe083e083e083e083e083e083c4
:1026c800e083e083e083e083e083e083e083e083ea
:1026d800e083e083e083e083e083e083e083e083da
:1026e800e083e083e083e083e083e083e083e083ca
:1026f800e083e083ffffffffffffffffffffffff18
:10270800ffffffffffffffffffffffffffffffffd1
:10271800ffffffffffffffffffffffffffffffffc1
:10272800ffffffffffffffffffffe083e083e08382
:10273800e083e083e083e083e083e083e083e08379
:10274800e083e083e083e083e083e083e083ffffce
:10275800ffffffffffffffffffffffffffffffff81
:10276800ffffffffffffffffffffffffffffffff71
:10277800ffffffffffffffffffffffffffffffff61
:10278800ffffffffffffffffffffffffffffffff51
:10279800ffffffffffffffffffffffffffffffff41
:1027a800ffffffffffffffffffffffffffffffff31
:1027b800ffffffffffffffffffffffffe083e08357
:1027c800e083e083e083ffffffffffffffffffffe2
:1027d800ffffffffffffffffffffffffffffffff01
:1027e800fffffffffffffffffffffffffffffffff1
:1027f800ffffffffffffffffffffffffffffffffe1
:10280800ffffffffffffffffffffffffffffffffd0
:10281800ffffffffffffffffffffffffffffffffc0
:10282800ffffffffffffffffffffffffffffffffb0
:10283800e083e083e083e083e083e083e083ffffdd
:10284800ffffffffffffffffffffffffffffffff90
:10285800ffffffffffffffffffffffffffffffff80
:10286800ffffffffffffffffffffffffffffffff70
:10287800ffffffffffffffffffffffffffffffff60
:10288800ffffffffffffffffffffffffffffffff50
:10289800ffffffffffffffffffffffffffffffff40
:1028a800ffffffffe083e083e083e083e083e083d2
:1028b800e083e083e083fffffffffffffffffffff1
:1028c800ffffffffffffffffffffffffffffffff10
:1028d800ffffffffffffffffffffffffffffffff00
:1028e800fffffffffffffffffffffffffffffffff0
:1028f800ffffffffffffffffffffffffffffffffe0
:10290800ffffffffffffffffffffffffffffffffcf
:10291800ffffffffffffffffe083e083e083e0832b
:10292800e083e083e083e083e083e083e083ffffec
:10293800ffffffffffffffffffffffffffffffff9f
:10294800ffffffffffffffffffffffffffffffff8f
:10295800ffffffffffffffffffffffffffffffff7f
:10296800ffffffffffffffffffffffffffffffff6f
:10297800ffffffffffffffffffffffffffffffff5f
:10298800ffffffffffffffffffffffffe083e08385
:10299800e083e083e083e083e083e083e083e08317
:1029a800e083e083e083ffffffffffffffffffff00
:1029b800ffffffffffffffffffffffffffffffff1f
:1029c800ffffffffffffffffffffffffffffffff0f
:1029d800ffffffffffffffffffffffffffffffffff
:1029e800ffffffffffffffffffffffffffffffffef
:1029f800ffffffffffffffffffffffffffffffffdf
:102a0800e083e083e083e083e083e083e083e083a6
:102a1800e083e083e083e083e083e083e083fffffb
:102a2800ffffffffffffffffffffffffffffffffae
:102a3800ffffffffffffffffffffffffffffffff9e
:102a4800ffffffffffffffffffffffffffffffff8e
:102a5800ffffffffffffffffffffffffffffffff7e
:102a6800ffffffffffffffffffffffffffffffff6e
:102a7800ffffffffe083e083e083e083e083e08300
:102a8800e083e083e083e083e083e083e083e08326
:102a9800e083e083e083ffffffffffffffffffff0f
:102aa800ffffffffffffffffffffffffffffffff2e
:102ab800ffffffffffffffffffffffffffffffff1e
:102ac800ffffffffffffffffffffffffffffffff0e
:102ad800fffffffffffffffffffffffffffffffffe
:102ae800ffffffffffffffffe083e083e083e0835a
:102af800e083e083e083e083e083e083e083e083b6
:102b0800e083e083e083e083e083e083e083ffff0a
:102b1800ffffffffffffffffffffffffffffffffbd
:102b2800ffffffffffffffffffffffffffffffffad
:102b3800ffffffffffffffffffffffffffffffff9d
:102b4800ffffffffffffffffffffffffffffffff8d
:102b5800ffffffffffffffffffffffffe083e083b3
:102b6800e083e083e083e083e083e083e083e08345
:102b7800e083e083e083e083e083e083e083e08335
:102b8800e083e083e083ffffffffffffffffffff1e
:102b9800ffffffffffffffffffffffffffffffff3d
:102ba800ffffffffffffffffffffffffffffffff2d
:102bb800ffffffffffffffffffffffffffffffff1d
:102bc800ffffffffffffffffffffffffffffffff0d
:102bd800e083e083e083e083e083e083e083e083d5
:102be800e083e083e083e083e083e083e083e083c5
:102bf800e083e083e083e083e083e083e083ffff1a
:102c0800ffffffffffffffffffffffffffffffffcc
:102c1800ffffffffffffffffffffffffffffffffbc
:102c2800ffffffffffffffffffffffffffffffffac
:102c3800ffffffffffffffffffffffffffffffff9c
:102c4800ffffffffe083e083e083e083e083e0832e
:102c5800e083e083e083e083e083e083e083e08354
:102c6800e083e083e083e083e083e083e083e08344
:102c7800e083e083e083ffffffffffffffffffff2d
:102c8800ffffffffffffffffffffffffffffffff4c
:102c9800ffffffffffffffffffffffffffffffff3c
:102ca800ffffffffffffffffffffffffffffffff2c
:102cb800ffffffffffffffffe083e083e083e08388
:102cc800e083e083e083e083e083e083e083e083e4
:102cd800e083e083e083e083e083e083e083e083d4
:102ce800e083e083e083e083e083e083e083ffff29
:102cf800ffffffffffffffffffffffffffffffffdc
:102d0800ffffffffffffffffffffffffffffffffcb
:102d1800ffffffffffffffffffffffffffffffffbb
:102d2800ffffffffffffffffffffffffe083e083e1
:102d3800e083e083e083e083e083e083e083e08373
:102d4800e083e083e083e083e083e083e083e08363
:102d5800e083e083e083e083e083e083e083e08353
:102d6800e083e083e083ffffffffffffffffffff3c
:102d7800ffffffffffffffffffffffffffffffff5b
:102d8800ffffffffffffffffffffffffffffffff4b
:102d9800ffffffffffffffffffffffffffffffff3b
:102da800e083e083e083e083e083e083e083e08303
:102db800e083e083e083e083e083e083e083e083f3
:102dc800e083e083e083e083e083e083e083e083e3
:102dd800e083e083e083e083e083e083e083ffff38
:102de800ffffffffffffffffffffffffffffffffeb
:102df800ffffffffffffffffffffffffffffffffdb
:102e0800ffffffffffffffffffffffffffffffffca
:102e1800dfffffffe083e083e083e083e083e0837c
:102e2800e083e083e083e083e083e083e083e08382
:102e3800e083e083e083e083e083e083e083e08372
:102e4800e083e083e083e083e083e083e083e08362
:102e5800e083e083e083ffffffffffffffffffff4b
:102e6800ffffffffffffffffffffffffffffffff6a
:102e7800ffffffffffffffffffffffffffffffff5a
:102e8800ffffffffffffffffe083e083e083e083b6
:102e9800e083e083e083e083e083e083e083e08312
:102ea800e083e083e083e083e083e083e083e08302
:102eb800e083e083e083e083e083e083e083e083f2
:102ec800e083e083e083e083e083e083e083ffff47
:102ed800fffffffffffffffffffffffffffffffffa
:102ee800ffffffffffffffffffffffffffffffffea
:102ef800ffffffffffffffffffffffffe083e08310
:102f0800e083e083e083e083e083e083e083e083a1
:102f1800e083e083e083e083e083e083e083e08391
:102f2800e083e083e083e083e083e083e083e08381
:102f3800e083e083e083e083e083e083e083e08371
:102f4800e083e083e083ffffffffffffffffffff5a
:102f5800ffffffffffffffffffffffffffffffff79
:102f6800ffffffffffffffffffffffffffffffff69
:102f7800e083e083e083e083e083e083e083e08331
:102f8800e083e083e083e083e083e083e083e08321
:102f9800e083e083e083e083e083e083e083e08311
:102fa800e083e083e083e083e083e083e083e08301
:102fb800e083e083e083e083e083e083e083ffff56
:102fc800ffffffffffffffffffffffffffffffff09
:102fd800fffffffffffffffffffffffffffffffff9
:102fe800ffffffffe083e083e083e083e083e0838b
:102ff800e083e083e083e083e083e083e083e083b1
:10300800e083e083e083e083e083e083e083e083a0
:10301800e083e083e083e083e083e083e083e08390
:10302800e083e083e083e083e083e083e083e08380
:10303800e083e083e083ffffffffffffffffffff69
:10304800ffffffffffffffffffffffffffffffff88
:10305800ffffffffffffffffe083e083e083e083e4
:10306800e083e083e083e083e083e083e083e08340
:10307800e083e083e083e083e083e083e083e08330
:10308800e083e083e083e083e083e083e083e08320
:10309800e083e083e083e083e083e083e083e08310
:1030a800e083e083e083e083e083e083e083ffff65
:1030b800ffffffffffffffffffffffffffffffff18
:1030c800ffffffffffffffffffffffffe083e0833e
:1030d800e083e083e083e083e083e083e083e083d0
:1030e800e083e083e083e083e083e083e083e083c0
:1030f800e083e083e083e083e083e083e083e083b0
:10310800e083e083e083e083e083e083e083e0839f
:10311800e083e083e083e083e083e083e083e0838f
:10312800e083e083e083ffffdfffffffffffffff98
:10313800ffffffffffffffffffffffffffffffff97
:10314800e083e083e083e083e083e083e083e0835f
:10315800e083e083e083e083e083e083e083e0834f
:10316800e083e083e083e083e083e083e083e0833f
:10317800e083e083e083e083e083e083e083e0832f
:10318800e083e083e083e083e083e083e083e0831f
:10319800e083e083e083e083e083e083e083ffff74
:1031a800ffffffffffffffffffffffffffffffff27
:1031b800ffffffffe083e083e083e083e083e083b9
:1031c800e083e083e083e083e083e083e083e083df
:1031d800e083e083e083e083e083e083e083e083cf
:1031e800e083e083e083e083e083e083e083e083bf
:1031f800e083e083e083e083e083e083e083e083af
:10320800e083e083e083e083e083e083e083e0839e
:10321800e083e083e083ffffffffffffffffffff87
:10322800ffffffffffffffffe083e083e083e08312
:10323800e083e083e083e083e083e083e083e0836e
:10324800e083e083e083e083e083e083e083e0835e
:10325800e083e083e083e083e083e083e083e0834e
:10326800e083e083e083e083e083e083e083e0833e
:10327800e083e083e083e083e083e083e083e0832e
:10328800e083e083e083e083e083e083e083ffff83
:10329800ffffffffffffffffffffffffe083e0836c
:1032a800e083e083e083e083e083e083e083e083fe
:1032b800e083e083e083e083e083e083e083e083ee
:1032c800e083e083e083e083e083e083e083e083de
:1032d800e083e083e083e083e083e083e083e083ce
:1032e800e083e083e083e083e083e083e083e083be
:1032f800e083e083e083e083e083e083e083e083ae
:10330800e083e083e083ffffffffffffffffffff96
:10331800e083e083e083e083e083e083e083e0838d
:10332800e083e083e083e083e083e083e083e0837d
:10333800e083e083e083e083e083e083e083e0836d
:10334800e083e083e083e083e083e083e083e0835d
:10335800e083e083e083e083e083e083e083e0834d
:10336800e083e083e083e083e083e083e083e0833d
:10337800e083e083e083e083e083e083e083ffff92
:10338800dfffffffe083e083e083e083e083e08307
:10339800e083e083e083e083e083e083e083e0830d
:1033a800e083e083e083e083e083e083e083e083fd
:1033b800e083e083e083e083e083e083e083e083ed
:1033c800e083e083e083e083e083e083e083e083dd
:1033d800e083e083e083e083e083e083e083e083cd
:1033e800e083e083e083e083e083e083e083e083bd
:1033f800e083e083e083ffffe083e083e083e08312
:10340800e083e083e083e083e083e083e083e0839c
:10341800e083e083e083e083e083e083e083e0838c
:10342800e083e083e083e083e083e083e083e0837c
:10343800e083e083e083e083e083e083e083e0836c
:10344800e083e083e083e083e083e083e083e0835c
:10345800e083e083e083e083e083e083e083e0834c
:10346800e083e083e083e083e083e083e083e0833c
:10347800e083e083e083e083e083e083e083e0832c
:10348800e083e083e083e083e083e083e083e0831c
:10349800e083e083e083e083e083e083e083e0830c
:1034a800e083e083e083e08300000000b834009dff
:1034b80000108b00740161106110611061106110bf
:1034c800611061106110611061106110611061106c
:1034d800611061106110611061106110611061105c
:1034e800611061106110611061106110611061104c
:1034f800611061106110611061106110611061103c
:10350800611061106110611061106110611061102b
:10351800611061106110611061106110611061101b
:10352800611061106110611061106110611061100b
:1035380061106110611061106110611061106110fb
:1035480061106110611061106110611061106110eb
:1035580061106110611061106110611061106110db
:1035680061106110611061106110611061106110cb
:1035780061106110611061106110611061106110bb
:1035880061106110611061106110611061106110ab
:10359800611061106110611061106110611061109b
:1035a800611061106110611061106110611061108b
:1035b800611061106110611061106110611061107b
:1035c800611061106110611061106110611061106b
:1035d800611061106110611061106110611061105b
:1035e800611061106110611061106110611061104b
:1035f800611061106110611061106110611061103b
:10360800611061106110611061106110611061102a
:10361800611061106110611061106110611061101a
:10362800611061106110611061106110611061100a
:1036380061106110611061106110611061106110fa
:1036480061106110611061106110611061106110ea
:1036580061106110611061106110611061106110da
:1036680061106110611061106110611061106110ca
:1036780061106110611061106110611061106110ba
:1036880061106110611061106110611061106110aa
:10369800611061106110611061106110611061109a
:1036a800611061106110611061106110611061108a
:1036b800611061106110611061106110611061107a
:1036c800611061106110611061106110611061106a
:1036d800611061106110611061106110611061105a
:1036e800611061106110611061106110611061104a
:1036f800611061106110611061106110611061103a
:103708006110611061106110611061106110611029
:103718006110611061106110611061106110611019
:103728006110611061106110611061106110611009
:1037380061106110611061106110611061106110f9
:1037480061106110611061106110611061106110e9
:1037580061106110611061106110611061106110d9
:1037680061106110611061106110611061106110c9
:1037780061106110611061106110611061106110b9
:1037880061106110611061106110611061106110a9
:103798006110611061106110611061106110611099
:1037a8006110611061106110611061106110611089
:1037b8006110611061106110611061106110611079
:1037c8006110611061106110611061106110611069
:1037d8006110611061106110611061106110611059
:1037e8006110611061106110611061106110611049
:1037f8006110611061106110611061106110611039
:103808006110611061106110611061106110611028
:103818006110611061106110611061106110611018
:103828006110611061106110611061106110611008
:1038380061106110611061106110611061106110f8
:1038480061106110611061106110611061106110e8
:1038580061106110611061106110611061106110d8
:1038680061106110611061106110611061106110c8
:1038780061106110611061106110611061106110b8
:1038880061106110611061106110611061106110a8
:103898006110611061106110611061106110611098
:1038a8006110611061106110611061106110611088
:1038b8006110611061106110611061106110611078
:1038c8006110611061106110611061106110611068
:1038d8006110611061106110611061106110611058
:1038e8006110611061106110611061106110611048
:1038f8006110611061106110611061106110611038
:103908006110611061106110611061106110611027
:103918006110611061106110611061106110611017
:103928006110611061106110611061106110611007
:1039380061106110611061106110611061106110f7
:1039480061106110611061106110611061106110e7
:1039580061106110611061106110611061106110d7
:1039680061106110611061106110611061106110c7
:1039780061106110611061106110611061106110b7
:1039880061106110611061106110611061106110a7
:103998006110611061106110611061106110611097
:1039a8006110611061106110611061106110611087
:1039b8006110611061106110611061106110611077
:1039c8006110611061106110611061106110611067
:1039d8006110611061106110611061106110611057
:1039e8006110611061106110611061106110611047
:1039f8006110611061106110611061106110611037
:103a08006110611061106110611061106110611026
:103a18006110611061106110611061106110611016
:103a28006110611061106110611061106110611006
:103a380061106110611061106110611061106110f6
:103a480061106110611061106110611061106110e6
:103a580061106110611061106110611061106110d6
:103a680061106110611061106110611061106110c6
:103a780061106110611061106110611061106110b6
:103a880061106110611061106110611061106110a6
:103a98006110611061106110611061106110611096
:103aa8006110611061106110611061106110611086
:103ab8006110611061106110611061106110611076
:103ac8006110611061106110611061106110611066
:103ad8006110611061106110611061106110611056
:103ae8006110611061106110611061106110611046
:103af8006110611061106110611061106110611036
:103b08006110611061106110611061106110611025
:103b18006110611061106110611061106110611015
:103b28006110611061106110611061106110611005
:103b380061106110611061106110611061106110f5
:103b480061106110611061106110611061106110e5
:103b580061106110611061106110611061106110d5
:103b680061106110611061106110611061106110c5
:103b780061106110611061106110611061106110b5
:103b880061106110611061106110611061106110a5
:103b98006110611061106110611061106110611095
:103ba8006110611061106110611061106110611085
:103bb8006110611061106110611061106110611075
:103bc8006110611061106110611061106110611065
:103bd8006110611061106110611061106110611055
:103be8006110611061106110611061106110611045
:103bf8006110611061106110611061106110611035
:103c08006110611061106110611061106110611024
:103c18006110611061106110611061106110611014
:103c28006110611061106110611061106110611004
:103c380061106110611061106110611061106110f4
:103c480061106110611061106110611061106110e4
:103c580061106110611061106110611061106110d4
:103c680061106110611061106110611061106110c4
:103c780061106110611061106110611061106110b4
:103c880061106110611061106110611061106110a4
:103c98006110611061106110611061106110611094
:103ca8006110611061106110611061106110611084
:103cb8006110611061106110611061106110611074
:103cc8006110611061106110611061106110611064
:103cd8006110611061106110611061106110611054
:103ce8006110611061106110611061106110611044
:103cf8006110611061106110611061106110611034
:103d08006110611061106110611061106110611023
:103d18006110611061106110611061106110611013
:103d28006110611061106110611061106110611003
:103d380061106110611061106110611061106110f3
:103d480061106110611061106110611061106110e3
:103d580061106110611061106110611061106110d3
:103d680061106110611061106110611061106110c3
:103d780061106110611061106110611061106110b3
:103d880061106110611061106110611061106110a3
:103d98006110611061106110611061106110611093
:103da8006110611061106110611061106110611083
:103db8006110611061106110611061106110611073
:103dc8006110611061106110611061106110611063
:103dd8006110611061106110611061106110611053
:103de8006110611061106110611061106110611043
:103df8006110611061106110611061106110611033
:103e08006110611061106110611061106110611022
:103e18006110611061106110611061106110611012
:103e28006110611061106110611061106110611002
:103e380061106110611061106110611061106110f2
:103e480061106110611061106110611061106110e2
:103e580061106110611061106110611061106110d2
:103e680061106110611061106110611061106110c2
:103e780061106110611061106110611061106110b2
:103e880061106110611061106110611061106110a2
:103e98006110611061106110611061106110611092
:103ea8006110611061106110611061106110611082
:103eb8006110611061106110611061106110611072
:103ec8006110611061106110611061106110611062
:103ed8006110611061106110611061106110611052
:103ee8006110611061106110611061106110611042
:103ef8006110611061106110611061106110611032
:103f08006110611061106110611061106110611021
:103f18006110611061106110611061106110611011
:103f28006110611061106110611061106110611001
:103f380061106110611061106110611061106110f1
:103f480061106110611061106110611061106110e1
:103f580061106110611061106110611061106110d1
:103f680061106110611061106110611061106110c1
:103f780061106110611061106110611061106110b1
:103f880061106110611061106110611061106110a1
:103f98006110611061106110611061106110611091
:103fa8006110611061106110611061106110611081
:103fb8006110611061106110611061106110611071
:103fc8006110611061106110611061106110611061
:103fd8006110611061106110611061106110611051
:103fe8006110611061106110611061106110611041
:103ff8006110611061106110611061106110611031
:104008006110611061106110611061106110611020
:104018006110611061106110611061106110611010
:104028006110611061106110611061106110611000
:1040380061106110611061106110611061106110f0
:1040480061106110611061106110611061106110e0
:1040580061106110611061106110611061106110d0
:1040680061106110611061106110611061106110c0
:1040780061106110611061106110611061106110b0
:1040880061106110611061106110611061106110a0
:104098006110611061106110611061106110611090
:1040a8006110611061106110611061106110611080
:1040b8006110611061106110611061106110611070
:1040c8006110611061106110611061106110611060
:1040d8006110611061106110611061106110611050
:1040e8006110611061106110611061106110611040
:1040f8006110611061106110611061106110611030
:10410800611061106110611061106110611061101f
:10411800611061106110611061106110611061100f
:1041280061106110611061106110611061106110ff
:1041380061106110611061106110611061106110ef
:1041480061106110611061106110611061106110df
:1041580061106110611061106110611061106110cf
:1041680061106110611061106110611061106110bf
:1041780061106110611061106110611061106110af
:10418800611061106110611061106110611061109f
:10419800611061106110611061106110611061108f
:1041a800611061106110611061106110611061107f
:1041b800611061106110611061106110611061106f
:1041c800611061106110611061106110611061105f
:1041d800611061106110611061106110611061104f
:1041e800611061106110611061106110611061103f
:1041f800611061106110611061106110611061102f
:10420800611061106110611061106110611061101e
:10421800611061106110611061106110611061100e
:1042280061106110611061106110611061106110fe
:1042380061106110611061106110611061106110ee
:1042480061106110611061106110611061106110de
:1042580061106110611061106110611061106110ce
:1042680061106110611061106110611061106110be
:1042780061106110611061106110611061106110ae
:10428800611061106110611061106110611061109e
:10429800611061106110611061106110611061108e
:1042a800611061106110611061106110611061107e
:1042b800611061106110611061106110611061106e
:1042c800611061106110611061106110611061105e
:1042d800611061106110611061106110611061104e
:1042e800611061106110611061106110611061103e
:1042f800611061106110611061106110611061102e
:10430800611061106110611061106110611061101d
:10431800611061106110611061106110611061100d
:1043280061106110611061106110611061106110fd
:1043380061106110611061106110611061106110ed
:1043480061106110611061106110611061106110dd
:1043580061106110611061106110611061106110cd
:1043680061106110611061106110611061106110bd
:1043780061106110611061106110611061106110ad
:10438800611061106110611061106110611061109d
:10439800611061106110611061106110611061108d
:1043a800611061106110611061106110611061107d
:1043b800611061106110611061106110611061106d
:1043c800611061106110611061106110611061105d
:1043d800611061106110611061106110611061104d
:1043e800611061106110611061106110611061103d
:1043f800611061106110611061106110611061102d
:10440800611061106110611061106110611061101c
:10441800611061106110611061106110611061100c
:1044280061106110611061106110611061106110fc
:1044380061106110611061106110611061106110ec
:1044480061106110611061106110611061106110dc
:1044580061106110611061106110611061106110cc
:1044680061106110611061106110611061106110bc
:1044780061106110611061106110611061106110ac
:10448800611061106110611061106110611061109c
:10449800611061106110611061106110611061108c
:1044a800611061106110611061106110611061107c
:1044b800611061106110611061106110611061106c
:1044c800611061106110611061106110611061105c
:1044d800611061106110611061106110611061104c
:1044e800611061106110611061106110611061103c
:1044f800611061106110611061106110611061102c
:10450800611061106110611061106110611061101b
:10451800611061106110611061106110611061100b
:1045280061106110611061106110611061106110fb
:1045380061106110611061106110611061106110eb
:1045480061106110611061106110611061106110db
:1045580061106110611061106110611061106110cb
:1045680061106110611061106110611061106110bb
:1045780061106110611061106110611061106110ab
:10458800611061106110611061106110611061109b
:10459800611061106110611061106110611061108b
:1045a800611061106110611061106110611061107b
:1045b800611061106110611061106110611061106b
:1045c800611061106110611061106110611061105b
:1045d800611061106110611061106110611061104b
:1045e800611061106110611061106110611061103b
:1045f800611061106110611061106110611061102b
:10460800611061106110611061106110611061101a
:10461800611061106110611061106110611061100a
:1046280061106110611061106110611061106110fa
:1046380061106110611061106110611061106110ea
:1046480061106110611061106110611061106110da
:1046580061106110611061106110611061106110ca
:1046680061106110611061106110611061106110ba
:1046780061106110611061106110611061106110aa
:10468800611061106110611061106110611061109a
:10469800611061106110611061106110611061108a
:1046a800611061106110611061106110611061107a
:1046b800611061106110611061106110611061106a
:1046c800611061106110611061106110611061105a
:1046d800611061106110611061106110611061104a
:1046e800611061106110611061106110611061103a
:1046f800611061106110611061106110611061102a
:104708006110611061106110611061106110611019
:104718006110611061106110611061106110611009
:1047280061106110611061106110611061106110f9
:1047380061106110611061106110611061106110e9
:1047480061106110611061106110611061106110d9
:1047580061106110611061106110611061106110c9
:1047680061106110611061106110611061106110b9
:1047780061106110611061106110611061106110a9
:1047880061106110611061106110611061102429bd
:10479800ffffffffffffffffffffffffffffffff21
:1047a800ffffffffffffffff0c6361106110611047
:1047b800611061106110611061106110bad6ffffbd
:1047c800fffffffffffffffffffffffffffffffff1
:1047d800ffffffffffffffff718c61106110611089
:1047e8006110611061106110611061106110611039
:1047f8006110611061106110611061106110611029
:104808006110611061106110611061106110611018
:104818006110611061106110611061106110611008
:1048280061106110611061106110611061106110f8
:1048380061106110611061106110611061106110e8
:1048480061106110611061106110611061106110d8
:1048580061106110611061106110611061106110c8
:1048680061106110611061106110611061106110b8
:1048780061106110611061106110611061106110a8
:104888006110611061106110611061106110611098
:104898006110611061106110611061106110611088
:1048a8006110611061106110611061106110611078
:1048b8006110611061106110611061106110611068
:1048c8006110611061106110611061106110611058
:1048d8006110611061106110611061106110611048
:1048e8006110611061106110611061106110611038
:1048f8006110611061106110611061106110611028
:104908006110611061106110611061106110611017
:104918006110611061106110611061106110611007
:1049280061106110611061106110611061106110f7
:1049380061106110611061106110611061106110e7
:1049480061106110611061106110611061106110d7
:1049580061106110611061106110611061106110c7
:1049680061106110611061106110611061106110b7
:1049780061106110611061106110611061106110a7
:104988006110611061106110611061106110611097
:104998006110611061106110611061106110611087
:1049a8006110611061106110611061106110611077
:1049b8006110611061106110611061106110611067
:1049c8006110611061106110611061106110611057
:1049d8006110611061106110611061106110611047
:1049e8006110611061106110611061106110611037
:1049f8006110611061106110611061106110611027
:104a08006110611061106110611061106110611016
:104a18006110611061106110611061106110611006
:104a280061106110611061106110611061106110f6
:104a380061106110611061106110611061106110e6
:104a480061106110611061106110611061106110d6
:104a580061106110611061106110611061106110c6
:104a680061106110611061106110611061106110b6
:104a7800611061106110ffffffffffffffffffffe5
:104a8800ffffffffffffffffffffffffffffffff2e
:104a9800ffffd29c611061106110611061106110fc
:104aa80061106110bad6ffffffffffffffffffff96
:104ab800fffffffffffffffffffffffffffffffffe
:104ac800718c6110611061106110611061106110ca
:104ad8006110611061106110611061106110611046
:104ae8006110611061106110611061106110611036
:104af8006110611061106110611061106110611026
:104b08006110611061106110611061106110611015
:104b18006110611061106110611061106110611005
:104b280061106110611061106110611061106110f5
:104b380061106110611061106110611061106110e5
:104b480061106110611061106110611061106110d5
:104b580061106110611061106110611061106110c5
:104b680061106110611061106110611061106110b5
:104b780061106110611061106110611061106110a5
:104b88006110611061106110611061106110611095
:104b98006110611061106110611061106110611085
:104ba8006110611061106110611061106110611075
:104bb8006110611061106110611061106110611065
:104bc8006110611061106110611061106110611055
:104bd8006110611061106110611061106110611045
:104be8006110611061106110611061106110611035
:104bf8006110611061106110611061106110611025
:104c08006110611061106110611061106110611014
:104c18006110611061106110611061106110611004
:104c280061106110611061106110611061106110f4
:104c380061106110611061106110611061106110e4
:104c480061106110611061106110611061106110d4
:104c580061106110611061106110611061106110c4
:104c680061106110611061106110611061106110b4
:104c780061106110611061106110611061106110a4
:104c88006110611061106110611061106110611094
:104c98006110611061106110611061106110611084
:104ca8006110611061106110611061106110611074
:104cb8006110611061106110611061106110611064
:104cc8006110611061106110611061106110611054
:104cd8006110611061106110611061106110611044
:104ce8006110611061106110611061106110611034
:104cf8006110611061106110611061106110611024
:104d08006110611061106110611061106110611013
:104d18006110611061106110611061106110611003
:104d280061106110611061106110611061106110f3
:104d380061106110611061106110611061106110e3
:104d480061106110611061106110611061106110d3
:104d58006110611061106110611061106110ffff36
:104d6800ffffffffffffffffffffffffffffffff4b
:104d7800fffffffffffffffffffff7c56110611097
:104d8800611061106110611061106110bad6ffffe7
:104d9800ffffffffffffffffffffffffffffffff1b
:104da800ffffffffffffffff718c611061106110b3
:104db8006110611061106110611061106110611063
:104dc8006110611061106110611061106110611053
:104dd8006110611061106110611061106110611043
:104de8006110611061106110611061106110611033
:104df8006110611061106110611061106110611023
:104e08006110611061106110611061106110611012
:104e18006110611061106110611061106110611002
:104e280061106110611061106110611061106110f2
:104e380061106110611061106110611061106110e2
:104e480061106110611061106110611061106110d2
:104e580061106110611061106110611061106110c2
:104e680061106110611061106110611061106110b2
:104e780061106110611061106110611061106110a2
:104e88006110611061106110611061106110611092
:104e98006110611061106110611061106110611082
:104ea8006110611061106110611061106110611072
:104eb8006110611061106110611061106110611062
:104ec8006110611061106110611061106110611052
:104ed8006110611061106110611061106110611042
:104ee8006110611061106110611061106110611032
:104ef8006110611061106110611061106110611022
:104f08006110611061106110611061106110611011
:104f18006110611061106110611061106110611001
:104f280061106110611061106110611061106110f1
:104f380061106110611061106110611061106110e1
:104f480061106110611061106110611061106110d1
:104f580061106110611061106110611061106110c1
:104f680061106110611061106110611061106110b1
:104f780061106110611061106110611061106110a1
:104f88006110611061106110611061106110611091
:104f98006110611061106110611061106110611081
:104fa8006110611061106110611061106110611071
:104fb8006110611061106110611061106110611061
:104fc8006110611061106110611061106110611051
:104fd8006110611061106110611061106110611041
:104fe8006110611061106110611061106110611031
:104ff8006110611061106110611061106110611021
:105008006110611061106110611061106110611010
:105018006110611061106110611061106110611000
:1050280061106110611061106110611061106110f0
:1050380061106110611061106110611061106110e0
:10504800611061106110ffffffffffffffffffff0f
:10505800ffffffffffffffffffffffffffffffff58
:10506800ffffbad661106110611061106110611004
:1050780061106110bad6ffffffffffffffffffffc0
:10508800ffffffffffffffffffffffffffffffff28
:10509800718c6110611061106110611061106110f4
:1050a8006110611061106110611061106110611070
:1050b8006110611061106110611061106110611060
:1050c8006110611061106110611061106110611050
:1050d8006110611061106110611061106110611040
:1050e8006110611061106110611061106110611030
:1050f8006110611061106110611061106110611020
:10510800611061106110611061106110611061100f
:1051180061106110611061106110611061106110ff
:1051280061106110611061106110611061106110ef
:1051380061106110611061106110611061106110df
:1051480061106110611061106110611061106110cf
:1051580061106110611061106110611061106110bf
:1051680061106110611061106110611061106110af
:10517800611061106110611061106110611061109f
:10518800611061106110611061106110611061108f
:10519800611061106110611061106110611061107f
:1051a800611061106110611061106110611061106f
:1051b800611061106110611061106110611061105f
:1051c800611061106110611061106110611061104f
:1051d800611061106110611061106110611061103f
:1051e800611061106110611061106110611061102f
:1051f800611061106110611061106110611061101f
:10520800611061106110611061106110611061100e
:1052180061106110611061106110611061106110fe
:1052280061106110611061106110611061106110ee
:1052380061106110611061106110611061106110de
:1052480061106110611061106110611061106110ce
:1052580061106110611061106110611061106110be
:1052680061106110611061106110611061106110ae
:10527800611061106110611061106110611061109e
:10528800611061106110611061106110611061108e
:10529800611061106110611061106110611061107e
:1052a800611061106110611061106110611061106e
:1052b800611061106110611061106110611061105e
:1052c800611061106110611061106110611061104e
:1052d800611061106110611061106110611061103e
:1052e800611061106110611061106110611061102e
:1052f800611061106110611061106110611061101e
:10530800611061106110611061106110611061100d
:1053180061106110611061106110611061106110fd
:105328006110611061106110611061106110ffff60
:10533800ffffffffffffffffffffffffffffffff75
:10534800ffffffffffffffffffffbad661106110ed
:10535800611061106110611061106110bad6ffff11
:10536800ffffffffffffffffffffffffffffffff45
:10537800ffffffffffffffff718c611061106110dd
:10538800611061106110611061106110611061108d
:10539800611061106110611061106110611061107d
:1053a800611061106110611061106110611061106d
:1053b800611061106110611061106110611061105d
:1053c800611061106110611061106110611061104d
:1053d800611061106110611061106110611061103d
:1053e800611061106110611061106110611061102d
:1053f800611061106110611061106110611061101d
:1054080061106110611061106110ffffffffffff65
:10541800ffffffffffffffffffffffffffffffff94
:10542800ffffffffffffffff6110611061106110b8
:1054380061106110611061106110611061106110dc
:1054480061106110611061106110611061106110cc
:1054580061106110611061106110611061106110bc
:1054680061106110611061106110611061106110ac
:10547800611061106110611061106110611061109c
:10548800611061106110611061106110611061108c
:10549800611061106110611061106110611061107c
:1054a800611061106110611061106110611061106c
:1054b800611061106110611061106110611061105c
:1054c800611061106110611061106110611061104c
:1054d800611061106110611061106110611061103c
:1054e800611061106110611061106110611061102c
:1054f800611061106110611061106110611061101c
:10550800611061106110611061106110611061100b
:1055180061106110611061106110611061106110fb
:1055280061106110611061106110611061106110eb
:1055380061106110611061106110611061106110db
:1055480061106110611061106110611061106110cb
:1055580061106110611061106110611061106110bb
:1055680061106110611061106110611061106110ab
:10557800611061106110611061106110611061109b
:10558800611061106110611061106110611061108b
:10559800611061106110611061106110611061107b
:1055a800611061106110611061106110611061106b
:1055b800611061106110611061106110611061105b
:1055c800611061106110611061106110611061104b
:1055d800611061106110611061106110611061103b
:1055e800611061106110611061106110611061102b
:1055f800611061106110611061106110611061101b
:10560800611061106110611061106110611061100a
:10561800611061106110ffffffffffffffffffff39
:10562800ffffffffffffffffffffffffffffffff82
:10563800fffffbe6611061106110611061106110dd
:1056480061106110bad6ffffffffffffffffffffea
:10565800ffffffffffffffffffffffffffffffff52
:10566800718c61106110611061106110611061101e
:10567800611061106110611061106110611061109a
:10568800611061106110611061106110611061108a
:10569800611061106110611061106110611061107a
:1056a800611061106110611061106110611061106a
:1056b800611061106110611061106110611061105a
:1056c800611061106110611061106110611061104a
:1056d800611061106110611061106110611061103a
:1056e800611061106110611061106110611061102a
:1056f8006110ffffffffffffffffffffffffffff3f
:10570800ffffffffffffffffffffffffffffffffa1
:1057180061106110611061106110611061106110f9
:1057280061106110611061106110611061106110e9
:1057380061106110611061106110611061106110d9
:1057480061106110611061106110611061106110c9
:1057580061106110611061106110611061106110b9
:1057680061106110611061106110611061106110a9
:105778006110611061106110611061106110611099
:105788006110611061106110611061106110611089
:105798006110611061106110611061106110611079
:1057a8006110611061106110611061106110611069
:1057b8006110611061106110611061106110611059
:1057c8006110611061106110611061106110611049
:1057d8006110611061106110611061106110611039
:1057e8006110611061106110611061106110611029
:1057f8006110611061106110611061106110611019
:105808006110611061106110611061106110611008
:1058180061106110611061106110611061106110f8
:1058280061106110611061106110611061106110e8
:1058380061106110611061106110611061106110d8
:1058480061106110611061106110611061106110c8
:1058580061106110611061106110611061106110b8
:1058680061106110611061106110611061106110a8
:105878006110611061106110611061106110611098
:105888006110611061106110611061106110611088
:105898006110611061106110611061106110611078
:1058a8006110611061106110611061106110611068
:1058b8006110611061106110611061106110611058
:1058c8006110611061106110611061106110611048
:1058d8006110611061106110611061106110611038
:1058e8006110611061106110611061106110611028
:1058f8006110611061106110611061106110ffff8b
:10590800ffffffffffffffffffffffffffffffff9f
:10591800ffffffffffffffffffff1ce761106110a4
:10592800611061106110611061106110bad6ffff3b
:10593800ffffffffffffffffffffffffffffffff6f
:10594800ffffffffffffffff718c61106110611007
:1059580061106110611061106110611061106110b7
:1059680061106110611061106110611061106110a7
:105978006110611061106110611061106110611097
:105988006110611061106110611061106110611087
:105998006110611061106110611061106110611077
:1059a8006110611061106110611061106110611067
:1059b8006110611061106110611061106110611057
:1059c8006110611061106110611061106110611047
:1059d80061106110611061106110ffffffffffff90
:1059e800ffffffffffffffffffffffffffffffffbf
:1059f800ffffffffffffffff6110611061106110e3
:105a08006110611061106110611061106110611006
:105a180061106110611061106110611061106110f6
:105a280061106110611061106110611061106110e6
:105a380061106110611061106110611061106110d6
:105a480061106110611061106110611061106110c6
:105a580061106110611061106110611061106110b6
:105a680061106110611061106110611061106110a6
:105a78006110611061106110611061106110611096
:105a88006110611061106110611061106110611086
:105a98006110611061106110611061106110611076
:105aa8006110611061106110611061106110611066
:105ab8006110611061106110611061106110611056
:105ac8006110611061106110611061106110611046
:105ad800611061106110611061108210e318653166
:105ae8008531442924296110611061106110611009
:105af8006110611061106110611061106110611016
:105b08006110611061106110611061106110611005
:105b180061106110611061106110611061106110f5
:105b280061106110611061106110611061106110e5
:105b380061106110611061106110611061106110d5
:105b480061106110611061106110611061106110c5
:105b580061106110611061106110611061106110b5
:105b680061106110611061106110611061106110a5
:105b78006110611061106110611061106110611095
:105b88006110611061106110611061106110611085
:105b98006110611061106110611061106110611075
:105ba8006110611061106110611061106110611065
:105bb8006110611061106110611061106110611055
:105bc8006110611061106110611061106110611045
:105bd8006110611061106110611061106110611035
:105be800611061106110ffffffffffffffffffff64
:105bf800ffffffffffffffffffffffffffffffffad
:105c0800ffff1ce7611061106110611061106110e5
:105c180061106110bad6ffffffffffffffffffff14
:105c2800ffffffffffffffffffffffffffffffff7c
:105c3800718c611061106110611061106110611048
:105c480061106110611061106110611061106110c4
:105c580061106110611061106110611061106110b4
:105c680061106110611061106110611061106110a4
:105c78006110611061106110611061106110611094
:105c88006110611061106110611061106110611084
:105c98006110611061106110611061106110611074
:105ca8006110611061106110611061106110611064
:105cb8006110611061106110611061106110611054
:105cc8006110ffffffffffffffffffffffffffff69
:105cd800ffffffffffffffffffffffffffffffffcc
:105ce8006110611061106110611061106110611024
:105cf8006110611061106110611061106110611014
:105d08006110611061106110611061106110611003
:105d180061106110611061106110611061106110f3
:105d280061106110611061106110611061106110e3
:105d380061106110611061106110611061106110d3
:105d480061106110611061106110611061106110c3
:105d580061106110611061106110611061106110b3
:105d680061106110611061106110611061106110a3
:105d78006110611061106110611061106110611093
:105d88006110611061106110611061106110611083
:105d98006110611061106110611061106110611073
:105da8006110611061106110611061106110611063
:105db8006110611061106110a210653108422c6bee
:105dc8001084719471947194719471947194718c1c
:105dd8003084ae7bcb5aa639611061106110611016
:105de8006110611061106110611061106110611023
:105df8006110611061106110611061106110611013
:105e08006110611061106110611061106110611002
:105e180061106110611061106110611061106110f2
:105e280061106110611061106110611061106110e2
:105e380061106110611061106110611061106110d2
:105e480061106110611061106110611061106110c2
:105e580061106110611061106110611061106110b2
:105e680061106110611061106110611061106110a2
:105e78006110611061106110611061106110611092
:105e88006110611061106110611061106110611082
:105e98006110611061106110611061106110611072
:105ea8006110611061106110611061106110611062
:105eb8006110611061106110611061106110611052
:105ec8006110611061106110611061106110ffffb5
:105ed800ffffffffffffffffffffffffffffffffca
:105ee800ffffffffffffffffffff1ce761106110cf
:105ef800611061106110611061106110bad6ffff66
:105f0800ffffffffffffffffffffffffffffffff99
:105f1800ffffffffffffffff718c61106110611031
:105f280061106110611061106110611061106110e1
:105f380061106110611061106110611061106110d1
:105f480061106110611061106110611061106110c1
:105f580061106110611061106110611061106110b1
:105f680061106110611061106110611061106110a1
:105f78006110611061106110611061106110611091
:105f88006110611061106110611061106110611081
:105f98006110611061106110611061106110611071
:105fa80061106110611061106110ffffffffffffba
:105fb800ffffffffffffffffffffffffffffffffe9
:105fc800ffffffffffffffff61106110611061100d
:105fd8006110611061106110611061106110611031
:105fe8006110611061106110611061106110611021
:105ff8006110611061106110611061106110611011
:106008006110611061106110611061106110611000
:1060180061106110611061106110611061106110f0
:1060280061106110611061106110611061106110e0
:1060380061106110611061106110611061106110d0
:1060480061106110611061106110611061106110c0
:1060580061106110611061106110611061106110b0
:1060680061106110611061106110611061106110a0
:106078006110611061106110611061106110611090
:106088006110611061106110611061106110611080
:106098006110611061106110494a6d6b518c7194e7
:1060a80071947194719471947194719471947194c0
:1060b80071947194719471947194719471947194b0
:1060c800719471947194ae7b863182106110611065
:1060d8006110611061106110611061106110611030
:1060e8006110611061106110611061106110611020
:1060f8006110611061106110611061106110611010
:1061080061106110611061106110611061106110ff
:1061180061106110611061106110611061106110ef
:1061280061106110611061106110611061106110df
:1061380061106110611061106110611061106110cf
:1061480061106110611061106110611061106110bf
:1061580061106110611061106110611061106110af
:10616800611061106110611061106110611061109f
:10617800611061106110611061106110611061108f
:10618800611061106110611061106110611061107f
:10619800611061106110611061106110611061106f
:1061a800611061106110611061106110611061105f
:1061b800611061106110ffffffffffffffffffff8e
:1061c800ffffffffffffffffffffffffffffffffd7
:1061d800ffffbad661106110611061106110611083
:1061e80061106110bad6ffffffffffffffffffff3f
:1061f800ffffffffffffffffffffffffffffffffa7
:10620800718c611061106110611061106110611072
:1062180061106110611061106110611061106110ee
:1062280061106110611061106110611061106110de
:1062380061106110611061106110611061106110ce
:1062480061106110611061106110611061106110be
:1062580061106110611061106110611061106110ae
:10626800611061106110611061106110611061109e
:10627800611061106110611061106110611061108e
:10628800611061106110611061106110611061107e
:106298006110ffffffffffffffffffffffffffff93
:1062a800fffffffffffffffffffffffffffffffff6
:1062b800611061106110611061106110611061104e
:1062c800611061106110611061106110611061103e
:1062d800611061106110611061106110611061102e
:1062e800611061106110611061106110611061101e
:1062f800611061106110611061106110611061100e
:1063080061106110611061106110611061106110fd
:1063180061106110611061106110611061106110ed
:1063280061106110611061106110611061106110dd
:1063380061106110611061106110611061106110cd
:1063480061106110611061106110611061106110bd
:1063580061106110611061106110611061106110ad
:10636800611061106110611061106110611061109d
:106378006110611061106110611061108531cb5a94
:106388007194719471947194719471947194cf7b98
:10639800eb5a284ae739853185318531a631694a72
:1063a800aa5a4d6b3084719471947194719471945c
:1063b8007194518ca210611061106110611061100c
:1063c800611061106110611061106110611061103d
:1063d800611061106110611061106110611061102d
:1063e800611061106110611061106110611061101d
:1063f800611061106110611061106110611061100d
:1064080061106110611061106110611061106110fc
:1064180061106110611061106110611061106110ec
:1064280061106110611061106110611061106110dc
:1064380061106110611061106110611061106110cc
:1064480061106110611061106110611061106110bc
:1064580061106110611061106110611061106110ac
:10646800611061106110611061106110611061109c
:10647800611061106110611061106110611061108c
:10648800611061106110611061106110611061107c
:106498006110611061106110611061106110ffffdf
:1064a800fffffffffffffffffffffffffffffffff4
:1064b800ffffffffffffffffffffbad6611061106c
:1064c800611061106110611061106110bad6ffff90
:1064d800ffffffffffffffffffffffffffffffffc4
:1064e800ffffffffffffffff718c6110611061105c
:1064f800611061106110611061106110611061100c
:1065080061106110611061106110611061106110fb
:1065180061106110611061106110611061106110eb
:1065280061106110611061106110611061106110db
:1065380061106110611061106110611061106110cb
:1065480061106110611061106110611061106110bb
:1065580061106110611061106110611061106110ab
:10656800611061106110611061106110611061109b
:1065780061106110611061106110ffffffffffffe4
:10658800ffffffffffffffffffffffffffffffff13
:10659800ffffffffffffffff611061106110611037
:1065a800611061106110611061106110611061105b
:1065b800611061106110611061106110611061104b
:1065c800611061106110611061106110611061103b
:1065d800611061106110611061106110611061102b
:1065e800611061106110611061106110611061101b
:1065f800611061106110611061106110611061100b
:1066080061106110611061106110611061106110fa
:1066180061106110611061106110611061106110ea
:1066280061106110611061106110611061106110da
:1066380061106110611061106110611061106110ca
:1066480061106110611061106110611061106110ba
:10665800611061106110611061106110611081108a
:1066680071947194719471947194ef7bcb5ac3189f
:10667800611061106110611061106110611061108a
:10668800611061106110611061106110611061107a
:106698006110611082106e73719471947194719489
:1066a8007194494a611061106110611061106110a4
:1066b800611061106110611061106110611061104a
:1066c800611061106110611061106110611061103a
:1066d800611061106110611061106110611061102a
:1066e800611061106110611061106110611061101a
:1066f800611061106110611061106110611061100a
:1067080061106110611061106110611061106110f9
:1067180061106110611061106110611061106110e9
:1067280061106110611061106110611061106110d9
:1067380061106110611061106110611061106110c9
:1067480061106110611061106110611061106110b9
:1067580061106110611061106110611061106110a9
:106768006110611061106110611061106110611099
:106778006110611061106110611061106110611089
:10678800611061106110ffffffffffffffffffffb8
:10679800ffffffffffffffffffffffffffffffff01
:1067a800ffff38c66110611061106110611061103f
:1067b80061106110bad6ffffffffffffffffffff69
:1067c800ffffffffffffffffffffffffffffffffd1
:1067d800718c61106110611061106110611061109d
:1067e8006110611061106110611061106110611019
:1067f8006110611061106110611061106110611009
:1068080061106110611061106110611061106110f8
:1068180061106110611061106110611061106110e8
:1068280061106110611061106110611061106110d8
:1068380061106110611061106110611061106110c8
:1068480061106110611061106110611061106110b8
:1068580061106110611061106110611061106110a8
:106868006110ffffffffffffffffffffffffffffbd
:10687800ffffffffffffffffffffffffffffffff20
:106888006110611061106110611061106110611078
:106898006110611061106110611061106110611068
:1068a8006110611061106110611061106110611058
:1068b8006110611061106110611061106110611048
:1068c8006110611061106110611061106110611038
:1068d8006110611061106110611061106110611028
:1068e8006110611061106110611061106110611018
:1068f8006110611061106110611061106110611008
:1069080061106110611061106110611061106110f7
:1069180061106110611061106110611061106110e7
:1069280061106110611061106110611061106110d7
:1069380061106110611061106110611061106110c7
:106948003084719471947194eb5a442961106110e8
:106958006110611061106110611061100321494ad2
:106968004d6b1084518c7194719471947194cf7b98
:106978008e73eb62e739821061106110611061104b
:10698800611061106110a218284a71947194719471
:10699800718c242161106110611061106110611007
:1069a8006110611061106110611061106110611057
:1069b8006110611061106110611061106110611047
:1069c8006110611061106110611061106110611037
:1069d8006110611061106110611061106110611027
:1069e8006110611061106110611061106110611017
:1069f8006110611061106110611061106110611007
:106a080061106110611061106110611061106110f6
:106a180061106110611061106110611061106110e6
:106a280061106110611061106110611061106110d6
:106a380061106110611061106110611061106110c6
:106a480061106110611061106110611061106110b6
:106a580061106110611061106110611061106110a6
:106a680061106110611061106110611061109294e1
:106a7800ffffffffffffffffffffffffffffffff1e
:106a8800ffffffffffffffff3ce7e3186110611006
:106a9800611061106110611061106110bad6ffffba
:106aa800ffffffffffffffffffffffffffffffffee
:106ab800ffffffffffffffff718c61106110611086
:106ac8006110611061106110611061106110611036
:106ad8006110611061106110611061106110611026
:106ae8006110611061106110611061106110611016
:106af8006110611061106110611061106110611006
:106b080061106110611061106110611061106110f5
:106b180061106110611061106110611061106110e5
:106b280061106110611061106110611061106110d5
:106b380061106110611061106110611061106110c5
:106b480061106110611061106110ffffffffffff0e
:106b5800ffffffffffffffffffffffffffffffff3d
:106b6800ffffffffffffffff611061106110611061
:106b78006110611061106110611061106110611085
:106b88006110611061106110611061106110611075
:106b98006110611061106110611061106110611065
:106ba8006110611061106110611061106110611055
:106bb8006110611061106110611061106110611045
:106bc8006110611061106110611061106110611035
:106bd8006110611061106110611061106110611025
:106be8006110611061106110611061106110611015
:106bf8006110611061106110611061106110611005
:106c080061106110611061106110611061106110f4
:106c180061106110611061106110611061106110e4
:106c2800611024218e7371947194ef7b0842821055
:106c38006110611061106110a210a631eb5a7194b5
:106c48007194719471947194719471947194719414
:106c58007194719471947194719471947194719404
:106c680071947194719408426110611061106110ff
:106c7800611061104529718c719471943084611090
:106c88006110611061106110611061106110611074
:106c98006110611061106110611061106110611064
:106ca8006110611061106110611061106110611054
:106cb8006110611061106110611061106110611044
:106cc8006110611061106110611061106110611034
:106cd8006110611061106110611061106110611024
:106ce8006110611061106110611061106110611014
:106cf8006110611061106110611061106110611004
:106d080061106110611061106110611061106110f3
:106d180061106110611061106110611061106110e3
:106d280061106110611061106110611061106110d3
:106d380061106110611061106110611061106110c3
:106d480061106110611061106110611061106110b3
:106d58006110611061106110611065296529e739ba
:106d6800e739e739e739e739e739e739652961105c
:106d78006110611061106110611061106110611083
:106d880061106110bad6ffffffffffffffffffff93
:106d9800fffffffffffffffffffffffffffffffffb
:106da800718c6110611061106110611061106110c7
:106db8006110611061106110611061106110611043
:106dc8006110611061106110611061106110611033
:106dd8006110611061106110611061106110611023
:106de8006110611061106110611061106110611013
:106df8006110611061106110611061106110611003
:106e080061106110611061106110611061106110f2
:106e180061106110611061106110611061106110e2
:106e280061106110611061106110611061106110d2
:106e38006110ffffffffffffffffffffffffffffe7
:106e4800ffffffffffffffffffffffffffffffff4a
:106e580061106110611061106110611061106110a2
:106e68006110611061106110611061106110611092
:106e78006110611061106110611061106110611082
:106e88006110611061106110611061106110611072
:106e98006110611061106110611061106110611062
:106ea8006110611061106110611061106110611052
:106eb8006110611061106110611061106110611042
:106ec8006110611061106110611061106110611032
:106ed8006110611061106110611061106110611022
:106ee8006110611061106110611061106110611012
:106ef8006110611061106110611061106110611002
:106f080061106110611061106110718c719471943d
:106f1800ef8381106110611061106110611082109f
:106f2800518c719471947194719471947194719459
:106f38007194719471947194719471947194719421
:106f48007194719471947194719471947194719411
:106f5800ae73494a611061106110611061102429f3
:106f68004d6b719471948e732429611061106110b6
:106f78006110611061106110611061106110611081
:106f88006110611061106110611061106110611071
:106f98006110611061106110611061106110611061
:106fa8006110611061106110611061106110611051
:106fb8006110611061106110611061106110611041
:106fc8006110611061106110611061106110611031
:106fd8006110611061106110611061106110611021
:106fe8006110611061106110611061106110611011
:106ff8006110611061106110611061106110611001
:1070080061106110611061106110611061106110f0
:1070180061106110611061106110611061106110e0
:1070280061106110611061106110611061106110d0
:1070380061106110611061106110611061106110c0
:1070480061106110611061106110611061106110b0
:1070580061106110611061106110611061106110a0
:10706800611061106110611061106110bad6ffffe4
:10707800ffffffffffffffffffffffffffffffff18
:10708800ffffffffffffffff718c611061106110b0
:107098006110611061106110611061106110611060
:1070a8006110611061106110611061106110611050
:1070b8006110611061106110611061106110611040
:1070c8006110611061106110611061106110611030
:1070d8006110611061106110611061106110611020
:1070e8006110611061106110611061106110611010
:1070f8006110611061106110611061106110611000
:1071080061106110611061106110611061106110ef
:1071180061106110611061106110ffffffffffff38
:10712800ffffffffffffffffffffffffffffffff67
:10713800ffffffffffffffff61106110611061108b
:1071480061106110611061106110611061106110af
:10715800611061106110611061106110611061109f
:10716800611061106110611061106110611061108f
:10717800611061106110611061106110611061107f
:10718800611061106110611061106110611061106f
:10719800611061106110611061106110611061105f
:1071a800611061106110611061106110611061104f
:1071b800611061106110611061106110611061103f
:1071c800611061106110611061106110611061102f
:1071d800611061106110611061106110611061101f
:1071e8006110611061106110611061106110aa5a7c
:1071f800718c719471940c6361106110611061104d
:10720800c7398e7371947194719471947194719457
:10721800719471947194719471947194719471943e
:10722800719471947194719471947194719471942e
:10723800719471947194719471947194719430846f
:107248008a5261106110611061108110308c719444
:107258007194719461106110611061106110611076
:10726800611061106110611061106110611061108e
:10727800611061106110611061106110611061107e
:10728800611061106110611061106110611061106e
:10729800611061106110611061106110611061105e
:1072a800611061106110611061106110611061104e
:1072b800611061106110611061106110611061103e
:1072c800611061106110611061106110611061102e
:1072d800611061106110611061106110611061101e
:1072e800611061106110611061106110611061100e
:1072f80061106110611061106110611061106110fe
:1073080061106110611061106110611061106110ed
:1073180061106110611061106110611061106110dd
:1073280061106110611061106110611061106110cd
:1073380061106110611061106110611061106110bd
:1073480061106110611061106110611061106110ad
:1073580061106110bad6ffffffffffffffffffffbd
:10736800ffffffffffffffffffffffffffffffff25
:10737800718c6110611061106110611061106110f1
:10738800611061106110611061106110611061106d
:10739800611061106110611061106110611061105d
:1073a800611061106110611061106110611061104d
:1073b800611061106110611061106110611061103d
:1073c800611061106110611061106110611061102d
:1073d800611061106110611061106110611061101d
:1073e800611061106110611061106110611061100d
:1073f80061106110611061106110611061106110fd
:107408006110ffffffffffffffffffffffffffff11
:10741800ffffffffffffffffffffffffffffffff74
:1074280061106110611061106110611061106110cc
:1074380061106110611061106110611061106110bc
:1074480061106110611061106110611061106110ac
:10745800611061106110611061106110611061109c
:10746800611061106110611061106110611061108c
:10747800611061106110611061106110611061107c
:10748800611061106110611061106110611061106c
:10749800611061106110611061106110611061105c
:1074a800611061106110611061106110611061104c
:1074b800611061106110611061106110611061103c
:1074c800611061106110611061106110611061102c
:1074d80061106110242171947194ef8386316110d9
:1074e800611061106110821071947194719471949b
:1074f800719471947194719471947194719471945c
:10750800719471947194719471947194719471944b
:10751800719471947194719471947194719471943b
:1075280071947194719471947194eb5a6110611013
:1075380061106110c318719471947194284261109c
:1075480061106110611061106110611061106110ab
:10755800611061106110611061106110611061109b
:10756800611061106110611061106110611061108b
:10757800611061106110611061106110611061107b
:10758800611061106110611061106110611061106b
:10759800611061106110611061106110611061105b
:1075a800611061106110611061106110611061104b
:1075b800611061106110611061106110611061103b
:1075c800611061106110611061106110611061102b
:1075d800611061106110611061106110611061101b
:1075e800611061106110611061106110611061100b
:1075f80061106110611061106110611061106110fb
:1076080061106110611061106110611061106110ea
:1076180061106110611061106110611061106110da
:1076280061106110611061106110611061106110ca
:10763800611061106110611061106110bad6ffff0e
:10764800ffffffffffffffffffffffffffffffff42
:10765800ffffffffffffffff718c611061106110da
:10766800611061106110611061106110611061108a
:10767800611061106110611061106110611061107a
:10768800611061106110611061106110611061106a
:10769800611061106110611061106110611061105a
:1076a800611061106110611061106110611061104a
:1076b800611061106110611061106110611061103a
:1076c800611061106110611061106110611061102a
:1076d800611061106110611061106110611061101a
:1076e80061106110611061106110ffffffffffff63
:1076f800ffffffffffffffffffffffffffffffff92
:10770800ffffffffffffffff6110611061106110b5
:1077180061106110611061106110611061106110d9
:1077280061106110611061106110611061106110c9
:1077380061106110611061106110611061106110b9
:1077480061106110611061106110611061106110a9
:107758006110611061106110611061106110611099
:107768006110611061106110611061106110611089
:107778006110611061106110611061106110611079
:107788006110611061106110611061106110611069
:107798006110611061106110611061106110611059
:1077a8006110611061106110611061106110611049
:1077b800611061106110611061107194719471947d
:1077c80010846110611061106110ef8371947194dd
:1077d8007194719471947194719471947194719479
:1077e8007194719471947194719471947194719469
:1077f8007194719471947194719471947194719459
:107808007194719471947194719471947194719448
:10781800719471947194aa52a21861106110611048
:10782800c3184d6b71947194e31861106110611065
:1078380061106110611061106110611061106110b8
:1078480061106110611061106110611061106110a8
:107858006110611061106110611061106110611098
:107868006110611061106110611061106110611088
:107878006110611061106110611061106110611078
:107888006110611061106110611061106110611068
:107898006110611061106110611061106110611058
:1078a8006110611061106110611061106110611048
:1078b8006110611061106110611061106110611038
:1078c8006110611061106110611061106110611028
:1078d8006110611061106110611061106110611018
:1078e8006110611061106110611061106110611008
:1078f80061106110611061106110611061106110f8
:1079080061106110611061106110611061106110e7
:1079180061106110611061106110611061106110d7
:1079280061106110bad6ffffffffffffffffffffe7
:10793800ffffffffffffffffffffffffffffffff4f
:10794800718c61106110611061106110611061101b
:107958006110611061106110611061106110611097
:107968006110611061106110611061106110611087
:107978006110611061106110611061106110611077
:107988006110611061106110611061106110611067
:107998006110611061106110611061106110611057
:1079a8006110611061106110611061106110611047
:1079b8006110611061106110611061106110611037
:1079c8006110611061106110611061106110611027
:1079d8006110ffffffffffffffffffffffffffff3c
:1079e800ffffffffffffffffffffffffffffffff9f
:1079f80061106110611061106110611061106110f7
:107a080061106110611061106110611061106110e6
:107a180061106110611061106110611061106110d6
:107a280061106110611061106110611061106110c6
:107a380061106110611061106110611061106110b6
:107a480061106110611061106110611061106110a6
:107a58006110611061106110611061106110611096
:107a68006110611061106110611061106110611086
:107a78006110611061106110611061106110611076
:107a88006110611061106110611061106110611066
:107a98006110611061106110611061106110611056
:107aa800a218719471944d6bc31861106110611024
:107ab8006d737194719471947194719471947194bb
:107ac8007194719471947194719471947194719486
:107ad8007194719471947194719471947194719476
:107ae8007194719471947194719471947194719466
:107af8007194719471947194719471947194719456
:107b0800308461106110611061106110719471947a
:107b1800108465316110611061106110611061108d
:107b280061106110611061106110611061106110c5
:107b380061106110611061106110611061106110b5
:107b480061106110611061106110611061106110a5
:107b58006110611061106110611061106110611095
:107b68006110611061106110611061106110611085
:107b78006110611061106110611061106110611075
:107b88006110611061106110611061106110611065
:107b98006110611061106110611061106110611055
:107ba8006110611061106110611061106110611045
:107bb8006110611061106110611061106110611035
:107bc8006110611061106110611061106110611025
:107bd8006110611061106110611061106110611015
:107be8006110611061106110611061106110611005
:107bf80061106110611061106110611061106110f5
:107c0800611061106110611061106110bad6ffff38
:107c1800ffffffffffffffffffffffffffffffff6c
:107c2800ffffffffffffffff718c61106110611004
:107c380061106110611061106110611061106110b4
:107c480061106110611061106110611061106110a4
:107c58006110611061106110611061106110611094
:107c68006110611061106110611061106110611084
:107c78006110611061106110611061106110611074
:107c88006110611061106110611061106110611064
:107c98006110611061106110611061106110611054
:107ca8006110611061106110611061106110611044
:107cb80061106110611061106110ffffffffffff8d
:107cc800ffffffffffffffffffffffffffffffffbc
:107cd800ffffffffffffffff6110611061106110e0
:107ce8006110611061106110611061106110611004
:107cf80061106110611061106110611061106110f4
:107d080061106110611061106110611061106110e3
:107d180061106110611061106110611061106110d3
:107d280061106110611061106110611061106110c3
:107d380061106110611061106110611061106110b3
:107d480061106110611061106110611061106110a3
:107d58006110611061106110611061106110611093
:107d68006110611061106110611061106110611083
:107d78006110611061106110611061106110611073
:107d880061106110611010847194318ca6396110f2
:107d9800611061100421ae7b719471947194719497
:107da80071947194719471947194719471947194a3
:107db8007194719471947194719471947194719493
:107dc8007194719471947194719471947194719483
:107dd8007194719471947194719471947194719473
:107de80071947194719471947194719408426110b2
:107df80061106110c3188e737194719461106110d1
:107e080061106110611061106110611061106110e2
:107e180061106110611061106110611061106110d2
:107e280061106110611061106110611061106110c2
:107e380061106110611061106110611061106110b2
:107e480061106110611061106110611061106110a2
:107e58006110611061106110611061106110611092
:107e68006110611061106110611061106110611082
:107e78006110611044298a52eb5a4d6b6d6b0c638b
:107e8800494aa639611061106110611061106110d2
:107e98006110611061106110611061106110611052
:107ea8006110611061106110611061106110611042
:107eb8006110611061106110611061106110611032
:107ec8006110611061106110611061106110611022
:107ed8006110611061106110611061106110611012
:107ee8006110611061106110611061106110611002
:107ef80061106110bad6ffffffffffffffffffff12
:107f0800ffffffffffffffffffffffffffffffff79
:107f1800718c611061106110611061106110611045
:107f280061106110611061106110611061106110c1
:107f380061106110611061106110611061106110b1
:107f480061106110611061106110611061106110a1
:107f5800611082108631284a6d6b4d6baa52084217
:107f68006110611061106110611061106110611081
:107f78006110611061106110611061106110611071
:107f88006110611061106110611061106110611061
:107f98006110611061106110611061106110611051
:107fa8006110ffffffffffffffffffffffffffff66
:107fb800ffffffffffffffffffffffffffffffffc9
:107fc8006110611061106110611061106110611021
:107fd8006110611061106110611061106110611011
:107fe8006110611061106110611061106110611001
:107ff80061106110611061106110611061106110f1
:1080080061106110611061106110611061106110e0
:1080180061106110611061106110611061106110d0
:1080280061106110611061106110611061106110c0
:1080380061106110611061106110611061106110b0
:1080480061106110611061106110611061106110a0
:108058006110611061106110611061106110611090
:108068006110611061106110611061102421719418
:1080780071942421611061106110284a518c719407
:1080880071947194719471947194719471947194c0
:1080980071947194719471947194719471947194b0
:1080a80071947194719471947194719471947194a0
:1080b8007194719471947194719471947194719490
:1080c8007194719471947194719471947194719480
:1080d800719471947194c2186110611061108210ca
:1080e800719471946952611061106110611061108e
:1080f80061106110611061106110611061106110f0
:1081080061106110611061106110611061106110df
:1081180061106110611061106110611061106110cf
:1081280061106110611061106110611061106110bf
:1081380061106110611061106110611061106110af
:10814800611061106110611061106110611061109f
:10815800611061100421ef8375ad3ce7ffffffff5d
:10816800ffffffffffffffffffffffff79ce75adaa
:108178006952042161106110611061106110611071
:10818800611061106110611061106110611061105f
:10819800611061106110611061106110611061104f
:1081a800611061106110611061106110611061103f
:1081b800611061106110611061106110611061102f
:1081c800611061106110611061106110611061101f
:1081d800611061106110611061106110bad6ffff63
:1081e800ffffffffffffffffffffffffffffffff97
:1081f800ffffffffffffffff718c6110611061102f
:1082080061106110611061106110611061106110de
:1082180061106110611061106110611061106110ce
:1082280061106110611061106110611061106110be
:1082380061106110e318cf7b59ceffffffffffffee
:10824800ffffffffffffffffdbde18c62c63821076
:10825800611061106110611061106110611061108e
:10826800611061106110611061106110611061107e
:10827800611061106110611061106110611061106e
:1082880061106110611061106110ffffffffffffb7
:10829800ffffffffffffffffffffffffffffffffe6
:1082a800ffffffffffffffff61106110611061100a
:1082b800611061106110611061106110611061102e
:1082c800611061106110611061106110611061101e
:1082d800611061106110611061106110611061100e
:1082e80061106110611061106110611061106110fe
:1082f80061106110611061106110611061106110ee
:1083080061106110611061106110611061106110dd
:1083180061106110611061106110611061106110cd
:1083280061106110611061106110611061106110bd
:1083380061106110611061106110611061106110ad
:10834800611061106110611061106110611061109d
:1083580061103084719471948e7361106110611092
:108368002429719471947194719471947194719495
:1083780071947194719471947194719471947194cd
:1083880071947194719471947194719471947194bd
:1083980071947194719471947194719471947194ad
:1083a800719471947194719471947194719471949d
:1083b800719471947194719471947194719471948d
:1083c800718c494a611061106110484a7194719426
:1083d800611061106110611061106110611061100d
:1083e80061106110611061106110611061106110fd
:1083f80061106110611061106110611061106110ed
:1084080061106110611061106110611061106110dc
:1084180061106110611061106110611061106110cc
:1084280061106110611061106110611061106110bc
:1084380061106110611079ceffffffffffffffffa2
:10844800ffffffffffffffffffffffffffffffff34
:10845800ffffffffffffffffffffffffffffffff24
:10846800f7bd611061106110611061106110611039
:10847800611061106110611061106110611061106c
:10848800611061106110611061106110611061105c
:10849800611061106110f7bdf7bdf7bdf7bdf7bdfd
:1084a800f7bdf7bdf7bdf7bdf7bdf7bdf7bdf7bd24
:1084b800f7bd55ad61106110611061106110611058
:1084c80061106110bad6ffffffffffffffffffff3c
:1084d800ffffffffffffffffffffffffffffffffa4
:1084e800718c611061106110611061106110611070
:1084f80061106110611061106110611061106110ec
:1085080061106110611061106110611061106110db
:1085180061106110e31896b5ffffffffffffffff33
:10852800ffffffffffffffffffffffffffffffff53
:10853800ffffffffffffffffffffffff3ce76110ab
:10854800611061106110611061106110611061109b
:10855800611061106110611061106110611061108b
:10856800611061106110611061106110611061107b
:108578006110ffffffffffffffffffffffffffff90
:10858800fffffffffffffffffffffffffffffffff3
:10859800f7bdf7bdf7bdf7bdf7bdf7bdf7bdf7bd33
:1085a800f7bdf7bdf7bdf7bdf7bda639611061107e
:1085b800611061106110611061106110611061102b
:1085c800611061106110611061106110611061101b
:1085d800611061106110611061106110611061100b
:1085e80061106110611061106110611061106110fb
:1085f80061106110611061106110611061106110eb
:1086080061106110611061106110611061106110da
:1086180061106110611061106110611061106110ca
:1086280061106110611061106110611061106110ba
:1086380061106110611061106110719471948e73f2
:10864800a21861106110c739518c7194719471949a
:1086580071947194719471947194719471947194ea
:1086680071947194719471947194719471947194da
:1086780071947194719471947194719471947194ca
:1086880071947194719471947194719471947194ba
:1086980071947194719471947194719471947194aa
:1086a80071947194719471947194719461106110c2
:1086b8006110611071947194494a611061106110e0
:1086c800611061106110611061106110611061101a
:1086d800611061106110611061106110611061100a
:1086e80061106110611061106110611061106110fa
:1086f80061106110611061106110611061106110ea
:1087080061106110611061106110611061106110d9
:1087180061106110611061106110695275b5ffff39
:10872800ffffffffffffffffffffffffffffffff51
:10873800ffffffffffffffffffffffffffffffff41
:10874800ffffffffffffffffffffb6b5694a61109c
:108758006110611061106110611061106110611089
:108768006110611061106110611061106110611079
:108778006110611061106110611061106110ffffdc
:10878800fffffffffffffffffffffffffffffffff1
:10879800ffffffffffffffffffff1ce761106110f6
:1087a800611061106110611061106110bad6ffff8d
:1087b800ffffffffffffffffffffffffffffffffc1
:1087c800ffffffffffffffff718c61106110611059
:1087d8006110611061106110611061106110611009
:1087e80061106110611061106110611061106110f9
:1087f8006110611061106110284a55addfffffff5d
:10880800ffffffffffffffffffffffffffffffff70
:10881800ffffffffffffffffffffffffffffffff60
:10882800ffffffffffff1ce70421611061106110cb
:1088380061106110611061106110611061106110a8
:108848006110611061106110611061106110611098
:1088580061106110611061106110ffffffffffffe1
:10886800ffffffffffffffffffffffffffffffff10
:10887800ffffffffffffffffffffffffffffffff00
:10888800fffffffffffffffffffffffffffffffff0
:10889800ffff284a611061106110611061106110ba
:1088a8006110611061106110611061106110611038
:1088b8006110611061106110611061106110611028
:1088c8006110611061106110611061106110611018
:1088d8006110611061106110611061106110611008
:1088e80061106110611061106110611061106110f8
:1088f80061106110611061106110611061106110e8
:1089080061106110611061106110611061106110d7
:108918006110611061106110611061106110c2185e
:10892800ef7b71946d73611061106110cb5a719473
:108938007194719471947194719471947194719407
:1089480071947194719471947194719471947194f7
:1089580071947194719471947194719471947194e7
:1089680071947194719471947194719471947194d7
:1089780071947194719471947194719471947194c7
:1089880071947194719471947194719471947194b7
:1089980071947194ef7be318611061100842718c37
:1089a8007194a6316110611061106110611061103d
:1089b8006110611061106110611061106110611027
:1089c8006110611061106110611061106110611017
:1089d8006110611061106110611061106110611007
:1089e80061106110611061106110611061106110f7
:1089f80061106110611061106110611061109ad6e8
:108a0800ffffffffffffffffffffffffffffffff6e
:108a1800ffffffffffffffffffffffffffffffff5e
:108a2800ffffffffffffffffffffffffffffffff4e
:108a3800ffffffffffffffff1ce7611061106110e0
:108a48006110611061106110611061106110611096
:108a58006110611061106110611061106110611086
:108a6800611061106110ffffffffffffffffffffb5
:108a7800fffffffffffffffffffffffffffffffffe
:108a8800ffff1ce761106110611061106110611037
:108a980061106110bad6ffffffffffffffffffff66
:108aa800ffffffffffffffffffffffffffffffffce
:108ab800718c61106110611061106110611061109a
:108ac8006110611061106110611061106110611016
:108ad800611061106110611061106110eb5afbdeca
:108ae800ffffffffffffffffffffffffffffffff8e
:108af800ffffffffffffffffffffffffffffffff7e
:108b0800ffffffffffffffffffffffffffffffff6d
:108b1800ffffffffffff611061106110611061101e
:108b280061106110611061106110611061106110b5
:108b380061106110611061106110611061106110a5
:108b48006110ffffffffffffffffffffffffffffba
:108b5800ffffffffffffffffffffffffffffffff1d
:108b6800ffffffffffffffffffffffffffffffff0d
:108b7800ffffffffffffffffffff284a61106110a3
:108b88006110611061106110611061106110611055
:108b98006110611061106110611061106110611045
:108ba8006110611061106110611061106110611035
:108bb8006110611061106110611061106110611025
:108bc8006110611061106110611061106110611015
:108bd8006110611061106110611061106110611005
:108be80061106110611061106110611061106110f5
:108bf80061106110611061106110611061106110e5
:108c0800611061100c6371947194c2186110611045
:108c180061107194719471947194719471947194b8
:108c28007194719471947194719471947194719414
:108c38007194719471947194719471943084494ac7
:108c48008210611061106110611061106110611073
:108c58006110e3188a5271947194719471947194ab
:108c680071947194719471947194719471947194d4
:108c780071947194719471947194719471947194c4
:108c8800042161106110611071947194c31861100e
:108c98006110611061106110611061106110611044
:108ca8006110611061106110611061106110611034
:108cb8006110611061106110611061106110611024
:108cc8006110611061106110611061106110611014
:108cd8006110611061106110611061106110611004
:108ce80061102c637defffffffffffffffffffff1a
:108cf800ffffffffffffffffffffffffffffffff7c
:108d0800ffffffffffffffffffffffffffffffff6b
:108d1800ffffffffffffffffffffffffffffffff5b
:108d2800ffffffff75ad61106110611061106110e8
:108d380061106110611061106110611061106110a3
:108d48006110611061106110611061106110ffff06
:108d5800ffffffffffffffffffffffffffffffff1b
:108d6800ffffffffffffffffffff1ce76110611020
:108d7800611061106110611061106110bad6ffffb7
:108d8800ffffffffffffffffffffffffffffffffeb
:108d9800ffffffffffffffff718c61106110611083
:108da8006110611061106110611061106110611033
:108db8006110611061106110611061106110611023
:108dc800c318ffffffffffffffffffffffffffffce
:108dd800ffffffffffffffffffffffffffffffff9b
:108de800ffffffffffffffffffffffffffffffff8b
:108df800ffffffffffffffffffffffffffffffff7b
:108e08003ce7611061106110611061106110611020
:108e180061106110611061106110611061106110c2
:108e280061106110611061106110ffffffffffff0b
:108e3800ffffffffffffffffffffffffffffffff3a
:108e4800ffffffffffffffffffffffffffffffff2a
:108e5800ffffffffffffffffffffffffffffffff1a
:108e6800ffff284a611061106110611061106110e4
:108e78006110611061106110611061106110611062
:108e88006110611061106110611061106110611052
:108e98006110611061106110611061106110611042
:108ea8006110611061106110611061106110611032
:108eb8006110611061106110611061106110611022
:108ec8006110611061106110611061106110611012
:108ed8006110611061106110611061106110611002
:108ee80061106110611061106110611071947194ca
:108ef8007194611061106110611071947194719492
:108f08007194719471947194719471947194719431
:108f18007194719471947194719471947194719421
:108f2800cb5a6529611061106110611061106110e0
:108f38006110611061106110611061106110e31817
:108f48002c6b518c71947194719471947194719487
:108f580071947194719471947194719471947194e1
:108f6800719471947194719410840321611061104b
:108f78004d6b71948e7382106110611061106110d5
:108f88006110611061106110611061106110611051
:108f98006110611061106110611061106110611041
:108fa8006110611061106110611061106110611031
:108fb8006110611061106110611061106110611021
:108fc800611061106110611055adffffffffffffd9
:108fd800ffffffffffffffffffffffffffffffff99
:108fe800ffffffffffffffffffffffffffffffff89
:108ff800ffffffffffffffffffffffffffffffff79
:10900800ffffffffffffffffffffffffffff8a528a
:1090180061106110611061106110611061106110c0
:1090280061106110611061106110611061106110b0
:10903800611061106110ffffffffffffffffffffdf
:10904800ffffffffffffffffffffffffffffffff28
:10905800ffff1ce761106110611061106110611061
:1090680061106110bad6ffffffffffffffffffff90
:10907800fffffffffffffffffffffffffffffffff8
:10908800718c6110611061106110611061106110c4
:109098006110611061106110611061106110611040
:1090a8006110611061106110fbdeffffffffffff21
:1090b800ffffffffffffffffffffffffffffffffb8
:1090c800ffffffffffffffffffffffffffffffffa8
:1090d800ffffffffffffffffffffffffffffffff98
:1090e800ffffffffffffffffffff14a5c31861107d
:1090f80061106110611061106110611061106110e0
:1091080061106110611061106110611061106110cf
:109118006110ffffffffffffffffffffffffffffe4
:10912800ffffffffffffffffffffffffffffffff47
:10913800ffffffffffffffffffffffffffffffff37
:10914800ffffffffffffffffffff284a61106110cd
:10915800611061106110611061106110611061107f
:10916800611061106110611061106110611061106f
:10917800611061106110611061106110611061105f
:10918800611061106110611061106110611061104f
:10919800611061106110611061106110611061103f
:1091a800611061106110611061106110611061102f
:1091b800611061106110611061106110611061101f
:1091c800611061106110611061106110611061100f
:1091d8006110ef8371947194494a611061108a5249
:1091e800719471947194719471947194719471944f
:1091f800719471947194719471947194719471943f
:109208007194718c0c6361106110611061106110b0
:1092180061106110611061106110611061106110be
:109228006110611061106110611061106110ae73fe
:1092380071947194719471947194719471947194fe
:1092480071947194719471947194719471947194ee
:1092580071947194611061106110308c71947194e3
:10926800c7396110611061106110611061106110df
:10927800611061106110611061106110611061105e
:10928800611061106110611061106110611061104e
:10929800611061106110611061106110611061103e
:1092a80061106110611061106110611061103ce77c
:1092b800ffffffffffffffffffffffffffffffffb6
:1092c800ffffffffffffffffffffffffffffffffa6
:1092d800ffffffffffffffffffffffffffffffff96
:1092e800ffffffffffffffffffffffffffffffff86
:1092f800ffffffffffffffffffff6110611061101d
:1093080061106110611061106110611061106110cd
:109318006110611061106110611061106110ffff30
:10932800ffffffffffffffffffffffffffffffff45
:10933800ffffffffffffffffffff1ce7611061104a
:10934800611061106110611061106110bad6ffffe1
:10935800ffffffffffffffffffffffffffffffff15
:10936800ffffffffffffffff718c611061106110ad
:10937800611061106110611061106110611061105d
:10938800611061106110611061106110d7bdffff9d
:10939800ffffffffffffffffffffffffffffffffd5
:1093a800ffffffffffffffffffffffffffffffffc5
:1093b800ffffffffffffffffffffffffffffffffb5
:1093c800ffffffffffffffffffffffffffffffffa5
:1093d800ffffffffffff6110611061106110611056
:1093e80061106110611061106110611061106110ed
:1093f80061106110611061106110ffffffffffff36
:10940800ffffffffffffffffffffffffffffffff64
:10941800ffffffffffffffffffffffffffffffff54
:10942800ffffffffffffffffffffffffffffffff44
:10943800ffff284a6110611061106110611061100e
:10944800611061106110611061106110611061108c
:10945800611061106110611061106110611061107c
:10946800611061106110611061106110611061106c
:10947800611061106110611061106110611061105c
:10948800611061106110611061106110611061104c
:10949800611061106110611061106110611061103c
:1094a800611061106110611061106110611061102c
:1094b80061106110611061106110719471942c6bce
:1094c8006110611061107194719471947194719428
:1094d800719471947194719471947194719471945c
:1094e80071947194719471942c63032161106110cb
:1094f80061106110611061106110611061106110dc
:1095080061106110611061106110611061106110cb
:109518006110611061106110ef7b71947194719406
:10952800719471947194719471947194719471940b
:109538007194719471947194719471946110611023
:109548006110863171947194308c611061106110d2
:10955800611061106110611061106110611061107b
:10956800611061106110611061106110611061106b
:10957800611061106110611061106110611061105b
:10958800611061106110611061106110611061104b
:10959800611061100842ffffffffffffffffffffa1
:1095a800ffffffffffffffffffffffffffffffffc3
:1095b800ffffffffffffffffffffffffffffffffb3
:1095c800ffffffffffffffffffffffffffffffffa3
:1095d800ffffffffffffffffffffffffffffffff93
:1095e800ffffe741611061106110611061106110a7
:1095f80061106110611061106110611061106110db
:10960800611061106110ffffffffffffffffffff09
:10961800ffffffffffffffffffffffffffffffff52
:10962800ffff1ce76110611061106110611061108b
:1096380061106110bad6ffffffffffffffffffffba
:10964800ffffffffffffffffffffffffffffffff22
:10965800718c6110611061106110611061106110ee
:10966800611061106110611061106110611061106a
:1096780061108631ffffffffffffffffffffffffc6
:10968800ffffffffffffffffffffffffffffffffe2
:10969800ffffffffffffffffffffffffffffffffd2
:1096a800ffffffffffffffffffffffffffffffffc2
:1096b800ffffffffffffffffffffffffffffb2946a
:1096c80081106110611061106110611061106110ea
:1096d80061106110611061106110611061106110fa
:1096e8006110ffffffffffffffffffffffffffff0f
:1096f800ffffffffffffffffffffffffffffffff72
:10970800ffffffffffffffffffffffffffffffff61
:10971800ffffffffffffffffffff284a61106110f7
:1097280061106110611061106110611061106110a9
:109738006110611061106110611061106110611099
:109748006110611061106110611061106110611089
:109758006110611061106110611061106110611079
:109768006110611061106110611061106110611069
:109778006110611061106110611061106110611059
:109788006110611061106110611061106110611049
:109798006110611061106110611061106110611039
:1097a80030847194242961106110e3181084719435
:1097b8007194719471947194719471947194719479
:1097c800719471947194719471947194718c8a529a
:1097d80061106110611061106110611061106110f9
:1097e80061106110611061106110611061106110e9
:1097f80061106110611061106110611061106110d9
:109808006110611071947194719471947194719450
:109818007194719471947194719471947194719418
:109828007194719471940842611061108e737194ef
:109838007194611061106110611061106110611004
:109848006110611061106110611061106110611088
:109858006110611061106110611061106110611078
:109868006110611061106110611061106110611068
:10987800611061106110611061106531ffffffff19
:10988800ffffffffffffffffffffffffffffffffe0
:10989800ffffffffffffffffffffffffffffffffd0
:1098a800ffffffffffffffffffffffffffffffffc0
:1098b800ffffffffffffffffffffffffffffffffb0
:1098c800ffffffffffffffffffffffffdfffaa5aba
:1098d80061106110611061106110611061106110f8
:1098e8006110611061106110611061106110ffff5b
:1098f800ffffffffffffffffffffffffffffffff70
:10990800ffffffffffffffffffff1ce76110611074
:10991800611061106110611061106110bad6ffff0b
:10992800ffffffffffffffffffffffffffffffff3f
:10993800ffffffffffffffff718c611061106110d7
:109948006110611061106110611061106110611087
:1099580061106110611061102842ffffffffffffd7
:10996800ffffffffffffffffffffffffffffffffff
:10997800ffffffffffffffffffffffffffffffffef
:10998800ffffffffffffffffffffffffffffffffdf
:10999800ffffffffffffffffffffffffffffffffcf
:1099a800fffffffffffffffffffff7bd6110611023
:1099b8006110611061106110611061106110611017
:1099c80061106110611061106110ffffffffffff60
:1099d800ffffffffffffffffffffffffffffffff8f
:1099e800ffffffffffffffffffffffffffffffff7f
:1099f800ffffffffffffffffffffffffffffffff6f
:109a0800ffff284a61106110611061106110611038
:109a180061106110611061106110611061106110b6
:109a280061106110611061106110611061106110a6
:109a38006110611061106110611061106110611096
:109a48006110611061106110611061106110611086
:109a58006110611061106110611061106110611076
:109a68006110611061106110611061106110611066
:109a78006110611061106110611061106110611056
:109a8800611061106110611071947194611061101e
:109a980061108e737194719471947194719471942e
:109aa8007194719471947194719471947194719486
:109ab80071947194652961106110611061106110d1
:109ac8006110611061106110611061106110611006
:109ad80061106110611061106110611061106110f6
:109ae8006110611061106110611061108a52718cef
:109af8007194719471947194719471947194719436
:109b08007194719471947194719471947194518c4d
:109b1800611061100321518c7194c3186110611098
:109b280061106110611061106110611061106110a5
:109b38006110611061106110611061106110611095
:109b48006110611061106110611061106110611085
:109b58006110611061106110611061106110611075
:109b68000321fbdefffffffffffffffffffffffffc
:109b7800ffffffffffffffffffffffffffffffffed
:109b8800ffffffffffffffffffffffffffffffffdd
:109b9800ffffffffffffffffffffffffffffffffcd
:109ba800ffffffffffffffffffffffffffffffffbd
:109bb800ffffffffffffdfff611061106110611001
:109bc8006110611061106110611061106110611005
:109bd800611061106110ffffffffffffffffffff34
:109be800ffffffffffffffffffffffffffffffff7d
:109bf800ffff1ce7611061106110611061106110b6
:109c080061106110bad6ffffffffffffffffffffe4
:109c1800ffffffffffffffffffffffffffffffff4c
:109c2800718c611061106110611061106110611018
:109c38006110611061106110611061106110611094
:109c48009ef7ffffffffffffffffffffffffffff85
:109c5800ffffffffffffffffffffffffffffffff0c
:109c6800fffffffffffffffffffffffffffffffffc
:109c7800ffffffffffffffffffffffffffffffffec
:109c8800ffffffffffffffffffffffffffffffffdc
:109c9800ffffffff6110611061106110611061101a
:109ca8006110611061106110611061106110611024
:109cb8006110ffffffffffffffffffffffffffff39
:109cc800ffffffffffffffffffffffffffffffff9c
:109cd800ffffffffffffffffffffffffffffffff8c
:109ce800ffffffffffffffffffff284a6110611022
:109cf80061106110611061106110611061106110d4
:109d080061106110611061106110611061106110c3
:109d180061106110611061106110611061106110b3
:109d280061106110611061106110611061106110a3
:109d38006110611061106110611061106110611093
:109d48006110611061106110611061106110611083
:109d58006110611061106110611061106110611073
:109d6800611061106110611061106110821010841f
:109d78007194442961106110611071947194719407
:109d880071947194719471947194719471947194a3
:109d98007194719471947194cb5a8110611061100f
:109da8006110611061106110611061106110611023
:109db8006110611061106110611061106110611013
:109dc8006110611061106110611061106110611003
:109dd8006110611061106110042171947194719483
:109de8007194719471947194719471947194719443
:109df8007194719471947194eb5a611061106110af
:109e08008e73719486316110611061106110611058
:109e180061106110611061106110611061106110b2
:109e280061106110611061106110611061106110a2
:109e38006110611061106110611061106110611092
:109e4800611061106110cf7bffffffffffffffff75
:109e5800ffffffffffffffffffffffffffffffff0a
:109e6800fffffffffffffffffffffffffffffffffa
:109e7800ffffffffffffffffffffffffffffffffea
:109e8800ffffffffffffffffffffffffffffffffda
:109e9800ffffffffffffffffffffffffffffffffca
:109ea8003ce7611061106110611061106110611070
:109eb8006110611061106110611061106110ffff85
:109ec800ffffffffffffffffffffffffffffffff9a
:109ed800ffffffffffffffffffff1ce7611061109f
:109ee800611061106110611061106110bad6ffff36
:109ef800ffffffffffffffffffffffffffffffff6a
:109f0800ffffffffffffffff718c61106110611001
:109f180061106110611061106110611061106110b1
:109f280061106110e318fbdeffffffffffffffff7b
:109f3800ffffffffffffffffffffffffffffffff29
:109f4800ffffffffffffffffffffffffffffffff19
:109f5800ffffffffffffffffffffffffffffffff09
:109f6800fffffffffffffffffffffffffffffffff9
:109f7800ffffffffffffffffffffffffef83611002
:109f88006110611061106110611061106110611041
:109f980061106110611061106110ffffffffffff8a
:109fa800ffffffffffffffffffffffffffffffffb9
:109fb800ffffffffffffffffffffffffffffffffa9
:109fc800ffffffffffffffffffffffffffffffff99
:109fd800ffff284a61106110611061106110611063
:109fe80061106110611061106110611061106110e1
:109ff80061106110611061106110611061106110d1
:10a0080061106110611061106110611061106110c0
:10a0180061106110611061106110611061106110b0
:10a0280061106110611061106110611061106110a0
:10a038006110611061106110611061106110611090
:10a048006110611061106110611061106110611080
:10a0580061106110494a7194719461106110611026
:10a06800a210719471947194719471947194719413
:10a0780071947194719471947194719471947194b0
:10a088006110611061106110611061106110611040
:10a098006110611061106110611061106110611030
:10a0a8006110611061106110611061106110611020
:10a0b8006110611061106110611061106110611010
:10a0c8006110cf7b719471947194719471947194af
:10a0d8007194719471947194719471947194719450
:10a0e800719461106110611004217194cf7b61102b
:10a0f80061106110611061106110611061106110d0
:10a1080061106110611061106110611061106110bf
:10a1180061106110611061106110611061106110af
:10a128006110611061106110611061106110dfff32
:10a13800ffffffffffffffffffffffffffffffff27
:10a14800ffffffffffffffffffffffffffffffff17
:10a15800ffffffffffffffffffffffffffffffff07
:10a16800fffffffffffffffffffffffffffffffff7
:10a17800ffffffffffffffffffffffffffffffffe7
:10a18800ffffffffffffffffffff8210611061105d
:10a19800611061106110611061106110611061102f
:10a1a800611061106110ffffffffffffffffffff5e
:10a1b800ffffffffffffffffffffffffffffffffa7
:10a1c800ffff1ce7611061106110611061106110e0
:10a1d80061106110bad6ffffffffffffffffffff0f
:10a1e800ffffffffffffffffffffffffffffffff77
:10a1f800718c611061106110611061106110611043
:10a2080061106110611061106110611075b5ffff78
:10a21800ffffffffffffffffffffffffffffffff46
:10a22800ffffffffffffffffffffffffffffffff36
:10a23800ffffffffffffffffffffffffffffffff26
:10a24800ffffffffffffffffffffffffffffffff16
:10a25800ffffffffffffffffffffffffffffffff06
:10a26800ffffffffffff61106110611061106110b7
:10a27800611061106110611061106110611061104e
:10a288006110ffffffffffffffffffffffffffff63
:10a29800ffffffffffffffffffffffffffffffffc6
:10a2a800ffffffffffffffffffffffffffffffffb6
:10a2b800ffffffffffffffffffff284a611061104c
:10a2c80061106110611061106110611061106110fe
:10a2d80061106110611061106110611061106110ee
:10a2e80061106110611061106110611061106110de
:10a2f80061106110611061106110611061106110ce
:10a3080061106110611061106110611061106110bd
:10a3180061106110611061106110611061106110ad
:10a32800611061106110611061106110611061109d
:10a3380061106110611061106110eb627194719489
:10a34800e741611061104529718c71947194719481
:10a3580071947194719471947194719471947194cd
:10a36800719471947194694a61106110611061105f
:10a37800611061106110611061106110611061104d
:10a38800611061106110611061106110611061103d
:10a39800611061106110611061106110611061102d
:10a3a8006110611061106110611061101084719466
:10a3b800719471947194719471947194719471946d
:10a3c80071947194719471947194eb5a6110611045
:10a3d800611071947194a21861106110611061107c
:10a3e80061106110611061106110611061106110dd
:10a3f80061106110611061106110611061106110cd
:10a4080061106110611061106110611061106110bc
:10a41800611061106110ffffffffffffffffffffeb
:10a42800ffffffffffffffffffffffffffffffff34
:10a43800ffffffffffffffffffffffffffffffff24
:10a44800ffffffffffffffffffffffffffffffff14
:10a45800ffffffffffffffffffffffffffffffff04
:10a46800fffffffffffffffffffffffffffffffff4
:10a47800ffffffff61106110611061106110611032
:10a488006110611061106110611061106110ffffaf
:10a49800ffffffffffffffffffffffffffffffffc4
:10a4a800ffffffffffffffffffff1ce761106110c9
:10a4b800611061106110611061106110bad6ffff60
:10a4c800ffffffffffffffffffffffffffffffff94
:10a4d800ffffffffffffffff718c6110611061102c
:10a4e80061106110611061106110611061106110dc
:10a4f8006110bef7ffffffffffffffffffffffff3a
:10a50800ffffffffffffffffffffffffffffffff53
:10a51800ffffffffffffffffffffffffffffffff43
:10a52800ffffffffffffffffffffffffffffffff33
:10a53800ffffffffffffffffffffffffffffffff23
:10a54800ffffffffffffffffffffffffffffb6b5a6
:10a55800611061106110611061106110611061106b
:10a5680061106110611061106110ffffffffffffb4
:10a57800ffffffffffffffffffffffffffffffffe3
:10a58800ffffffffffffffffffffffffffffffffd3
:10a59800ffffffffffffffffffffffffffffffffc3
:10a5a800ffff284a6110611061106110611061108d
:10a5b800611061106110611061106110611061100b
:10a5c80061106110611061106110611061106110fb
:10a5d80061106110611061106110611061106110eb
:10a5e80061106110611061106110611061106110db
:10a5f80061106110611061106110611061106110cb
:10a6080061106110611061106110611061106110ba
:10a6180061106110611061106110611061106110aa
:10a628006110718c71947194611061108110cf7bed
:10a6380071947194719471947194719471947194ea
:10a64800719471947194719471947194cb5a61104e
:10a65800611061106110611061106110611061106a
:10a66800611061106110611061106110611061105a
:10a67800611061106110611061106110611061104a
:10a68800611061106110611061106110611061103a
:10a698006110611024217194719471947194719472
:10a6a800719471947194719471947194719471947a
:10a6b8007194718c611061106110719471948a5257
:10a6c80061106110611061106110611061106110fa
:10a6d80061106110611061106110611061106110ea
:10a6e80061106110611061106110611061106110da
:10a6f800611061106110611061106110e320ffffab
:10a70800ffffffffffffffffffffffffffffffff51
:10a71800ffffffffffffffffffffffffffffffff41
:10a72800ffffffffffffffffffffffffffffffff31
:10a73800ffffffffffffffffffffffffffffffff21
:10a74800ffffffffffffffffffffffffffffffff11
:10a75800ffffffffffffffffffffffff82106110fa
:10a768006110611061106110611061106110611059
:10a77800611061106110ffffffffffffffffffff88
:10a78800ffffffffffffffffffffffffffffffffd1
:10a79800ffff1ce76110611061106110611061100a
:10a7a80061106110bad6ffffffffffffffffffff39
:10a7b800ffffffffffffffffffffffffffffffffa1
:10a7c800718c61106110611061106110611061106d
:10a7d80061106110611061106110ffffffffffff42
:10a7e800ffffffffffffffffffffffffffffffff71
:10a7f800ffffffffffffffffffffffffffffffff61
:10a80800ffffffffffffffffffffffffffffffff50
:10a81800ffffffffffffffffffffffffffffffff40
:10a82800ffffffffffffffffffffffffffffffff30
:10a83800ffffffffffffffff2c6361106110611036
:10a848006110611061106110611061106110611078
:10a858006110ffffffffffffffffffffffffffff8d
:10a86800fffffffffffffffffffffffffffffffff0
:10a87800ffffffffffffffffffffffffffffffffe0
:10a88800ffffffffffffffffffff284a6110611076
:10a898006110611061106110611061106110611028
:10a8a8006110611061106110611061106110611018
:10a8b8006110611061106110611061106110611008
:10a8c80061106110611061106110611061106110f8
:10a8d80061106110611061106110611061106110e8
:10a8e80061106110611061106110611061106110d8
:10a8f80061106110611061106110611061106110c8
:10a9080061106110611061106110719471946d7320
:10a9180061106110108471947194719471947194a0
:10a9280071947194719471947194719471947194f7
:10a938007194c31861106110611061106110611089
:10a948006110611061106110611061106110611077
:10a958006110611061106110611061106110611067
:10a968006110611061106110611061106110611057
:10a9780061106110611061106110611061108a52dc
:10a988007194719471947194719471947194719497
:10a99800719471947194719471947194e7416110f8
:10a9a8006110e739719471946952611061106110f6
:10a9b8006110611061106110611061106110611007
:10a9c80061106110611061106110611061106110f7
:10a9d80061106110611061106110611061106110e7
:10a9e80061100421bef7ffffffffffffffffffff1e
:10a9f800ffffffffffffffffffffffffffffffff5f
:10aa0800ffffffffffffffffffffffffffffffff4e
:10aa1800ffffffffffffffffffffffffffffffff3e
:10aa2800ffffffffffffffffffffffffffffffff2e
:10aa3800ffffffffffffffffffffffffffffffff1e
:10aa4800ffffffff9ef7452961106110611061103b
:10aa58006110611061106110611061106110ffffd9
:10aa6800ffffffffffffffffffffffffffffffffee
:10aa7800ffffffffffffffffffff1ce761106110f3
:10aa8800611061106110611061106110bad6ffff8a
:10aa9800ffffffffffffffffffffffffffffffffbe
:10aaa800ffffffffffffffff718c61106110611056
:10aab8006110611061106110611061106110611006
:10aac800e318ffffffffffffffffffffffffffff91
:10aad800ffffffffffffffffffffffffffffffff7e
:10aae800ffffffffffffffffffffffffffffffff6e
:10aaf800ffffffffffffffffffffffffffffffff5e
:10ab0800ffffffffffffffffffffffffffffffff4d
:10ab1800ffffffffffffffffffffffffffffffff3d
:10ab2800ffff718c6110611061106110611061107c
:10ab380061106110611061106110ffffffffffffde
:10ab4800ffffffffffffffffffffffffffffffff0d
:10ab5800fffffffffffffffffffffffffffffffffd
:10ab6800ffffffffffffffffffffffffffffffffed
:10ab7800ffff284a611061106110611061106110b7
:10ab88006110611061106110611061106110611035
:10ab98006110611061106110611061106110611025
:10aba8006110611061106110611061106110611015
:10abb8006110611061106110611061106110611005
:10abc80061106110611061106110611061106110f5
:10abd80061106110611061106110611061106110e5
:10abe80061106110611061106110611061106110d5
:10abf800c31871948e7361106110c31871947194a5
:10ac08007194719471947194719471947194719414
:10ac18007194719471947194cb5a611061106110a0
:10ac28006110611061106110611061106110611094
:10ac38006110611061106110611061106110611084
:10ac48006110611061106110611061106110611074
:10ac58006110611061106110611061106110611064
:10ac680061106110611061100421719471947194e4
:10ac780071947194719471947194719471947194a4
:10ac8800719471947194494a6110611008427194e9
:10ac98007194611061106110611061106110611090
:10aca8006110611061106110611061106110611014
:10acb8006110611061106110611061106110611004
:10acc800611061106110611061109ef7ffffffffb6
:10acd800ffffffffffffffffffffffffffffffff7c
:10ace800ffffffffffffffffffffffffffffffff6c
:10acf800ffffffffd7bd6d6b6952e739e3184429a1
:10ad0800494a2c6b7defffffffffffffffffffffaf
:10ad1800ffffffffffffffffffffffffffffffff3b
:10ad2800ffffffffffffffffffffffffffffdfff4b
:10ad38006110611061106110611061106110611083
:10ad4800611061106110ffffffffffffffffffffb2
:10ad5800fffffffffffffffffffffffffffffffffb
:10ad6800ffff1ce761106110611061106110611034
:10ad780061106110bad6ffffffffffffffffffff63
:10ad8800ffffffffffffffffffffffffffffffffcb
:10ad9800718c611061106110611061106110611097
:10ada800611061106110e3189ef7ffffffffffffbe
:10adb800ffffffffffffffffffffffffffffffff9b
:10adc800ffffffffffffffffffffffffffffffff8b
:10add800dfffd29c8e738a52e31803210842aa52dd
:10ade8009ad6fffffffffffffffffffffffffffff9
:10adf800ffffffffffffffffffffffffffffffff5b
:10ae0800ffffffffffffffffffffffff6110611064
:10ae180061106110611061106110611061106110a2
:10ae28006110ffffffffffffffffffffffffffffb7
:10ae3800ffffffffffffffffffffffffffffffff1a
:10ae4800ffffffffffffffffffffffffffffffff0a
:10ae5800ffffffffffffffffffff284a61106110a0
:10ae68006110611061106110611061106110611052
:10ae78006110611061106110611061106110611042
:10ae88006110611061106110611061106110611032
:10ae98006110611061106110611061106110611022
:10aea8006110611061106110611061106110611012
:10aeb8006110611061106110611061106110611002
:10aec80061106110611061106110611061106110f2
:10aed8006110611061106110494a719486316110e6
:10aee8006110aa52719471947194719471947194cf
:10aef8007194719471947194719471947194719422
:10af0800a210611061106110611061106110611070
:10af180061106110611061106110611061106110a1
:10af28006110611061106110611061106110611091
:10af38006110611061106110611061106110611081
:10af48006110611061106110611061106110611071
:10af58006110719471947194719471947194719455
:10af68007194719471947194719471947194108422
:10af780082106110821071947194611061106110d7
:10af88006110611061106110611061106110611031
:10af98006110611061106110611061106110611021
:10afa8006110611061106110611061106110611011
:10afb8006110ffffffffffffffffffffffffffff26
:10afc800ffffffffffffffffffffffffffffffff89
:10afd800fffffffffffffffffbdee7396110611096
:10afe8006110611061106110611061106110e7411a
:10aff8005defffffffffffffffffffffffffffff0b
:10b00800ffffffffffffffffffffffffffffffff48
:10b01800ffffffffffffffff61106110611061106c
:10b028006110611061106110611061106110ffff03
:10b03800ffffffffffffffffffffffffffffffff18
:10b04800ffffffffffffffffffff1ce7611061101d
:10b05800611061106110611061106110bad6ffffb4
:10b06800ffffffffffffffffffffffffffffffffe8
:10b07800ffffffffffffffff718c61106110611080
:10b088006110611061106110611061106110518cc4
:10b09800ffffffffffffffffffffffffffffffffb8
:10b0a800ffffffffffffffffffffffffffffffffa8
:10b0b800ffffffffffff75adc2186110611061103f
:10b0c80061106110611061106110042138c6ffff22
:10b0d800ffffffffffffffffffffffffffffffff78
:10b0e800ffffffffffffffffffffffffffffffff68
:10b0f800ffffffff611061106110611061106110a6
:10b1080061106110611061106110ffffffffffff08
:10b11800ffffffffffffffffffffffffffffffff37
:10b12800ffffffffffffffffffffffffffffffff27
:10b13800ffffffffffffffffffffffffffffffff17
:10b14800ffff284a611061106110611061106110e1
:10b15800611061106110611061106110611061105f
:10b16800611061106110611061106110611061104f
:10b17800611061106110611061106110611061103f
:10b18800611061106110611061106110611061102f
:10b19800611061106110611061106110611061101f
:10b1a800611061106110611061106110611061100f
:10b1b80061106110611061106110611061106110ff
:10b1c8007194484a6110611061107194719471947e
:10b1d800719471947194719471947194719471943f
:10b1e800719471947194719461106110611061107f
:10b1f80061106110611061106110611061106110bf
:10b208006110611061106110611061106110c7391f
:10b2180008428631242161106110611061106110ab
:10b22800611061106110611061106110611061108e
:10b23800611061106110611061100842719471947d
:10b2480071947194719471947194719471947194ce
:10b258007194719471947194ef8361106110518ca1
:10b2680071946110611061106110611061106110ba
:10b27800611061106110611061106110611061103e
:10b28800611061106110611061106110611061102e
:10b2980061106110611061106529ffffffffffff5a
:10b2a800ffffffffffffffffffffffffffffffffa6
:10b2b800ffffffffffffffffffffffffae73611000
:10b2c80061106110611061106110611061106110ee
:10b2d800611061106110611061106110ffffffffc4
:10b2e800ffffffffffffffffffffffffffffffff66
:10b2f800ffffffffffffffffffffffffffffffff56
:10b3080061106110611061106110611061106110ad
:10b31800611061106110ffffffffffffffffffffdc
:10b32800ffffffffffffffffffffffffffffffff25
:10b33800ffff1ce76110611061106110611061105e
:10b3480061106110bad6ffffffffffffffffffff8d
:10b35800fffffffffffffffffffffffffffffffff5
:10b36800718c6110611061106110611061106110c1
:10b37800611061106110ffffffffffffffffffff7c
:10b38800ffffffffffffffffffffffffffffffffc5
:10b39800ffffffffffffffff1ce76952611061100d
:10b3a800611061106110611061106110611061100d
:10b3b8006110611061106110bef7ffffffffffff12
:10b3c800ffffffffffffffffffffffffffffffff85
:10b3d800ffffffffffffffffffffffffa218611046
:10b3e80061106110611061106110611061106110cd
:10b3f8006110ffffffffffffffffffffffffffffe2
:10b40800ffffffffffffffffffffffffffffffff44
:10b41800611061106110611061106110611061109c
:10b42800611061106110611061106110611061108c
:10b43800611061106110611061106110611061107c
:10b44800611061106110611061106110611061106c
:10b45800611061106110611061106110611061105c
:10b46800611061106110611061106110611061104c
:10b47800611061106110611061106110611061103c
:10b48800611061106110611061106110611061102c
:10b49800611061106110611061106110611061101c
:10b4a80061106110611061107194c218611061100f
:10b4b80082107194719471947194719471947194cf
:10b4c800719471947194719471947194719471944c
:10b4d80061106110611061106110611061106110dc
:10b4e80061106110611061106110611061106110cc
:10b4f800a2182c6b308c7194719471947194284ab1
:10b50800c318611061106110611061106110611041
:10b51800611061106110611061106110611061109b
:10b5280061108210719471947194719471947194f2
:10b5380071947194719471947194719471947194db
:10b548007194611061100c637194c31861106110db
:10b55800611061106110611061106110611061105b
:10b56800611061106110611061106110611061104b
:10b57800611061106110611061106110611061103b
:10b588001084ffffffffffffffffffffffffffff2d
:10b59800ffffffffffffffffffffffffffffffffb3
:10b5a800fffffbde61106110611061106110611016
:10b5b80061106110611061106110611061106110fb
:10b5c80061106110508cffffffffffffffffffffbf
:10b5d800ffffffffffffffffffffffffffffffff73
:10b5e800ffffffffffffffff821061106110611076
:10b5f8006110611061106110611061106110ffff2e
:10b60800ffffffffffffffffffffffffffffffff42
:10b61800ffffffffffffffffffff1ce76110611047
:10b62800611061106110611061106110bad6ffffde
:10b63800ffffffffffffffffffffffffffffffff12
:10b64800ffffffffffffffff718c611061106110aa
:10b658006110611061106110611061106110ffffcd
:10b66800ffffffffffffffffffffffffffffffffe2
:10b67800ffffffffffffffffffffffffffffffffd2
:10b68800e3186110611061106110611061106110a0
:10b69800611061106110611061106110611061101a
:10b6a800a639fbdeffffffffffffffffffffffffe6
:10b6b800ffffffffffffffffffffffffffffffff92
:10b6c800ffffffff4d6b6110611061106110611089
:10b6d80061106110611061106110ffffffffffff33
:10b6e800ffffffffffffffffffffffffffffffff62
:10b6f800ffffffffffffffff611061106110611086
:10b7080061106110611061106110611061106110a9
:10b718006110611061106110611061106110611099
:10b728006110611061106110611061106110611089
:10b738006110611061106110611061106110611079
:10b748006110611061106110611061106110611069
:10b758006110611061106110611061106110611059
:10b768006110611061106110611061106110611049
:10b778006110611061106110611061106110611039
:10b788006110611061106110611061106110284230
:10b7980071946110611061108e7371947194719439
:10b7a8007194719471947194719471947194719469
:10b7b800719471947194284a61106110611061103c
:10b7c80061106110611061106110611061106110e9
:10b7d80061106110c218718c719471947194719494
:10b7e8007194719471947194719471946952611007
:10b7f80061106110611061106110611061106110b9
:10b80800611061106110611061106110518c7194a8
:10b8180071947194719471947194719471947194f8
:10b8280071947194719471947194611061106110a4
:10b838001084ae73611061106110611061106110a5
:10b848006110611061106110611061106110611068
:10b858006110611061106110611061106110611058
:10b868006110611061104529ffffffffffffffff17
:10b87800ffffffffffffffffffffffffffffffffd0
:10b88800ffffffffffffffff79ce6110611061101e
:10b898006110611061106110611061106110611018
:10b8a8006110611061106110611061106110611008
:10b8b8000c63ffffffffffffffffffffffffffff1f
:10b8c800ffffffffffffffffffffffffffffffff80
:10b8d800d7bd6110611061106110611061106110b5
:10b8e800611061106110ffffffffffffffffffff07
:10b8f800ffffffffffffffffffffffffffffffff50
:10b90800ffff1ce761106110611061106110611088
:10b9180061106110bad6ffffffffffffffffffffb7
:10b92800ffffffffffffffffffffffffffffffff1f
:10b93800718c6110611061106110611061106110eb
:10b94800611061109294fffffffffffffffffffff1
:10b95800ffffffffffffffffffffffffffffffffef
:10b96800fffffffffffff39c611061106110611082
:10b978006110611061106110611061106110611037
:10b98800611061106110611061106110e318ffff10
:10b99800ffffffffffffffffffffffffffffffffaf
:10b9a800ffffffffffffffffffffffffffffc7399d
:10b9b80061106110611061106110611061106110f7
:10b9c8006110ffffffffffffffffffffffffffff0c
:10b9d800ffffffffffffffffffffffffffffffff6f
:10b9e80061106110611061106110611061106110c7
:10b9f80061106110611061106110611061106110b7
:10ba080061106110611061106110611061106110a6
:10ba18006110611061106110611061106110611096
:10ba28006110611061106110611061106110611086
:10ba38006110611061106110611061106110611076
:10ba48006110611061106110611061106110611066
:10ba58006110611061106110611061106110611056
:10ba68006110611061106110611061106110611046
:10ba78006110611061106d6b71946110611061103b
:10ba88007194719471947194719471947194719486
:10ba9800719471947194719471947194518ca218e9
:10baa8006110611061106110611061106110611006
:10bab80061106110611061106110863110847194f9
:10bac8007194719471947194719471947194719446
:10bad800719471947194a2186110611061106110d1
:10bae80061106110611061106110611061106110c6
:10baf800611061100c6371947194719471947194d4
:10bb08007194719471947194719471947194719405
:10bb18007194611061106110aa527194e320611050
:10bb28006110611061106110611061106110611085
:10bb38006110611061106110611061106110611075
:10bb480061106110611061106110611061106d6bfe
:10bb5800ffffffffffffffffffffffffffffffffed
:10bb6800ffffffffffffffffffffffffffff3ce7b8
:10bb78000421611061106110611061106110611081
:10bb88006110611061106110611061106110611025
:10bb980061106110611061106110ffffffffffff6e
:10bba800ffffffffffffffffffffffffffffffff9d
:10bbb800ffffffffffffffffdfffe32061106110c2
:10bbc8006110611061106110611061106110ffff58
:10bbd800ffffffffffffffffffffffffffffffff6d
:10bbe800ffffffffffffffffffff1ce76110611072
:10bbf800611061106110611061106110bad6ffff09
:10bc0800ffffffffffffffffffffffffffffffff3c
:10bc1800ffffffffffffffff718c611061106110d4
:10bc28006110611061106110611061103ce7ffff45
:10bc3800ffffffffffffffffffffffffffffffff0c
:10bc4800ffffffffffffffffffffffffffff811069
:10bc58006110611061106110611061106110611054
:10bc68006110611061106110611061106110611044
:10bc7800611061106110ffffffffffffffffffff73
:10bc8800ffffffffffffffffffffffffffffffffbc
:10bc9800ffffffffffff92946110611061106110b8
:10bca80061106110611061106110ffffffffffff5d
:10bcb800ffffffffffffffffffffffffffffffff8c
:10bcc800ffffffffffffffff6110611061106110b0
:10bcd80061106110611061106110611061106110d4
:10bce80061106110611061106110611061106110c4
:10bcf80061106110611061106110611061106110b4
:10bd080061106110611061106110611061106110a3
:10bd18006110611061106110611061106110611093
:10bd28006110611061106110611061106110611083
:10bd38006110611061106110611061106110611073
:10bd48006110611061106110611061106110611063
:10bd5800611061106110611061106110e741719408
:10bd6800719461106110611071947194719471945f
:10bd78007194719471947194719471947194719493
:10bd880071947194e7416110611061106110611044
:10bd98006110611061106110611061106110611013
:10bda8007194719471947194719471947194719463
:10bdb8007194719471947194719471947194719453
:10bdc800a2106110611061106110611061106110a2
:10bdd800611061106110611061106110821071941e
:10bde8007194719471947194719471947194719423
:10bdf8007194719471947194719486316110611089
:10be0800611071948e73611061106110611061107e
:10be18006110611061106110611061106110611092
:10be28006110611061106110611061106110611082
:10be38006110611061101ce7ffffffffffffffffac
:10be4800fffffffffffffffffffffffffffffffffa
:10be5800ffffffffffff61106110611061106110ab
:10be68006110611061106110611061106110611042
:10be78006110611061106110611061106110611032
:10be880061101ce7ffffffffffffffffffffffff42
:10be9800ffffffffffffffffffffffffffffffffaa
:10bea800ffffd7bd61106110611061106110611052
:10beb800611061106110ffffffffffffffffffff31
:10bec800ffffffffffffffffffffffffffffffff7a
:10bed800ffff1ce7611061106110611061106110b3
:10bee80061106110bad6ffffffffffffffffffffe2
:10bef800ffffffffffffffffffffffffffffffff4a
:10bf0800718c611061106110611061106110611015
:10bf18006110518cffffffffffffffffffffffffd7
:10bf2800ffffffffffffffffffffffffffffffff19
:10bf3800ffffffff694a6110611061106110611015
:10bf48006110611061106110611061106110611061
:10bf58006110611061106110611061106110cf7b78
:10bf6800ffffffffffffffffffffffffffffffffd9
:10bf7800ffffffffffffffffffffffffffffffffc9
:10bf88006110611061106110611061106110611021
:10bf98006110ffffffffffffffffffffffffffff36
:10bfa800ffffffffffffffffffffffffffffffff99
:10bfb80061106110611061106110611061106110f1
:10bfc80061106110611061106110611061106110e1
:10bfd80061106110611061106110611061106110d1
:10bfe80061106110611061106110611061106110c1
:10bff80061106110611061106110611061106110b1
:10c0080061106110611061106110611061106110a0
:10c018006110611061106110611061106110611090
:10c028006110611061106110611061106110611080
:10c038006110611061106110611061106110611070
:10c04800611061100c637194318c611061102421ae
:10c0580071947194719471947194719471947194b0
:10c06800719471947194719471947194e31861103e
:10c078006110611061106110611061106110611030
:10c0880061106110611061107194719471947194d0
:10c098007194719471947194719471947194719470
:10c0a80071947194719471944d6b61106110611069
:10c0b80061106110611061106110611061106110f0
:10c0c80061106110611071947194719471947194fc
:10c0d8007194719471947194719471947194719430
:10c0e8007194aa5a6110611061107194718c611079
:10c0f80061106110611061106110611061106110b0
:10c10800611061106110611061106110611061109f
:10c118006110611061106110611061106110ffff02
:10c12800ffffffffffffffffffffffffffffffff17
:10c13800ffffffffffffffffffffffffffff611094
:10c14800611061106110611061106110611061105f
:10c15800611061106110611061106110611061104f
:10c16800611061106110611061100c63ffffffff27
:10c17800ffffffffffffffffffffffffffffffffc7
:10c18800ffffffffffffffffffffbef7611061101a
:10c198006110611061106110611061106110ffff82
:10c1a800ffffffffffffffffffffffffffffffff97
:10c1b800ffffffffffffffffffff1ce7611061109c
:10c1c800611061106110611061106110bad6ffff33
:10c1d800ffffffffffffffffffffffffffffffff67
:10c1e800ffffffffffffffff718c611061106110ff
:10c1f80061106110611061106110bad6ffffffff76
:10c20800ffffffffffffffffffffffffffffffff36
:10c21800ffffffffffffffffffff75ad611061101c
:10c22800611061106110611061106110611061107e
:10c23800611061106110611061106110611061106e
:10c248006110611061108210ffffffffffffffff09
:10c25800ffffffffffffffffffffffffffffffffe6
:10c26800ffffffffffffffff61106110611061100a
:10c2780061106110611061106110ffffffffffff87
:10c28800ffffffffffffffffffffffffffffffffb6
:10c29800ffffffffffffffff6110611061106110da
:10c2a80061106110611061106110611061106110fe
:10c2b80061106110611061106110611061106110ee
:10c2c80061106110611061106110611061106110de
:10c2d80061106110611061106110611061106110ce
:10c2e80061106110611061106110611061106110be
:10c2f80061106110611061106110611061106110ae
:10c30800611061106110611061106110611061109d
:10c31800611061106110611061106110611061108d
:10c328006110611061106110611061107194719455
:10c33800084261106110ae7b71947194719471948c
:10c3480071947194719471947194719471947194bd
:10c358007194eb62611061106110611061106110dd
:10c368006110611061106110611061106110ef7b44
:10c37800719471947194719471947194719471948d
:10c38800719471947194719471947194719471947d
:10c3980071943084a21861106110611061106110ed
:10c3a8006110611061106110611061106110719469
:10c3b800719471947194719471947194719471944d
:10c3c80071947194719471947194719404216110b1
:10c3d80061107194719461106110611061106110a5
:10c3e80061106110611061106110611061106110bd
:10c3f80061106110611061106110611061106110ad
:10c40800611061106110ffffffffffffffffffffdb
:10c41800ffffffffffffffffffffffffffffffff24
:10c42800ffffffffffff61106110611061106110d5
:10c43800611061106110611061106110611061106c
:10c44800611061106110611061106110611061105c
:10c45800611061108a52ffffffffffffffffffff20
:10c46800ffffffffffffffffffffffffffffffffd4
:10c47800ffffffff61106110611061106110611012
:10c48800611061106110ffffffffffffffffffff5b
:10c49800ffffffffffffffffffffffffffffffffa4
:10c4a800ffff1ce7611061106110611061106110dd
:10c4b80061106110bad6ffffffffffffffffffff0c
:10c4c800ffffffffffffffffffffffffffffffff74
:10c4d800718c611061106110611061106110611040
:10c4e8006110ffffffffffffffffffffffffffffe1
:10c4f800ffffffffffffffffffffffffffffffff44
:10c5080034a5611061106110611061106110611033
:10c51800611061106110611061106110611061108b
:10c52800611061106110611061106110611061107b
:10c538009ad6ffffffffffffffffffffffffffff91
:10c54800fffffffffffffffffffffffffffffffff3
:10c55800c3186110611061106110611061106110e1
:10c568006110ffffffffffffffffffffffffffff60
:10c57800ffffffffffffffffffffffffffffffffc3
:10c58800611061106110611061106110611061101b
:10c59800611061106110611061106110611061100b
:10c5a80061106110611061106110611061106110fb
:10c5b80061106110611061106110611061106110eb
:10c5c80061106110611061106110611061106110db
:10c5d80061106110611061106110611061106110cb
:10c5e80061106110611061106110611061106110bb
:10c5f80061106110611061106110611061106110ab
:10c60800611061106110611061106110611061109a
:10c618006110611071947194e3206110a218718cfb
:10c6280071947194719471947194719471947194da
:10c6380071947194719471947194284a6110611085
:10c64800611061106110611061106110611061105a
:10c658006110611061107194719471947194719466
:10c66800719471947194719471947194719471949a
:10c67800719471947194719471947194494a611090
:10c68800611061106110611061106110611061101a
:10c69800611061106110718c71947194719471942e
:10c6a800719471947194719471947194719471945a
:10c6b80071947194284a6110611071947194611099
:10c6c80061106110611061106110611061106110da
:10c6d80061106110611061106110611061106110ca
:10c6e8006110611061106110611061106110ffff2d
:10c6f800ffffffffffffffffffffffffffffffff42
:10c70800ffffffffffffffffffffffff79ce611075
:10c718006110611061106110611061106110611089
:10c728006110611061106110611061106110611079
:10c738006110611061106110611061106110ffffdc
:10c74800fffffffffffffffffffffffffffffffff1
:10c75800ffffffffffffffffffffffff61106110fb
:10c768006110611061106110611061106110ffffac
:10c77800ffffffffffffffffffffffffffffffffc1
:10c78800ffffffffffffffffffff1ce761106110c6
:10c79800611061106110611061106110bad6ffff5d
:10c7a800ffffffffffffffffffffffffffffffff91
:10c7b800ffffffffffffffff718c61106110611029
:10c7c80061106110611061106110ffffffffffff32
:10c7d800ffffffffffffffffffffffffffffffff61
:10c7e800ffffffffffffffffc639611061106110f7
:10c7f80061106110611061106110611061106110a9
:10c808006110611061106110611061106110611098
:10c8180061106110611061106d6bffffffffffff7a
:10c82800ffffffffffffffffffffffffffffffff10
:10c83800ffffffffffffffff8a52611061106110c9
:10c8480061106110611061106110ffffffffffffb1
:10c85800ffffffffffffffffffffffffffffffffe0
:10c86800ffffffffffffffff611061106110611004
:10c878006110611061106110611061106110611028
:10c888006110611061106110611061106110611018
:10c898006110611061106110611061106110611008
:10c8a80061106110611061106110611061106110f8
:10c8b80061106110611061106110611061106110e8
:10c8c80061106110611061106110611061106110d8
:10c8d80061106110611061106110611061106110c8
:10c8e80061106110611061106110611061106110b8
:10c8f8006110611061106110611061107194719480
:10c9080061106110cb5a71947194719471947194ff
:10c9180071947194719471947194719471947194e7
:10c92800719404216110611061106110611061102f
:10c9380061106110611061106110611065317194ae
:10c9480071947194719471947194719471947194b7
:10c9580071947194719471947194719471947194a7
:10c96800719471947194611061106110611061107b
:10c9780061106110611061106110611061108e7397
:10c988007194719471947194719471947194719477
:10c99800719471947194719471947194308c611044
:10c9a8006110719471948631611061106110611089
:10c9b80061106110611061106110611061106110e7
:10c9c80061106110611061106110611061106110d7
:10c9d800611061106110ffffffffffffffffffff06
:10c9e800ffffffffffffffffffffffffffffffff4f
:10c9f800ffffffff86316110611061106110611047
:10ca08006110611061106110611061106110611096
:10ca18006110611061106110611061106110611086
:10ca2800611061106110ffffffffffffffffffffb5
:10ca3800fffffffffffffffffffffffffffffffffe
:10ca4800ffffffff484a611061106110611061101b
:10ca5800611061106110ffffffffffffffffffff85
:10ca6800ffffffffffffffffffffffffffffffffce
:10ca7800ffff1ce761106110611061106110611007
:10ca880061106110bad6ffffffffffffffffffff36
:10ca9800ffffffffffffffffffffffffffffffff9e
:10caa800718c61106110611061106110611061106a
:10cab8006110ffffffffffffffffffffffffffff0b
:10cac800ffffffffffffffffffffffffffffffff6e
:10cad80061106110611061106110611061106110c6
:10cae80061106110611061106110611061106110b6
:10caf80061106110611061106110611061106110a6
:10cb0800611014a5ffffffffffffffffffffffffff
:10cb1800ffffffffffffffffffffffffffffffff1d
:10cb2800d7bd611061106110611061106110611052
:10cb38006110ffffffffffffffffffffffffffff8a
:10cb4800ffffffffffffffffffffffffffffffffed
:10cb58006110611061106110611061106110611045
:10cb68006110611061106110611061106110611035
:10cb78006110611061106110611061106110611025
:10cb88006110611061106110611061106110611015
:10cb98006110611061106110611061106110611005
:10cba80061106110611061106110611061106110f5
:10cbb80061106110611061106110611061106110e5
:10cbc80061106110611061106110611061106110d5
:10cbd80061106110611061106110611061106110c5
:10cbe800611061107194719461106110cf7b719420
:10cbf8007194719471947194719471947194719405
:10cc0800719471947194719471948210611061108f
:10cc18006110611061106110611061106110611084
:10cc2800611061108a527194719471947194719425
:10cc380071947194719471947194719471947194c4
:10cc48007194719471947194719471947194611048
:10cc58006110611061106110611061106110611044
:10cc68006110611061100c637194719471947194e6
:10cc78007194719471947194719471947194719484
:10cc88007194719471946110611071947194694aee
:10cc98006110611061106110611061106110611004
:10cca80061106110611061106110611061106110f4
:10ccb8006110611061106110611061106110ffff57
:10ccc800ffffffffffffffffffffffffffffffff6c
:10ccd800ffffffffffffffffffff3ce76110611051
:10cce80061106110611061106110611061106110b4
:10ccf80061106110611061106110611061106110a4
:10cd0800611061106110611061106110611079cebd
:10cd1800ffffffffffffffffffffffffffffffff1b
:10cd2800ffffffffffffffffffffffffef7b61102c
:10cd38006110611061106110611061106110ffffd6
:10cd4800ffffffffffffffffffffffffffffffffeb
:10cd5800ffffffffffffffffffff1ce761106110f0
:10cd6800611061106110611061106110bad6ffff87
:10cd7800ffffffffffffffffffffffffffffffffbb
:10cd8800ffffffffffffffff718c61106110611053
:10cd980061106110611061106110ffffffffffff5c
:10cda800ffffffffffffffffffffffffffffffff8b
:10cdb800ffffffffffffffff6110611061106110af
:10cdc80061106110611061106110611061106110d3
:10cdd80061106110611061106110611061106110c3
:10cde800611061106110611061108a52ffffffff2e
:10cdf800ffffffffffffffffffffffffffffffff3b
:10ce0800ffffffffffffffff7def61106110611063
:10ce180061106110611061106110ffffffffffffdb
:10ce2800ffffffffffffffffffffffffffffffff0a
:10ce3800ffffffffffffffff61106110611061102e
:10ce48006110611061106110611061106110611052
:10ce58006110611061106110611061106110611042
:10ce68006110611061106110611061106110611032
:10ce78006110611061106110611061106110611022
:10ce88006110611061106110611061106110611012
:10ce98006110611061106110611061106110611002
:10cea80061106110611061106110611061106110f2
:10ceb80061106110611061106110611061106110e2
:10cec80061106110611061106110611071946e73ce
:10ced8006110aa5a719471947194719471947194b7
:10cee8007194719471947194719471947194719412
:10cef800719461106110611061106110611061100e
:10cf0800611061106110611061106110ef837194fc
:10cf180071947194719471947194719471947194e1
:10cf280071947194719471947194719471947194d1
:10cf380071947194719461106110611061106110a5
:10cf48006110611061106110611061106110aa5abe
:10cf580071947194719471947194719471947194a1
:10cf68007194719471947194719471947194611025
:10cf78006110e7417194719404216110611061108e
:10cf88006110611061106110611061106110611011
:10cf98006110611061106110611061106110611001
:10cfa800611061106110ffffffffffffffffffff30
:10cfb800ffffffffffffffffffffffffffffffff79
:10cfc800ffffa639611061106110611061106110d6
:10cfd80061106110611061106110611061106110c1
:10cfe80061106110611061106110611061106110b1
:10cff8006110611061106110dbdeffffffffffffb2
:10d00800ffffffffffffffffffffffffffffffff28
:10d01800ffffffffffffa218611061106110611090
:10d02800611061106110ffffffffffffffffffffaf
:10d03800fffffffffffffffffffffffffffffffff8
:10d04800ffff1ce761106110611061106110611031
:10d0580061106110bad6ffffffffffffffffffff60
:10d06800ffffffffffffffffffffffffffffffffc8
:10d07800718c611061106110611061106110611094
:10d088006110ffffffffffffffffffffffffffff35
:10d09800ffffffffffffffffffffffffffffffff98
:10d0a80061106110611061106110611061106110f0
:10d0b80061106110611061106110611061106110e0
:10d0c80061106110611061106110611061106110d0
:10d0d800611061104c6bffffffffffffffffffffb9
:10d0e800ffffffffffffffffffffffffffffffff48
:10d0f800ffff718c61106110611061106110611087
:10d108006110ffffffffffffffffffffffffffffb4
:10d11800ffffffffffffffffffffffffffffffff17
:10d12800611061106110611061106110611061106f
:10d13800611061106110611061106110611061105f
:10d14800611061106110611061106110611061104f
:10d15800611061106110611061106110611061103f
:10d16800611061106110611061106110611061102f
:10d17800611061106110611061106110611061101f
:10d18800611061106110611061106110611061100f
:10d1980061106110611061106110611061106110ff
:10d1a80061106110611061106110611061106110ef
:10d1b800611061107194cb5a61104d6b7194719428
:10d1c800719471947194719471947194719471942f
:10d1d80071947194719471947194611061106110db
:10d1e80061106110611061106110611061106110af
:10d1f80061106110ef8371947194719471947194ba
:10d2080071947194719471947194719471947194ee
:10d218007194719471947194719471947194611072
:10d22800611061106110611061106110611061106e
:10d23800611061106110cb5a71947194719471945a
:10d2480071947194719471947194719471947194ae
:10d25800719471947194a2186110653171947194ec
:10d2680086316110611061106110611061106110e8
:10d27800611061106110611061106110611061101e
:10d288006110611061106110611061106110ffff81
:10d29800ffffffffffffffffffffffffffffffff96
:10d2a800ffffffffffffffffffffe320611061109b
:10d2b80061106110611061106110611061106110de
:10d2c80061106110611061106110611061106110ce
:10d2d80061106110611061106110611061106110be
:10d2e80075b5ffffffffffffffffffffffffffff1a
:10d2f800ffffffffffffffffffffffffffffc73934
:10d308006110611061106110611061106110ffff00
:10d31800ffffffffffffffffffffffffffffffff15
:10d32800ffffffffffffffffffff1ce7611061101a
:10d33800611061106110611061106110bad6ffffb1
:10d34800ffffffffffffffffffffffffffffffffe5
:10d35800ffffffffffffffff718c6110611061107d
:10d3680061106110611061106110ffffffffffff86
:10d37800ffffffffffffffffffffffffffffffffb5
:10d38800ffffffffffffdfff6110611061106110f9
:10d3980061106110611061106110611061106110fd
:10d3a80061106110611061106110611061106110ed
:10d3b800611061106110611061106110e739ffffa1
:10d3c800ffffffffffffffffffffffffffffffff65
:10d3d800ffffffffffffffffffff75b56110611043
:10d3e80061106110611061106110ffffffffffff06
:10d3f800ffffffffffffffffffffffffffffffff35
:10d40800ffffffffffffffff611061106110611058
:10d41800611061106110611061106110611061107c
:10d42800611061106110611061106110611061106c
:10d43800611061106110611061106110611061105c
:10d44800611061106110611061106110611061104c
:10d45800611061106110611061106110611061103c
:10d46800611061106110611061106110611061102c
:10d47800611061106110611061106110611061101c
:10d48800611061106110611061106110611061100c
:10d4980061106110611061106110e3187194084205
:10d4a8006110318c71947194719471947194719428
:10d4b800719471947194719471947194719471943c
:10d4c8007194611061106110611061106110611038
:10d4d800611061106110611061106110ef83719427
:10d4e800719471947194719471947194719471940c
:10d4f80071947194719471947194719471947194fc
:10d5080071947194719461106110611061106110cf
:10d5180061106110611061106110611061108e73eb
:10d5280071947194719471947194719471947194cb
:10d538007194719471947194719471947194c739c0
:10d5480061106110518c7194695261106110611001
:10d55800611061106110611061106110611061103b
:10d56800611061106110611061106110611061102b
:10d57800611061106110ffffffffffffffffffff5a
:10d58800ffffffffffffffffffffffffffffffffa3
:10d59800dbde6110611061106110611061106110b3
:10d5a80061106110611061106110611061106110eb
:10d5b80061106110611061106110611061106110db
:10d5c80061106110611061106d73ffffffffffffb5
:10d5d800ffffffffffffffffffffffffffffffff53
:10d5e800ffffffffffff0c63611061106110611006
:10d5f800611061106110ffffffffffffffffffffda
:10d60800ffffffffffffffffffffffffffffffff22
:10d61800ffff1ce76110611061106110611061105b
:10d6280061106110bad6ffffffffffffffffffff8a
:10d63800fffffffffffffffffffffffffffffffff2
:10d64800718c6110611061106110611061106110be
:10d65800c218fffffffffffffffffffffffffffff6
:10d66800ffffffffffffffffffffffffffffd7bd2c
:10d67800611061106110611061106110611061101a
:10d68800611061106110611061106110611061100a
:10d6980061106110611061106110611061106110fa
:10d6a800611061106110ffffffffffffffffffff29
:10d6b800ffffffffffffffffffffffffffffffff72
:10d6c800fffffbde611061106110611061106110d5
:10d6d8006110ffffffffffffffffffffffffffffdf
:10d6e800ffffffffffffffffffffffffffffffff42
:10d6f800611061106110611061106110611061109a
:10d708006110611061106110611061106110611089
:10d718006110611061106110611061106110611079
:10d728006110611061106110611061106110611069
:10d738006110611061106110611061106110611059
:10d748006110611061106110611061106110611049
:10d758006110611061106110611061106110611039
:10d768006110611061106110611061106110611029
:10d778006110611061106110611061106110611019
:10d788006110452971948631611071947194719476
:10d798007194719471947194719471947194719459
:10d7a8007194719471947194719461106110611005
:10d7b80061106110611061106110611061106110d9
:10d7c80061106110ef8371947194719471947194e4
:10d7d8007194719471947194719471947194719419
:10d7e800719471947194719471947194ef83611030
:10d7f8006110611061106110611061106110611099
:10d808006110611061101084719471947194719415
:10d8180071947194719471947194719471947194d8
:10d82800719471947194494a6110611010847194d3
:10d83800cb5a6110611061106110611061106110a4
:10d848006110611061106110611061106110611048
:10d858006110611061106110611061106110ffffab
:10d86800ffffffffffffffffffffffffffffffffc0
:10d87800ffffffffffffffff18c661106110611077
:10d888006110611061106110611061106110611008
:10d8980061106110611061106110611061106110f8
:10d8a80061106110611061106110611061106110e8
:10d8b800694affffffffffffffffffffffffffffbb
:10d8c800ffffffffffffffffffffffffffffae733d
:10d8d8006110611061106110611061106110ffff2b
:10d8e800ffffffffffffffffffffffffffffffff40
:10d8f800ffffffffffffffffffff1ce76110611045
:10d90800611061106110611061106110bad6ffffdb
:10d91800ffffffffffffffffffffffffffffffff0f
:10d92800ffffffffffffffff718c611061106110a7
:10d9380061106110611061108531ffffffffffff6b
:10d94800ffffffffffffffffffffffffffffffffdf
:10d95800ffffffffffff14a5611061106110611048
:10d968006110611061106110611061106110611027
:10d978006110611061106110611061106110611017
:10d988006110611061106110611061106110ffff7a
:10d99800ffffffffffffffffffffffffffffffff8f
:10d9a800ffffffffffffffffffff5def611061104b
:10d9b80061106110611061106110ffffffffffff30
:10d9c800ffffffffffffffffffffffffffffffff5f
:10d9d800ffffffffffffffff611061106110611083
:10d9e80061106110611061106110611061106110a7
:10d9f8006110611061106110611061106110611097
:10da08006110611061106110611061106110611086
:10da18006110611061106110611061106110611076
:10da28006110611061106110611061106110611066
:10da38006110611061106110611061106110611056
:10da48006110611061106110611061106110611046
:10da58006110611061106110611061106110611036
:10da680061106110611061106110e7417194e32049
:10da7800611071947194719471947194719471940a
:10da88007194719471947194719471947194719466
:10da98007194611061106110611061106110611062
:10daa800611061106110611061106110ef83719451
:10dab8007194719471947194719471947194719436
:10dac8007194719471947194719471947194719426
:10dad8007194308cc218611061106110611061106e
:10dae8006110611061106110611061106110719412
:10daf80071947194719471947194719471947194f6
:10db08007194719471947194719471947194eb5aa5
:10db1800611061106d7371944d6b6110611061102b
:10db28006110611061106110611061106110611065
:10db38006110611061106110611061106110611055
:10db4800611061104529ffffffffffffffffffff87
:10db5800ffffffffffffffffffffffffffffffffcd
:10db680055ad611061106110611061106110611094
:10db78006110611061106110611061106110611015
:10db88006110611061106110611061106110611005
:10db980061106110611061100321ffffffffffff9b
:10dba800ffffffffffffffffffffffffffffffff7d
:10dbb800ffffffffffff718c6110611061106110a2
:10dbc800611061106110ffffffffffffffffffff04
:10dbd800ffffffffffffffffffffffffffffffff4d
:10dbe800ffff1ce761106110611061106110611086
:10dbf80061106110bad6ffffffffffffffffffffb5
:10dc0800ffffffffffffffffffffffffffffffff1c
:10dc1800718c6110611061106110611061106110e8
:10dc2800694affffffffffffffffffffffffffff47
:10dc3800ffffffffffffffffffffffffffff8e73e9
:10dc48006110611061106110611061106110611044
:10dc58006110611061106110611061106110611034
:10dc68006110611061106110611061106110611024
:10dc7800611061106110ffffffffffffffffffff53
:10dc8800ffffffffffffffffffffffffffffffff9c
:10dc9800ffffffff611061106110611061106110da
:10dca8006110ffffffffffffffffffffffffffff09
:10dcb800ffffffffffffffffffffffffffffffff6c
:10dcc80061106110611061106110611061106110c4
:10dcd80061106110611061106110611061106110b4
:10dce80061106110611061106110611061106110a4
:10dcf8006110611061106110611061106110611094
:10dd08006110611061106110611061106110611083
:10dd18006110611061106110611061106110611073
:10dd28006110611061106110611061106110611063
:10dd38006110611061106110611061106110611053
:10dd48006110611061106110611061106110611043
:10dd5800611008427194a2186110719471947194c1
:10dd68007194719471947194719471947194719483
:10dd7800719471947194719471946110611061102f
:10dd88006110611061106110611061106110611003
:10dd980061106110ef83719471947194719471940e
:10dda8007194719471947194719471947194719443
:10ddb80071947194719471947194284261106110f6
:10ddc80061106110611061106110611061106110c3
:10ddd80061106110611071947194719471947194cf
:10dde8007194719471947194719471947194719403
:10ddf8007194719471942c63611061104d6b7194de
:10de08008e736110611061106110611061106110f2
:10de18006110611061106110611061106110611072
:10de2800611061106110611061106110a631ffff6f
:10de3800ffffffffffffffffffffffffffffffffea
:10de4800fffffffffffffffff39c611061106110f0
:10de58006110611061106110611061106110611032
:10de68006110611061106110611061106110611022
:10de78006110611061106110611061106110611012
:10de8800a210ffffffffffffffffffffffffffffe6
:10de9800ffffffffffffffffffffffffffffd39c19
:10dea8006110611061106110611061106110ffff55
:10deb800ffffffffffffffffffffffffffffffff6a
:10dec800ffffffffffffffffffff1ce7611061106f
:10ded800611061106110611061106110bad6ffff06
:10dee800ffffffffffffffffffffffffffffffff3a
:10def800ffffffffffffffff718c611061106110d2
:10df08006110611061106110aa52ffffffffffff4f
:10df1800ffffffffffffffffffffffffffffffff09
:10df2800ffffffffffffcb5a611061106110611006
:10df38006110611061106110611061106110611051
:10df48006110611061106110611061106110611041
:10df58006110611061106110611061106110ffffa4
:10df6800ffffffffffffffffffffffffffffffffb9
:10df7800ffffffffffffffffffffffff61106110c3
:10df880061106110611061106110ffffffffffff5a
:10df9800ffffffffffffffffffffffffffffffff89
:10dfa800ffffffffffffffff6110611061106110ad
:10dfb80061106110611061106110611061106110d1
:10dfc80061106110611061106110611061106110c1
:10dfd80061106110611061106110611061106110b1
:10dfe80061106110611061106110611061106110a1
:10dff8006110611061106110611061106110611091
:10e008006110611061106110611061106110611080
:10e018006110611061106110611061106110611070
:10e028006110611061106110611061106110611060
:10e0380061106110611061106110494a719461109a
:10e048006110719471947194719471947194719434
:10e058007194719471947194719471947194719490
:10e06800719461106110611061106110611061108c
:10e07800611061106110611061106110ef8371947b
:10e088007194719471947194719471947194719460
:10e098007194719471947194719471947194719450
:10e0a800c218611061106110611061106110611077
:10e0b800611061106110611061106110821071941b
:10e0c8007194719471947194719471947194719420
:10e0d80071947194719471947194719471944d6b5d
:10e0e800611061100c637194af7b61106110611055
:10e0f8006110611061106110611061106110611090
:10e10800611061106110611061106110611061107f
:10e1180061106110e739ffffffffffffffffffffff
:10e12800fffffffffffffffffffffffffffffffff7
:10e13800718c6110611061106110611061106110c3
:10e14800611061106110611061106110611061103f
:10e15800611061106110611061106110611061102f
:10e1680061106110611061106110ffffffffffff78
:10e17800ffffffffffffffffffffffffffffffffa7
:10e18800ffffffffffff55ad6110611061106110c7
:10e19800611061106110ffffffffffffffffffff2e
:10e1a800ffffffffffffffffffffffffffffffff77
:10e1b800ffff1ce7611061106110611061106110b0
:10e1c80061106110bad6ffffffffffffffffffffdf
:10e1d800ffffffffffffffffffffffffffffffff47
:10e1e800718c611061106110611061106110611013
:10e1f8000c63ffffffffffffffffffffffffffffb6
:10e20800ffffffffffffffffffffffffffff2842aa
:10e21800611061106110611061106110611061106e
:10e22800611061106110611061106110611061105e
:10e23800611061106110611061106110611061104e
:10e24800611061106110ffffffffffffffffffff7d
:10e25800ffffffffffffffffffffffffffffffffc6
:10e26800ffffffff61106110611061106110611004
:10e278006110ffffffffffffffffffffffffffff33
:10e28800ffffffffffffffffffffffffffffffff96
:10e2980061106110611061106110611061106110ee
:10e2a80061106110611061106110611061106110de
:10e2b80061106110611061106110611061106110ce
:10e2c80061106110611061106110611061106110be
:10e2d80061106110611061106110611061106110ae
:10e2e800611061106110611061106110611061109e
:10e2f800611061106110611061106110611061108e
:10e30800611061106110611061106110611061107d
:10e31800611061106110611061106110611061106d
:10e3280061108a52719461106110719471947194a2
:10e3380071947194719471947194719471947194ad
:10e348007194719471947194719461106110611059
:10e35800611061106110611061106110611061102d
:10e3680061106110ef837194719471947194719438
:10e37800719471947194719471947194719471946d
:10e38800719471947194ef83611061106110611040
:10e3980061106110611061106110611061106110ed
:10e3a80061106110863171947194719471947194b3
:10e3b800719471947194719471947194719471942d
:10e3c8007194719471946d73611061100c63719400
:10e3d800af7b6110611061106110611061106110f4
:10e3e800611061106110611061106110611061109d
:10e3f800611061106110611061106110284affffff
:10e40800ffffffffffffffffffffffffffffffff14
:10e41800ffffffffffffffff718c611061106110ac
:10e42800611061106110611061106110611061105c
:10e43800611061106110611061106110611061104c
:10e44800611061106110611061106110611061103c
:10e458006110ffffffffffffffffffffffffffff51
:10e46800ffffffffffffffffffffffffffff55adb0
:10e478006110611061106110611061106110ffff7f
:10e48800ffffffffffffffffffffffffffffffff94
:10e49800ffffffffffffffffffff1ce76110611099
:10e4a800611061106110611061106110bad6ffff30
:10e4b800ffffffffffffffffffffffffffffffff64
:10e4c800ffffffffffffffff718c611061106110fc
:10e4d80061106110611061100c63ffffffffffff07
:10e4e800ffffffffffffffffffffffffffffffff34
:10e4f800ffffffffffffc639611061106110611057
:10e50800611061106110611061106110611061107b
:10e51800611061106110611061106110611061106b
:10e528006110611061106110611061106110ffffce
:10e53800ffffffffffffffffffffffffffffffffe3
:10e54800ffffffffffffffffffffffff61106110ed
:10e5580061106110611061106110ffffffffffff84
:10e56800ffffffffffffffffffffffffffffffffb3
:10e57800ffffffffffffffff6110611061106110d7
:10e5880061106110611061106110611061106110fb
:10e5980061106110611061106110611061106110eb
:10e5a80061106110611061106110611061106110db
:10e5b80061106110611061106110611061106110cb
:10e5c80061106110611061106110611061106110bb
:10e5d80061106110611061106110611061106110ab
:10e5e800611061106110611061106110611061109b
:10e5f800611061106110611061106110611061108b
:10e6080061106110611061106110494a71946110c4
:10e61800611071947194719471947194719471945e
:10e6280071947194719471947194719471947194ba
:10e6380071946110611061106110611061106110b6
:10e64800611061106110611061106110ef837194a5
:10e65800719471947194719471947194719471948a
:10e668007194719471947194719471948a52611037
:10e67800611061106110611061106110611061100a
:10e68800611061106110611061106110518c7194fa
:10e69800719471947194719471947194719471944a
:10e6a80071947194719471947194719471944d6b87
:10e6b800611061100c637194af7b6110611061107f
:10e6c80061106110611061106110611061106110ba
:10e6d80061106110611061106110611061106110aa
:10e6e80061106110284affffffffffffffffffffd8
:10e6f800ffffffffffffffffffffffffffffffff22
:10e70800718c6110611061106110611061106110ed
:10e718006110611061106110611061106110611069
:10e728006110611061106110611061106110611059
:10e7380061106110611061106110ffffffffffffa2
:10e74800ffffffffffffffffffffffffffffffffd1
:10e75800ffffffffffff55ad6110611061106110f1
:10e76800611061106110ffffffffffffffffffff58
:10e77800ffffffffffffffffffffffffffffffffa1
:10e78800ffff1ce7611061106110611061106110da
:10e7980061106110bad6ffffffffffffffffffff09
:10e7a800ffffffffffffffffffffffffffffffff71
:10e7b800718c61106110611061106110611061103d
:10e7c8000c63ffffffffffffffffffffffffffffe0
:10e7d800ffffffffffffffffffffffffffff0842f5
:10e7e8006110611061106110611061106110611099
:10e7f8006110611061106110611061106110611089
:10e808006110611061106110611061106110611078
:10e81800611061106110ffffffffffffffffffffa7
:10e82800fffffffffffffffffffffffffffffffff0
:10e83800ffffffff6110611061106110611061102e
:10e848006110ffffffffffffffffffffffffffff5d
:10e85800ffffffffffffffffffffffffffffffffc0
:10e868006110611061106110611061106110611018
:10e878006110611061106110611061106110611008
:10e8880061106110611061106110611061106110f8
:10e8980061106110611061106110611061106110e8
:10e8a80061106110611061106110611061106110d8
:10e8b80061106110611061106110611061106110c8
:10e8c80061106110611061106110611061106110b8
:10e8d80061106110611061106110611061106110a8
:10e8e8006110611061106110611061106110611098
:10e8f8006110494a719482106110719471947194f5
:10e9080071947194719471947194719471947194d7
:10e918007194719471947194719461106110611083
:10e928006110611061106110611061106110611057
:10e9380061106110ef837194719471947194719462
:10e948007194719471947194719471947194719497
:10e95800518c0c63611061106110611061106110bd
:10e968006110611061106110611061106110611017
:10e97800611061107194719471947194719471948f
:10e988007194719471947194719471947194719457
:10e998007194719471944d6b611061100c63719452
:10e9a800af7b61106110611061106110611061101e
:10e9b80061106110611061106110611061106110c7
:10e9c800611061106110611061106110284affff29
:10e9d800ffffffffffffffffffffffffffffffff3f
:10e9e800ffffffffffffffffb2946110611061108e
:10e9f8006110611061106110611061106110611087
:10ea08006110611061106110611061106110611076
:10ea18006110611061106110611061106110611066
:10ea28006110ffffffffffffffffffffffffffff7b
:10ea3800fffffffffffffffffffffffffffff39c4d
:10ea48006110611061106110611061106110ffffa9
:10ea5800ffffffffffffffffffffffffffffffffbe
:10ea6800ffffffffffffffffffff1ce761106110c3
:10ea7800611061106110611061106110bad6ffff5a
:10ea8800ffffffffffffffffffffffffffffffff8e
:10ea9800ffffffffffffffff718c61106110611026
:10eaa8006110611061106110eb62ffffffffffff53
:10eab800ffffffffffffffffffffffffffffffff5e
:10eac800ffffffffffff694a6110611061106110cd
:10ead80061106110611061106110611061106110a6
:10eae8006110611061106110611061106110611096
:10eaf8006110611061106110611061106110fffff9
:10eb0800ffffffffffffffffffffffffffffffff0d
:10eb1800ffffffffffffffffffffffff6110611017
:10eb280061106110611061106110ffffffffffffae
:10eb3800ffffffffffffffffffffffffffffffffdd
:10eb4800ffffffffffffffff611061106110611001
:10eb58006110611061106110611061106110611025
:10eb68006110611061106110611061106110611015
:10eb78006110611061106110611061106110611005
:10eb880061106110611061106110611061106110f5
:10eb980061106110611061106110611061106110e5
:10eba80061106110611061106110611061106110d5
:10ebb80061106110611061106110611061106110c5
:10ebc80061106110611061106110611061106110b5
:10ebd80061106110611061106110e73971940321af
:10ebe8006110719471947194719471947194719489
:10ebf80071947194719471947194719471947194e5
:10ec080071946110611061106110611061106110e0
:10ec1800611061106110611061106110ef837194cf
:10ec28007194719471947194719471947194cb5a94
:10ec3800284ac739242961106110611061106110d8
:10ec48006110611061106110611061106110611034
:10ec580061106110611061106110e7417194719445
:10ec68007194719471947194719471947194719474
:10ec78007194719471947194719471947194cb5a44
:10ec8800611061106e7371944d6b611061106110a9
:10ec980061106110611061106110611061106110e4
:10eca80061106110611061106110611061106110d4
:10ecb80061106110284affffffffffffffffffff02
:10ecc800ffffffffffffffffffffffffffffffff4c
:10ecd800b6b56110611061106110611061106110aa
:10ece8006110611061106110611061106110611094
:10ecf8006110611061106110611061106110611084
:10ed08006110611061106110e320ffffffffffff3a
:10ed1800fffffffffffffffffffffffffffffffffb
:10ed2800ffffffffffffb2946110611061106110d7
:10ed3800611061106110ffffffffffffffffffff82
:10ed4800ffffffffffffffffffffffffffffffffcb
:10ed5800ffff1ce761106110611061106110611004
:10ed680061106110bad6ffffffffffffffffffff33
:10ed7800ffffffffffffffffffffffffffffffff9b
:10ed8800718c611061106110611061106110611067
:10ed98006952ffffffffffffffffffffffffffffbe
:10eda800ffffffffffffffffffffffffffff6d7389
:10edb80061106110611061106110611061106110c3
:10edc80061106110611061106110611061106110b3
:10edd80061106110611061106110611061106110a3
:10ede800611061106110ffffffffffffffffffffd2
:10edf800ffffffffffffffffffffffffffffffff1b
:10ee0800ffffffff61106110611061106110611058
:10ee18006110ffffffffffffffffffffffffffff87
:10ee2800ffffffffffffffffffffffffffffffffea
:10ee38006110611061106110611061106110611042
:10ee48006110611061106110611061106110611032
:10ee58006110611061106110611061106110611022
:10ee68006110611061106110611061106110611012
:10ee78006110611061106110611061106110611002
:10ee880061106110611061106110611061106110f2
:10ee980061106110611061106110611061106110e2
:10eea80061106110611061106110611061106110d2
:10eeb80061106110611061106110611061106110c2
:10eec800611045297194863161107194719471941f
:10eed8007194719471947194719471947194719402
:10eee80071947194719471947194611061106110ae
:10eef8006110611061106110611061106110611082
:10ef080061106110ef83719471947194719471948c
:10ef18007194863161106110611061106110611087
:10ef28006110611061106110611061106110611051
:10ef38006110611061106110611061106110611041
:10ef48006110719471947194719471947194719425
:10ef58007194719471947194719471947194719481
:10ef6800719471947194494a61106110308471945c
:10ef7800cb5a61106110611061106110611061104d
:10ef880061106110611061106110611061106110f1
:10ef9800611061106110611061106110284affff53
:10efa800ffffffffffffffffffffffffffffffff69
:10efb800ffffffffffffffff1ce7611061106110fb
:10efc80061106110611061106110611061106110b1
:10efd80061106110611061106110611061106110a1
:10efe8006110611061106110611061106110611091
:10eff800494affffffffffffffffffffffffffff84
:10f00800ffffffffffffffffffffffffffffce7bbd
:10f018006110611061106110611061106110ffffd3
:10f02800ffffffffffffffffffffffffffffffffe8
:10f03800ffffffffffffffffffff1ce761106110ed
:10f04800611061106110611061106110bad6ffff84
:10f05800ffffffffffffffffffffffffffffffffb8
:10f06800ffffffffffffffff718c61106110611050
:10f0780061106110611061108631ffffffffffff13
:10f08800ffffffffffffffffffffffffffffffff88
:10f09800fffffffffffff39c61106110611061101b
:10f0a80061106110611061106110611061106110d0
:10f0b80061106110611061106110611061106110c0
:10f0c8006110611061106110611061106110ffff23
:10f0d800ffffffffffffffffffffffffffffffff38
:10f0e800ffffffffffffffffffff5def61106110f4
:10f0f80061106110611061106110ffffffffffffd9
:10f10800ffffffffffffffffffffffffffffffff07
:10f11800ffffffffffffffff61106110611061102b
:10f12800611061106110611061106110611061104f
:10f13800611061106110611061106110611061103f
:10f14800611061106110611061106110611061102f
:10f15800611061106110611061106110611061101f
:10f16800611061106110611061106110611061100f
:10f1780061106110611061106110611061106110ff
:10f1880061106110611061106110611061106110ef
:10f1980061106110611061106110611061106110df
:10f1a80061106110611061106110e31871940842d8
:10f1b8006110308471947194719471947194719404
:10f1c800719471947194719471947194719471940f
:10f1d800719461106110611061106110611061100b
:10f1e800611061106110611061106110ef837194fa
:10f1f8007194719471947194518c611061106110c3
:10f20800611061106110611061106110611061106e
:10f21800611061106110611061106110611061105e
:10f228006110611061106110e32071947194719400
:10f23800719471947194719471947194719471949e
:10f248007194719471947194719471947194c73993
:10f2580061108110718c7194695261106110611094
:10f26800611061106110611061106110611061100e
:10f2780061106110611061106110611061106110fe
:10f2880061106110284affffffffffffffffffff2c
:10f29800ffffffffffffffffffffffffffffffff76
:10f2a800dfff821061106110611061106110611040
:10f2b80061106110611061106110611061106110be
:10f2c80061106110611061106110611061106110ae
:10f2d80061106110611061104d6bffffffffffffb0
:10f2e800ffffffffffffffffffffffffffffffff26
:10f2f800ffffffffffff6d6b611061106110611070
:10f30800611061106110ffffffffffffffffffffac
:10f31800fffffffffffffffffffffffffffffffff5
:10f32800ffff1ce76110611061106110611061102e
:10f3380061106110bad6ffffffffffffffffffff5d
:10f34800ffffffffffffffffffffffffffffffffc5
:10f35800718c611061106110611061106110611091
:10f36800e318ffffffffffffffffffffffffffffa8
:10f37800ffffffffffffffffffffffffffffb6b528
:10f3880061106110611061106110611061106110ed
:10f3980061106110611061106110611061106110dd
:10f3a80061106110611061106110611061106110cd
:10f3b800611061106110fffffffffffffffffffffc
:10f3c800ffffffffffffffffffffffffffffffff45
:10f3d800fffffbde611061106110611061106110a8
:10f3e8006110ffffffffffffffffffffffffffffb2
:10f3f800ffffffffffffffffffffffffffffffff15
:10f40800611061106110611061106110611061106c
:10f41800611061106110611061106110611061105c
:10f42800611061106110611061106110611061104c
:10f43800611061106110611061106110611061103c
:10f44800611061106110611061106110611061102c
:10f45800611061106110611061106110611061101c
:10f46800611061106110611061106110611061100c
:10f4780061106110611061106110611061106110fc
:10f4880061106110611061106110611061106110ec
:10f49800611061107194eb5a61102c6b7194719426
:10f4a800719471947194719471947194719471942c
:10f4b80071947194719471947194611061106110d8
:10f4c80061106110611061106110611061106110ac
:10f4d80061106110ef8371947194719471947194b7
:10f4e800821061106110611061106110611061106b
:10f4f800611061106110611061106110611061107c
:10f508006110611061106110611061106110695221
:10f5180071947194719471947194719471947194bb
:10f5280071947194719471947194719471947194ab
:10f53800719471947194a2186110653171947194e9
:10f5480086316110611061106110611061106110e5
:10f55800611061106110611061106110611061101b
:10f56800611061106110611061106110284affff7d
:10f57800ffffffffffffffffffffffffffffffff93
:10f58800ffffffffffffffffffff8a5261106110bf
:10f5980061106110611061106110611061106110db
:10f5a80061106110611061106110611061106110cb
:10f5b80061106110611061106110611061106110bb
:10f5c80055adffffffffffffffffffffffffffff3f
:10f5d800ffffffffffffffffffffffffffff0842e7
:10f5e8006110611061106110611061106110fffffe
:10f5f800ffffffffffffffffffffffffffffffff13
:10f60800ffffffffffffffffffff1ce76110611017
:10f61800611061106110611061106110bad6ffffae
:10f62800ffffffffffffffffffffffffffffffffe2
:10f63800ffffffffffffffff718c6110611061107a
:10f6480061106110611061106110ffffffffffff83
:10f65800ffffffffffffffffffffffffffffffffb2
:10f66800ffffffffffffdfff6110611061106110f6
:10f6780061106110611061106110611061106110fa
:10f6880061106110611061106110611061106110ea
:10f69800611061106110611061106110c639ffffbf
:10f6a800ffffffffffffffffffffffffffffffff62
:10f6b800ffffffffffffffffffff96b5611061101f
:10f6c80061106110611061106110ffffffffffff03
:10f6d800ffffffffffffffffffffffffffffffff32
:10f6e800ffffffffffffffff611061106110611056
:10f6f800611061106110611061106110611061107a
:10f708006110611061106110611061106110611069
:10f718006110611061106110611061106110611059
:10f728006110611061106110611061106110611049
:10f738006110611061106110611061106110611039
:10f748006110611061106110611061106110611029
:10f758006110611061106110611061106110611019
:10f768006110611061106110611061106110611009
:10f7780061106110611061106110611071948e73d5
:10f788006110aa52719471947194719471947194e6
:10f798007194719471947194719471947194719439
:10f7a8007194611061106110611061106110611035
:10f7b800611061106110611061106110ef83719424
:10f7c8007194719471947194611061106110611059
:10f7d8006110611061106110611061106110611099
:10f7e8006110611061106110611061106110611089
:10f7f800611061106110718c71947194719471949d
:10f8080071947194719471947194719471947194c8
:10f81800719471947194719471947194719461104c
:10f828006110084271947194032161106110611094
:10f838006110611061106110611061106110611038
:10f848006110611061106110611061106110611028
:10f8580061106110284affffffffffffffffffff56
:10f86800ffffffffffffffffffffffffffffffffa0
:10f87800ffffef7b61106110611061106110611072
:10f8880061106110611061106110611061106110e8
:10f8980061106110611061106110611061106110d8
:10f8a8006110611061106110bad6ffffffffffff02
:10f8b800ffffffffffffffffffffffffffffffff50
:10f8c800ffffffffffff4429611061106110611005
:10f8d800611061106110ffffffffffffffffffffd7
:10f8e800ffffffffffffffffffffffffffffffff20
:10f8f800ffff1ce761106110611061106110611059
:10f9080061106110bad6ffffffffffffffffffff87
:10f91800ffffffffffffffffffffffffffffffffef
:10f92800718c6110611061106110611061106110bb
:10f938006110ffffffffffffffffffffffffffff5c
:10f94800ffffffffffffffffffffffffffffffffbf
:10f958006110611061106110611061106110611017
:10f968006110611061106110611061106110611007
:10f9780061106110611061106110611061106110f7
:10f98800611061100c63ffffffffffffffffffff28
:10f99800ffffffffffffffffffffffffffffffff6f
:10f9a800ffff929461106110611061106110611085
:10f9b8006110ffffffffffffffffffffffffffffdc
:10f9c800ffffffffffffffffffffffffffffffff3f
:10f9d8006110611061106110611061106110611097
:10f9e8006110611061106110611061106110611087
:10f9f8006110611061106110611061106110611077
:10fa08006110611061106110611061106110611066
:10fa18006110611061106110611061106110611056
:10fa28006110611061106110611061106110611046
:10fa38006110611061106110611061106110611036
:10fa48006110611061106110611061106110611026
:10fa58006110611061106110611061106110611016
:10fa680061106110719471946110242971947194da
:10fa78007194719471947194719471947194719456
:10fa88007194719471947194719461106110611002
:10fa980061106110611061106110611061106110d6
:10faa80061106110ef837194719471947194108452
:10fab80061106110611061106110611061106110b6
:10fac80061106110611061106110611061106110a6
:10fad800611061106110611061106110ef7b719409
:10fae80071947194719471947194719471947194e6
:10faf80071947194719471947194719471947194d6
:10fb0800719471947194611061104d6b7194cf7bf5
:10fb18006110611061106110611061106110611055
:10fb28006110611061106110611061106110611045
:10fb3800611061106110611061106110284affffa7
:10fb4800ffffffffffffffffffffffffffffffffbd
:10fb5800ffffffffffffffffffffdbde611061100c
:10fb68006110611061106110611061106110611005
:10fb780061106110611061106110611061106110f5
:10fb8800611061106110611061106110611008420c
:10fb9800ffffffffffffffffffffffffffffffff6d
:10fba800ffffffffffffffffffffffff3ce76110c5
:10fbb8006110611061106110611061106110ffff28
:10fbc800ffffffffffffffffffffffffffffffff3d
:10fbd800ffffffffffffffffffff1ce76110611042
:10fbe800611061106110611061106110bad6ffffd9
:10fbf800ffffffffffffffffffffffffffffffff0d
:10fc0800ffffffffffffffff718c611061106110a4
:10fc180061106110611061106110ffffffffffffad
:10fc2800ffffffffffffffffffffffffffffffffdc
:10fc3800ffffffffffffffff611061106110611000
:10fc48006110611061106110611061106110611024
:10fc58006110611061106110611061106110611014
:10fc6800611061106110611061106110d7bdffff54
:10fc7800ffffffffffffffffffffffffffffffff8c
:10fc8800ffffffffffffffffffff695261106110d9
:10fc980061106110611061106110ffffffffffff2d
:10fca800ffffffffffffffffffffffffffffffff5c
:10fcb800ffffffffffffffff611061106110611080
:10fcc80061106110611061106110611061106110a4
:10fcd8006110611061106110611061106110611094
:10fce8006110611061106110611061106110611084
:10fcf8006110611061106110611061106110611074
:10fd08006110611061106110611061106110611063
:10fd18006110611061106110611061106110611053
:10fd28006110611061106110611061106110611043
:10fd38006110611061106110611061106110611033
:10fd480061106110611061106110611071947194fb
:10fd580061108210518c71947194719471947194a2
:10fd68007194719471947194719471947194719463
:10fd7800719461106110611061106110611061105f
:10fd8800611061106110611061106110ef8371944e
:10fd98007194719471946d736110611061106110a8
:10fda80061106110611061106110611061106110c3
:10fdb80061106110611061106110611061106110b3
:10fdc8006110a210719471947194719471947194ea
:10fdd80071947194719471947194719471947194f3
:10fde8007194719471947194719471947194611077
:10fdf8006110108471940c636110611061106110be
:10fe08006110611061106110611061106110611062
:10fe18006110611061106110611061106110611052
:10fe280061106110284affffffffffffffffffff80
:10fe3800ffffffffffffffffffffffffffffffffca
:10fe4800ffffffffe3206110611061106110611076
:10fe58006110611061106110611061106110611012
:10fe68006110611061106110611061106110611002
:10fe7800611061106110ae7bffffffffffffffff06
:10fe8800ffffffffffffffffffffffffffffffff7a
:10fe9800ffffffff18c6611061106110611061104b
:10fea800611061106110ffffffffffffffffffff01
:10feb800ffffffffffffffffffffffffffffffff4a
:10fec800ffff1ce761106110611061106110611083
:10fed80061106110bad6ffffffffffffffffffffb2
:10fee800ffffffffffffffffffffffffffffffff1a
:10fef800718c6110611061106110611061106110e6
:10ff08006110ffffffffffffffffffffffffffff86
:10ff1800ffffffffffffffffffffffffffffffffe9
:10ff28006110611061106110611061106110611041
:10ff38006110611061106110611061106110611031
:10ff48006110611061106110611061106110611021
:10ff5800611082109ef7ffffffffffffffffffff0b
:10ff6800ffffffffffffffffffffffffffffffff99
:10ff7800ffff452961106110611061106110611067
:10ff88006110ffffffffffffffffffffffffffff06
:10ff9800ffffffffffffffffffffffffffffffff69
:10ffa80061106110611061106110611061106110c1
:10ffb80061106110611061106110611061106110b1
:10ffc80061106110611061106110611061106110a1
:10ffd8006110611061106110611061106110611091
:10ffe8006110611061106110611061106110611081
:10fff8006110611061106110611061106110611071
:020000041d01dc
:100008006110611061106110611061106110611060
:100018006110611061106110611061106110611050
:100028006110611061106110611061106110611040
:10003800611061107194719461106110cb5a7194c0
:100048007194719471947194719471947194719480
:10005800719471947194719471946110611061102c
:100068006110611061106110611061106110611000
:1000780061106110ef8371947194719471940c63a1
:1000880061106110611061106110611061106110e0
:1000980061106110611061106110611061106110d0
:1000a8006110611061106110e32071947194719472
:1000b8007194719471947194719471947194719410
:1000c8007194719471947194719471947194719400
:1000d80071947194308461106110719471946531d8
:1000e8006110611061106110611061106110611080
:1000f8006110611061106110611061106110611070
:10010800611061106110611061106110284affffd1
:10011800ffffffffffffffffffffffffffffffffe7
:10012800ffffffffffffffffffffffffd7bd6110ce
:10013800611061106110611061106110611061102f
:10014800611061106110611061106110611061101f
:100158006110611061106110611061106110ffff82
:10016800ffffffffffffffffffffffffffffffff97
:10017800ffffffffffffffffffffffff8e73611011
:100188006110611061106110611061106110ffff52
:10019800ffffffffffffffffffffffffffffffff67
:1001a800ffffffffffffffffffff1ce7611061106c
:1001b800611061106110611061106110bad6ffff03
:1001c800ffffffffffffffffffffffffffffffff37
:1001d800ffffffffffffffff718c611061106110cf
:1001e80061106110611061106110ffffffffffffd8
:1001f800ffffffffffffffffffffffffffffffff07
:10020800ffffffffffffffff61106110611061102a
:10021800611061106110611061106110611061104e
:10022800611061106110611061106110611061103e
:1002380061106110611061106110d29cffffffff17
:10024800ffffffffffffffffffffffffffffffffb6
:10025800ffffffffffffffff18c66110611061106d
:1002680061106110611061106110ffffffffffff57
:10027800ffffffffffffffffffffffffffffffff86
:10028800ffffffffffffffff6110611061106110aa
:1002980061106110611061106110611061106110ce
:1002a80061106110611061106110611061106110be
:1002b80061106110611061106110611061106110ae
:1002c800611061106110611061106110611061109e
:1002d800611061106110611061106110611061108e
:1002e800611061106110611061106110611061107e
:1002f800611061106110611061106110611061106e
:10030800611061106110611061106110611061105d
:100318006110611061106110611061107194719425
:1003280061106110c63971947194719471947194cb
:10033800719471947194719471947194719471948d
:100348007194611061106110611061106110611089
:10035800611061106110611061106110ef83719478
:100368007194719471946d6b6110611061106110da
:1003780061106110611061106110611061106110ed
:1003880061106110611061106110611061106531b8
:10039800308471947194719471947194719471947e
:1003a800719471947194719471947194719471941d
:1003b8007194719471947194719471944d6b6110ee
:1003c8006110719471948210611061106110611054
:1003d800611061106110611061106110611061108d
:1003e800611061106110611061106110611061107d
:1003f80061106110284affffffffffffffffffffab
:10040800fffffffffffffffffffffffffffffffff4
:10041800ffffffffdfff61106110611061106110c5
:10042800611061106110611061106110611061103c
:10043800611061106110611061106110611061102c
:10044800611061106110ffffffffffffffffffff5b
:10045800ffffffffffffffffffffffffffffffffa4
:10046800ffffffff284261106110611061106110e9
:10047800611061106110ffffffffffffffffffff2b
:10048800ffffffffffffffffffffffffffffffff74
:10049800ffff1ce7611061106110611061106110ad
:1004a80061106110bad6ffffffffffffffffffffdc
:1004b800ffffffffffffffffffffffffffffffff44
:1004c800718c611061106110611061106110611010
:1004d8006110ffffffffffffffffffffffffffffb1
:1004e800ffffffffffffffffffffffffffffffff14
:1004f800611061106110611061106110611061106c
:10050800611061106110611061106110611061105b
:10051800611061106110611061106110611061104b
:1005280082103ce7ffffffffffffffffffffffff1a
:10053800ffffffffffffffffffffffffffffffffc3
:10054800d39c61106110611061106110611061101d
:100558006110ffffffffffffffffffffffffffff30
:10056800ffffffffffffffffffffffffffffffff93
:1005780061106110611061106110611061106110eb
:1005880061106110611061106110611061106110db
:1005980061106110611061106110611061106110cb
:1005a80061106110611061106110611061106110bb
:1005b80061106110611061106110611061106110ab
:1005c800611061106110611061106110611061109b
:1005d800611061106110611061106110611061108b
:1005e800611061106110611061106110611061107b
:1005f800611061106110611061106110611061106b
:1006080061106110719471942842611061108e73a9
:1006180071947194719471947194719471947194aa
:100628007194719471947194719461106110611056
:10063800611061106110611061106110611061102a
:1006480061106110ef837194719471947194719435
:10065800611061106110611061106110611061100a
:1006680061106110611061106110611061106110fa
:100678006110611071947194719471947194719472
:10068800719471947194719471947194719471943a
:10069800719471947194719471947194719471942a
:1006a80071947194e32061106110719471946110d8
:1006b80061106110611061106110611061106110aa
:1006c800611061106110611061106110611061109a
:1006d800611061106110611061106110284afffffc
:1006e800ffffffffffffffffffffffffffffffff12
:1006f800ffffffffffffffffffffffffffff61108f
:100708006110611061106110611061106110611059
:100718006110611061106110611061106110611049
:100728006110611061106110611061100842ffffd3
:10073800ffffffffffffffffffffffffffffffffc1
:10074800ffffffffffffffffffffffff61106110cb
:100758006110611061106110611061106110ffff7c
:10076800ffffffffffffffffffffffffffffffff91
:10077800ffffffffffffffffffff1ce76110611096
:10078800611061106110611061106110bad6ffff2d
:10079800ffffffffffffffffffffffffffffffff61
:1007a800ffffffffffffffff718c611061106110f9
:1007b80061106110611061106110ffffffffffff02
:1007c800ffffffffffffffffffffffffffffffff31
:1007d800ffffffffffffffffb29461106110611080
:1007e8006110611061106110611061106110611079
:1007f8006110611061106110611061106110611069
:10080800611061106110611018c6ffffffffffff44
:10081800ffffffffffffffffffffffffffffffffe0
:10082800ffffffffffffffffe32061106110611072
:1008380061106110611061106110ffffffffffff81
:10084800ffffffffffffffffffffffffffffffffb0
:10085800ffffffffffffffff6110611061106110d4
:1008680061106110611061106110611061106110f8
:1008780061106110611061106110611061106110e8
:1008880061106110611061106110611061106110d8
:1008980061106110611061106110611061106110c8
:1008a80061106110611061106110611061106110b8
:1008b80061106110611061106110611061106110a8
:1008c8006110611061106110611061106110611098
:1008d8006110611061106110611061106110611088
:1008e80061106110611061106110611010847194c1
:1008f8004d6b61106110494a7194719471947194af
:1009080071947194719471947194719471947194b7
:1009180071946110611061106110611061106110b3
:10092800611061106110611061106110ef837194a2
:1009380071947194719471946110611061106110d7
:100948006110611061106110611061106110611017
:1009580061106110611061108110284271947194c6
:100968007194719471947194719471947194719457
:100978007194719471947194719471947194719447
:1009880071947194719471947194cf7b611061101a
:10099800611071947194611061106110611061109f
:1009a80061106110611061106110611061106110b7
:1009b80061106110611061106110611061106110a7
:1009c80061106110284affffffffffffffffffffd5
:1009d800ffffffffffffffffffffffffffffffff1f
:1009e800ffffffffffff61106110611061106110d0
:1009f8006110611061106110611061106110611067
:100a08006110611061106110611061106110611056
:100a180061106110f7bdffffffffffffffffffff42
:100a2800ffffffffffffffffffffffffffffffffce
:100a3800ffffffff6110611061106110611061100c
:100a4800611061106110ffffffffffffffffffff55
:100a5800ffffffffffffffffffffffffffffffff9e
:100a6800ffff1ce7611061106110611061106110d7
:100a780061106110bad6ffffffffffffffffffff06
:100a8800ffffffffffffffffffffffffffffffff6e
:100a9800718c61106110611061106110611061103a
:100aa8006110ffffffffffffffffffffffffffffdb
:100ab800ffffffffffffffffffffffffffffffff3e
:100ac800bef7442961106110611061106110611056
:100ad8006110611061106110611061106110611086
:100ae8006110611061106110611061106110611076
:100af800fffffffffffffffffffffffffffffffffe
:100b0800ffffffffffffffffffffffffffffffffed
:100b18006110611061106110611061106110611045
:100b28006110ffffffffffffffffffffffffffff5a
:100b3800ffffffffffffffffffffffffffffffffbd
:100b48006110611061106110611061106110611015
:100b58006110611061106110611061106110611005
:100b680061106110611061106110611061106110f5
:100b780061106110611061106110611061106110e5
:100b880061106110611061106110611061106110d5
:100b980061106110611061106110611061106110c5
:100ba80061106110611061106110611061106110b5
:100bb80061106110611061106110611061106110a5
:100bc8006110611061106110611061106110611095
:100bd80061106110c73971947194611061106110ce
:100be80071947194719471947194719471947194d5
:100bf8007194719471947194719461106110611081
:100c08006110611061106110611061106110611054
:100c180061106110ef83719471947194719471945f
:100c2800494a611061106110611061106110611012
:100c380061106110611061106110611061108e7394
:100c48007194719471947194719471947194719474
:100c58007194719471947194719471947194719464
:100c68007194719471947194719471947194719454
:100c78007194652961106110611071946e7361102f
:100c880061106110611061106110611061106110d4
:100c980061106110611061106110611061106110c4
:100ca800611061106110611061106110284affff26
:100cb800ffffffffffffffffffffffffffffffff3c
:100cc800ffffffffffffffffffffffffffff55ad28
:100cd8006110611061106110611061106110611084
:100ce8006110611061106110611061106110611074
:100cf80061106110611061106110bad6ffffffff2b
:100d0800ffffffffffffffffffffffffffffffffeb
:100d1800ffffffffffffffffffffdfff6110611015
:100d28006110611061106110611061106110ffffa6
:100d3800ffffffffffffffffffffffffffffffffbb
:100d4800ffffffffffffffffffff1ce761106110c0
:100d5800611061106110611061106110bad6ffff57
:100d6800ffffffffffffffffffffffffffffffff8b
:100d7800ffffffffffffffff718c61106110611023
:100d880061106110611061106110b294ffffffffe4
:100d9800ffffffffffffffffffffffffffffffff5b
:100da800ffffffffffffffffffffffffc7396110d6
:100db80061106110611061106110611061106110a3
:100dc8006110611061106110611061106110611093
:100dd8006110611061102c6bffffffffffffffff29
:100de800ffffffffffffffffffffffffffffffff0b
:100df800ffffffffffffffff61106110611061102f
:100e080061106110611061106110ffffffffffffab
:100e1800ffffffffffffffffffffffffffffffffda
:100e2800ffffffffffffffffb6b561106110611004
:100e38006110611061106110611061106110611022
:100e48006110611061106110611061106110611012
:100e58006110611061106110611061106110611002
:100e680061106110611061106110611061106110f2
:100e780061106110611061106110611061106110e2
:100e880061106110611061106110611061106110d2
:100e980061106110611061106110611061106110c2
:100ea80061106110611061106110611061106110b2
:100eb800611061106110611061106110a210518cf5
:100ec80071946110611061107194719471947194ae
:100ed80071947194719471947194719471947194e2
:100ee80071946110611061106110611061106110de
:100ef800611061106110611061106110ef837194cd
:100f08007194719471947194518c61106110611095
:100f18006110611061106110611061106110611041
:100f28006110a2180842719471947194719471942b
:100f38007194719471947194719471947194719481
:100f48007194719471947194719471947194719471
:100f5800719471947194719471946110611061101d
:100f68004529719428426110611061106110611067
:100f780061106110611061106110611061106110e1
:100f880061106110611061106110611061106110d1
:100f980061106110284affffffffffffffffffffff
:100fa800ffffffffffffffffffffffffffffffff49
:100fb800ffffffffffffffffca5a611061106110ba
:100fc8006110611061106110611061106110611091
:100fd8006110611061106110611061106110611081
:100fe8006110ffffffffffffffffffffffffffff96
:100ff800fffffffffffffffffffffffffffffffff9
:10100800ffff18c661106110611061106110611056
:10101800611061106110ffffffffffffffffffff7f
:10102800ffffffffffffffffffffffffffffffffc8
:10103800ffff1ce761106110611061106110611001
:1010480061106110bad6ffffffffffffffffffff30
:10105800ffffffffffffffffffffffffffffffff98
:10106800718c611061106110611061106110611064
:101078006110694affffffffffffffffffffffff50
:10108800ffffffffffffffffffffffffffffffff68
:10109800ffffffff9ad661106110611061106110a7
:1010a80061106110611061106110611061106110b0
:1010b80061106110611061106110611061109ef77c
:1010c800ffffffffffffffffffffffffffffffff28
:1010d800ffffffffffffffffffffffffffff5defca
:1010e8006110611061106110611061106110611070
:1010f8006110ffffffffffffffffffffffffffff85
:10110800ffffffffffffffffffffffffffffffffe7
:10111800ffff6110611061106110611061106110b2
:10112800611061106110611061106110611061102f
:10113800611061106110611061106110611061101f
:10114800611061106110611061106110611061100f
:1011580061106110611061106110611061106110ff
:1011680061106110611061106110611061106110ef
:1011780061106110611061106110611061106110df
:1011880061106110611061106110611061106110cf
:1011980061106110611061106110611061106110bf
:1011a8006110611061100842719461106110611042
:1011b8006d6b71947194719471947194719471942c
:1011c80071947194719471947194611061106110ab
:1011d800611061106110611061106110611061107f
:1011e80061106110ef83719471947194719471948a
:1011f8007194718caa5261106110611061106110b4
:101208006110c3186952518c7194719471947194de
:10121800719471947194719471947194719471949e
:10122800719471947194719471947194719471948e
:10123800719471947194719471947194719471947e
:10124800719461106110811010848e7361106110a7
:1012580061106110611061106110611061106110fe
:1012680061106110611061106110611061106110ee
:10127800611061106110611061106110284affff50
:10128800ffffffffffffffffffffffffffffffff66
:10129800ffffffffffffffffffffffffffffffff56
:1012a800ffff452961106110611061106110611024
:1012b800611061106110611061106110611061109e
:1012c80061106110611061100842ffffffffffff0e
:1012d800ffffffffffffffffffffffffffffffff16
:1012e800ffffffffffffffffffff452961106110b0
:1012f8006110611061106110611061106110ffffd1
:10130800ffffffffffffffffffffffffffffffffe5
:10131800ffffffffffffffffffff1ce761106110ea
:10132800611061106110611061106110bad6ffff81
:10133800ffffffffffffffffffffffffffffffffb5
:10134800ffffffffffffffff718c6110611061104d
:10135800611061106110611061106110f39cffff52
:10136800ffffffffffffffffffffffffffffffff85
:10137800ffffffffffffffffffffffffffffef8301
:1013880061106110611061106110611061106110cd
:1013980061106110611061106110611061106110bd
:1013a800611061108210ffffffffffffffffffffcb
:1013b800ffffffffffffffffffffffffffffffff35
:1013c800ffffffffffff28426110611061106110ed
:1013d800611061106110611061105defffffffff88
:1013e800ffffffffffffffffffffffffffffffff05
:1013f800ffffffffffffffffffffbef76110611058
:10140800611061106110611061106110611061104c
:10141800611061106110611061106110611061103c
:10142800611061106110611061106110611061102c
:10143800611061106110611061106110611061101c
:10144800611061106110611061106110611061100c
:1014580061106110611061106110611061106110fc
:1014680061106110611061106110611061106110ec
:1014780061106110611061106110611061106110dc
:1014880061106110611061106110611061106110cc
:101498007194c318611061108210719471947194e1
:1014a800719471947194719471947194719471940c
:1014b8007194611061106110611061106110611008
:1014c800611061106110611061106110ef837194f7
:1014d80071947194719471947194719471947194dc
:1014e80071947194719471947194719471947194cc
:1014f80071947194719471947194719471947194bc
:1015080071947194719471947194719471947194ab
:10151800719471947194719471947194719471949b
:1015280071947194719471947194611061102c6b21
:101538007194c2186110611061106110611061101e
:10154800611061106110611061106110611061100b
:1015580061106110611061106110611061106110fb
:1015680061106110284affffffffffffffffffff29
:10157800ffffffffffffffffffffffffffffffff73
:10158800ffffffffffffffffffffffff2842611084
:1015980061106110611061106110611061106110bb
:1015a8006110611061106110611061102c6bdfff18
:1015b800ffffffffffffffffffffffffffffffff33
:1015c800ffffffffffffffffffffffffffffffff23
:1015d8004d6b611061106110611061106110611034
:1015e800611061106110ffffffffffffffffffffaa
:1015f800fffffffffffffffffffffffffffffffff3
:10160800ffff1ce76110611061106110611061102b
:1016180061106110bad6ffffffffffffffffffff5a
:10162800ffffffffffffffffffffffffffffffffc2
:10163800718c61106110611061106110611061108e
:10164800611061106110ffffffffffffffffffff49
:10165800ffffffffffffffffffffffffffffffff92
:10166800ffffffffffffffff821061106110611095
:1016780061106110611061106110611061106110da
:101688006110611061106110242159ceffffffff26
:10169800ffffffffffffffffffffffffffffffff52
:1016a800ffffffffffffffffffffffffae7b6110a4
:1016b800611061106110611061106110611061109a
:1016c8006110f7bdfffffffffffffffffffffffff9
:1016d800ffffffffffffffffffffffffffffffff12
:1016e800ffffffffffffdfffd39c61106110611058
:1016f800611061106110611061106110611061105a
:101708006110611061106110611061106110611049
:101718006110611061106110611061106110611039
:101728006110611061106110611061106110611029
:101738006110611061106110611061106110611019
:101748006110611061106110611061106110611009
:1017580061106110611061106110611061106110f9
:1017680061106110611061106110611061106110e9
:1017780061106110611061107194494a6110611023
:1017880061107194719471947194719471947194bd
:1017980071947194719471947194611061106110d5
:1017a80061106110611061106110611061106110a9
:1017b80061106110ef8371947194719471947194b4
:1017c80071947194719471947194719471947194e9
:1017d80071947194719471947194719471947194d9
:1017e80071947194719471947194719471947194c9
:1017f80071947194719471947194719471947194b9
:1018080071947194719471947194719471947194a8
:10181800ef7b61106110718c71946110611061101f
:101828006110611061106110611061106110611028
:101838006110611061106110611061106110611018
:10184800611061106110611061106110284affff7a
:10185800ffffffffffffffffffffffffffffffff90
:10186800ffffffffffffffffffffffffffffffff80
:10187800ffffffffdfff8210611061106110611030
:1018880061106110611061106110611061106110c8
:1018980061106110ffffffffffffffffffffffff6a
:1018a800ffffffffffffffffffffffffffffffff40
:1018b800ffffffffffffffffe318611061106110da
:1018c8006110611061106110611061106110fffffb
:1018d800ffffffffffffffffffffffffffffffff10
:1018e800ffffffffffffffffffff1ce76110611015
:1018f800611061106110611061106110bad6ffffac
:10190800ffffffffffffffffffffffffffffffffdf
:10191800ffffffffffffffff718c61106110611077
:101928006110611061106110611061106110ffff9a
:10193800ffffffffffffffffffffffffffffffffaf
:10194800ffffffffffffffffffffffffffffffff9f
:1019580079cea631611061106110611061106110bb
:1019680061106110611061106110611061106110e7
:101978005defffffffffffffffffffffffffffff21
:10198800ffffffffffffffffffffffffffffffff5f
:10199800ffffffffe3186110611061106110611013
:1019a8006110611061106110611034a5ffffffff25
:1019b800ffffffffffffffffffffffffffffffff2f
:1019c800ffffffffffffffffffffffffffffffff1f
:1019d800ffffd7bdf39c718c718c718c718c718ced
:1019e800718c718c718c718c65296110611061101a
:1019f8006110611061106110611061106110611057
:101a08006110611061106110611061106110611046
:101a18006110611061106110611061106110611036
:101a28006110611061106110611061106110611026
:101a38006110611061106110611061106110611016
:101a48006110611061106110611061106110611006
:101a580061106110611061106110611061106110f6
:101a6800284a7194c739611061108a52719471942f
:101a78007194719471947194719471947194719436
:101a88007194611061106110611061106110611032
:101a9800611061106110611061106110ef83719421
:101aa8007194719471947194719471947194719406
:101ab80071947194719471947194719471947194f6
:101ac80071947194719471947194719471947194e6
:101ad80071947194719471947194719471947194d6
:101ae80071947194719471947194719471947194c6
:101af800719471947194108482106110a218719479
:101b080071946110611061106110611061106110b1
:101b18006110611061106110611061106110611035
:101b28006110611061106110611061106110611025
:101b380061106110284affffffffffffffffffff53
:101b4800ffffffffffffffffffffffffffffffff9d
:101b5800ffffffffffffffffffffffffffffffff8d
:101b6800ffffeb5a61106110611061106110611084
:101b78006110611061100421bad6ffffffffffff5b
:101b8800ffffffffffffffffffffffffffffffff5d
:101b9800ffffffffffffffffffffffffffffffff4d
:101ba80061106110611061106110611061106110a5
:101bb800611061106110ffffffffffffffffffffd4
:101bc800ffffffffffffffffffffffffffffffff1d
:101bd800ffff1ce761106110611061106110611056
:101be80061106110bad6ffffffffffffffffffff85
:101bf800ffffffffffffffffffffffffffffffffed
:101c0800718c6110611061106110611061106110b8
:101c18006110611061109294ffffffffffffffff4b
:101c2800ffffffffffffffffffffffffffffffffbc
:101c3800ffffffffffffffffffffffffffff718cad
:101c48006110611061106110611061106110611004
:101c58006110811034a5ffffffffffffffffffffab
:101c6800ffffffffffffffffffffffffffffffff7c
:101c7800ffffffffffffffffffffffff6110611086
:101c880061106110611061106110611061106110c4
:101c98006110cb5affffffffffffffffffffffffb2
:101ca800ffffffffffffffffffffffffffffffff3c
:101cb800ffffffffffffffffffffffffffffffff2c
:101cc800ffffffffffffffffffffffffffffffff1c
:101cd800284a611061106110611061106110611073
:101ce8006110611061106110611061106110611064
:101cf8006110611061106110611061106110611054
:101d08006110611061106110611061106110611043
:101d18006110611061106110611061106110611033
:101d28006110611061106110611061106110611023
:101d38006110611061106110611061106110611013
:101d48006110611061106110a2187194ae73611076
:101d58006110c21871947194719471947194719412
:101d680071947194719471947194611061106110ff
:101d780061106110611061106110611061106110d3
:101d880061106110ef8371947194719471947194de
:101d98007194719471947194719471947194719413
:101da8007194719471947194719471947194719403
:101db80071947194719471947194719471947194f3
:101dc80071947194719471947194719471947194e3
:101dd800719471947194719471947194719428426e
:101de80061106110484a719471946110611061101a
:101df8006110611061106110611061106110611053
:101e08006110611061106110611061106110611042
:101e1800611061106110611061106110284affffa4
:101e2800ffffffffffffffffffffffffffffffffba
:101e3800ffffffffffffffffffffffffffffffffaa
:101e4800ffffffffffffffffffffffff38c62c6309
:101e5800e7412429611081104529284a79ceffffde
:101e6800ffffffffffffffffffffffffffffffff7a
:101e7800ffffffffffffffffffffffffffffffff6a
:101e8800ffffffffffffffff61106110611061108e
:101e98006110611061106110611061106110ffff25
:101ea800ffffffffffffffffffffffffffffffff3a
:101eb800ffffffffffffffffffff1ce7611061103f
:101ec800611061106110611061106110bad6ffffd6
:101ed800ffffffffffffffffffffffffffffffff0a
:101ee800ffffffffffffffff718c611061106110a2
:101ef800611061106110611061106110611004219e
:101f0800bef7ffffffffffffffffffffffffffff22
:101f1800ffffffffffffffffffffffffffffffffc9
:101f2800ffffffffffffffff1ce7ae7b8a528631f2
:101f3800611061100421a63196b57defffffffff08
:101f4800ffffffffffffffffffffffffffffffff99
:101f5800ffffffffffffffffffffffffffffffff89
:101f6800ffffffff611061106110611061106110c7
:101f7800611061106110611061104529ffffffffba
:101f8800ffffffffffffffffffffffffffffffff59
:101f9800ffffffffffffffffffffffffffffffff49
:101fa800ffffffffffffffffffffffffffffffff39
:101fb800ffffffffffffffff284a6110611061105c
:101fc8006110611061106110611061106110611081
:101fd8006110611061106110611061106110611071
:101fe8006110611061106110611061106110611061
:101ff8006110611061106110611061106110611051
:102008006110611061106110611061106110611040
:102018006110611061106110611061106110611030
:102028006110611061106110611061106110611020
:10203800611071947194ae73611061101084719481
:102048007194719471947194719471947194719460
:10205800719461106110611061106110611061105c
:10206800611061106110611061106110ef8371944b
:102078007194719471947194719471947194719430
:102088007194719471947194719471947194719420
:102098007194719471947194719471947194719410
:1020a8007194719471947194719471947194719400
:1020b80071947194719471947194719471947194f0
:1020c80071947194c73961106110084271947194c8
:1020d800494a61106110611061106110611061104e
:1020e8006110611061106110611061106110611060
:1020f8006110611061106110611061106110611050
:1021080061106110284affffffffffffffffffff7d
:10211800ffffffffffffffffffffffffffffffffc7
:10212800ffffffffffffffffffffffffffffffffb7
:10213800ffffffffffffffffffffffffffffffffa7
:10214800ffffffffffffffffffffffffffffffff97
:10215800ffffffffffffffffffffffffffffffff87
:10216800fffffffffffffffffffffffffffff7bdc1
:1021780061106110611061106110611061106110cf
:10218800611061106110fffffffffffffffffffffe
:10219800ffffffffffffffffffffffffffffffff47
:1021a800ffff1ce761106110611061106110611080
:1021b80061106110bad6ffffffffffffffffffffaf
:1021c800ffffffffffffffffffffffffffffffff17
:1021d800718c6110611061106110611061106110e3
:1021e80061106110611061100321ffffffffffff05
:1021f800ffffffffffffffffffffffffffffffffe7
:10220800ffffffffffffffffffffffffffffffffd6
:10221800ffffffffffffffffffffffffffffffffc6
:10222800ffffffffffffffffffffffffffffffffb6
:10223800ffffffffffffffffffffffffffffffffa6
:10224800ffffffffffffffffffffd39c611061103f
:1022580061106110611061106110611061106110ee
:1022680061106110ffffffffffffffffffffffff90
:10227800ffffffffffffffffffffffffffffffff66
:10228800ffffffffffffffffffffffffffffffff56
:10229800ffffffffffffffffffffffffffffffff46
:1022a800284a61106110611061106110611061109d
:1022b800611061106110611061106110611061108e
:1022c800611061106110611061106110611061107e
:1022d800611061106110611061106110611061106e
:1022e800611061106110611061106110611061105e
:1022f800611061106110611061106110611061104e
:10230800611061106110611061106110611061103d
:102318006110611061106110611071947194719471
:102328006110611008427194719471947194719460
:102338007194719471947194719461106110611029
:1023480061106110611061106110611061106110fd
:1023580061106110ef837194719471947194719408
:10236800719471947194719471947194719471943d
:10237800719471947194719471947194719471942d
:10238800719471947194719471947194719471941d
:10239800719471947194719471947194719471940d
:1023a8007194719471947194719471946110611025
:1023b800611010847194308ca21861106110611042
:1023c800611061106110611061106110611061107d
:1023d800611061106110611061106110611061106d
:1023e800611061106110611061106110284affffcf
:1023f800ffffffffffffffffffffffffffffffffe5
:10240800ffffffffffffffffffffffffffffffffd4
:10241800ffffffffffffffffffffffffffffffffc4
:10242800ffffffffffffffffffffffffffffffffb4
:10243800ffffffffffffffffffffffffffffffffa4
:10244800ffffffffffffffffffffffffffffffff94
:10245800ffffffffdfffa6396110611061106110f7
:102468006110611061106110611061106110ffff4f
:10247800ffffffffffffffffffffffffffffffff64
:10248800ffffffffffffffffffff1ce76110611069
:10249800611061106110611061106110bad6ffff00
:1024a800ffffffffffffffffffffffffffffffff34
:1024b800ffffffffffffffff718c611061106110cc
:1024c800611061106110611061106110611061107c
:1024d8006110ffffffffffffffffffffffffffff91
:1024e800fffffffffffffffffffffffffffffffff4
:1024f800ffffffffffffffffffffffffffffffffe4
:10250800ffffffffffffffffffffffffffffffffd3
:10251800ffffffffffffffffffffffffffffffffc3
:10252800ffffffffffffffffffffffffffffffffb3
:102538005defe318611061106110611061106110a6
:10254800611061106110611061106110ffffffffe1
:10255800ffffffffffffffffffffffffffffffff83
:10256800ffffffffffffffffffffffffffffffff73
:10257800ffffffffffffffffffffffffffffffff63
:10258800ffffffffffffffff284a61106110611086
:1025980061106110611061106110611061106110ab
:1025a800611061106110611061106110611061109b
:1025b800611061106110611061106110611061108b
:1025c800611061106110611061106110611061107b
:1025d800611061106110611061106110611061106b
:1025e800611061106110611061106110611061105b
:1025f800611061106110611061106110611061104b
:102608006110aa52719471942842611061102429b2
:10261800518c7194719471947194719471947194b2
:102628007194611061106110611061106110611086
:10263800611061106110611061106110ef83719475
:10264800719471947194719471947194719471945a
:10265800719471947194719471947194719471944a
:10266800719471947194719471947194719471943a
:10267800719471947194719471947194719471942a
:10268800719471947194719471947194719471941a
:102698007194cb5a61106110611071947194821019
:1026a800611061106110611061106110611061109a
:1026b800611061106110611061106110611061108a
:1026c800611061106110611061106110611061107a
:1026d80061106110284affffffffffffffffffffa8
:1026e800fffffffffffffffffffffffffffffffff2
:1026f800ffffffffffffffffffffffffffffffffe2
:10270800ffffffffffffffffffffffffffffffffd1
:10271800ffffffffffffffffffffffffffffffffc1
:10272800ffffffffffffffffffffffffffffffffb1
:10273800ffffffffffffffffffffffffe318611031
:1027480061106110611061106110611061106110f9
:10275800611061106110ffffffffffffffffffff28
:10276800ffffffffffffffffffffffffffffffff71
:10277800ffff1ce7611061106110611061106110aa
:1027880061106110bad6ffffffffffffffffffffd9
:10279800ffffffffffffffffffffffffffffffff41
:1027a800718c61106110611061106110611061100d
:1027b80061106110611061106110bef7ffffffff2b
:1027c800ffffffffffffffffffffffffffffffff11
:1027d800ffffffffffffffffffffffffffffffff01
:1027e800fffffffffffffffffffffffffffffffff1
:1027f800ffffffffffffffffffffffffffffffffe1
:10280800ffffffffffffffffffffffffffffffffd0
:10281800ffffffffffffb6b5611061106110611087
:102828006110611061106110611061106110611018
:1028380061106110ae73ffffffffffffffffffff97
:10284800ffffffffffffffffffffffffffffffff90
:10285800ffffffffffffffffffffffffffffffff80
:10286800ffffffffffffffffffffffffffffffff70
:10287800284a6110611061106110611061106110c7
:1028880061106110611061106110611061106110b8
:1028980061106110611061106110611061106110a8
:1028a8006110611061106110611061106110611098
:1028b8006110611061106110611061106110611088
:1028c8006110611061106110611061106110611078
:1028d8006110611061106110611061106110611068
:1028e80061106110611061106110a218308c719430
:1028f800308c6110611061108a52719471947194d6
:102908007194719471947194719461106110611053
:102918006110611061106110611061106110611027
:1029280061106110ef837194719471947194719432
:102938007194719471947194719471947194719467
:102948007194719471947194719471947194719457
:102958007194719471947194719471947194719447
:102968007194719471947194719471947194719437
:1029780071947194719471947194a21061106110a2
:10298800611071947194611061106110611061108f
:1029980061106110611061106110611061106110a7
:1029a8006110611061106110611061106110611097
:1029b800611061106110611061106110284afffff9
:1029c800ffffffffffffffffffffffffffffffff0f
:1029d800ffffffffffffffffffffffffffffffffff
:1029e800ffffffffffffffffffffffffffffffffef
:1029f800ffffffffffffffffffffffffffffffffdf
:102a0800ffffffffffffffffffffffffffffffffce
:102a1800ffffffffffffffffffffffffffffffffbe
:102a2800ffffffff611061106110611061106110fc
:102a38006110611061106110611061106110ffff79
:102a4800ffffffffffffffffffffffffffffffff8e
:102a5800ffffffffffffffffffff1ce76110611093
:102a6800611061106110611061106110bad6ffff2a
:102a7800ffffffffffffffffffffffffffffffff5e
:102a8800ffffffffffffffff718c611061106110f6
:102a980061106110611061106110611061106110a6
:102aa80061106d6bffffffffffffffffffffffffe1
:102ab800ffffffffffffffffffffffffffffffff1e
:102ac800ffffffffffffffffffffffffffffffff0e
:102ad800fffffffffffffffffffffffffffffffffe
:102ae800ffffffffffffffffffffffffffffffffee
:102af800ffffffffffffffffffffffffffff0421b7
:102b08006110611061106110611061106110611035
:102b1800611061106110611061106110c318ffff2e
:102b2800ffffffffffffffffffffffffffffffffad
:102b3800ffffffffffffffffffffffffffffffff9d
:102b4800ffffffffffffffffffffffffffffffff8d
:102b5800ffffffffffffffff284a611061106110b0
:102b680061106110611061106110611061106110d5
:102b780061106110611061106110611061106110c5
:102b880061106110611061106110611061106110b5
:102b980061106110611061106110611061106110a5
:102ba8006110611061106110611061106110611095
:102bb8006110611061106110611061106110611085
:102bc8006110611061106110611061106110611075
:102bd800611061108210ef7b71946529611061109a
:102be8006110719471947194719471947194719449
:102bf80071946110611061106110611061106110b1
:102c0800611061106110611061106110ef8371949f
:102c18007194719471947194719471947194719484
:102c28007194719471947194719471947194719474
:102c38007194719471947194719471947194719464
:102c48007194719471947194719471947194719454
:102c58007194719471947194719471947194719444
:102c6800aa5a611061108210ae7b718c65296110bf
:102c780061106110611061106110611061106110c4
:102c880061106110611061106110611061106110b4
:102c980061106110611061106110611061106110a4
:102ca80061106110284affffffffffffffffffffd2
:102cb800ffffffffffffffffffffffffffffffff1c
:102cc800ffffffffffffffffffffffffffffffff0c
:102cd800fffffffffffffffffffffffffffffffffc
:102ce800ffffffffffffffffffffffffffffffffec
:102cf800ffffffffffffffffffffffffffffffffdc
:102d0800ffffffffffffffffffffc2186110611009
:102d18006110611061106110611061106110611023
:102d2800611061106110ffffffffffffffffffff52
:102d3800ffffffffffffffffffffffffffffffff9b
:102d4800ffff1ce7611061106110611061106110d4
:102d580061106110bad6ffffffffffffffffffff03
:102d6800ffffffffffffffffffffffffffffffff6b
:102d7800718c611061106110611061106110611037
:102d8800611061106110611061106110c318bad62a
:102d9800ffffffffffffffffffffffffffffffff3b
:102da800ffffffffffffffffffffffffffffffff2b
:102db800ffffffffffffffffffffffffffffffff1b
:102dc800ffffffffffffffffffffffffffffffff0b
:102dd800fffffffffffffffffffffffffffffffffb
:102de800ffffffff8e7361106110611061106110a9
:102df8006110611061106110611061106110611043
:102e0800611061106110f7bdffffffffffffffffbb
:102e1800ffffffffffffffffffffffffffffffffba
:102e2800ffffffffffffffffffffffffffffffffaa
:102e3800ffffffffffffffffffffffffffffffff9a
:102e4800284a6110611061106110611061106110f1
:102e580061106110611061106110611061106110e2
:102e680061106110611061106110611061106110d2
:102e780061106110611061106110611061106110c2
:102e880061106110611061106110611061106110b2
:102e980061106110611061106110611061106110a2
:102ea8006110611061106110611061106110611092
:102eb800611061106110611061106110611086313c
:102ec8007194ef7b61106110611071947194719429
:102ed800719471947194719471946110611061107e
:102ee8006110611061106110611061106110611052
:102ef80061106110ef83719471947194719471945d
:102f08007194719471947194719471947194719491
:102f18007194719471947194719471947194719481
:102f28007194719471947194719471947194719471
:102f38007194719471947194719471947194719461
:102f48007194719471947194821061106110695236
:102f58007194eb6261106110611061106110611071
:102f680061106110611061106110611061106110d1
:102f780061106110611061106110611061106110c1
:102f8800611061106110611061106110284affff23
:102f9800ffffffffffffffffffffffffffffffff39
:102fa800ffffffffffffffffffffffffffffffff29
:102fb800ffffffffffffffffffffffffffffffff19
:102fc800ffffffffffffffffffffffffffffffff09
:102fd800fffffffffffffffffffffffffffffffff9
:102fe800ffffffffffffffffffffffffffffffffe9
:102ff8005def611061106110611061106110611066
:103008006110611061106110611061106110ffffa3
:10301800ffffffffffffffffffffffffffffffffb8
:10302800ffffffffffffffffffff1ce761106110bd
:10303800611061106110611061106110bad6ffff54
:10304800ffffffffffffffffffffffffffffffff88
:10305800ffffffffffffffff718c61106110611020
:1030680061106110611061106110611061106110d0
:103078006110611061104429ffffffffffffffff90
:10308800ffffffffffffffffffffffffffffffff48
:10309800ffffffffffffffffffffffffffffffff38
:1030a800ffffffffffffffffffffffffffffffff28
:1030b800ffffffffffffffffffffffffffffffff18
:1030c800ffffffffffffffffffffffff6110611022
:1030d8006110611061106110611061106110611060
:1030e800611061106110611061106110611024217c
:1030f8005defffffffffffffffffffffffffffff8a
:10310800ffffffffffffffffffffffffffffffffc7
:10311800ffffffffffffffffffffffffffffffffb7
:10312800ffffffffffffffff284a611061106110da
:1031380061106110611061106110611061106110ff
:1031480061106110611061106110611061106110ef
:1031580061106110611061106110611061106110df
:1031680061106110611061106110611061106110cf
:1031780061106110611061106110611061106110bf
:1031880061106110611061106110611061106110af
:10319800611061106110611061106110611061109f
:1031a80061106110611061106110719471946d6b00
:1031b800611061106110718c7194719471947194a3
:1031c80071946110611061106110611061106110db
:1031d800611061106110611061106110ef837194ca
:1031e80071947194719471947194719471947194af
:1031f800719471947194719471947194719471949f
:10320800719471947194719471947194719471948e
:10321800719471947194719471947194719471947e
:103228007194719471947194719471946110611096
:103238006110c73971947194308461106110611004
:1032480061106110611061106110611061106110ee
:1032580061106110611061106110611061106110de
:1032680061106110611061106110611061106110ce
:1032780061106110284afffffffffffffffffffffc
:10328800ffffffffffffffffffffffffffffffff46
:10329800718c6110a639ffffffffffffffffffffe3
:1032a800ffffffffffffffffffffffffffffffff26
:1032b800ffffffffffffffffffffffffffffffff16
:1032c800ffffffffffffffffffffffffffffffff06
:1032d800ffff9ef7694a611061106110611061106b
:1032e800611061106110611061106110611061104e
:1032f800611061106110ffffffffffffffffffff7d
:10330800ffffffffffffffffffffffffffffffffc5
:10331800ffff1ce7611061106110611061106110fe
:1033280061106110bad6ffffffffffffffffffff2d
:10333800ffffffffffffffffffffffffffffffff95
:10334800718c611061106110611061106110611061
:1033580061106110611061106110611061106110dd
:103368006110c318ffffffffffffffffffffffff15
:10337800ffffffffffffffffffffffffffffffff55
:10338800ffffffffffffffffffffffffffffffff45
:10339800ffffffffffffffffffffffffffffffff35
:1033a800ffffffffffffffffffffffffffff2c6394
:1033b800611061106110611061106110611061107d
:1033c800611061106110611061106110611061106d
:1033d80061106110611061106110b294ffffffff6e
:1033e800ffffffffffffffffffffffffffffffffe5
:1033f800ffffffffffffffffffffffffffffffffd5
:10340800ffffffffffffffffffffffffffffffffc4
:10341800284a61106110611061106110611061101b
:10342800611061106110611061106110611061100c
:1034380061106110611061106110611061106110fc
:1034480061106110611061106110611061106110ec
:1034580061106110611061106110611061106110dc
:1034680061106110611061106110611061106110cc
:1034780061106110611061106110611061106110bc
:1034880061106110611061106110611061106110ac
:103498006110cf7b719471948a5261106110284237
:1034a80071947194719471947194611061106110a8
:1034b800611061106110611061106110611061107c
:1034c80061106110ef837194719471947194719487
:1034d80071947194719471947194719471947194bc
:1034e80071947194719471947194719471947194ac
:1034f800719471947194719471947194719471949c
:10350800719471947194719471947194719471948b
:1035180071947194611061106110518c7194718c67
:10352800a6316110611061106110611061106110a5
:1035380061106110611061106110611061106110fb
:1035480061106110611061106110611061106110eb
:10355800611061106110611061106110284affff4d
:10356800ffffffffffffffffffffffffffffffff63
:10357800ffffffffffffffff718c61106110ffff6e
:10358800ffffffffffffffffffffffffffffffff43
:10359800ffffffffffffffffffffffffffffffff33
:1035a800ffffffffffffffffffffffffffffffff23
:1035b800ffffffffffffffffffffa639611061104c
:1035c800611061106110611061106110611061106b
:1035d8006110611061106110611061106110ffffce
:1035e800ffffffffffffffffffffffffffffffffe3
:1035f800ffffffffffffffffffff1ce761106110e8
:10360800611061106110611061106110bad6ffff7e
:10361800ffffffffffffffffffffffffffffffffb2
:10362800ffffffffffffffff718c6110611061104a
:1036380061106110611061106110611061106110fa
:10364800611061106110611061106110ef83ffff5c
:10365800ffffffffffffffffffffffffffffffff72
:10366800ffffffffffffffffffffffffffffffff62
:10367800ffffffffffffffffffffffffffffffff52
:10368800ffffffffffffffffffffffffffffffff42
:10369800ffffffffffff61106110611061106110f3
:1036a800611061106110611061106110611061108a
:1036b800611061106110611061106110611061107a
:1036c80061106110ef83ffffffffffffffffffffa8
:1036d800fffffffffffffffffffffffffffffffff2
:1036e800ffffffffffffffffffffffffffffffffe2
:1036f800ffffffffffffffff284a61106110611005
:103708006110611061106110611061106110611029
:103718006110611061106110611061106110611019
:103728006110611061106110611061106110611009
:1037380061106110611061106110611061106110f9
:1037480061106110611061106110611061106110e9
:1037580061106110611061106110611061106110d9
:1037680061106110611061106110611061106110c9
:103778006110611061106110611061107194719491
:103788007194611061106110611071947194719459
:103798007194611061106110611061106110611005
:1037a800611061106110611061106110ef837194f4
:1037b80071947194719471947194719471947194d9
:1037c80071947194719471947194719471947194c9
:1037d80071947194719471947194719471947194b9
:1037e80071947194719471947194719471947194a9
:1037f8007194719471947194ef83e318611061105e
:103808006d7371944d6b61106110611061106110de
:103818006110611061106110611061106110611018
:103828006110611061106110611061106110611008
:1038380061106110611061106110611061106110f8
:1038480061106110284affffffffffffffffffff26
:10385800ffffffffffffffffffffffffffffffff70
:10386800718c61106110a21834adffffffffffffdc
:10387800ffffffffffffffffffffffffffffffff50
:10388800ffffffffffffffffffffffffffffffff40
:10389800ffffffffffffffffffffffffffffdfff50
:1038a800ef7b61106110611061106110611061108f
:1038b8006110611061106110611061106110611078
:1038c800611061106110ffffffffffffffffffffa7
:1038d800fffffffffffffffffffffffffffffffff0
:1038e800ffff1ce761106110611061106110611029
:1038f80061106110bad6ffffffffffffffffffff58
:10390800ffffffffffffffffffffffffffffffffbf
:10391800718c61106110611061106110611061108b
:103928006110611061106110611061106110611007
:10393800611061106110611055adffffffffffffbf
:10394800ffffffffffffffffffffffffffffffff7f
:10395800ffffffffffffffffffffffffffffffff6f
:10396800ffffffffffffffffffffffffffffffff5f
:10397800ffffffffffffffffffff0c6361106110f8
:1039880061106110611061106110611061106110a7
:103998006110611061106110611061106110611097
:1039a8006110611061106110611061106110a63919
:1039b800bad6ffffffffffffffffffffffffffff7d
:1039c800ffffffffffffffffffffffffffffffffff
:1039d800ffffffffffffffffffffffffffffffffef
:1039e800284a611061106110611061106110611046
:1039f8006110611061106110611061106110611037
:103a08006110611061106110611061106110611026
:103a18006110611061106110611061106110611016
:103a28006110611061106110611061106110611006
:103a380061106110611061106110611061106110f6
:103a480061106110611061106110611061106110e6
:103a580061106110611061106110611061106110d6
:103a680061106110cb5a71947194e3186110611060
:103a78006110719471947194719461106110611066
:103a880061106110611061106110611061106110a6
:103a980061106110ef8371947194719471947194b1
:103aa80071947194719471947194719471947194e6
:103ab80071947194719471947194719471947194d6
:103ac80071947194719471947194719471947194c6
:103ad80071947194719471947194719471947194b6
:103ae800e32061106110611071947194a218611043
:103af8006110611061106110611061106110611036
:103b08006110611061106110611061106110611025
:103b18006110611061106110611061106110611015
:103b2800611061106110611061106110284affff77
:103b3800ffffffffffffffffffffffffffffffff8d
:103b4800ffffffffffffffff718c61106110611025
:103b58006110bef7ffffffffffffffffffffffff43
:103b6800ffffffffffffffffffffffffffffffff5d
:103b7800ffffffffffffffffffffffffffffffff4d
:103b8800ffffffffffff2842611061106110611005
:103b98006110611061106110611061106110611095
:103ba8006110611061106110611061106110fffff8
:103bb800ffffffffffffffffffffffffffffffff0d
:103bc800ffffffffffffffffffff1ce76110611012
:103bd800611061106110611061106110bad6ffffa9
:103be800ffffffffffffffffffffffffffffffffdd
:103bf800ffffffffffffffff718c61106110611075
:103c08006110611061106110611061106110611024
:103c18006110611061106110611061106110611014
:103c280061103ce7ffffffffffffffffffffffff04
:103c3800ffffffffffffffffffffffffffffffff8c
:103c4800ffffffffffffffffffffffffffffffff7c
:103c5800ffffffffffffffffffffffffffffffff6c
:103c680075b561106110611061106110611061100b
:103c780061106110611061106110611061106110b4
:103c880061106110611061106110611061106110a4
:103c98006110611061106110a210ffffffffffffac
:103ca800ffffffffffffffffffffffffffffffff1c
:103cb800ffffffffffffffffffffffffffffffff0c
:103cc800ffffffffffffffff284a6110611061102f
:103cd8006110611061106110611061106110611054
:103ce8006110611061106110611061106110611044
:103cf8006110611061106110611061106110611034
:103d08006110611061106110611061106110611023
:103d18006110611061106110611061106110611013
:103d28006110611061106110611061106110611003
:103d380061106110611061106110611061106110f3
:103d48006110611061106110611061106110a210a2
:103d5800af7b7194ae73611061106110694a719400
:103d6800719461106110611061106110611061102f
:103d7800611061106110611061106110ef8371941e
:103d88007194719471947194719471947194719403
:103d980071947194719471947194719471947194f3
:103da80071947194719471947194719471947194e3
:103db80071947194719471947194719471947194d3
:103dc80071947194cf7bc21861106110694a719423
:103dd800719465316110611061106110611061109a
:103de8006110611061106110611061106110611043
:103df8006110611061106110611061106110611033
:103e08006110611061106110611061106110611022
:103e180061106110284affffffffffffffffffff50
:103e2800ffffffffffffffffffffffffffffffff9a
:103e3800718c61106110611061106110cf7bffff00
:103e4800ffffffffffffffffffffffffffffffff7a
:103e5800ffffffffffffffffffffffffffffffff6a
:103e6800ffffffffffffffffffff2421611061102d
:103e780061106110611061106110611061106110b2
:103e880061106110611061106110611061106110a2
:103e9800611061106110ffffffffffffffffffffd1
:103ea800ffffffffffffffffffffffffffffffff1a
:103eb800ffff1ce761106110611061106110611053
:103ec80061106110bad6ffffffffffffffffffff82
:103ed800ffffffffffffffffffffffffffffffffea
:103ee800718c6110611061106110611061106110b6
:103ef8006110611061106110611061106110611032
:103f08006110611061106110611061102421929498
:103f1800ffffffffffffffffffffffffffffffffa9
:103f2800ffffffffffffffffffffffffffffffff99
:103f3800ffffffffffffffffffffffffffffffff89
:103f4800ffffffffbad661106110611061106110a8
:103f580061106110611061106110611061106110d1
:103f680061106110611061106110611061106110c1
:103f780061106110611061106110611061106110b1
:103f880061106110084296b5ffffffffffffffffba
:103f9800ffffffffffffffffffffffffffffffff29
:103fa800ffffffffffffffffffffffffffffffff19
:103fb800284a611061106110611061106110611070
:103fc8006110611061106110611061106110611061
:103fd8006110611061106110611061106110611051
:103fe8006110611061106110611061106110611041
:103ff8006110611061106110611061106110611031
:104008006110611061106110611061106110611020
:104018006110611061106110611061106110611010
:104028006110611061106110611061106110611000
:104038006110611061106110e31871947194c218d5
:10404800611061106110718c7194611061106110c0
:1040580061106110611061106110611061106110d0
:1040680061106110ef8371947194719471947194db
:104078007194719471947194719471947194719410
:104088007194719471947194719471947194719400
:1040980071947194719471947194719471947194f0
:1040a800719471947194719471947194a2186110bf
:1040b8006110611071947194718c611061106110bc
:1040c8006110611061106110611061106110611060
:1040d8006110611061106110611061106110611050
:1040e8006110611061106110611061106110611040
:1040f800611061106110611061106110284affffa2
:10410800ffffffffffffffffffffffffffffffffb7
:10411800ffffffffffffffff718c6110611061104f
:1041280061106110611055adffffffffffffffff3a
:10413800ffffffffffffffffffffffffffffffff87
:10414800ffffffffffffffffffffffffffffbef7c0
:10415800b2946110611061106110611061106110fa
:1041680061106110611061106110611061106110bf
:104178006110611061106110611061106110ffff22
:10418800ffffffffffffffffffffffffffffffff37
:10419800ffffffffffffffffffff1ce7611061103c
:1041a800611061106110611061106110bad6ffffd3
:1041b800ffffffffffffffffffffffffffffffff07
:1041c800ffffffffffffffff718c6110611061109f
:1041d800611061106110611061106110611061104f
:1041e800611061106110611061106110611061103f
:1041f80061106110611061103ce7ffffffffffffd6
:10420800ffffffffffffffffffffffffffffffffb6
:10421800ffffffffffffffffffffffffffffffffa6
:10422800ffffffffffffffffd7bd8a52611061103c
:1042380061106110611061106110611061106110ee
:1042480061106110611061106110611061106110de
:1042580061106110611061106110611061106110ce
:1042680061106110611061106110611061106110be
:10427800ef7bffffffffffffffffffffffffffffda
:10428800ffffffffffffffffffffffffffffffff36
:10429800ffffffffffffffff284a61106110611059
:1042a800611061106110611061106110611061107e
:1042b800611061106110611061106110611061106e
:1042c800611061106110611061106110611061105e
:1042d800611061106110611061106110611061104e
:1042e800611061106110611061106110611061103e
:1042f800611061106110611061106110611061102e
:10430800611061106110611061106110611061101d
:10431800611061106110611061106110611061100d
:104328006110108471947194cf7b611061106110d9
:10433800032161106110611061106110611061103a
:10434800611061106110611061106110ef83719448
:10435800719471947194719471947194719471942d
:10436800719471947194719471947194719471941d
:10437800719471947194719471947194719471940d
:1043880071947194719471947194719471947194fd
:10439800518c08426110611061108a5271947194b5
:1043a800611061106110611061106110611061107d
:1043b800611061106110611061106110611061106d
:1043c800611061106110611061106110611061105d
:1043d800611061106110611061106110611061104d
:1043e80061106110284affffffffffffffffffff7b
:1043f800ffffffffffffffffffffffffffffffffc5
:10440800718c611061106110611061106110611090
:104418006110e31818c6ffffffffffffffffffff54
:10442800ffffffffffffffffffffffffffffffff94
:10443800dfff65316110611061106110611061105a
:1044480061106110611061106110611061106110dc
:1044580061106110611061106110611061106110cc
:10446800611061106110f39cf39cf39cf39cf39c26
:10447800f39cf39cf39cf39cf39cf39cf39cf39cbc
:10448800f39c718c611061106110611061106110f2
:10449800611061103084f39cf39cf39cf39cf39cb3
:1044a800f39cf39cf39cf39cf39cf39cf39cf39c8c
:1044b800cb5a6110611061106110611061106110b8
:1044c800611061106110611061106110611061105c
:1044d800611061106110611061106110611061104c
:1044e8006110611061108a52ffffffffffffffff9d
:1044f800ffffffffffffffffffffffffffffffffc4
:10450800ffffffffffffffffbef7f7bdef8361105f
:10451800611061106110611061106110611061100b
:1045280061106110611061106110611061106110fb
:1045380061106110611061106110611061106110eb
:1045480061106110611061106110611061106110db
:1045580061106110611061106110611061106110cb
:10456800cb5ad39cf39cf39cf39cf39cf39cf39c55
:10457800f39cf39cf39cf39cf39cf39cf39cf39cbb
:104588006531611061106110611061106110611076
:10459800611061106110611061106110611061108b
:1045a800611061106110611061106110611061107b
:1045b800611061106110611061106110611061106b
:1045c800611061106110611061106110611061105b
:1045d800611061106110611061106110611061104b
:1045e800611061106110611061106110611061103b
:1045f800611061106110611061106110611061102b
:1046080061106110611061106110042110847194af
:104618007194611061106110611061106110611076
:1046280061106110611061106110611061106110fa
:1046380061106110ef837194719471947194719405
:10464800719471947194719471947194719471943a
:10465800719471947194719471947194719471942a
:10466800719471947194719471947194719471941a
:10467800719471947194ef7b4429611061106110f9
:10468800cb5a71947194494a61106110611061109c
:10469800611061106110611061106110611061108a
:1046a800611061106110611061106110611061107a
:1046b800611061106110611061106110611061106a
:1046c800611061106110611061106110284affffcc
:1046d800ffffffffffffffffffffffffffffffffe2
:1046e800ffffffffffffffff718c6110611061107a
:1046f80061106110611061106110611061108a52bf
:10470800929479ceffffffffffffffffffffffff40
:10471800ffffffff718c8a52e3186110611061106e
:1047280061106110611061106110611061106110f9
:1047380061106110611061106110611061106110e9
:1047480061106110611061106110611061106110d9
:1047580061106110611061106110611061106110c9
:1047680061106110611061106110611061106110b9
:1047780061106110611061106110611061106110a9
:104788006110611061106110611061106110611099
:104798006110611061106110611061106110611089
:1047a8006110611061106110611061106110611079
:1047b8006110611061106110611061106110611069
:1047c8006110611061106110611061106110611059
:1047d8002429aa52718cfbe6ffffffffffffffffb2
:1047e800ffffffffffffffffffffffff9ad6cf7b13
:1047f800a2186110611061106110611061106110e0
:104808006110611061106110611061106110611018
:104818006110611061106110611061106110611008
:1048280061106110611061106110611061106110f8
:1048380061106110611061106110611061106110e8
:1048480061106110611061106110611061106110d8
:1048580061106110611061106110611061106110c8
:1048680061106110611061106110611061106110b8
:1048780061106110611061106110611061106110a8
:104888006110611061106110611061106110611098
:104898006110611061106110611061106110611088
:1048a8006110611061106110611061106110611078
:1048b8006110611061106110611061106110611068
:1048c8006110611061106110611061106110611058
:1048d8006110611061106110611061106110611048
:1048e8006110611061106110611061106110611038
:1048f800611061106110ef7b7194518ce741611078
:104908006110611061106110611061106110611017
:10491800611061106110611061106110ef83719472
:104928007194719471947194719471947194719457
:104938007194719471947194719471947194719447
:104948007194719471947194719471947194719437
:10495800719471947194719471947194c7396110c0
:10496800611061100321ae7b719471946110611024
:1049780061106110611061106110611061106110a7
:104988006110611061106110611061106110611097
:104998006110611061106110611061106110611087
:1049a8006110611061106110611061106110611077
:1049b80061106110284affffffffffffffffffffa5
:1049c800ffffffffffffffffffffffffffffffffef
:1049d800718c6110611061106110611061106110bb
:1049e8006110611061106110611061106110611037
:1049f8006110611061106110611061106110611027
:104a08006110611061106110611061106110611016
:104a18006110611061106110611061106110611006
:104a280061106110611061106110611061106110f6
:104a380061106110611061106110611061106110e6
:104a480061106110611061106110611061106110d6
:104a580061106110611061106110611061106110c6
:104a680061106110611061106110611061106110b6
:104a780061106110611061106110611061106110a6
:104a88006110611061106110611061106110611096
:104a98006110611061106110611061106110611086
:104aa8006110611061106110611061106110611076
:104ab8006110611061106110611061106110611066
:104ac8006110611061106110611061106110611056
:104ad8006110611061106110611061106110611046
:104ae8006110611061106110611061106110611036
:104af8006110611061106110611061106110611026
:104b08006110611061106110611061106110611015
:104b18006110611061106110611061106110611005
:104b280061106110611061106110611061106110f5
:104b380061106110611061106110611061106110e5
:104b480061106110611061106110611061106110d5
:104b580061106110611061106110611061106110c5
:104b680061106110611061106110611061106110b5
:104b780061106110611061106110611061106110a5
:104b88006110611061106110611061106110611095
:104b98006110611061106110611061106110611085
:104ba8006110611061106110611061106110611075
:104bb8006110611061106110611061106110611065
:104bc8006110611061106110611061106110611055
:104bd8006110611061106110611061106110c318db
:104be800ae7371947194821061106110611061103c
:104bf8006110611061106110611061106110611025
:104c080061106110ef83719471947194719471942f
:104c18007194719471947194719471947194719464
:104c28007194719471947194719471947194719454
:104c38007194719471947194719471947194719444
:104c480071940c636110611061106110308471946b
:104c58007194518c611061106110611061106110c4
:104c680061106110611061106110611061106110b4
:104c780061106110611061106110611061106110a4
:104c88006110611061106110611061106110611094
:104c9800611061106110611061106110284afffff6
:104ca800ffffffffffffffffffffffffffffffff0c
:104cb800ffffffffffffffff718c611061106110a4
:104cc8006110611061106110611061106110611054
:104cd8006110611061106110611061106110611044
:104ce8006110611061106110611061106110611034
:104cf8006110611061106110611061106110611024
:104d08006110611061106110611061106110611013
:104d18006110611061106110611061106110611003
:104d280061106110611061106110611061106110f3
:104d380061106110611061106110611061106110e3
:104d480061106110611061106110611061106110d3
:104d580061106110611061106110611061106110c3
:104d680061106110611061106110611061106110b3
:104d780061106110611061106110611061106110a3
:104d88006110611061106110611061106110611093
:104d98006110611061106110611061106110611083
:104da8006110611061106110611061106110611073
:104db8006110611061106110611061106110611063
:104dc8006110611061106110611061106110611053
:104dd8006110611061106110611061106110611043
:104de8006110611061106110611061106110611033
:104df8006110611061106110611061106110611023
:104e08006110611061106110611061106110611012
:104e18006110611061106110611061106110611002
:104e280061106110611061106110611061106110f2
:104e380061106110611061106110611061106110e2
:104e480061106110611061106110611061106110d2
:104e580061106110611061106110611061106110c2
:104e680061106110611061106110611061106110b2
:104e780061106110611061106110611061106110a2
:104e88006110611061106110611061106110611092
:104e98006110611061106110611061106110611082
:104ea8006110611061106110611061106110611072
:104eb8006110611061106110611061106110611062
:104ec80061106110611061106110718c719471949e
:104ed800308c6110611061106110611061106110f7
:104ee800611061106110611061106110ef8371949d
:104ef8007194719471947194719471947194719482
:104f08007194719471947194719471947194719471
:104f18007194719471947194719471947194719461
:104f2800719471947194494a8210611061106110f2
:104f380003218e7371947194c3186110611061100c
:104f480061106110611061106110611061106110d1
:104f580061106110611061106110611061106110c1
:104f680061106110611061106110611061106110b1
:104f780061106110611061106110611061106110a1
:104f880061106110284affffffffffffffffffffcf
:104f9800ffffffffffffffffffffffffffffffff19
:104fa800718c6110611061106110611061106110e5
:104fb8006110611061106110611061106110611061
:104fc8006110611061106110611061106110611051
:104fd8006110611061106110611061106110611041
:104fe8006110611061106110611061106110611031
:104ff8006110611061106110611061106110611021
:105008006110611061106110611061106110611010
:105018006110611061106110611061106110611000
:1050280061106110611061106110611061106110f0
:1050380061106110611061106110611061106110e0
:1050480061106110611061106110611061106110d0
:1050580061106110611061106110611061106110c0
:1050680061106110611061106110611061106110b0
:1050780061106110611061106110611061106110a0
:105088006110611061106110611061106110611090
:105098006110611061106110611061106110611080
:1050a8006110611061106110611061106110611070
:1050b8006110611061106110611061106110611060
:1050c8006110611061106110611061106110611050
:1050d8006110611061106110611061106110611040
:1050e8006110611061106110611061106110611030
:1050f8006110611061106110611061106110611020
:10510800611061106110611061106110611061100f
:1051180061106110611061106110611061106110ff
:1051280061106110611061106110611061106110ef
:1051380061106110611061106110611061106110df
:1051480061106110611061106110611061106110cf
:1051580061106110611061106110611061106110bf
:1051680061106110611061106110611061106110af
:10517800611061106110611061106110611061109f
:10518800611061106110611061106110611061108f
:10519800611061106110611061106110611061107f
:1051a800611061106110611061106110611061106f
:1051b80061108631308471947194a2186110611065
:1051c800611061106110611061106110611061104f
:1051d80061106110ef83719471947194719471945a
:1051e800719471947194719471947194719471948f
:1051f800719471947194719471947194719471947f
:105208007194719471947194719471948a5261102b
:10521800611061106110e741518c719471948a5248
:1052280061106110611061106110611061106110ee
:1052380061106110611061106110611061106110de
:1052480061106110611061106110611061106110ce
:1052580061106110611061106110611061106110be
:10526800611061106110611061106110284affff20
:10527800ffffffffffffffffffffffffffffffff36
:10528800ffffffffffffffff718c611061106110ce
:10529800611061106110611061106110611061107e
:1052a800611061106110611061106110611061106e
:1052b800611061106110611061106110611061105e
:1052c800611061106110611061106110611061104e
:1052d800611061106110611061106110611061103e
:1052e800611061106110611061106110611061102e
:1052f800611061106110611061106110611061101e
:10530800611061106110611061106110611061100d
:1053180061106110611061106110611061106110fd
:1053280061106110611061106110611061106110ed
:1053380061106110611061106110611061106110dd
:1053480061106110611061106110611061106110cd
:1053580061106110611061106110611061106110bd
:1053680061106110611061106110611061106110ad
:10537800611061106110611061106110611061109d
:10538800611061106110611061106110611061108d
:10539800611061106110611061106110611061107d
:1053a800611061106110611061106110611061106d
:1053b800611061106110611061106110611061105d
:1053c800611061106110611061106110611061104d
:1053d800611061106110611061106110611061103d
:1053e800611061106110611061106110611061102d
:1053f800611061106110611061106110611061101d
:10540800611061106110611061106110611061100c
:1054180061106110611061106110611061106110fc
:1054280061106110611061106110611061106110ec
:1054380061106110611061106110611061106110dc
:1054480061106110611061106110611061106110cc
:1054580061106110611061106110611061106110bc
:1054680061106110611061106110611061106110ac
:10547800611061106110611061106110611061109c
:10548800611061106110611061106110611061108c
:105498006110611061106110611061106110694a3a
:1054a800518c719471944d6b611061106110611091
:1054b800611061106110611061106110ef837194c7
:1054c80071947194719471947194719471947194ac
:1054d800719471947194719471947194719471949c
:1054e8007194719471947194719471947194ef831f
:1054f800494a61106110611061108210518c7194d9
:1055080071947194611061106110611061106110e3
:1055180061106110611061106110611061106110fb
:1055280061106110611061106110611061106110eb
:1055380061106110611061106110611061106110db
:1055480061106110611061106110611061106110cb
:1055580061106110284afffffffffffffffffffff9
:10556800ffffffffffffffffffffffffffffffff43
:10557800718c61106110611061106110611061100f
:10558800611061106110611061106110611061108b
:10559800611061106110611061106110611061107b
:1055a800611061106110611061106110611061106b
:1055b800611061106110611061106110611061105b
:1055c800611061106110611061106110611061104b
:1055d800611061106110611061106110611061103b
:1055e800611061106110611061106110611061102b
:1055f800611061106110611061106110611061101b
:10560800611061106110611061106110611061100a
:1056180061106110611061106110611061106110fa
:1056280061106110611061106110611061106110ea
:1056380061106110611061106110611061106110da
:1056480061106110611061106110611061106110ca
:1056580061106110611061106110611061106110ba
:1056680061106110611061106110611061106110aa
:10567800611061106110611061106110611061109a
:10568800611061106110611061106110611061108a
:10569800611061106110611061106110611061107a
:1056a800611061106110611061106110611061106a
:1056b800611061106110611061106110611061105a
:1056c800611061106110611061106110611061104a
:1056d800611061106110611061106110611061103a
:1056e800611061106110611061106110611061102a
:1056f800611061106110611061106110611061101a
:105708006110611061106110611061106110611009
:1057180061106110611061106110611061106110f9
:1057280061106110611061106110611061106110e9
:1057380061106110611061106110611061106110d9
:1057480061106110611061106110611061106110c9
:1057580061106110611061106110611061106110b9
:1057680061106110611061106110611061106110a9
:105778006110611061106110611061106110611099
:1057880061106110611061106110518c71947194f5
:105798001084821061106110611061106110611035
:1057a80061106110ef837194719471947194719484
:1057b80071947194719471947194719471947194b9
:1057c80071947194719471947194719471947194a9
:1057d8006d6b0742611061106110611061106531d5
:1057e8008e73719471944d6b032161106110611077
:1057f8006110611061106110611061106110611019
:105808006110611061106110611061106110611008
:1058180061106110611061106110611061106110f8
:1058280061106110611061106110611061106110e8
:10583800611061106110611061106110284affff4a
:10584800ffffffffffffffffffffffffffffffff60
:10585800ffffffffffffffff718c611061106110f8
:1058680061106110611061106110611061106110a8
:105878006110611061106110611061106110611098
:105888006110611061106110611061106110611088
:105898006110611061106110611061106110611078
:1058a8006110611061106110611061106110611068
:1058b8006110611061106110611061106110611058
:1058c8006110611061106110611061106110611048
:1058d8006110611061106110611061106110611038
:1058e8006110611061106110611061106110611028
:1058f8006110611061106110611061106110611018
:105908006110611061106110611061106110611007
:1059180061106110611061106110611061106110f7
:1059280061106110611061106110611061106110e7
:1059380061106110611061106110611061106110d7
:1059480061106110611061106110611061106110c7
:1059580061106110611061106110611061106110b7
:105968006110611061107194719465296110611062
:105978006110611061106110611061106110611097
:105988006110611061106110611061106110611087
:105998006110611061106110611061106110611077
:1059a8006110611061106110611061106110611067
:1059b8006110611061106110611061106110611057
:1059c8006110611061106110611061106110611047
:1059d8006110611061106110611061106110611037
:1059e8006110611061106110611061106110611027
:1059f8006110611061106110611061106110611017
:105a08006110611061106110611061106110611006
:105a180061106110611061106110611061106110f6
:105a280061106110611061106110611061106110e6
:105a380061106110611061106110611061106110d6
:105a480061106110611061106110611061106110c6
:105a580061106110611061106110611061106110b6
:105a680061106110611061106110611061106110a6
:105a78006110e3204d6b719471941084494aa2100f
:105a8800611061106110611061106110494a718cd8
:105a980071947194719471947194719471947194d6
:105aa80071947194719471947194719471947194c6
:105ab800719471947194c73961106110611061100b
:105ac8006110611086317194719471941084611021
:105ad8006110611061106110611061106110611036
:105ae8006110611061106110611061106110611026
:105af8006110611061106110611061106110611016
:105b08006110611061106110611061106110611005
:105b180061106110611061106110611061106110f5
:105b280061106110284affffffffffffffffffff23
:105b3800ffffffffffffffffffffffffffffffff6d
:105b4800718c611061106110611061106110611039
:105b580061106110611061106110611061106110b5
:105b680061106110611061106110611061106110a5
:105b78006110611061106110611061106110611095
:105b88006110611061106110611061106110611085
:105b98006110611061106110611061106110611075
:105ba8006110611061106110611061106110611065
:105bb8006110611061106110611061106110611055
:105bc8006110611061106110611061106110611045
:105bd8006110611061106110611061106110611035
:105be8006110611061106110611061106110611025
:105bf8006110611061106110611061106110611015
:105c08006110611061106110611061106110611004
:105c180061106110611061106110611061106110f4
:105c280061106110611061106110611061106110e4
:105c380061106110611061106110611061106110d4
:105c48006110611061106110611061106110719430
:105c58007194652961106110611061106110611003
:105c680061106110611061106110611061106110a4
:105c78006110611061106110611061106110611094
:105c88006110611061106110611061106110611084
:105c98006110611061106110611061106110611074
:105ca8006110611061106110611061106110611064
:105cb8006110611061106110611061106110611054
:105cc8006110611061106110611061106110611044
:105cd8006110611061106110611061106110611034
:105ce8006110611061106110611061106110611024
:105cf8006110611061106110611061106110611014
:105d08006110611061106110611061106110611003
:105d180061106110611061106110611061106110f3
:105d280061106110611061106110611061106110e3
:105d380061106110611061106110611061106110d3
:105d480061106110611061106110611061106110c3
:105d580061106110611061106110611061106110b3
:105d6800ef837194719471942c6386316110611082
:105d7800611061106110611061106110c318084250
:105d8800eb62ae731084719471947194318c8e733c
:105d98002c6baa528631611061106110611061107c
:105da80061106110611004218a5271947194719488
:105db800518ce32061106110611061106110611055
:105dc8006110611061106110611061106110611043
:105dd8006110611061106110611061106110611033
:105de8006110611061106110611061106110611023
:105df8006110611061106110611061106110611013
:105e0800611061106110611061106110284affff74
:105e1800ffffffffffffffffffffffffffffffff8a
:105e2800ffffffffffffffff718c61106110611022
:105e380061106110611061106110611061106110d2
:105e480061106110611061106110611061106110c2
:105e580061106110611061106110611061106110b2
:105e680061106110611061106110611061106110a2
:105e78006110611061106110611061106110611092
:105e88006110611061106110611061106110611082
:105e98006110611061106110611061106110611072
:105ea8006110611061106110611061106110611062
:105eb8006110611061106110611061106110611052
:105ec8006110611061106110611061106110611042
:105ed8006110611061106110611061106110611032
:105ee8006110611061106110611061106110611022
:105ef8006110611061106110611061106110611012
:105f08006110611061106110611061106110611001
:105f180061106110611061106110611061106110f1
:105f280061106110611061106110611061106110e1
:105f3800611061106110719471946529611061108c
:105f480061106110611061106110611061106110c1
:105f580061106110611061106110611061106110b1
:105f680061106110611061106110611061106110a1
:105f78006110611061106110611061106110611091
:105f88006110611061106110611061106110611081
:105f98006110611061106110611061106110611071
:105fa8006110611061106110611061106110611061
:105fb8006110611061106110611061106110611051
:105fc8006110611061106110611061106110611041
:105fd8006110611061106110611061106110611031
:105fe8006110611061106110611061106110611021
:105ff8006110611061106110611061106110611011
:106008006110611061106110611061106110611000
:1060180061106110611061106110611061106110f0
:1060280061106110611061106110611061106110e0
:1060380061106110611061106110611061106110d0
:1060480061106110611061108210ef837194719476
:10605800719471946952042161106110611061108a
:1060680061106110611061106110611061106110a0
:106078006110611061106110611061106110611090
:106088006110611061106110611061108e7371945c
:10609800719471947194cb5ae31861106110611076
:1060a8006110611061106110611061106110611060
:1060b8006110611061106110611061106110611050
:1060c8006110611061106110611061106110611040
:1060d8006110611061106110611061106110611030
:1060e8006110611061106110611061106110611020
:1060f80061106110284affffffffffffffffffff4e
:10610800ffffffffffffffffffffffffffffffff97
:10611800718c611061106110611061106110611063
:1061280061106110611061106110611061106110df
:1061380061106110611061106110611061106110cf
:1061480061106110611061106110611061106110bf
:1061580061106110611061106110611061106110af
:10616800611061106110611061106110611061109f
:10617800611061106110611061106110611061108f
:10618800611061106110611061106110611061107f
:10619800611061106110611061106110611061106f
:1061a800611061106110611061106110611061105f
:1061b800611061106110611061106110611061104f
:1061c800611061106110611061106110611061103f
:1061d800611061106110611061106110611061102f
:1061e800611061106110611061106110611061101f
:1061f800611061106110611061106110611061100f
:1062080061106110611061106110611061106110fe
:10621800611061106110611061106110611071945a
:10622800719465296110611061106110611061102d
:1062380061106110611061106110611061106110ce
:1062480061106110611061106110611061106110be
:1062580061106110611061106110611061106110ae
:10626800611061106110611061106110611061109e
:10627800611061106110611061106110611061108e
:10628800611061106110611061106110611061107e
:10629800611061106110611061106110611061106e
:1062a800611061106110611061106110611061105e
:1062b800611061106110611061106110611061104e
:1062c800611061106110611061106110611061103e
:1062d800611061106110611061106110611061102e
:1062e800611061106110611061106110611061101e
:1062f800611061106110611061106110611061100e
:1063080061106110611061106110611061106110fd
:1063180061106110611061106110611061106110ed
:1063280061106110611061106110611061106110dd
:106338006110611061106110518c719471947194a5
:10634800719430842c6b042161106110611061100c
:1063580061106110611061106110611061106110ad
:10636800611061106110611061106110c218cf7b5b
:1063780071947194719471947194084261106110d0
:10638800611061106110611061106110611061107d
:10639800611061106110611061106110611061106d
:1063a800611061106110611061106110611061105d
:1063b800611061106110611061106110611061104d
:1063c800611061106110611061106110611061103d
:1063d800611061106110611061106110284affff9f
:1063e800ffffffffffffffffffffffffffffffffb5
:1063f800ffffffffffffffff718c6110611061104d
:1064080061106110611061106110611061106110fc
:1064180061106110611061106110611061106110ec
:1064280061106110611061106110611061106110dc
:1064380061106110611061106110611061106110cc
:1064480061106110611061106110611061106110bc
:1064580061106110611061106110611061106110ac
:10646800611061106110611061106110611061109c
:10647800611061106110611061106110611061108c
:10648800611061106110611061106110611061107c
:10649800611061106110611061106110611061106c
:1064a800611061106110611061106110611061105c
:1064b800611061106110611061106110611061104c
:1064c800611061106110611061106110611061103c
:1064d800611061106110611061106110611061102c
:1064e800611061106110611061106110611061101c
:1064f800611061106110611061106110611061100c
:1065080061106110611071947194652961106110b6
:1065180061106110611061106110611061106110eb
:1065280061106110611061106110611061106110db
:1065380061106110611061106110611061106110cb
:1065480061106110611061106110611061106110bb
:1065580061106110611061106110611061106110ab
:10656800611061106110611061106110611061109b
:10657800611061106110611061106110611061108b
:10658800611061106110611061106110611061107b
:10659800611061106110611061106110611061106b
:1065a800611061106110611061106110611061105b
:1065b800611061106110611061106110611061104b
:1065c800611061106110611061106110611061103b
:1065d800611061106110611061106110611061102b
:1065e800611061106110611061106110611061101b
:1065f800611061106110611061106110611061100b
:1066080061106110611061106110611061106110fa
:1066180061106110611061106110611061106110ea
:10662800a218284a71947194719471947194719418
:10663800aa52c739442961106110611061106110b4
:106648006110611061106110611061108110a63134
:106658002c6bf08371947194719471943084cb5a3b
:1066680024216110611061106110611061106110c6
:10667800611061106110611061106110611061108a
:10668800611061106110611061106110611061107a
:10669800611061106110611061106110611061106a
:1066a800611061106110611061106110611061105a
:1066b800611061106110611061106110611061104a
:1066c80061106110284affffffffffffffffffff78
:1066d800ffffffffffffffffffffffffffffffffc2
:1066e800718c61106110611061106110611061108e
:1066f800611061106110611061106110611061100a
:1067080061106110611061106110611061106110f9
:1067180061106110611061106110611061106110e9
:1067280061106110611061106110611061106110d9
:1067380061106110611061106110611061106110c9
:1067480061106110611061106110611061106110b9
:1067580061106110611061106110611061106110a9
:106768006110611061106110611061106110611099
:106778006110611061106110611061106110611089
:106788006110611061106110611061106110611079
:106798006110611061106110611061106110611069
:1067a8006110611061106110611061106110611059
:1067b8006110611061106110611061106110611049
:1067c8006110611061106110611061106110611039
:1067d8006110611061106110611061106110611029
:1067e8006110611061106110611061106110719485
:1067f8007194652961106110611061106110611058
:1068080061106110611061106110611061106110f8
:1068180061106110611061106110611061106110e8
:1068280061106110611061106110611061106110d8
:1068380061106110611061106110611061106110c8
:1068480061106110611061106110611061106110b8
:1068580061106110611061106110611061106110a8
:106868006110611061106110611061106110611098
:106878006110611061106110611061106110611088
:106888006110611061106110611061106110611078
:106898006110611061106110611061106110611068
:1068a8006110611061106110611061106110611058
:1068b8006110611061106110611061106110611048
:1068c8006110611061106110611061106110611038
:1068d8006110611061106110611061106110611028
:1068e8006110611061106110611061106110611018
:1068f8006110611061106110611061106110611008
:1069080061106110611061106110611061106110f7
:1069180008422c63308471947194719471947194c9
:106928007194719471947194719471947194719437
:1069380071947194719471947194719471946d734c
:1069480045296110611061106110611061106110ba
:1069580061106110611061106110611061106110a7
:106968006110611061106110611061106110611097
:106978006110611061106110611061106110611087
:106988006110611061106110611061106110611077
:106998006110611061106110611061106110611067
:1069a800611061106110611061106110284affffc9
:1069b800ffffffffffffffffffffffffffffffffdf
:1069c800ffffffffffffffff718c61106110611077
:1069d8006110611061106110611061106110611027
:1069e8006110611061106110611061106110611017
:1069f8006110611061106110611061106110611007
:106a080061106110611061106110611061106110f6
:106a180061106110611061106110611061106110e6
:106a280061106110611061106110611061106110d6
:106a380061106110611061106110611061106110c6
:106a480061106110611061106110611061106110b6
:106a580061106110611061106110611061106110a6
:106a68006110611061106110611061106110611096
:106a78006110611061106110611061106110611086
:106a88006110611061108210042182106110611080
:106a98006110611061106110611061106110611066
:106aa800611061106110611061106110e320e32032
:106ab8006110611061106110611061106110611046
:106ac8006110611061106110611082102421611041
:106ad80061106110611071947194652961106110e1
:106ae800611061106110611061106110611024293a
:106af8000421a21861106110611061106110611009
:106b08006110611061106110611061106110042141
:106b18002429611061106110611061106110611009
:106b280061106110611061106110611061106110d5
:106b3800a218c31861106110611061106110611012
:106b48006110611061106110611061106110821094
:106b5800e3188210611061106110611061106110fa
:106b68006110611061106110611061106110611095
:106b78006110c318e3186110611061106110611091
:106b88006110611061106110611061106110611075
:106b98006110611061106110611061106110611065
:106ba8006110611061106110611061106110611055
:106bb8006110611061106110611061106110611045
:106bc8006110611061106110611061106110611035
:106bd8006110611061106110611061106110611025
:106be8006110611061106110611061106110611015
:106bf8006110611061106110611061108110e7412e
:106c0800518c71947194719471947194719471947c
:106c18007194719471947194719471947194719444
:106c2800f0832c6b494a611061106110611061108a
:106c380061106110611061106110611061106110c4
:106c480061106110611061106110611061106110b4
:106c580061106110611061106110611061106110a4
:106c68006110611061106110611061106110611094
:106c78006110611061106110611061106110611084
:106c88006110611061106110611061106110611074
:106c980061106110284affffffffffffffffffffa2
:106ca800ffffffffffffffffffffffffffffffffec
:106cb800718c6110611061106110611061106110b8
:106cc8006110611061106110611061106110611034
:106cd8006110611061106110611061106110611024
:106ce8006110611061106110611061106110611014
:106cf8006110611061106110611061106110611004
:106d080061106110611061106110611061106110f3
:106d180061106110611061106110611061106110e3
:106d280061106110611061106110611061106110d3
:106d380061106110611061106110611061106110c3
:106d480061106110611061106110611061106110b3
:106d580061106110611061106110611061106110a3
:106d6800611061106110611061108631eb62718ce5
:106d78007194718cae7324296110611061106110d7
:106d88006110611061104529cb5a694a6110611080
:106d98008e73518c719471946952c318611061108b
:106da8006110611061106110611061106110611053
:106db800ef8371947194ef7bc31861106110719423
:106dc8007194652961106110611061106110611082
:106dd80061100421518c719471947194e741a2104f
:106de8006110611061106110611061106110611013
:106df8006110c739308471947194cf7b0c63821011
:106e080061106110611061106110611061106110f2
:106e18006110e3188e73308c719471941084e7417b
:106e280061106110611061106110611061106110d2
:106e38008110a639ef8371947194718caa5a6110ec
:106e48006110611061106110611061106110cb5afe
:106e5800cb5a611061100c63108471947194eb5ad1
:106e6800652961106110611061106110cb5acb5a0d
:106e7800cb5a0742611061106110611061106110f6
:106e880061106110cb5acb5acb5a61106110611056
:106e98006110611061106110611061106110611062
:106ea8006110611061106110611061106110611052
:106eb8006110611061106110611061106110611042
:106ec8006110611061106110611061106110611032
:106ed8006110611061106110611061106110611022
:106ee8006110611061106110611061106110611012
:106ef800611061106110e318e320a218a218611054
:106f080061106110611061106110611061106110f1
:106f180061106110611061106110611061106110e1
:106f280061106110611061106110611061106110d1
:106f380061106110611061106110611061106110c1
:106f480061106110611061106110611061106110b1
:106f580061106110611061106110611061106110a1
:106f68006110611061106110611061106110611091
:106f7800611061106110611061106110284afffff3
:106f8800ffffffffffffffffffffffffffffffff09
:106f9800ffffffffffffffff718c611061106110a1
:106fa8006110611061106110611061106110611051
:106fb8006110611061106110611061106110611041
:106fc8006110611061106110611061106110611031
:106fd8006110611061106110611061106110611021
:106fe8006110611061106110611061106110611011
:106ff8006110611061106110611061106110611001
:1070080061106110611061106110611061106110f0
:1070180061106110611061106110611061106110e0
:1070280061106110611061106110611061106110d0
:1070380061106110611061106110611061106110c0
:1070480061106110611061106110611061106110b0
:10705800aa5a719471947194719471947194719401
:107068007194611061106110611061106110c7396d
:107078007194af7baa5a71947194719471947194bc
:107088007194719471948210611061106110611093
:1070980061106110308c7194719471947194719431
:1070a80071947194eb5a719471946529611061100f
:1070b800611061106110518c719471947194719484
:1070c80071947194719471948e73c31861106110e6
:1070d800611061108110eb627194719471947194d4
:1070e800719471947194719471946110611061102c
:1070f8006110611061106110108471947194719421
:107108007194719471947194cb5a611061106110eb
:10711800611061106110a218719471947194719446
:107128007194719471947194494a6110611061105d
:107138006110611061107194719482102c6b7194bc
:107148007194719471947194719471946110611037
:10715800611061100c6371947194719461106110e5
:107168006110611061106110611061107194719467
:10717800308461106110611061106110611061103c
:10718800611061106110611061106110611061106f
:10719800611061106110611061106110611061105f
:1071a800611061106110611061106110611061104f
:1071b800611061106110611061106110611061103f
:1071c800611061106110611061106110611061102f
:1071d800611061106110611061106110611061101f
:1071e800611061106110611061106110611061100f
:1071f80061106110611061106110611061106110ff
:1072080061106110611061106110611061106110ee
:1072180061106110611061106110611061106110de
:1072280061106110611061106110611061106110ce
:1072380061106110611061106110611061106110be
:1072480061106110611061106110611061106110ae
:10725800611061106110611061106110611061109e
:1072680061106110284affffffffffffffffffffcc
:10727800ffffffffffffffffffffffffffffffff16
:10728800718c6110611061106110611061106110e2
:10729800611061106110611061106110611061105e
:1072a800611061106110611061106110611061104e
:1072b800611061106110611061106110611061103e
:1072c800611061106110611061106110611061102e
:1072d800611061106110611061106110611061101e
:1072e800611061106110611061106110611061100e
:1072f80061106110611061106110611061106110fe
:1073080061106110611061106110611061106110ed
:1073180061106110611061106110611061106110dd
:1073280061106110611061106110611061106110cd
:10733800611061106110eb62719471947194ef8324
:107348004d6b3084719471947194c73961106110d8
:10735800611061106110c7397194af7b7194719499
:107368007194308cef7b71947194719471948a52fa
:107378006110611061106110611065317194719430
:107388007194518c6d6b718c71947194719471942a
:107398007194652961106110611061106110719418
:1073a80071947194718c6d6b6d7310847194719478
:1073b8007194ef8361106110611061108a527194a9
:1073c80071947194518c2c630c63719471947194c1
:1073d8007194611061106110611061106110a63123
:1073e800719471947194718cae73cf7b7194719414
:1073f80071948a526110611061106110c218cf7bbc
:10740800719471947194308cae7b518c7194719499
:107418007194aa5261106110611061106110719429
:107428007194eb6271947194ef7beb5aeb5a7194ff
:1074380071947194452961106110611086317194bd
:107448007194719461106110611061106110611084
:107458006110611071947194cb5a611061106110c0
:10746800611061106110611061106110611061108c
:10747800611061106110611061106110611061107c
:10748800611061106110611061106110611061106c
:10749800611061106110611061106110611061105c
:1074a800611061106110611061106110611061104c
:1074b800611061106110611061106110611061103c
:1074c800611061106110611061106110611061102c
:1074d800611061106110611061106110611061101c
:1074e800611061106110611061106110611061100c
:1074f80061106110611061106110611061106110fc
:1075080061106110611061106110611061106110eb
:1075180061106110611061106110611061106110db
:1075280061106110611061106110611061106110cb
:1075380061106110611061106110611061106110bb
:10754800611061106110611061106110284affff1d
:10755800ffffffffffffffffffffffffffffffff33
:10756800ffffffffffffffff718c611061106110cb
:10757800611061106110611061106110611061107b
:10758800611061106110611061106110611061106b
:10759800611061106110611061106110611061105b
:1075a800611061106110611061106110611061104b
:1075b800611061106110611061106110611061103b
:1075c800611061106110611061106110611061102b
:1075d800611061106110611061106110611061101b
:1075e800611061106110611061106110611061100b
:1075f80061106110611061106110611061106110fb
:1076080061106110611061106110611061106110ea
:10761800611061106110611061106110718c7194ba
:107628007194284261106110611061106110cb5a89
:1076380071947194cf7b8210611061106110c73909
:107648007194719471946d6b611061106110611087
:10765800518c719471947194611061106110611072
:10766800eb5a7194719471946110611061106110fa
:10767800e320ef837194719471946529611061100e
:107688006110c3183084719471948e736110611005
:1076980061106110a631518c719471946110611060
:1076a8006110611071947194719485316110611049
:1076b80061106110611071947194cb5a611061105e
:1076c800611061102c6371947194cf7b611061100b
:1076d800611061106110cb5a71947194ae7361108e
:1076e8006110694a71947194718c0842611061103b
:1076f800611061108210719471947194518c6110b1
:107708006110611061107194719471947194611099
:10771800611061106110c318cf7b71947194cb5aba
:107728006110611061108a52719471946110611036
:107738006110611061106110611061107194cf7b4c
:1077480061106110611061106110611061106110a9
:107758006110611061106110611061106110611099
:107768006110611061106110611061106110611089
:107778006110611061106110611061106110611079
:107788006110611061106110611061106110611069
:107798006110611061106110611061106110611059
:1077a8006110611061106110611061106110611049
:1077b8006110611061106110611061106110611039
:1077c8006110611061106110611061106110611029
:1077d8006110611061106110611061106110611019
:1077e8006110611061106110611061106110611009
:1077f80061106110611061106110611061106110f9
:1078080061106110611061106110611061106110e8
:1078180061106110611061106110611061106110d8
:1078280061106110611061106110611061106110c8
:1078380061106110284afffffffffffffffffffff6
:10784800ffffffffffffffffffffffffffffffff40
:10785800718c61106110611061106110611061100c
:107868006110611061106110611061106110611088
:107878006110611061106110611061106110611078
:107888006110611061106110611061106110611068
:107898006110611061106110611061106110611058
:1078a8006110611061106110611061106110611048
:1078b8006110611061106110611061106110611038
:1078c8006110611061106110611061106110611028
:1078d8006110611061106110611061106110611018
:1078e8006110611061106110611061106110611008
:1078f80061106110611061106110611061106110f8
:10790800611061107194719471946110611061102b
:107918006110611061106110e31871947194ae7b6d
:10792800611061106110c7397194719465296110f3
:107938006110611061106110a218718c71947194ba
:107948006110611061106110719471947194494ac9
:10795800611061106110611061106110e74171944c
:1079680071946529611061106110518c7194518c6a
:1079780004216110611061106110611061106110c3
:1079880071947194cb5a6110611061107194719463
:107998007194611061106110611061106110eb5aef
:1079a80071940c638110611061106110719471946d
:1079b80071946110611061106110611061106110a3
:1079c80071947194719461106110719471947194af
:1079d8006110611061106110611061106110c318ad
:1079e80071947194719461106110611061107194b7
:1079f80071947194284a61106110611061106110ce
:107a08006110284a719471946110611061106110bd
:107a180071947194e320611061106110611061101c
:107a28006110694a7194e318611061106110611066
:107a380061106110611061106110611061106110b6
:107a480061106110611061106110611061106110a6
:107a58006110611061106110611061106110611096
:107a68006110611061106110611061106110611086
:107a78006110611061106110611061106110611076
:107a88006110611061106110611061106110611066
:107a98006110611061106110611061106110611056
:107aa8006110611061106110611061106110611046
:107ab8006110611061106110611061106110611036
:107ac8006110611061106110611061106110611026
:107ad8006110611061106110611061106110611016
:107ae8006110611061106110611061106110611006
:107af80061106110611061106110611061106110f6
:107b080061106110611061106110611061106110e5
:107b1800611061106110611061106110284affff47
:107b2800ffffffffffffffffffffffffffffffff5d
:107b3800ffffffffffffffff718c611061106110f5
:107b480061106110611061106110611061106110a5
:107b58006110611061106110611061106110611095
:107b68006110611061106110611061106110611085
:107b78006110611061106110611061106110611075
:107b88006110611061106110611061106110611065
:107b98006110611061106110611061106110611055
:107ba8006110611061106110611061106110611045
:107bb8006110611061106110611061106110611035
:107bc8006110611061106110611061106110611025
:107bd8006110611061106110611061106110611015
:107be80061106110611061106110611071947194dd
:107bf8007194611061106110611061106110611061
:107c08006110719471947194611061106110c73999
:107c180071947194611061106110611061106110ac
:107c28006110ef7b719471946110611061106110a3
:107c380071947194518ca2106110611061106110df
:107c4800611061108110719471946529611061103f
:107c58006110719471940c6361106110611061106e
:107c68006110611061106110518c7194308c821018
:107c780061106110719471947194c218611061104f
:107c8800611061106110c318c31861106110611090
:107c980061106110719471943084611061106110e9
:107ca8006110611061106110719410846d7361101e
:107cb8006110719471947194611061106110611078
:107cc8006110611061106110719471947194611068
:107cd80061106110611071947194108482106110a8
:107ce80061106110611061106110a2187194719493
:107cf800611061106110611071947194694a61108a
:107d080061106110611061106110ef7b7194611056
:107d180061106110611061106110611061106110d3
:107d280061106110611061106110611061106110c3
:107d380061106110611061106110611061106110b3
:107d480061106110611061106110611061106110a3
:107d58006110611061106110611061106110611093
:107d68006110611061106110611061106110611083
:107d78006110611061106110611061106110611073
:107d88006110611061106110611061106110611063
:107d98006110611061106110611061106110611053
:107da8006110611061106110611061106110611043
:107db8006110611061106110611061106110611033
:107dc8006110611061106110611061106110611023
:107dd8006110611061106110611061106110611013
:107de8006110611061106110611061106110611003
:107df80061106110611061106110611061106110f3
:107e080061106110284affffffffffffffffffff20
:107e1800ffffffffffffffffffffffffffffffff6a
:107e2800718c611061106110611061106110611036
:107e380061106110611061106110611061106110b2
:107e480061106110611061106110611061106110a2
:107e58006110611061106110611061106110611092
:107e68006110611061106110611061106110611082
:107e78006110611061106110611061106110611072
:107e88006110611061106110611061106110611062
:107e98006110611061106110611061106110611052
:107ea8006110611061106110611061106110611042
:107eb8006110611061106110611061106110611032
:107ec8006110611061106110611061106110611022
:107ed8006110a210719471948e7361106110611019
:107ee8006110611061106110611071947194719446
:107ef800611061106110c73971947194611061103b
:107f0800611061106110611061104d6b7194719472
:107f1800611061106110611071947194694a611067
:107f2800611061106110611061106110611071942d
:107f38007194652961106110611071947194a21097
:107f480061106110611061106110611061106110a1
:107f5800084271947194084261106110719471948f
:107f6800719471946d6b042161106110611061103e
:107f780061106110611061106110e7417194719492
:107f88000742611061106110611061106110611089
:107f98006110611061106110652971947194719478
:107fa8006110611061106110611061106110611041
:107fb800ef83719471948110611061106110719454
:107fc8007194a6396110611061106110611061101f
:107fd80061106110719471948631611061106110a3
:107fe800eb62719471944529611061106110611000
:107ff800cb5a7194318c611061106110611061105d
:1080080061106110611061106110611061106110e0
:1080180061106110611061106110611061106110d0
:1080280061106110611061106110611061106110c0
:1080380061106110611061106110611061106110b0
:1080480061106110611061106110611061106110a0
:108058006110611061106110611061106110611090
:108068006110611061106110611061106110611080
:108078006110611061106110611061106110611070
:108088006110611061106110611061106110611060
:108098006110611061106110611061106110611050
:1080a8006110611061106110611061106110611040
:1080b8006110611061106110611061106110611030
:1080c8006110611061106110611061106110611020
:1080d8006110611061106110611061106110611010
:1080e800611061106110611061106110284affff72
:1080f800ffffffffffffffffffffffffffffffff88
:10810800ffffffffffffffff718c6110611061101f
:1081180061106110611061106110611061106110cf
:1081280061106110611061106110611061106110bf
:1081380061106110611061106110611061106110af
:10814800611061106110611061106110611061109f
:10815800611061106110611061106110611061108f
:10816800611061106110611061106110611061107f
:10817800611061106110611061106110611061106f
:10818800611061106110611061106110611061105f
:10819800611061106110611061106110611061104f
:1081a800611061106110611061106110611061103f
:1081b800611061106110611061102429719471942b
:1081c800ae7b494a494a494a494a494a494a494a79
:1081d800494a719471947194611061106110c739a2
:1081e80071947194611061106110611061106110d7
:1081f80061104d6b71947194611061106110611080
:1082080071947194c7396110611061106110611027
:108218006110611061107194719465296110611089
:108228006110719471946110611061106110611096
:108238006110611061106110652971947194aa52de
:1082480061106110ae73719471947194719471940a
:10825800ef83a21861106110611061106110611044
:108268006110aa52719471944529611061106110ce
:10827800611061106110611061106110611061106e
:10828800e7417194719471946110611061106110eb
:1082980061106110611061102c6b71947194c31896
:1082a8006110611061107194719404216110611062
:1082b8006110611061106110611061107194719406
:1082c8002842611061106110652971947194cb5a2c
:1082d800611061106110821030847194eb5a611042
:1082e80061106110611061106110611061106110fe
:1082f80061106110611061106110611061106110ee
:1083080061106110611061106110611061106110dd
:1083180061106110611061106110611061106110cd
:1083280061106110611061106110611061106110bd
:1083380061106110611061106110611061106110ad
:10834800611061106110611061106110611061109d
:10835800611061106110611061106110611061108d
:10836800611061106110611061106110611061107d
:10837800611061106110611061106110611061106d
:10838800611061106110611061106110611061105d
:10839800611061106110611061106110611061104d
:1083a800611061106110611061106110611061103d
:1083b800611061106110611061106110611061102d
:1083c800611061106110611061106110611061101d
:1083d80061106110284affffffffffffffffffff4b
:1083e800ffffffffffffffffffffffffffffffff95
:1083f800718c611061106110611061106110611061
:1084080061106110611061106110611061106110dc
:1084180061106110611061106110611061106110cc
:1084280061106110611061106110611061106110bc
:1084380061106110611061106110611061106110ac
:10844800611061106110611061106110611061109c
:10845800611061106110611061106110611061108c
:10846800611061106110611061106110611061107c
:10847800611061106110611061106110611061106c
:10848800611061106110611061106110611061105c
:10849800611061106110611061106110611061104c
:1084a8006110e7417194719471947194719471940d
:1084b800719471947194719471947194719471948c
:1084c800611061106110c739719471946110611065
:1084d800611061106110611061104d6b719471949d
:1084e8006110611061106110719471942421611000
:1084f8006110611061106110611061106110719458
:108508007194652961106110c31871947194611098
:1085180061106110611061106110611061106110cb
:10852800e318719471940c63611061106110c218a2
:108538004d6b719471947194719471947194718c60
:108548006d6b61106110611061102c6b71947194e6
:10855800a21061106110611061106110611061104a
:108568006110611061106110aa5271947194719434
:10857800611061106110611061106110611061106b
:10858800cb5a7194719465296110611061107194ce
:1085980071946110611061106110611061106110b7
:1085a80061106110719471948a52611061106110a8
:1085b8006110694a71947194a631611061102c6b35
:1085c80071947194611061106110611061106110f3
:1085d800611061106110611061106110611061100b
:1085e80061106110611061106110611061106110fb
:1085f80061106110611061106110611061106110eb
:1086080061106110611061106110611061106110da
:1086180061106110611061106110611061106110ca
:1086280061106110611061106110611061106110ba
:1086380061106110611061106110611061106110aa
:10864800611061106110611061106110611061109a
:10865800611061106110611061106110611061108a
:10866800611061106110611061106110611061107a
:10867800611061106110611061106110611061106a
:10868800611061106110611061106110611061105a
:10869800611061106110611061106110611061104a
:1086a800611061106110611061106110611061103a
:1086b8006110611061106110611061106529718c81
:1086c800718c718c718c718c718c718c718c718cba
:1086d800718c718c718c718c8a526110611061106f
:1086e80061106110611061106110611061106110fa
:1086f80061106110611061106110611061106110ea
:1087080061106110611061106110611061106110d9
:1087180061106110611061106110611061106110c9
:1087280061106110611061106110611061106110b9
:1087380061106110611061106110611061106110a9
:108748006110611061106110611061106110611099
:108758006110611061106110611061106110611089
:108768006110611061106110611061106110611079
:108778006110611061106110611061106110611069
:108788006110611061106110611008427194719458
:1087980071947194719471947194719471947194a9
:1087a8007194719471947194611061106110c7395a
:1087b8007194719461106110611061106110611001
:1087c80061104d6b719471946110611061106110aa
:1087d800719471942421611061106110611061100d
:1087e80061106110611071947194652961106110b4
:1087f800e318719471946110611061106110611037
:108808006110611061106110e318719471940c6328
:10881800611061106110611061100c6371947194a2
:1088280071947194719471947194a2106110611093
:1088380061104d6b71947194a210611061106110f8
:108848006110611061106110611061106110611098
:108858008a52719471947194611061106110611061
:108868006110611061106110cb5a719471942429c0
:108878006110611061107194719461106110611040
:108888006110611061106110611061107194719430
:108898008a526110611061106110e318719471942b
:1088a8000c6361106110518c7194719461106110a6
:1088b8006110611061106110611061106110611028
:1088c8006110611061106110611061106110611018
:1088d8006110611061106110611061106110611008
:1088e80061106110611061106110611061106110f8
:1088f80061106110611061106110611061106110e8
:1089080061106110611061106110611061106110d7
:1089180061106110611061106110611061106110c7
:1089280061106110611061106110611061106110b7
:1089380061106110611061106110611061106110a7
:108948006110611061106110611061106110611097
:108958006110611061106110611061106110611087
:108968006110611061106110611061106110611077
:108978006110611061106110611061106110611067
:108988006110611061106110611061106110611057
:108998006110611061106110611061106110611047
:1089a8006110611061106110611061106110611037
:1089b8006110611061106110611061106110611027
:1089c8006110611061106110611061106110611017
:1089d8006110611061106110611061106110611007
:1089e80061106110611061106110611061106110f7
:1089f80061106110611061106110611061106110e7
:108a080061106110611061106110611061106110d6
:108a180061106110611061106110611061106110c6
:108a280061106110611061106110611061106110b6
:108a380061106110611061106110611061106110a6
:108a48006110611061106110611061106110611096
:108a58006110611061106110611061106110611086
:108a68006110611061106110611061106110611076
:108a78006110863171947194694a611061106110b6
:108a88006110611061106110611061106110611056
:108a9800611061106110c73971947194611061108f
:108aa800611061106110611061104d6b71947194c7
:108ab800611061106110611071947194a631611098
:108ac8006110611061106110611061106110719482
:108ad800719465296110611061107194719461102d
:108ae80061106110611061106110611061106110f6
:108af800452971947194cb5a61106110611061100d
:108b08006110611061106110c31810847194719420
:108b180071947194084261106110cb5a71947194e8
:108b280024216110611061106110611061106110e1
:108b38006110611061106110484a719471947194c8
:108b48006110611061106110611061106110611095
:108b58002c6371947194e320611061106110719419
:108b68007194a210611061106110611061106110a0
:108b78006110611071947194284a6110611061103c
:108b88006110611071947194719461106110719405
:108b9800719471946110611061106110611061101d
:108ba8006110611061106110611061106110611035
:108bb8006110611061106110611061106110611025
:108bc8006110611061106110611061106110611015
:108bd8006110611061106110611061106110611005
:108be80061106110611061106110611061106110f5
:108bf80061106110611061106110611061106110e5
:108c080061106110611061106110611061106110d4
:108c180061106110611061106110611061106110c4
:108c280061106110611061106110611061106110b4
:108c380061106110611061106110611061106110a4
:108c48006110611061106110611061106110611094
:108c58006110611061106110611061106110611084
:108c68006110611061106110611061106110611074
:108c78006110611061106110611061106110611064
:108c88006110611061106110611061106110611054
:108c98006110611061106110611061106110611044
:108ca8006110611061106110611061106110611034
:108cb8006110611061106110611061106110611024
:108cc8006110611061106110611061106110611014
:108cd8006110611061106110611061106110611004
:108ce80061106110611061106110611061106110f4
:108cf80061106110611061106110611061106110e4
:108d080061106110611061106110611061106110d3
:108d180061106110611061106110611061106110c3
:108d280061106110611061106110611061106110b3
:108d380061106110611061106110611061106110a3
:108d48006110611061106110611061106110611093
:108d580061106110611061106110042171947194a7
:108d68000c63611061106110611061106110611075
:108d78006110611061106110611061106110c739d4
:108d8800719471946110611061106110611061102b
:108d980061104d6b719471946110611061106110d4
:108da8007194719428426110611061106110611012
:108db80061106110611071947194652961106110de
:108dc80061107194719461106110611061106110eb
:108dd8006110611061106110e73971947194284a2b
:108de80061106110611061106110611061106110f3
:108df800611061106529718c71947194cf7b611039
:108e0800611069527194719486316110611061101a
:108e180061106110611061106110611061106110c2
:108e2800a639719471947194611061106110611088
:108e38006110611061106110ae7b719471948210a1
:108e480061106110611071947194042161106110b6
:108e5800611061106110611061106110719471945a
:108e68008631611061106110611061107194719404
:108e780071946110e3207194719471946110611080
:108e88006110611061106110611061106110611052
:108e98006110611061106110611061106110611042
:108ea8006110611061106110611061106110611032
:108eb8006110611061106110611061106110611022
:108ec8006110611061106110611061106110611012
:108ed8006110611061106110611061106110611002
:108ee80061106110611061106110611061106110f2
:108ef80061106110611061106110611061106110e2
:108f080061106110611061106110611061106110d1
:108f180061106110611061106110611061106110c1
:108f280061106110611061106110611061106110b1
:108f380061106110611061106110611061106110a1
:108f48006110611061106110611061106110611091
:108f58006110611061106110611061106110611081
:108f68006110611061106110611061106110611071
:108f78006110611061106110611061106110611061
:108f88006110611061106110611061106110611051
:108f98006110611061106110611061106110611041
:108fa8006110611061106110611061106110611031
:108fb8006110611061106110611061106110611021
:108fc8006110611061106110611061106110611011
:108fd8006110611061106110611061106110611001
:108fe80061106110611061106110611061106110f1
:108ff80061106110611061106110611061106110e1
:1090080061106110611061106110611061106110d0
:1090180061106110611061106110611061106110c0
:1090280061106110611061106110611061106110b0
:1090380061106110611061106110611061106110a0
:1090480061106110719471947194611061106110d4
:10905800611061106110611061106d6beb5a494a23
:10906800611061106110c7397194719461106110b9
:10907800611061106110611061104d6b71947194f1
:10908800611061106110611071947194308c8110bd
:1090980061106110611061106110611061107194ac
:1090a8007194652961106110611071947194694a15
:1090b8006110611061106110611061106110611020
:1090c80010847194718cc31861106110eb5a8e73ff
:1090d800308c6110611061106110611061106110b5
:1090e8008e7371947194e3186110c318719471941c
:1090f8008e73611061106110611061106110611050
:10910800719471947194a210611071947194719416
:1091180061106110611061106110611061106110bf
:10912800719471947194611061106110611071945f
:1091380071940c636110611061106110611061100d
:109148006110821071947194611061106110611046
:1091580061106110719471947194e7418e737194e8
:1091680071940c63611061106110611061106110dd
:10917800611061106110611061106110611061105f
:10918800611061106110611061106110611061104f
:10919800611061106110611061106110611061103f
:1091a800611061106110611061106110611061102f
:1091b800611061106110611061106110611061101f
:1091c800611061106110611061106110611061100f
:1091d80061106110611061106110611061106110ff
:1091e80061106110611061106110611061106110ef
:1091f80061106110611061106110611061106110df
:1092080061106110611061106110611061106110ce
:1092180061106110611061106110611061106110be
:1092280061106110611061106110611061106110ae
:10923800611061106110611061106110611061109e
:10924800611061106110611061106110611061108e
:10925800611061106110611061106110611061107e
:10926800611061106110611061106110611061106e
:10927800611061106110611061106110611061105e
:10928800611061106110611061106110611061104e
:10929800611061106110611061106110611061103e
:1092a800611061106110611061106110611061102e
:1092b800611061106110611061106110611061101e
:1092c800611061106110611061106110611061100e
:1092d80061106110611061106110611061106110fe
:1092e80061106110611061106110611061106110ee
:1092f80061106110611061106110611061106110de
:1093080061106110611061106110611061106110cd
:1093180061106110611061106110611061106110bd
:109328006110611061106110611061107194719485
:109338007194611061106110611061106110611009
:109348006110719471947194611061106110c73942
:109358007194719461106110611061106110611055
:1093680061104d6b719471946110611061106110fe
:10937800719471947194e7416110611061106110ea
:1093880061106110a21871947194652961106110bf
:10939800611071947194ef838210611061106110f3
:1093a8006110611061106110719471946e73611095
:1093b8006110611071947194719461106110611061
:1093c80061106110611061100c6371947194e3185d
:1093d8006110611071947194718c61106110611049
:1093e8006110611061106110719471947194611031
:1093f8006110719471947194611061106110611021
:109408006110611061106110719471947194611010
:1094180061106110611071947194518cc2186110bf
:1094280061106110611061106110084271947194ab
:10943800611061106110611061106110cf7b71942f
:1094480071942c6b718c71947194863161106110d8
:10945800611061106110611061106110611061107c
:10946800611061106110611061106110611061106c
:10947800611061106110611061106110611061105c
:10948800611061106110611061106110611061104c
:10949800611061106110611061106110611061103c
:1094a800611061106110611061106110611061102c
:1094b800611061106110611061106110611061101c
:1094c800611061106110611061106110611061100c
:1094d80061106110611061106110611061106110fc
:1094e80061106110611061106110611061106110ec
:1094f80061106110611061106110611061106110dc
:1095080061106110611061106110611061106110cb
:1095180061106110611061106110611061106110bb
:1095280061106110611061106110611061106110ab
:10953800611061106110611061106110611061109b
:10954800611061106110611061106110611061108b
:10955800611061106110611061106110611061107b
:10956800611061106110611061106110611061106b
:10957800611061106110611061106110611061105b
:10958800611061106110611061106110611061104b
:10959800611061106110611061106110611061103b
:1095a800611061106110611061106110611061102b
:1095b800611061106110611061106110611061101b
:1095c800611061106110611061106110611061100b
:1095d80061106110611061106110611061106110fb
:1095e80061106110611061106110611061106110eb
:1095f80061106110611061106110611061106110db
:1096080061106110611061106110611061106110ca
:109618006110611071947194719445296110611001
:1096280061106110611003211084719471940c63ae
:10963800611061106110c7397194719461106110e3
:10964800611061106110611061104d6b719471941b
:1096580061106110611061102c63719471947194a0
:1096680061106110611061106110e739718c71949b
:109678007194652961106110611065297194719464
:10968800718c08426110611061106110a2106d6b3d
:1096980071947194821061106110611071947194c9
:1096a8007194e73961106110611061106110c73958
:1096b800719471940c63611061106110108471943d
:1096c8007194284261106110611061106110452980
:1096d80071947194308c611061104d6b7194719418
:1096e800cf7bc31861106110611061106110518c3b
:1096f800719471947194611061106110611071948a
:1097080071947194719461106110611061108210ec
:109718006d6b71947194cb5a611061106110611076
:1097280061106110c318518c719471947194719483
:109738008a5261106110611061106110611061102e
:109748006110611061106110611061106110611089
:109758006110611061106110611061106110611079
:109768006110611061106110611061106110611069
:109778006110611061106110611061106110611059
:109788006110611061106110611061106110611049
:109798006110611061106110611061106110611039
:1097a8006110611061106110611061106110611029
:1097b8006110611061106110611061106110611019
:1097c8006110611061106110611061106110611009
:1097d80061106110611061106110611061106110f9
:1097e80061106110611061106110611061106110e9
:1097f80061106110611061106110611061106110d9
:1098080061106110611061106110611061106110c8
:1098180061106110611061106110611061106110b8
:1098280061106110611061106110611061106110a8
:109838006110611061106110611061106110611098
:109848006110611061106110611061106110611088
:109858006110611061106110611061106110611078
:109868006110611061106110611061106110611068
:109878006110611061106110611061106110611058
:109888006110611061106110611061106110611048
:109898006110611061106110611061106110611038
:1098a8006110611061106110611061106110611028
:1098b8006110611061106110611061106110611018
:1098c8006110611061106110611061106110611008
:1098d80061106110611061106110611061106110f8
:1098e80061106110611061106110611061106110e8
:1098f80061106110611061106110611061104529db
:109908003084719471947194719471947194719478
:109918007194084261106110611061106110c739bb
:10992800719471946110611061106110611061107f
:1099380061104d6b71947194611061106110611028
:1099480061106110518c7194719471947194719437
:1099580071947194518c719471946529611061109e
:109968006110611061107194719471947194719483
:109978007194719471947194718c494a6110611059
:1099880061106110e3201084719471947194719442
:109998007194719471947194719482106110611032
:1099a80061106110611061107194719471947194d7
:1099b80071947194719471946d7382106110611037
:1099c800611061106110a631719471947194719451
:1099d8007194719471947194cf7be320611061103c
:1099e800611061106110719471940c63518c7194c1
:1099f800719471947194719471947194611061105f
:109a080061106110611061106110611061108110a6
:109a18001084719471940842611061106110611092
:109a280061106110611061106110611061106110a6
:109a38006110611061106110611061106110611096
:109a48006110611061106110611061106110611086
:109a58006110611061106110611061106110611076
:109a68006110611061106110611061106110611066
:109a78006110611061106110611061106110611056
:109a88006110611061106110611061106110611046
:109a98006110611061106110611061106110611036
:109aa8006110611061106110611061106110611026
:109ab8006110611061106110611061106110611016
:109ac8006110611061106110611061106110611006
:109ad80061106110611061106110611061106110f6
:109ae80061106110611061106110611061106110e6
:109af80061106110611061106110611061106110d6
:109b080061106110611061106110611061106110c5
:109b180061106110611061106110611061106110b5
:109b280061106110611061106110611061106110a5
:109b38006110611061106110611061106110611095
:109b48006110611061106110611061106110611085
:109b58006110611061106110611061106110611075
:109b68006110611061106110611061106110611065
:109b78006110611061106110611061106110611055
:109b88006110611061106110611061106110611045
:109b98006110611061106110611061106110611035
:109ba8006110611061106110611061106110611025
:109bb8006110611061106110611061106110611015
:109bc8006110611061106110611061106110611005
:109bd80061106110611061106110611061106110f5
:109be800611061106110611061102c6b518c7194bf
:109bf800719471947194cf7b084261106110611067
:109c0800611061106110c6393084308461106110b0
:109c1800611061106110611061100c633084308430
:109c28006110611061106110611061106110821083
:109c38007194719471947194cb5ac21861103084e4
:109c48003084452961106110611061106110611044
:109c5800e320cb5a71947194719471944d6ba63131
:109c68006110611061106110611061106110611064
:109c780061104d6b71947194719471947194cb5a75
:109c8800e3186110611061106110611061106110ba
:109c980061108a52719471947194719471940c63e7
:109ca8006110611061106110611061106110611024
:109cb800c7396d7371947194719471943084e320f1
:109cc8006110611061106110611061106110719470
:109cd8007194c7396110518c719471947194ae73f9
:109ce800e739811061106110611061106110611015
:109cf80061106110611061102421719471946110d8
:109d080061106110611061106110611061106110c3
:109d180061106110611061106110611061106110b3
:109d280061106110611061106110611061106110a3
:109d38006110611061106110611061106110611093
:109d48006110611061106110611061106110611083
:109d58006110611061106110611061106110611073
:109d68006110611061106110611061106110611063
:109d78006110611061106110611061106110611053
:109d88006110611061106110611061106110611043
:109d98006110611061106110611061106110611033
:109da8006110611061106110611061106110611023
:109db8006110611061106110611061106110611013
:109dc8006110611061106110611061106110611003
:109dd80061106110611061106110611061106110f3
:109de80061106110611061106110611061106110e3
:109df80061106110611061106110611061106110d3
:109e080061106110611061106110611061106110c2
:109e180061106110611061106110611061106110b2
:109e280061106110611061106110611061106110a2
:109e38006110611061106110611061106110611092
:109e48006110611061106110611061106110611082
:109e58006110611061106110611061106110611072
:109e68006110611061106110611061106110611062
:109e78006110611061106110611061106110611052
:109e88006110611061106110611061106110611042
:109e98006110611061106110611061106110611032
:109ea8006110611061106110611061106110611022
:109eb8006110611061106110611061106110611012
:109ec8006110611061106110611061106110611002
:109ed8006110611082102842494a28428531611078
:109ee80061106110611061106110611061106110e2
:109ef80061106110611061106110611061106110d2
:109f080061106110611061106110611061106110c1
:109f18006110611061106110452908428a52a63902
:109f280061106110611061106110611061106110a1
:109f3800611061106110611061106110e7418a526f
:109f48008a5228426110611061106110611061101d
:109f58006110611061106110611061106529494a32
:109f68008a52c739042161106110611061106110b3
:109f78006110611061106110611061100421e741e6
:109f8800494a2842863161106110611061106110e0
:109f98006110611061106110611061108631284aea
:109fa800494ae73961106110611061106110611050
:109fb80061106110611071947194c7396110a21811
:109fc800c739494a694a611061106110611061100e
:109fd80061106110611061106110611061106110f1
:109fe80024217194719461106110611061106110e5
:109ff80061106110611061106110611061106110d1
:10a0080061106110611061106110611061106110c0
:10a0180061106110611061106110611061106110b0
:10a0280061106110611061106110611061106110a0
:10a038006110611061106110611061106110611090
:10a048006110611061106110611061106110611080
:10a058006110611061106110611061106110611070
:10a068006110611061106110611061106110611060
:10a078006110611061106110611061106110611050
:10a088006110611061106110611061106110611040
:10a098006110611061106110611061106110611030
:10a0a8006110611061106110611061106110611020
:10a0b8006110611061106110611061106110611010
:10a0c8006110611061106110611061106110611000
:10a0d80061106110611061106110611061106110f0
:10a0e80061106110611061106110611061106110e0
:10a0f80061106110611061106110611061106110d0
:10a1080061106110611061106110611061106110bf
:10a1180061106110611061106110611061106110af
:10a12800611061106110611061106110611061109f
:10a13800611061106110611061106110611061108f
:10a14800611061106110611061106110611061107f
:10a15800611061106110611061106110611061106f
:10a16800611061106110611061106110611061105f
:10a17800611061106110611061106110611061104f
:10a18800611061106110611061106110611061103f
:10a19800611061106110611061106110611061102f
:10a1a800611061106110611061106110611061101f
:10a1b800611061106110611061106110611061100f
:10a1c80061106110611061106110611061106110ff
:10a1d80061106110611061106110611061106110ef
:10a1e80061106110611061106110611061106110df
:10a1f80061106110611061106110611061106110cf
:10a2080061106110611061106110611061106110be
:10a2180061106110611061106110611061106110ae
:10a22800611061106110611061106110611061109e
:10a23800611061106110611061106110611061108e
:10a24800611061106110611061106110611061107e
:10a25800611061106110611061106110611061106e
:10a26800611061106110611061106110611061105e
:10a27800611061106110611061106110611061104e
:10a28800611061106110611061106110611061103e
:10a29800611061106110611061106110611071949a
:10a2a8007194c739611061106110611061106110fb
:10a2b800611061106110611061106110611061100e
:10a2c8006110611061108110ef837194aa526110be
:10a2d80061106110611061106110611061106110ee
:10a2e80061106110611061106110611061106110de
:10a2f80061106110611061106110611061106110ce
:10a3080061106110611061106110611061106110bd
:10a3180061106110611061106110611061106110ad
:10a32800611061106110611061106110611061109d
:10a33800611061106110611061106110611061108d
:10a34800611061106110611061106110611061107d
:10a35800611061106110611061106110611061106d
:10a36800611061106110611061106110611061105d
:10a37800611061106110611061106110611061104d
:10a38800611061106110611061106110611061103d
:10a39800611061106110611061106110611061102d
:10a3a800611061106110611061106110611061101d
:10a3b800611061106110611061106110611061100d
:10a3c80061106110611061106110611061106110fd
:10a3d80061106110611061106110611061106110ed
:10a3e80061106110611061106110611061106110dd
:10a3f80061106110611061106110611061106110cd
:10a4080061106110611061106110611061106110bc
:10a4180061106110611061106110611061106110ac
:10a42800611061106110611061106110611061109c
:10a43800611061106110611061106110611061108c
:10a44800611061106110611061106110611061107c
:10a45800611061106110611061106110611061106c
:10a46800611061106110611061106110611061105c
:10a47800611061106110611061106110611061104c
:10a48800611061106110611061106110611061103c
:10a49800611061106110611061106110611061102c
:10a4a800611061106110611061106110611061101c
:10a4b800611061106110611061106110611061100c
:10a4c80061106110611061106110611061106110fc
:10a4d80061106110611061106110611061106110ec
:10a4e80061106110611061106110611061106110dc
:10a4f80061106110611061106110611061106110cc
:10a5080061106110611061106110611061106110bb
:10a5180061106110611061106110611061106110ab
:10a52800611061106110611061106110611061109b
:10a53800611061106110611061106110611061108b
:10a54800611061106110611061106110611061107b
:10a55800611061106110611061106110611061106b
:10a56800611061106110611061106110611061105b
:10a57800611061106110611061106110611061104b
:10a5880061106110611071947194c7396110611084
:10a59800611061106110611061106110611061102b
:10a5a80061106110611061106110611061108631d5
:10a5b800719471940421611061106110611061102f
:10a5c80061106110611061106110611061106110fb
:10a5d80061106110611061106110611061106110eb
:10a5e80061106110611061106110611061106110db
:10a5f80061106110611061106110611061106110cb
:10a6080061106110611061106110611061106110ba
:10a6180061106110611061106110611061106110aa
:10a62800611061106110611061106110611061109a
:10a63800611061106110611061106110611061108a
:10a64800611061106110611061106110611061107a
:10a65800611061106110611061106110611061106a
:10a66800611061106110611061106110611061105a
:10a67800611061106110611061106110611061104a
:10a68800611061106110611061106110611061103a
:10a69800611061106110611061106110611061102a
:10a6a800611061106110611061106110611061101a
:10a6b800611061106110611061106110611061100a
:10a6c80061106110611061106110611061106110fa
:10a6d80061106110611061106110611061106110ea
:10a6e80061106110611061106110611061106110da
:10a6f80061106110611061106110611061106110ca
:10a7080061106110611061106110611061106110b9
:10a7180061106110611061106110611061106110a9
:10a728006110611061106110611061106110611099
:10a738006110611061106110611061106110611089
:10a748006110611061106110611061106110611079
:10a758006110611061106110611061106110611069
:10a768006110611061106110611061106110611059
:10a778006110611061106110611061106110611049
:10a788006110611061106110611061106110611039
:10a798006110611061106110611061106110611029
:10a7a8006110611061106110611061106110611019
:10a7b8006110611061106110611061106110611009
:10a7c80061106110611061106110611061106110f9
:10a7d80061106110611061106110611061106110e9
:10a7e80061106110611061106110611061106110d9
:10a7f80061106110611061106110611061106110c9
:10a8080061106110611061106110611061106110b8
:10a8180061106110611061106110611061106110a8
:10a828006110611061106110611061106110611098
:10a838006110611061106110611061106110611088
:10a848006110611061106110611061106110611078
:10a858006110611061106110611061106110611068
:10a8680061106110611061106110611061107194c4
:10a878007194c73961106110611061106110611025
:10a888006110611061106110611061106110611038
:10a8980061106110aa5271947194719461106110e1
:10a8a8006110611061106110611061106110611018
:10a8b8006110611061106110611061106110611008
:10a8c80061106110611061106110611061106110f8
:10a8d80061106110611061106110611061106110e8
:10a8e80061106110611061106110611061106110d8
:10a8f80061106110611061106110611061106110c8
:10a9080061106110611061106110611061106110b7
:10a9180061106110611061106110611061106110a7
:10a928006110611061106110611061106110611097
:10a938006110611061106110611061106110611087
:10a948006110611061106110611061106110611077
:10a958006110611061106110611061106110611067
:10a968006110611061106110611061106110611057
:10a978006110611061106110611061106110611047
:10a988006110611061106110611061106110611037
:10a998006110611061106110611061106110611027
:10a9a8006110611061106110611061106110611017
:10a9b8006110611061106110611061106110611007
:10a9c80061106110611061106110611061106110f7
:10a9d80061106110611061106110611061106110e7
:10a9e80061106110611061106110611061106110d7
:10a9f80061106110611061106110611061106110c7
:10aa080061106110611061106110611061106110b6
:10aa180061106110611061106110611061106110a6
:10aa28006110611061106110611061106110611096
:10aa38006110611061106110611061106110611086
:10aa48006110611061106110611061106110611076
:10aa58006110611061106110611061106110611066
:10aa68006110611061106110611061106110611056
:10aa78006110611061106110611061106110611046
:10aa88006110611061106110611061106110611036
:10aa98006110611061106110611061106110611026
:10aaa8006110611061106110611061106110611016
:10aab8006110611061106110611061106110611006
:10aac80061106110611061106110611061106110f6
:10aad80061106110611061106110611061106110e6
:10aae80061106110611061106110611061106110d6
:10aaf80061106110611061106110611061106110c6
:10ab080061106110611061106110611061106110b5
:10ab180061106110611061106110611061106110a5
:10ab28006110611061106110611061106110611095
:10ab38006110611061106110611061106110611085
:10ab48006110611061106110611061106110611075
:10ab580061106110611071947194c73961106110ae
:10ab68006110611061106110611061106110611055
:10ab7800611061106110a631084208427194719405
:10ab880071948e7361106110611061106110611011
:10ab98006110611061106110611061106110611025
:10aba8006110611061106110611061106110611015
:10abb8006110611061106110611061106110611005
:10abc80061106110611061106110611061106110f5
:10abd80061106110611061106110611061106110e5
:10abe80061106110611061106110611061106110d5
:10abf80061106110611061106110611061106110c5
:10ac080061106110611061106110611061106110b4
:10ac180061106110611061106110611061106110a4
:10ac28006110611061106110611061106110611094
:10ac38006110611061106110611061106110611084
:10ac48006110611061106110611061106110611074
:10ac58006110611061106110611061106110611064
:10ac68006110611061106110611061106110611054
:10ac78006110611061106110611061106110611044
:10ac88006110611061106110611061106110611034
:10ac98006110611061106110611061106110611024
:10aca8006110611061106110611061106110611014
:10acb8006110611061106110611061106110611004
:10acc80061106110611061106110611061106110f4
:10acd80061106110611061106110611061106110e4
:10ace80061106110611061106110611061106110d4
:10acf80061106110611061106110611061106110c4
:10ad080061106110611061106110611061106110b3
:10ad180061106110611061106110611061106110a3
:10ad28006110611061106110611061106110611093
:10ad38006110611061106110611061106110611083
:10ad48006110611061106110611061106110611073
:10ad58006110611061106110611061106110611063
:10ad68006110611061106110611061106110611053
:10ad78006110611061106110611061106110611043
:10ad88006110611061106110611061106110611033
:10ad98006110611061106110611061106110611023
:10ada8006110611061106110611061106110611013
:10adb8006110611061106110611061106110611003
:10adc80061106110611061106110611061106110f3
:10add80061106110611061106110611061106110e3
:10ade80061106110611061106110611061106110d3
:10adf80061106110611061106110611061106110c3
:10ae080061106110611061106110611061106110b2
:10ae180061106110611061106110611061106110a2
:10ae28006110611061106110611061106110611092
:10ae380061106110611061106110611061107194ee
:10ae48007194c7396110611061106110611061104f
:10ae58006110611061106110611061106110452965
:10ae6800719471947194719471946110611061106e
:10ae78006110611061106110611061106110611042
:10ae88006110611061106110611061106110611032
:10ae98006110611061106110611061106110611022
:10aea8006110611061106110611061106110611012
:10aeb8006110611061106110611061106110611002
:10aec80061106110611061106110611061106110f2
:10aed80061106110611061106110611061106110e2
:10aee80061106110611061106110611061106110d2
:10aef80061106110611061106110611061106110c2
:10af080061106110611061106110611061106110b1
:10af180061106110611061106110611061106110a1
:10af28006110611061106110611061106110611091
:10af38006110611061106110611061106110611081
:10af48006110611061106110611061106110611071
:10af58006110611061106110611061106110611061
:10af68006110611061106110611061106110611051
:10af78006110611061106110611061106110611041
:10af88006110611061106110611061106110611031
:10af98006110611061106110611061106110611021
:10afa8006110611061106110611061106110611011
:10afb8006110611061106110611061106110611001
:10afc80061106110611061106110611061106110f1
:10afd80061106110611061106110611061106110e1
:10afe80061106110611061106110611061106110d1
:10aff80061106110611061106110611061106110c1
:10b0080061106110611061106110611061106110b0
:10b0180061106110611061106110611061106110a0
:10b028006110611061106110611061106110611090
:10b038006110611061106110611061106110611080
:10b048006110611061106110611061106110611070
:10b058006110611061106110611061106110611060
:10b068006110611061106110611061106110611050
:10b078006110611061106110611061106110611040
:10b088006110611061106110611061106110611030
:10b098006110611061106110611061106110611020
:10b0a8006110611061106110611061106110611010
:10b0b8006110611061106110611061106110611000
:10b0c80061106110611061106110611061106110f0
:10b0d80061106110611061106110611061106110e0
:10b0e80061106110611061106110611061106110d0
:10b0f80061106110611061106110611061106110c0
:10b1080061106110611061106110611061106110af
:10b11800611061106110611061106110611061109f
:10b1280061106110611071947194c73961106110d8
:10b13800611061106110611061106110611061107f
:10b14800611061106110c318719471947194718cbd
:10b158006952611061106110611061106110611015
:10b16800611061106110611061106110611061104f
:10b17800611061106110611061106110611061103f
:10b18800611061106110611061106110611061102f
:10b19800611061106110611061106110611061101f
:10b1a800611061106110611061106110611061100f
:10b1b80061106110611061106110611061106110ff
:10b1c80061106110611061106110611061106110ef
:10b1d80061106110611061106110611061106110df
:10b1e80061106110611061106110611061106110cf
:10b1f80061106110611061106110611061106110bf
:10b2080061106110611061106110611061106110ae
:10b21800611061106110611061106110611061109e
:10b22800611061106110611061106110611061108e
:10b23800611061106110611061106110611061107e
:10b24800611061106110611061106110611061106e
:10b25800611061106110611061106110611061105e
:10b26800611061106110611061106110611061104e
:10b27800611061106110611061106110611061103e
:10b28800611061106110611061106110611061102e
:10b29800611061106110611061106110611061101e
:10b2a800611061106110611061106110611061100e
:10b2b80061106110611061106110611061106110fe
:10b2c80061106110611061106110611061106110ee
:10b2d80061106110611061106110611061106110de
:10b2e80061106110611061106110611061106110ce
:10b2f80061106110611061106110611061106110be
:10b3080061106110611061106110611061106110ad
:10b31800611061106110611061106110611061109d
:10b32800611061106110611061106110611061108d
:10b33800611061106110611061106110611061107d
:10b34800611061106110611061106110611061106d
:10b35800611061106110611061106110611061105d
:10b36800611061106110611061106110611061104d
:10b37800611061106110611061106110611061103d
:10b38800611061106110611061106110611061102d
:10b39800611061106110611061106110611061101d
:10b3a800611061106110611061106110611061100d
:10b3b80061106110611061106110611061106110fd
:10b3c80061106110611061106110611061106110ed
:10b3d80061106110611061106110611061106110dd
:10b3e80061106110611061106110611061106110cd
:10b3f80061106110611061106110611061106110bd
:10b4080061106110611061106110611061106110ac
:10b41800611061106110611061106110611061109c
:10b42800611061106110611061106110611061108c
:10b438006110a2106110611061106110611061103b
:10b44800611061106110611061106110611061106c
:10b45800611061106110611061106110611061105c
:10b46800611061106110611061106110611061104c
:10b47800611061106110611061106110611061103c
:10b48800611061106110611061106110611061102c
:10b49800611061106110611061106110611061101c
:10b4a800611061106110611061106110611061100c
:10b4b80061106110611061106110611061106110fc
:10b4c80061106110611061106110611061106110ec
:10b4d80061106110611061106110611061106110dc
:10b4e80061106110611061106110611061106110cc
:10b4f80061106110611061106110611061106110bc
:10b5080061106110611061106110611061106110ab
:10b51800611061106110611061106110611061109b
:10b52800611061106110611061106110611061108b
:10b53800611061106110611061106110611061107b
:10b54800611061106110611061106110611061106b
:10b55800611061106110611061106110611061105b
:10b56800611061106110611061106110611061104b
:10b57800611061106110611061106110611061103b
:10b58800611061106110611061106110611061102b
:10b59800611061106110611061106110611061101b
:10b5a800611061106110611061106110611061100b
:10b5b80061106110611061106110611061106110fb
:10b5c80061106110611061106110611061106110eb
:10b5d80061106110611061106110611061106110db
:10b5e80061106110611061106110611061106110cb
:10b5f80061106110611061106110611061106110bb
:10b6080061106110611061106110611061106110aa
:10b61800611061106110611061106110611061109a
:10b62800611061106110611061106110611061108a
:10b63800611061106110611061106110611061107a
:10b64800611061106110611061106110611061106a
:10b65800611061106110611061106110611061105a
:10b66800611061106110611061106110611061104a
:10b67800611061106110611061106110611061103a
:10b68800611061106110611061106110611061102a
:10b69800611061106110611061106110611061101a
:10b6a800611061106110611061106110611061100a
:10b6b80061106110611061106110611061106110fa
:10b6c80061106110611061106110611061106110ea
:10b6d80061106110611061106110611061106110da
:10b6e80061106110611061106110611061106110ca
:10b6f80061106110611061106110611061106110ba
:10b7080061106110611061106110611061106110a9
:10b718006110611061106110611061106110611099
:10b728006110611061106110611061106110611089
:10b738006110611061106110611061106110611079
:10b748006110611061106110611061106110611069
:10b758006110611061106110611061106110611059
:10b768006110611061106110611061106110611049
:10b778006110611061106110611061106110611039
:10b788006110611061106110611061106110611029
:10b798006110611061106110611061106110611019
:10b7a8006110611061106110611061106110611009
:10b7b80061106110611061106110611061106110f9
:10b7c80061106110611061106110611061106110e9
:10b7d80061106110611061106110611061106110d9
:10b7e80061106110611061106110611061106110c9
:10b7f80061106110611061106110611061106110b9
:10b8080061106110611061106110611061106110a8
:10b818006110611061106110611061106110611098
:10b828006110611061106110611061106110611088
:10b838006110611061106110611061106110611078
:10b848006110611061106110611061106110611068
:10b858006110611061106110611061106110611058
:10b868006110611061106110611061106110611048
:10b878006110611061106110611061106110611038
:10b888006110611061106110611061106110611028
:10b898006110611061106110611061106110611018
:10b8a8006110611061106110611061106110611008
:10b8b80061106110611061106110611061106110f8
:10b8c80061106110611061106110611061106110e8
:10b8d80061106110611061106110611061106110d8
:10b8e80061106110611061106110611061106110c8
:10b8f80061106110611061106110611061106110b8
:10b9080061106110611061106110611061106110a7
:10b918006110611061106110611061106110611097
:10b928006110611061106110611061106110611087
:10b938006110611061106110611061106110611077
:10b948006110611061106110611061106110611067
:10b958006110611061106110611061106110611057
:10b968006110611061106110611061106110611047
:10b978006110611061106110611061106110611037
:10b988006110611061106110611061106110611027
:10b998006110611061106110611061106110611017
:10b9a8006110611061106110611061106110611007
:10b9b80061106110611061106110611061106110f7
:10b9c80061106110611061106110611061106110e7
:10b9d80061106110611061106110611061106110d7
:10b9e80061106110611061106110611061106110c7
:10b9f80061106110611061106110611061106110b7
:10ba080061106110611061106110611061106110a6
:10ba18006110611061106110611061106110611096
:10ba28006110611061106110611061106110611086
:10ba38006110611061106110611061106110611076
:10ba48006110611061106110611061106110611066
:10ba58006110611061106110611061106110611056
:10ba68006110611061106110611061106110611046
:10ba78006110611061106110611061106110611036
:10ba88006110611061106110611061106110611026
:10ba98006110611061106110611061106110611016
:10baa8006110611061106110611061106110611006
:10bab80061106110611061106110611061106110f6
:10bac80061106110611061106110611061106110e6
:10bad80061106110611061106110611061106110d6
:10bae80061106110611061106110611061106110c6
:10baf80061106110611061106110611061106110b6
:10bb080061106110611061106110611061106110a5
:10bb18006110611061106110611061106110611095
:10bb28006110611061106110611061106110611085
:10bb38006110611061106110611061106110611075
:10bb48006110611061106110611061106110611065
:10bb58006110611061106110611061106110611055
:10bb68006110611061106110611061106110611045
:10bb78006110611061106110611061106110611035
:10bb88006110611061106110611061106110611025
:10bb98006110611061106110611061106110611015
:10bba8006110611061106110611061106110611005
:10bbb80061106110611061106110611061106110f5
:10bbc80061106110611061106110611061106110e5
:10bbd80061106110611061106110611061106110d5
:10bbe80061106110611061106110611061106110c5
:10bbf80061106110611061106110611061106110b5
:10bc080061106110611061106110611061106110a4
:10bc18006110611061106110611061106110611094
:10bc28006110611061106110611061106110611084
:10bc38006110611061106110611061106110611074
:10bc48006110611061106110611061106110611064
:10bc58006110611061106110611061106110611054
:10bc68006110611061106110611061106110611044
:10bc78006110611061106110611061106110611034
:10bc88006110611061106110611061106110611024
:10bc98006110611061106110611061106110611014
:10bca8006110611061106110611061106110611004
:10bcb80061106110611061106110611061106110f4
:10bcc80061106110611061106110611061106110e4
:10bcd80061106110611061106110611061106110d4
:10bce80061106110611061106110611061106110c4
:10bcf80061106110611061106110611061106110b4
:10bd080061106110611061106110611061106110a3
:10bd18006110611061106110611061106110611093
:10bd28006110611061106110611061106110611083
:10bd38006110611061106110611061106110611073
:10bd48006110611061106110611061106110611063
:10bd58006110611061106110611061106110611053
:10bd68006110611061106110611061106110611043
:10bd78006110611061106110611061106110611033
:10bd88006110611061106110611061106110611023
:10bd98006110611061106110611061106110611013
:10bda8006110611061106110611061106110611003
:10bdb80061106110611061106110611061106110f3
:10bdc80061106110611061106110611061106110e3
:10bdd80061106110611061106110611061106110d3
:10bde80061106110611061106110611061106110c3
:10bdf80061106110611061106110611061106110b3
:10be080061106110611061106110611061106110a2
:10be18006110611061106110611061106110611092
:10be28006110611061106110611061106110611082
:10be38006110611061106110611061106110611072
:10be48006110611061106110611061106110611062
:10be58006110611061106110611061106110611052
:10be68006110611061106110611061106110611042
:10be78006110611061106110611061106110611032
:10be88006110611061106110611061106110611022
:10be98006110611061106110611061106110611012
:10bea8006110611061106110611061106110611002
:10beb80061106110611061106110611061106110f2
:10bec80061106110611061106110611061106110e2
:10bed80061106110611061106110611061106110d2
:10bee80061106110611061106110611061106110c2
:10bef80061106110611061106110611061106110b2
:10bf080061106110611061106110611061106110a1
:10bf18006110611061106110611061106110611091
:10bf28006110611061106110611061106110611081
:10bf38006110611061106110611061106110611071
:10bf48006110611061106110611061106110611061
:10bf58006110611061106110611061106110611051
:10bf68006110611061106110611061106110611041
:10bf78006110611061106110611061106110611031
:10bf88006110611061106110611061106110611021
:10bf98006110611061106110611061106110611011
:10bfa8006110611061106110611061106110611001
:10bfb80061106110611061106110611061106110f1
:10bfc80061106110611061106110611061106110e1
:10bfd80061106110611061106110611061106110d1
:10bfe80061106110611061106110611061106110c1
:10bff80061106110611061106110611061106110b1
:10c0080061106110611061106110611061106110a0
:10c018006110611061106110611061106110611090
:10c028006110611061106110611061106110611080
:10c038006110611061106110611061106110611070
:10c048006110611061106110611061106110611060
:10c058006110611061106110611061106110611050
:10c068006110611061106110611061106110611040
:10c078006110611061106110611061106110611030
:10c088006110611061106110611061106110611020
:10c098006110611061106110611061106110611010
:10c0a8006110611061106110611061106110611000
:10c0b80061106110611061106110611061106110f0
:10c0c80061106110611061106110611061106110e0
:10c0d80061106110611061106110611061106110d0
:10c0e80061106110611061106110611061106110c0
:10c0f80061106110611061106110611061106110b0
:10c10800611061106110611061106110611061109f
:10c11800611061106110611061106110611061108f
:10c12800611061106110611061106110611061107f
:10c13800611061106110611061106110611061106f
:10c14800611061106110611061106110611061105f
:10c15800611061106110611061106110611061104f
:10c16800611061106110611061106110611061103f
:10c17800611061106110611061106110611061102f
:10c18800611061106110611061106110611061101f
:10c19800611061106110611061106110611061100f
:10c1a80061106110611061106110611061106110ff
:10c1b80061106110611061106110611061106110ef
:10c1c80061106110611061106110611061106110df
:10c1d80061106110611061106110611061106110cf
:10c1e80061106110611061106110611061106110bf
:10c1f80061106110611061106110611061106110af
:10c20800611061106110611061106110611061109e
:10c21800611061106110611061106110611061108e
:10c22800611061106110611061106110611061107e
:10c23800611061106110611061106110611061106e
:10c24800611061106110611061106110611061105e
:10c25800611061106110611061106110611061104e
:10c26800611061106110611061106110611061103e
:10c27800611061106110611061106110611061102e
:10c28800611061106110611061106110611061101e
:10c29800611061106110611061106110611061100e
:10c2a80061106110611061106110611061106110fe
:10c2b80061106110611061106110611061106110ee
:10c2c80061106110611061106110611061106110de
:10c2d80061106110611061106110611061106110ce
:10c2e80061106110611061106110611061106110be
:10c2f80061106110611061106110611061106110ae
:10c30800611061106110611061106110611061109d
:10c31800611061106110611061106110611061108d
:10c32800611061106110611061106110611061107d
:10c33800611061106110611061106110611061106d
:10c34800611061106110611061106110611061105d
:10c35800611061106110611061106110611061104d
:10c36800611061106110611061106110611061103d
:10c37800611061106110611061106110611061102d
:10c38800611061106110611061106110611061101d
:10c39800611061106110611061106110611061100d
:10c3a80061106110611061106110611061106110fd
:10c3b80061106110611061106110611061106110ed
:10c3c80061106110611061106110611061106110dd
:10c3d80061106110611061106110611061106110cd
:10c3e80061106110611061106110611061106110bd
:10c3f80061106110611061106110611061106110ad
:10c40800611061106110611061106110611061109c
:10c41800611061106110611061106110611061108c
:10c42800611061106110611061106110611061107c
:10c43800611061106110611061106110611061106c
:10c44800611061106110611061106110611061105c
:10c45800611061106110611061106110611061104c
:10c46800611061106110611061106110611061103c
:10c47800611061106110611061106110611061102c
:10c48800611061106110611061106110611061101c
:10c49800611061106110611061106110611061100c
:10c4a80061106110611061106110611061106110fc
:10c4b80061106110611061106110611061106110ec
:10c4c80061106110611061106110611061106110dc
:10c4d80061106110611061106110611061106110cc
:10c4e80061106110611061106110611061106110bc
:10c4f80061106110611061106110611061106110ac
:10c50800611061106110611061106110611061109b
:10c51800611061106110611061106110611061108b
:10c52800611061106110611061106110611061107b
:10c53800611061106110611061106110611061106b
:10c54800611061106110611061106110611061105b
:10c55800611061106110611061106110611061104b
:10c56800611061106110611061106110611061103b
:10c57800611061106110611061106110611061102b
:10c58800611061106110611061106110611061101b
:10c59800611061106110611061106110611061100b
:10c5a80061106110611061106110611061106110fb
:10c5b80061106110611061106110611061106110eb
:10c5c80061106110611061106110611061106110db
:10c5d80061106110611061106110611061106110cb
:10c5e80061106110611061106110611061106110bb
:10c5f80061106110611061106110611061106110ab
:10c60800611061106110611061106110611061109a
:10c61800611061106110611061106110611061108a
:10c62800611061106110611061106110611061107a
:10c63800611061106110611061106110611061106a
:10c64800611061106110611061106110611061105a
:10c65800611061106110611061106110611061104a
:10c66800611061106110611061106110611061103a
:10c67800611061106110611061106110611061102a
:10c68800611061106110611061106110611061101a
:10c69800611061106110611061106110611061100a
:10c6a80061106110611061106110611061106110fa
:10c6b80061106110611061106110611061106110ea
:10c6c80061106110611061106110611061106110da
:10c6d80061106110611061106110611061106110ca
:10c6e80061106110611061106110611061106110ba
:10c6f80061106110611061106110611061106110aa
:10c708006110611061106110611061106110611099
:10c718006110611061106110611061106110611089
:10c728006110611061106110611061106110611079
:10c738006110611061106110611061106110611069
:10c748006110611061106110611061106110611059
:10c758006110611061106110611061106110611049
:10c768006110611061106110611061106110611039
:10c778006110611061106110611061106110611029
:10c788006110611061106110611061106110611019
:10c798006110611061106110611061106110611009
:10c7a80061106110611061106110611061106110f9
:10c7b80061106110611061106110611061106110e9
:10c7c80061106110611061106110611061106110d9
:10c7d80061106110611061106110611061106110c9
:10c7e80061106110611061106110611061106110b9
:10c7f80061106110611061106110611061106110a9
:10c808006110611061106110611061106110611098
:10c818006110611061106110611061106110611088
:10c828006110611061106110611061106110611078
:10c838006110611061106110611061106110611068
:10c848006110611061106110611061106110611058
:10c858006110611061106110611061106110611048
:10c868006110611061106110611061106110611038
:10c878006110611061106110611061106110611028
:10c888006110611061106110611061106110611018
:10c898006110611061106110611061106110611008
:10c8a8006110611061106110611061106110000069
:10c8b80000000000c0c8019d000020007e00540058
:10c8c80010840100142c02001f28030023780400a0
:10c8d800211c060032c00700300c0a0012040c00ac
:10c8e80017000d0017fc0d0020f80e001e48100060
:10c8f8001098110018401200103c130022e4130095
:10c9080022881500222c170022d0180022741a0041
:10c9180022181c0022bc1d0022601f0022042100d6
:10c9280022a82200224c240010f02500109826008e
:10c93800204027002090280020e029001f302b00ed
:10c948003a802c002b202f002818310027bc3200f9
:10c958002b6034002458360022fc37002aa0390006
:10c968002f983b0015903d001a8c3e002adc3f00b2
:10c9780022d441003a7843002f1846002b10480073
:10c9880026084a002dac4b0028a44d0022484f0031
:10c9980028ec50002f9052002f8854003d805600fc
:10c9a8002c2059002b185b0026105d0016b45e0081
:10c9b80022b05f00165461002350620022f4630025
:10c9c8001798650021946600253868001fdc690007
:10c9d800252c6b0021d06c001d746e0023c46f00e1
:10c9e80028687100140c730015087400240475007d
:10c9f80014a876003ba4770028447a0024e87b003a
:10ca0800268c7d0025307f001dd480001c248200e8
:10ca18001974830026c4840024688600330c8800b7
:10ca280024588a0025fc8b0020a08d0018f08e0069
:10ca380010ec8f00189490002390910000000000e3
:10ca480000000000000000000000000000000000de
:10ca580000000000000000000000000000000000ce
:10ca680000000000000000000000000000000000be
:10ca780000000000000000000000000000000000ae
:10ca8800000000000000000000000000000000009e
:10ca9800000000000000000000000000000000008e
:10caa800000000000000000000000000000000007e
:10cab800000000000000000000000000000000006e
:10cac800000000000000000000000000000000005e
:10cad800000000000000000000000000000000004e
:10cae800000000000000000000000000000000003e
:10caf800000000000000000000000000000000002e
:10cb08000000000000000000001800001e00801f48
:10cb180000c01f00c01f00c01f00c01f00c01f00b2
:10cb2800c01f00c01f00801f00801f00801f0080e2
:10cb38001f00801f00801f00800f00800f00800fe3
:10cb480000800f00800f00800f00800f00800f0012
:10cb5800800f00800f00800f00800f00800f008082
:10cb68000f00800f00000f00000f00000f00000fe3
:10cb780000000f00000f00000f0000070000010078
:10cb8800000000000000000000000000001e00007f
:10cb98001f00803f00c03f00c03f00c03f00c03fb3
:10cba80000c01f00800f0080070000000000000088
:10cbb800000000000000000000000000000000006d
:10cbc800000000000000000000000000000000005d
:10cbd800000000000000000000000000000000004d
:10cbe800000000000000000000000000000000003d
:10cbf800000000000000000000000000000000002d
:10cc0800000000000000000000000000000000001c
:10cc1800000ec001c00ff801c00ffc01c00ffc01dd
:10cc2800c00ffc01c00ff801c00ff801c00ff801d8
:10cc3800c00ff800c00ff800c00ff800c00ff800d0
:10cc4800800ff8008007f8008007f8008007f800d8
:10cc58008007f0008007f0008007f0008007f000f0
:10cc68008007f0008007f0008003700000000000db
:10cc780000000000000000000000000000000000ac
:10cc8800000000000000000000000000000000009c
:10cc9800000000000000000000000000000000008c
:10cca800000000000000000000000000000000007c
:10ccb800000000000000000000000000000000006c
:10ccc800000000000000000000000000000000005c
:10ccd800000000000000000000000000000000004c
:10cce800000000000000000000000000000000003c
:10ccf800000000000000000000000000000000002c
:10cd0800000000000000000000000000000000001b
:10cd1800000000000000000000000000000000000b
:10cd280000000000000000000000000000000000fb
:10cd380000000000000000000000000000000000eb
:10cd480000000000000000000000000000000000db
:10cd580000000000000000000000000000000000cb
:10cd680000000000000000000000000000000000bb
:10cd780000000000000000000000000000000000ab
:10cd8800000000000000000000000000000000009b
:10cd98000018600000001e780000000f78000000f6
:10cda8000f780000000f3c000000073c00008007df
:10cdb8003c000080071e000080071e0000c0031e04
:10cdc8000000c0030e0000ffffff0380ffffff0706
:10cdd80080ffffff0300e080070000f080070000ed
:10cde800f080070000f0c003000070c00300007866
:10cdf800c003000078c003000078e001000038e0bc
:10ce08000100003ce00100f0ffff3f00f8ffff7f5a
:10ce180000f8ffff3f00001e780000001e780000a9
:10ce2800000f780000000f780000000f3c000000a1
:10ce38000f3c000080073c000080073c0000800792
:10ce48001e000080071e0000c0031e0000c0031e55
:10ce58000000c0030f0000c0000200000000000036
:10ce680000000000000000000000000000000000ba
:10ce780000000000000000000000000000000000aa
:10ce8800000000000000000000000000000000009a
:10ce9800000000000000000000000000000000008a
:10cea800000000000000000000000000000000007a
:10ceb800000000000000000000000000000000006a
:10cec800000000000000000000000000000000005a
:10ced800000000000000000000000000000000004a
:10cee800000000000000000000000000000000003a
:10cef800000000000000000000000000000000002a
:10cf08000000000000000000000000000000000019
:10cf18000000000000000000000000000000000009
:10cf28000003000000800300000080030000008070
:10cf3800030000008003000000800300000080035d
:10cf4800000000f07f000000fcff070000ffff0f5b
:10cf580000808ff30f00c083e30700e081830700a0
:10cf6800e080030300e080030000f080030000f08d
:10cf780080030000f080030000f081030000f083cc
:10cf8800030000f087030000e09f030000e0ff03b8
:10cf98000000c0ff07000080ff1f000000ff7f00a7
:10cfa8000000fcff010000f0ff030000c0ff0700c5
:10cfb8000080ff0f000080ff1f000080f31f0000ab
:10cfc80080c33f000080833f000080033f00008053
:10cfd800033f000080033e000080033e00308003d2
:10cfe8003e003080031e007080031e00f080031f87
:10cff80000f080030f00f081830700f087c307006b
:10d00800f09ff30300e0ffff000080ff7f000000b7
:10d01800fc0f000000800300000080030000008077
:10d02800030000008003000000800300000080016e
:10d0380000000000000000000000000000000000e8
:10d0480000000000000000000000000000000000d8
:10d0580000000000000000000000000000000000c8
:10d0680000000000000000000000000000000000b8
:10d0780000000000000000000000000000000000a8
:10d088000000000000000000000000000000000098
:10d098000000000000000000000000000000000088
:10d0a8000000000000000000000000000000000078
:10d0b8000000000000000000000000000000000068
:10d0c8000000000000000000000000000000000058
:10d0d8000000000000000000000000000000000048
:10d0e8000000000000000000000000000000000038
:10d0f8000000000000000000000000000000000028
:10d10800000000000000000000000000fc0000001b
:10d11800030000ff0300e00700c0ff0700e0030072
:10d12800e0c70f00f00100f0831f00f80000f001d5
:10d138003f00fc0000f8013f007c0000f8003f00c1
:10d148003e0000fc007e001f0000fc007e801f00e7
:10d1580000fc007e800f0000fc007ec0070000fc81
:10d16800007ee0030000fc007ef0030000fc007e6f
:10d17800f0010000f8013ef8000000f8013f7c00d3
:10d188000000f8011f7c000000f0831f3e00000033
:10d19800e0c70f1f000000c0ff871ff8000080ffd6
:10d1a800810ffe0300007ec087ff0f000000e0c370
:10d1b800c70f000000f0e3831f000000f0e1033f09
:10d1c800000000f8f0033f0000007cf0013f000081
:10d1d800007ef8017e0000003ef8017e0000001f7e
:10d1e800f8017e0000800ff8017e0000800ff80132
:10d1f8007e0000c007f8017e0000e003f8017e0011
:10d2080000f003f8017e0000f001f0033e0000f892
:10d2180000f0033f00007c00e0031f00007e00e0f8
:10d22800071f00003e00c08f0f00001f0080ff078f
:10d2380000800f0000ff0100800100007c0000005a
:10d2480000000000000000000000000000000000d6
:10d2580000000000000000000000000000000000c6
:10d2680000000000000000000000000000000000b6
:10d2780000000000000000000000000000000000a6
:10d288000000000000000000000000000000000096
:10d298000000000000000000000000000000000086
:10d2a8000000000000000000000000000000000076
:10d2b8000000000000000000000000000000000066
:10d2c8000000000000000000000000000000000056
:10d2d8000000000000000000000000000000000046
:10d2e8000000000000000000000000000000000036
:10d2f8000000000000000000000000000000000026
:10d308000000000000000000000000000000000015
:10d3180000000000f00300000000fe0f0000000005
:10d32800ff1f00000080833f000000c0013f000095
:10d3380000e0007e000000e0007c00000070007c3f
:10d3480000000070007c00000078007c000000787d
:10d35800007c00000078007c00000078003e00009f
:10d368000078003e000000f8001f000000f8801f51
:10d37800000000f8c00f000000f0e107000000f016
:10d38800f903000000f0ff01000000f07f0000003a
:10d3980000e03f00000000e00f00000000f00fc0b8
:10d3a800ff7f00f81fe0ff7f00fc1fe0ff3f00fe4b
:10d3b8003f803f1e007f7f007e00803f7f007c0013
:10d3c800c01ffe007c00c00ffe017800e007fc03d0
:10d3d8007800e007f8037800f003f8077800f00316
:10d3e800f00f7800f801e01f3800f801e03f3c003a
:10d3f800f801c03f3c00f801807f1c00f80100ffe5
:10d408001e00f80100fe0f00f80100fe0700f803f7
:10d4180000fc0700f00300f80f00f00700f01f0001
:10d42800e00700e03f00e00f00f07f00c03f003c55
:10d43800ff0180ff801ffe3f00ffff07fc3f00fc4d
:10d44800ff01f80700e03f00e000000000000000d6
:10d4580000000000000000000000000000000000c4
:10d4680000000000000000000000000000000000b4
:10d4780000000000000000000000000000000000a4
:10d488000000000000000000000000000000000094
:10d498000000000000000000000000000000000084
:10d4a8000000000000000000000000000000000074
:10d4b8000000000000000000000000000000000064
:10d4c8000000000000000000000000000000000054
:10d4d8000000000000000000000000000000000044
:10d4e800000e00c00f00c00f00c00f00c00f00c02a
:10d4f8000f00c00f00c00f00c00f00c00f00c00f0a
:10d5080000c00f00800f0080070080070080070020
:10d5180080070080070080070080070080070080e0
:10d528000700800300000000000000000000000069
:10d5380000000000000000000000000000000000e3
:10d5480000000000000000000000000000000000d3
:10d5580000000000000000000000000000000000c3
:10d5680000000000000000000000000000000000b3
:10d5780000000000000000000000000000000000a3
:10d588000000000000000000000000000000000093
:10d598000000000000000000000000000000000083
:10d5a8000000000000000000000000000000000073
:10d5b8000000000000000000000000000000000063
:10d5c8000000000000000000000000000000000053
:10d5d80000000800001c00000f00800700c00300c6
:10d5e800e00300e00100f00000f800007c00007c8f
:10d5f80000003e00003e00001f00001f00801f00ca
:10d60800800f00800f00c00f00c00f00c00700c0cf
:10d618000700e00700e00700e00700e00300e00380
:10d6280000f00300f00300f00300f00300f0030033
:10d63800f00300f00300f00300f00300f00300f033
:10d648000300f00300f00300f00300f00700e00718
:10d6580000e00700e00700e00700e00700c00f0057
:10d66800c00f00c00f00800f00801f00801f000047
:10d678001f00003f00003e00007e00007c0000fc10
:10d688000000f80000f00100e00300c0030080077c
:10d6980000000f00001e000008000000000000004d
:10d6a8000000000000000000000000000000000072
:10d6b8000000000000000000000000000000000062
:10d6c8000000000000000000000000000800003c0e
:10d6d8000000780000f00000e00100c00300c0076f
:10d6e80000800f00801f00001f00003f00003e0068
:10d6f800007e00007c0000fc0000fc0000f8000038
:10d70800f80100f80100f80100f00300f00300f050
:10d718000300f00300f00300f00700e00700e00753
:10d7280000e00700e00700e00700e00700e007006e
:10d73800e00700e00700e00700e00700e00700e07e
:10d748000700e00700e00300e00300f00300f00337
:10d7580000f00300f00100f00100f80100f80100fa
:10d76800f80000f80000fc00007c00007c00003e8f
:10d7780000003e00001f00001f00800f008007000f
:10d78800c00300e00300e00100f000007800001c86
:10d798000000080000000000000000000000000079
:10d7a8000000000000000000000000000000000071
:10d7b8000000000000000000000000000000000061
:10d7c8000000000000000000000000000000000051
:10d7d800000000000000030000c0070000c00300b4
:10d7e80000c0030000c0030000c0030030c00304f1
:10d7f80070c0030ef8c1833ff883c33ff887e11f69
:10d80800c09ff90300bffd0000fc3f0000e00700d7
:10d8180000e0070000f83f0000bffd00c09ff903cb
:10d82800f08fe31ffc83c31ff8c1831ff0c0031ee2
:10d8380020c0030c00c0030000c0030000c00300a8
:10d8480000c0030000c0070000c000000000000086
:10d8580000000000000000000000000000000000c0
:10d8680000000000000000000000000000000000b0
:10d8780000000000000000000000000000000000a0
:10d888000000000000000000000000000000000090
:10d898000000000000000000000000000000000080
:10d8a8000000000000000000000000000000000070
:10d8b8000000000000000000000000000000000060
:10d8c8000000000000000000000000000000000050
:10d8d8000000000000000000000000000000000040
:10d8e8000000000000000000000000000000000030
:10d8f8000000000000000000000000000000000020
:10d90800000000000000000000000000000000000f
:10d9180000000000000000000000000000000000ff
:10d9280000000000000000000000000000000000ef
:10d9380000000000000000000000000000000000df
:10d9480000000000000000000000000000000000cf
:10d9580000000000000000000000000000000000bf
:10d9680000000000000000000000000000000000af
:10d97800000000000000000000000000000000009f
:10d9880000c0010000f0010000f0010000f00100fb
:10d9980000f0010000f0010000f0010000f00100bb
:10d9a80000f0010000f0010000f00100fcffff079b
:10d9b800fcffff0ffeffff0700f0010000f0010071
:10d9c80000f0010000f0010000f0010000f001008b
:10d9d80000f0010000f0010000f0010000f001007b
:10d9e80000700000000000000000000000000000bf
:10d9f800000000000000000000000000000000001f
:10da0800000000000000000000000000000000000e
:10da180000000000000000000000000000000000fe
:10da280000000000000000000000000000000000ee
:10da380000000000000000000000000000000000de
:10da480000000000000000000000000000000000ce
:10da580000000000000000000000000000000000be
:10da680000000000000000000000000000000000ae
:10da7800000000000000000000000000000000009e
:10da8800000000000000000000000000000000008e
:10da9800000000000000000000000000000000007e
:10daa800000000000000000000000000000000006e
:10dab800000000000000000000000000000000005e
:10dac800000e801ff01ff83ff03f803f003f003fef
:10dad800003f001f001f000f800f80078003c00356
:10dae800e001e000700000000000000000000000fd
:10daf800000000000000000000000000000000001e
:10db0800000000000000000000000000000000000d
:10db180000000000000000000000000000000000fd
:10db280000000000000000000000000000000000ed
:10db380000000000000000000000000000000000dd
:10db480000000000000000000000000000000000cd
:10db580000000000000000000000000000000000bd
:10db680000000000000000000000000000000000ad
:10db7800000000000000000000000000000000f8a5
:10db8800ff3ffcff3ffcff1f0000000000000000fb
:10db9800000000000000000000000000000000007d
:10dba800000000000000000000000000000000006d
:10dbb800000000000000000000000000000000005d
:10dbc800000000000000000000000000000000004d
:10dbd800000000000000000000000000000000003d
:10dbe800000000000000000000000000000000002d
:10dbf800000000000000000000000000000000001d
:10dc0800000000000000000000000000000000000c
:10dc180000000000000000000000000000000000fc
:10dc280000000000000000000000000000000000ec
:10dc380000000000000000000000000000000000dc
:10dc480000000000000000000000000000000000cc
:10dc580000000000000000000000000000000000bc
:10dc680000000000000f800fc01fe01fe01fe01f32
:10dc7800e01fe00fc007c003000000000000000024
:10dc8800000000000000000000000000000000008c
:10dc9800000000000000000000000000000000007c
:10dca800000000000000000000000000000000006c
:10dcb800000000000000000000000000000000005c
:10dcc80000000000000000e000000000f800000074
:10dcd800007c000000007c000000007e00000000c6
:10dce8003e000000003e000000001f000000001f72
:10dcf800000000801f000000800f000000800f005f
:10dd08000000c00f000000c007000000c0070000ae
:10dd180000e003000000e003000000f00300000042
:10dd2800f001000000f001000000f801000000f818
:10dd380000000000f8000000007c000000007c00eb
:10dd48000000007e000000003e000000003e0000d1
:10dd580000003f000000001f000000001f0000003e
:10dd6800800f000000800f000000c00f000000c0fe
:10dd780007000000c007000000e007000000e00303
:10dd8800000000e003000000f001000000f00100c6
:10dd98000000f801000000f800000000f800000092
:10dda80000fc000000007c000000007e0000000075
:10ddb8003e000000003e000000003f000000001f81
:10ddc800000000001f000000801f000000800f00fe
:10ddd8000000c00f000000c007000000c0070000de
:10dde80000e007000000e003000000e0030000007e
:10ddf800f003000000f001000000f801000000f846
:10de080000000000f800000000fc000000007c009a
:10de18000000000c000000000000000000000000ee
:10de280000000000000000000000000000000000ea
:10de380000000000000000000000000000000000da
:10de480000000000000000000000000000000000ca
:10de580000000000000000000000000000000000ba
:10de680000000000000000000000000000000000aa
:10de7800000000000000000000000000000000009a
:10de8800000000000000000000000000000000008a
:10de9800000000000000000000000000000000007a
:10dea800000000000000000000000000000000c0aa
:10deb8001f000000f07f000000f8ff0000003efc9b
:10dec8000300001ef00300000fe007008007c00fea
:10ded80000c007c00f00c003801f00e003801f00c0
:10dee800e003801f00e003003f00f001003f00f066
:10def80001003f00f001003f00f001007f00f80141
:10df0800007e00f801007e00f801007e00f80100a4
:10df18007e00f801007e00f801007e00f801007e16
:10df280000f801007e00f801007e00f801007e0084
:10df3800f801007e00f803003e00f003003e00f008
:10df480003003e00f003003e00f003001f00e0075e
:10df5800001f00e007001f00e007000f00c00f804f
:10df68000f00c00f800700801fc00300003fe003c0
:10df78000000fff0010000fc7f000000f83f0000f7
:10df880000e00f000000000000000000000000009a
:10df98000000000000000000000000000000000079
:10dfa8000000000000000000000000000000000069
:10dfb8000000000000000000000000000000000059
:10dfc8000000000000000000000000000000000049
:10dfd8000000000000000000000000000000000039
:10dfe8000000000000000000000000000000000029
:10dff8000000000000000000000000000000000019
:10e008000000000000000000000000000000000008
:10e0180000000000000000000000000000000000f8
:10e0280000000000000000000000000000000000e8
:10e0380000000000000000000000000000000000d8
:10e04800000000000000000000000c000000001f9d
:10e05800000000c01f000000f81f000000fe1f00a5
:10e0680000c0ff1f0000f0ff1f000060c01f00007d
:10e0780000801f000000801f000000801f000000bb
:10e08800801f000000801f000000801f000000802b
:10e098001f000000801f000000801f000000801f7c
:10e0a800000000801f000000801f000000801f008b
:10e0b8000000801f000000801f000000801f00007b
:10e0c80000801f000000801f000000801f0000006b
:10e0d800801f000000801f000000801f00000080db
:10e0e8001f000000801f000000801f000000801f2c
:10e0f800000000801f000000801f000000801f003b
:10e108000000801f000000801f000000801f00002a
:10e1180000e07f000000fcff0300c0ffff3f00c0dd
:10e12800ffff3f00000000000000000000000000aa
:10e1380000000000000000000000000000000000d7
:10e1480000000000000000000000000000000000c7
:10e1580000000000000000000000000000000000b7
:10e1680000000000000000000000000000000000a7
:10e178000000000000000000000000000000000097
:10e188000000000000000000000000000000000087
:10e198000000000000000000000000000000000077
:10e1a8000000000000000000000000000000000067
:10e1b8000000000000000000000000000000000057
:10e1c8000000000000000000000000000000000047
:10e1d8000000000000000000000000000000000037
:10e1e8000000000000000000000000000000000027
:10e1f8000000803f000000f0ff000000fcff03006b
:10e20800003ff80700800fe00f00c007c00f00c0f4
:10e2180003c01f00e003801f00f003801f00f0010f
:10e22800801f00f001801f007000801f0000008028
:10e238001f000000800f000000c00f000000c00f8a
:10e24800000000e007000000e007000000f0030005
:10e258000000f001000000f801000000fc000000d0
:10e26800007c000000003e000000003f000000802d
:10e278001f000000800f000000c007000000e0033e
:10e28800000000f003000000f801000000f80000a2
:10e2980000007c000000003e003000001f0010005d
:10e2a800800f001800c00f001800e007001c00e0f5
:10e2b80003001c00f0ffff1f00f8ffff1f00f8ff1e
:10e2c800ff1f00f0ffff1f0000000000000000001b
:10e2d8000000000000000000000000000000000036
:10e2e8000000000000000000000000000000000026
:10e2f8000000000000000000000000000000000016
:10e308000000000000000000000000000000000005
:10e3180000000000000000000000000000000000f5
:10e3280000000000000000000000000000000000e5
:10e3380000000000000000000000000000000000d5
:10e3480000000000000000000000000000000000c5
:10e3580000000000000000000000000000000000b5
:10e3680000000000000000000000000000000000a5
:10e378000000000000000000000000000000000095
:10e388000000000000000000000000000000000085
:10e39800000000000000e00f000000fc7f0000000b
:10e3a800ffff0000800ffe0100c007f80300e00334
:10e3b800f00300f001f00700f001e00700f801e0c9
:10e3c8000700f000e007000000e007000000e00799
:10e3d800000000e003000000f003000000f001006e
:10e3e8000000f8000000007c000000003f00000072
:10e3f800c00f000000f87f000000f8ff0000009048
:10e40800ff03000000f803000000f007000000e030
:10e418000f000000c00f000000c01f000000c01f58
:10e42800000000801f000000801f000000801f0007
:10e438000000801f000000801f000000801f0000f7
:10e4480000800f000000c00f000000c00700080097
:10e45800e007001c00f003007c00f80100f803fe50
:10e468000000e0ff7f000080ff1f000000fc0300a9
:10e478000000000000000000000000000000000094
:10e488000000000000000000000000000000000084
:10e498000000000000000000000000000000000074
:10e4a8000000000000000000000000000000000064
:10e4b8000000000000000000000000000000000054
:10e4c8000000000000000000000000000000000044
:10e4d8000000000000000000000000000000000034
:10e4e8000000000000000000000000000000000024
:10e4f8000000000000000000000000000000000014
:10e508000000000000000000000000000000000003
:10e5180000000000000000000000000000000000f3
:10e5280000000000000000000000000000000000e3
:10e538000000000000000001000000c0030000000f
:10e54800f003000000f803000000fc03000000fcda
:10e5580003000000fe03000000fe03000000ef03bc
:10e56800000080ef03000080e7030000c0e3030021
:10e5780000e0e3030000e0e1030000f0e003000036
:10e58800f8e003000078e00300007ce00300003cb2
:10e59800e00300001ee00300001fe00300000fe09e
:10e5a80003008007e00300c007e00300c003e003a6
:10e5b80000e001e00300f001e00300f000e00300e8
:10e5c800f8ffff7f00f8ffff7f00fcffff1f000040
:10e5d80000e003000000e003000000e0030000008a
:10e5e800e003000000e003000000e003000000e09a
:10e5f80003000000e003000000e003000000e00367
:10e60800000000fc0f0000c0ff7f0000c0ff7f007b
:10e6180000000000000000000000000000000000f2
:10e6280000000000000000000000000000000000e2
:10e6380000000000000000000000000000000000d2
:10e6480000000000000000000000000000000000c2
:10e6580000000000000000000000000000000000b2
:10e6680000000000000000000000000000000000a2
:10e678000000000000000000000000000000000092
:10e688000000000000000000000000000000000082
:10e698000000000000000000000000000000000072
:10e6a8000000000000000000000000000000000062
:10e6b8000000000000000000000000000000000052
:10e6c8000000000000000000000000000000000042
:10e6d8000000000000000000000000000000ffff34
:10e6e8000f0000ffff1f0000ffff0f0000ffff03e8
:10e6f8000000ffff01008007000000800700000005
:10e7080080070000008007000000800700000080ec
:10e71800030000008003000000c003000000c003e5
:10e72800000000c003000000c003000000c0fb1f81
:10e738000000c0ff7f0000e0ffff0100e007fc03ce
:10e7480000e001f007004000e00f000000c00f00eb
:10e758000000801f000000801f000000803f0000b4
:10e7680000003f000000003f000000003f000000e4
:10e77800003f000000003f000000003f00000000d4
:10e788003f000000001f000000801f000000801fe5
:10e79800000000c00f001000c00f007800e0070064
:10e7a800f800f00300f007fc0100c0ffff000000c4
:10e7b800ff3f000000f80f0000000000000000000c
:10e7c8000000000000000000000000000000000041
:10e7d8000000000000000000000000000000000031
:10e7e8000000000000000000000000000000000021
:10e7f8000000000000000000000000000000000011
:10e808000000000000000000000000000000000000
:10e8180000000000000000000000000000000000f0
:10e8280000000000000000000000000000000000e0
:10e8380000000000000000000000000000000000d0
:10e8480000000000000000000000000000000000c0
:10e8580000000000000000000000000000000000b0
:10e8680000000000000000000000000000000000a0
:10e878000000000000000000000000000000000e82
:10e88800000000c00f000000f817000000fe0000a4
:10e8980000803f000000c00f000000e007000000fb
:10e8a800f003000000f801000000fc000000007efa
:10e8b800000000003f000000001f000000801f0053
:10e8c8000000800f000000c00f000000c00700001b
:10e8d80000c0077f0000e0c7ff0100e0f3ff07006a
:10e8e800e07bf00f00e01fc01f00f00f801f00f05a
:10e8f80007803f00f003003f00f003007f00f003b3
:10e90800007f00f003007e00f003007e00f00300ab
:10e918007e00f003007e00f003007e00e007007e2a
:10e9280000e007003e00e007003e00e007003e0070
:10e93800c00f001f00c00f001f00801f000f000045
:10e948003f800f00007fc0070000fee0030000f8d2
:10e95800ff010000f07f000000c01f000000000061
:10e96800000000000000000000000000000000009f
:10e97800000000000000000000000000000000008f
:10e98800000000000000000000000000000000007f
:10e99800000000000000000000000000000000006f
:10e9a800000000000000000000000000000000005f
:10e9b800000000000000000000000000000000004f
:10e9c800000000000000000000000000000000003f
:10e9d800000000000000000000000000000000002f
:10e9e800000000000000000000000000000000001f
:10e9f800000000000000000000000000000000000f
:10ea080000000000000000000000000000000000fe
:10ea180000000000000000000000000000000000ee
:10ea28000000000000e0ffff3f00e0ffff7f00e084
:10ea3800ffff7f00e0ffff3f00f0ffff3f00f00017
:10ea4800001c007000001e003000001e0030000096
:10ea58000f003000000f0000008007000000800752
:10ea68000000008003000000c003000000c0030095
:10ea78000000e001000000e001000000f0000000dc
:10ea880000f000000000f000000000780000000026
:10ea980078000000003c000000003c000000003e40
:10eaa800000000001e000000001f000000000f0012
:10eab8000000000f000000800f0000008007000029
:10eac80000c007000000c003000000e003000000d1
:10ead800e003000000f001000000f001000000f871
:10eae80001000000fc00000000fc000000007e00a7
:10eaf8000000007e000000001f000000000600006b
:10eb080000000000000000000000000000000000fd
:10eb180000000000000000000000000000000000ed
:10eb280000000000000000000000000000000000dd
:10eb380000000000000000000000000000000000cd
:10eb480000000000000000000000000000000000bd
:10eb580000000000000000000000000000000000ad
:10eb6800000000000000000000000000000000009d
:10eb7800000000000000000000000000000000008d
:10eb8800000000000000000000000000000000007d
:10eb9800000000000000000000000000000000006d
:10eba800000000000000000000000000000000005d
:10ebb800000000000000000000000000000000004d
:10ebc80000000000000000000000c03f000000f846
:10ebd800ff000000fcff0300001ff80700800fe0a3
:10ebe8000f008007c00f00c007c01f00c003801fb0
:10ebf80000e003801f00e003801f00e003801f0087
:10ec0800e003801f00e007800f00e00fc00f00c086
:10ec18001fc00700c03fe0030080fff0010000ffb5
:10ec2800fb000000fe7f000000f87f000000f0fffe
:10ec3800010000f8ff0300007eff0700001ff80f27
:10ec480000800ff01f00c007c03f00e007803f00b2
:10ec5800e003807f00f003007f00f001007e00f8f1
:10ec680001007e00f801007e00f801007e00f80136
:10ec7800007e00f801003e00f803003e00f00300ab
:10ec88001f00f007001f00e007800f00e00fc0071b
:10ec980000c07fe0030080ffff010000fe7f00004e
:10eca80000f00f000000000000000000000000005d
:10ecb800000000000000000000000000000000004c
:10ecc800000000000000000000000000000000003c
:10ecd800000000000000000000000000000000002c
:10ece800000000000000000000000000000000001c
:10ecf800000000000000000000000000000000000c
:10ed080000000000000000000000000000000000fb
:10ed180000000000000000000000000000000000eb
:10ed280000000000000000000000000000000000db
:10ed380000000000000000000000000000000000cb
:10ed480000000000000000000000000000000000bb
:10ed580000000000000000000000000000000000ab
:10ed68000000000000000000000000000000803fdc
:10ed7800000000f0ff000000f8ff0100007ef8032b
:10ed880000001fe00700000fc00f008007c01f0031
:10ed9800c007801f00c007801f00e003003f00e09d
:10eda80003003f00f003003f00f003007f00f00382
:10edb800007e00f003007e00f003007e00f00300f8
:10edc8007e00f003007e00f007007e00e007007e72
:10edd80000e00f007f00c00f807f00c01fc07f00d1
:10ede800807ff07e0000ff7f3e0000fc1f3e000099
:10edf800f0073f000000003f000000001f00000077
:10ee0800801f000000800f000000c00f000000c03d
:10ee180007000000e007000000f003000000f80110
:10ee2800000000fc000000007e000000003f000021
:10ee380000c01f000000e00f000000fc030000807d
:10ee4800ff000000c01f0000008003000000000059
:10ee580000000000000000000000000000000000aa
:10ee6800000000000000000000000000000000009a
:10ee7800000000000000000000000000000000008a
:10ee8800000000000000000000000000000000007a
:10ee9800000000000000000000000000000000006a
:10eea800000000000000000000000000000000005a
:10eeb800000000000000000000000000000000004a
:10eec800000000000000000000000000000000003a
:10eed800000000000000000000000000000000002a
:10eee800000000000000000f800fc01fe01fe01f9f
:10eef800e01fe01fe00fc007c00300000000000093
:10ef080000000000000000000000000000000000f9
:10ef18000000000000000000000f800fc01fe01f6d
:10ef2800e01fe01fe01fe00fc007c0030000000063
:10ef380000000000000000000000000000000000c9
:10ef480000000000000000000000000000000000b9
:10ef580000000000000000000000000000000000a9
:10ef68000000000000000000000000000000000099
:10ef78000000000000000000000000000000000089
:10ef88000000000000000000000000000000000f6a
:10ef9800800fc01fe01fe01fe01fe01fe00fc00749
:10efa800c003000000000000000000000000000096
:10efb8000000000000000000000000000000000049
:10efc800000e801ff01ff83ff03f803f003f003fda
:10efd800003f001f001f000f800f80078003c00341
:10efe800e001e000700000000000000000000000e8
:10eff8000000000000000000000000000000000009
:10f0080000000000000000000000000000000000f8
:10f0180000000000000000000000000000000000e8
:10f0280000000000000000000000000000000000d8
:10f0380000000000000000000000000000000000c8
:10f0480000000000000000000000000000000000b8
:10f0580000000000000000000000000000000000a8
:10f068000000000000000000000000000000000098
:10f078000000000000000000000000180000001e52
:10f088000000c01f0000f81f0000fe0f00c0ff03b3
:10f0980000f07f0000fe0f00c0ff0300f07f0000bb
:10f0a800f80f0000f8030000fc070000fc1f000038
:10f0b800f0ff000080ff070000fe1f0000f0ff00c7
:10f0c8000080ff070000fe1f0000f01f0000801fe7
:10f0d8000000000600000000000000000000000022
:10f0e8000000000000000000000000000000000018
:10f0f8000000000000000000000000000000000008
:10f1080000000000000000000000000000000000f7
:10f1180000000000000000000000000000000000e7
:10f1280000000000000000000000000000000000d7
:10f1380000000000000000000000000000000000c7
:10f1480000000000000000000000000000000000b7
:10f1580000000000000000000000000000000000a7
:10f168000000000000000000000000000000000097
:10f178000000000000000000000000000000000087
:10f188000000000000000000000000000000000077
:10f198000000000000000000000000000000000067
:10f1a8000000000000000000000000000000000057
:10f1b8000000000000000000000000000000000047
:10f1c8000000000000000000000000000000000037
:10f1d800000000000000000000000000f8ffff1f12
:10f1e800fcffff1ffcffff1f0000000000000000e5
:10f1f8000000000000000000000000000000000007
:10f20800000000000000000000000000f8ffff1fe1
:10f21800fcffff1ffcffff1f0000000000000000b4
:10f2280000000000000000000000000000000000d6
:10f2380000000000000000000000000000000000c6
:10f2480000000000000000000000000000000000b6
:10f2580000000000000000000000000000000000a6
:10f268000000000000000000000000000000000096
:10f278000000000000000000000000000000000086
:10f288000000000000000000000000000000000076
:10f298000000000000000000000000000000000066
:10f2a8000000000000000000000000000000000056
:10f2b8000000000000000000000000000000000046
:10f2c8000000000000000000000000000000000036
:10f2d8000000000000000000000000000000000026
:10f2e8000000000000000000000000000000000016
:10f2f8000000000000000000000000000000000006
:10f3080000000000000000000000000000000000f5
:10f31800000000000000000030000000f8010000bc
:10f32800fc0f0000f83f0000e0ff010080ff0f0025
:10f3380000fc3f0000e0ff010080ff0f0000fc1f01
:10f348000000e01f0000c01f0000f81f0000fe0fb3
:10f3580000c0ff0100f87f0000fe0f00c0ff03009f
:10f36800f87f0000f80f0000f80300007c000000a0
:10f37800080000000000000000000000000000007d
:10f388000000000000000000000000000000000075
:10f398000000000000000000000000000000000065
:10f3a8000000000000000000000000000000000055
:10f3b8000000000000000000000000000000000045
:10f3c8000000000000000000000000000000000035
:10f3d8000000000000000000000000000000000025
:10f3e8000000000000000000000000000000000015
:10f3f8000000000000000000000000000000000005
:10f4080000000000000000000000000000000000f4
:10f41800000000000000000000e01f0000fcff00ea
:10f4280000ffff01801ffc03c007f807e003f00797
:10f43800f003e007f001e00ff801c00ff801c00f7a
:10f44800f801c00ff801c00ff800c00f0000c00f8e
:10f458000000c00f0000e0070000e0070000e00324
:10f468000000f0030000f8010000f8010000fc00b3
:10f4780000007c0000007e0000003f0000001f002c
:10f4880000801f0000800f0000c00f0000c00700b0
:10f4980000c0070000e0030000e0030000e00300f4
:10f4a80000e0030000e0030000e0030000e00300c8
:10f4b80000e0010000000000000000000000000063
:10f4c800000000000000000000c0030000e003008e
:10f4d80000f0070000f8070000f8070000f8070030
:10f4e80000f8070000f8030000f0010000f0000039
:10f4f8000000000000000000000000000000000004
:10f5080000000000000000000000000000000000f3
:10f5180000000000000000000000000000000000e3
:10f5280000000000000000000000000000000000d3
:10f5380000000000000000000000000000000000c3
:10f5480000000000000000000000000000000000b3
:10f5580000000000000000000000000000000000a3
:10f568000000000000000000000000000000000093
:10f578000000000000000000000000000000000083
:10f588000000000000000000000000000000000073
:10f598000000000000000000000000000000000063
:10f5a8000000000000000000000000000000000053
:10f5b8000000000000000000000000000000000043
:10f5c800000000f83f000000000080ffff0100007d
:10f5d8000000e0ffff0f00000000f8ffff1f000021
:10f5e8000000fe03f07f000000807f0080ff000025
:10f5f80000c01f0000fe010000e0070000fc03003f
:10f6080000f0010000f8070000f8000000e0070023
:10f61800007c000000e00f00003e000000c01f005a
:10f62800001f000000801f00801f00f003023f0041
:10f63800800f00fe87033f00c00700ffcf033e0096
:10f64800c0078007ff017e00e003e003fe017e00a3
:10f65800e003e001fc017c00f003f000f8017c000d
:10f66800f001f800f8017c00f8017800f801fc00ce
:10f67800f8017c00f801f800f8007c00f801f800b7
:10f68800f8003e00f801f800fc003e00f801f80020
:10f69800fc003e00f801f800fc003f00f801f8000b
:10f6a800fc003f00f801f800fc003f00f801f800fa
:10f6b800fc003f00f801f800fc003f00f801f800ea
:10f6c800fc003f00f8017800fc003f00f8017c00d6
:10f6d800fc017f00f8017c00fc017f00f8017c0040
:10f6e800fc017f00f8013c00f8017e00f8013e00b3
:10f6f800f801fe00fc011e00f803fe00fc011f00db
:10f70800f803fc01fe030f00f007fc03ff8307006a
:10f71800f007f887fbe70300f00ff8fff9ff010097
:10f72800e00ff0fff1ff0000e01fe0fff07f0000b6
:10f73800c03fc07fe01f0000c03f001fc00700009f
:10f74800807f00000000000000ff000000000000b3
:10f7580000fe01000000040000fe07000000070092
:10f7680000fc0f0000c0070000f83f0000f0010097
:10f7780000e0ff0000fe000000c0ff07e07f00007f
:10f788000000ffffff1f00000000fcffff07000054
:10f798000000f0ffff000000000000ff0f00000065
:10f7a8000000000000000000000000000000000051
:10f7b8000000000000000000000000000000000041
:10f7c8000000000000000000000000000000000031
:10f7d8000000000000000000000000000000000021
:10f7e8000000000000000000000000000000000011
:10f7f8000000000000000000000000000000000001
:10f8080000000000000000000000000000000000f0
:10f8180000000000000000000000000000000000e0
:10f8280000000000000000000000000000000000d0
:10f8380000000000000000000000000000000000c0
:10f848000000000000004000000000007000000000
:10f858000000f80000000000fc0000000000fc00b0
:10f8680000000000fc0100000000fe010000000094
:10f87800fe0100000000fe0300000000ef0300008e
:10f888000000ef0300000000ef0700000080c7073a
:10f8980000000080c70700000080c70f000000c0fc
:10f8a800830f000000c0831f000000c0831f0000fa
:10f8b80000e0011f000000e0013f000000e0013f00
:10f8c800000000f0003e000000f0007e000000f0a4
:10f8d800007e00000078007c0000007800fc00003a
:10f8e800007800fc000000fcffff000000fcffffa8
:10f8f800010000fcffff0100001e00f00100001ed7
:10f9080000f00300001e00e00300000f00e0030009
:10f91800000f00e00700000f00c00700800700c0cc
:10f928000f00800700c00f00800700800f00c00391
:10f9380000801f00c00300801f00c00300001f00dc
:10f94800e00100003f00f00300807f00ff7f00f827
:10f95800ff03ff7f00f8ff03000000000000000025
:10f96800000000000000000000000000000000008f
:10f97800000000000000000000000000000000007f
:10f98800000000000000000000000000000000006f
:10f99800000000000000000000000000000000005f
:10f9a800000000000000000000000000000000004f
:10f9b800000000000000000000000000000000003f
:10f9c800000000000000000000000000000000002f
:10f9d800000000000000000000000000000000001f
:10f9e800000000000000000000000000000000000f
:10f9f80000000000000000000000000000000000ff
:10fa080000000000000000000000000000000000ee
:10fa180000000000000000000000000000000000de
:10fa280000000000000000000000000000000000ce
:10fa3800fc3f0000f0ffff0300fcffff0f00fc1f6e
:10fa4800f01f00801f803f00801f007f00801f0084
:10fa5800fe00801f00fe00801f00fc00801f00fccd
:10fa680000801f00fc00801f00fc00801f00fc00bd
:10fa7800801f007c00801f007e00801f003e0080e9
:10fa88001f001f00801fc00f00801ff8070080ffa5
:10fa9800ff070080ffff1f0080ffff7f00801fc05f
:10faa800ff00801f00ff01801f00fc03801f00f87b
:10fab80003801f00f007801f00f007801f00e00789
:10fac800801f00e00f801f00c00f801f00c00f8044
:10fad8001f00c00f801f00c00f801f00c00f801fb5
:10fae80000c00f801f00c007801f00e007801f00b4
:10faf800e007801f00f003801f00f801801f00fc52
:10fb080000e03f807f00fcffff3f00fcffff0f008d
:10fb180000f8ff01000000000000000000000000e5
:10fb280000000000000000000000000000000000cd
:10fb380000000000000000000000000000000000bd
:10fb480000000000000000000000000000000000ad
:10fb5800000000000000000000000000000000009d
:10fb6800000000000000000000000000000000008d
:10fb7800000000000000000000000000000000007d
:10fb8800000000000000000000000000000000006d
:10fb9800000000000000000000000000000000005d
:10fba800000000000000000000000000000000004d
:10fbb800000000000000000000000000000000003d
:10fbc800000000000000000000000000000000002d
:10fbd8000000000000f81f000000ffff0100c0ff48
:10fbe800ff0700e003fe0700f800f003007c00e0d8
:10fbf80001001e008001001f000000800f000000af
:10fc08008007000000c007000000e003000000e0db
:10fc180003000000f001000000f001000000f801fe
:10fc2800000000f801000000f800000000f80000e3
:10fc38000000fc00000000fc00000000fc000000c8
:10fc480000fc00000000fc00000000fc00000000b8
:10fc5800fc00000000fc00000000fc00000000fcac
:10fc680001000000fc01000000f801000000f8019c
:10fc7800000000f803000000f003000000f0070097
:10fc88000000e00f000000e00f000004c01f0000ab
:10fc98000ec03f000007807f00c00300ff01f00195
:10fca80000fe07fe0000fcff7f0000f0ff1f0000c1
:10fcb800c0ff07000000ff00000000000000000077
:10fcc800000000000000000000000000000000002c
:10fcd800000000000000000000000000000000001c
:10fce800000000000000000000000000000000000c
:10fcf80000000000000000000000000000000000fc
:10fd080000000000000000000000000000000000eb
:10fd180000000000000000000000000000000000db
:10fd280000000000000000000000000000000000cb
:10fd380000000000000000000000000000000000bb
:10fd480000000000000000000000000000000000ab
:10fd5800000000000000000000000000000000009b
:10fd6800000000000000000000000000000000008b
:10fd7800000000000000000000000000000000007b
:10fd88000000000000000000000000fcff00000070
:10fd9800f0ffff0f0000fcffff3f0000fc1fe07fab
:10fda8000000801f00ff0100801f00fc0300801f6f
:10fdb80000f00700801f00e00f00801f00c01f0038
:10fdc800801f00c01f00801f00803f00801f0000b0
:10fdd8003f00801f00007f00801f00007f00801f01
:10fde80000007e00801f00007e00801f0000fe00d3
:10fdf800801f0000fc00801f0000fc00801f000026
:10fe0800fc00801f0000fc00801f0000fc00801f19
:10fe18000000fc00801f0000fc00801f0000fc00a8
:10fe2800801f0000fc00801f0000fc00801f0000f5
:10fe38007c00801f00007e00801f00007e00801f65
:10fe480000007e00801f00003e00801f00003f0071
:10fe5800801f00003f00801f00801f00801f00c01f
:10fe68001f00801f00c00f00801f00e00700801fd8
:10fe780000f00300801f00f80100801f00fe000052
:10fe8800803fc07f0000e0ffff1f0000fcffff076e
:10fe98000000fcffff000000000000000000000060
:10fea800000000000000000000000000000000004a
:10feb800000000000000000000000000000000003a
:10fec800000000000000000000000000000000002a
:10fed800000000000000000000000000000000001a
:10fee800000000000000000000000000000000000a
:10fef80000000000000000000000000000000000fa
:10ff080000000000000000000000000000000000e9
:10ff180000000000000000000000000000000000d9
:10ff280000000000000000000000000000000000c9
:10ff380000000000000000000000000000000000b9
:10ff480000000000000000000000000000000000a9
:10ff58000000000000000000000000000000000099
:10ff68000000000000000000000000000000000089
:10ff780000000000fcffff7f00fcffffff00e0ff28
:10ff8800ffff00801f007800801f007000801f00a6
:10ff98007000801f006000801f006000801f00202c
:10ffa80000801f000000801f000000801f0000006c
:10ffb800801f000000801f000000801f00000080dc
:10ffc8001f000000801f000000801f00000080ff4d
:10ffd800ff0f0080ffff0f0080ffff0700801f80da
:10ffe8000300801f000100801f000000801f000028
:10fff80000801f000000801f000000801f0000001c
:020000041d02db
:10000800801f000000801f000000801f000000808b
:100018001f000000801f000000801f000000801fdc
:10002800000000801f000003801f000003801f00e5
:100038008003801f008003801f00c003807f00e0d2
:1000480001e0ffffff01fcffffff01fcffffff01d5
:100058000000000000000000000000000000000098
:100068000000000000000000000000000000000088
:100078000000000000000000000000000000000078
:100088000000000000000000000000000000000068
:100098000000000000000000000000000000000058
:1000a8000000000000000000000000000000000048
:1000b8000000000000000000000000000000000038
:1000c8000000000000000000000000000000000028
:1000d8000000000000000000000000000000000018
:1000e8000000000000000000000000000000000008
:1000f80000000000000000000000000000000000f8
:1001080000000000000000000000000000000000e7
:100118000000000000000000fcffffff00fcffffe4
:10012800ff00e0ffffff00801f00f000801f00f0cd
:1001380000801f006000801f006000801f006000ba
:10014800801f006000801f000000801f00000080ea
:100158001f000000801f000000801f000000801f9b
:10016800000000801f000000801f000000801f00aa
:10017800000080ffff070080ffff070080ffff03ec
:1001880000801fe00100801f800000801f00000029
:10019800801f000000801f000000801f00000080fa
:1001a8001f000000801f000000801f000000801f4b
:1001b800000000801f000000801f000000801f005a
:1001c8000000801f000000801f000000801f00004a
:1001d80000801f000000801f000000801f0000003a
:1001e800801f000000e07f000000fcff070000fc0b
:1001f800ff070000000000000000000000000000f1
:1002080000000000000000000000000000000000e6
:1002180000000000000000000000000000000000d6
:1002280000000000000000000000000000000000c6
:1002380000000000000000000000000000000000b6
:1002480000000000000000000000000000000000a6
:100258000000000000000000000000000000000096
:100268000000000000000000000000000000000086
:100278000000000000000000000000000000000076
:100288000000000000000000000000000000000066
:100298000000000000000000000000000000000056
:1002a8000000000000000000000000000000000046
:1002b8000000000000000000000000000000000036
:1002c800000000000000000000000000e03f000007
:1002d8000000feff03000080ffff0f0000e007f8aa
:1002e8001f0000f801e00f00007c00800700003ebe
:1002f80000000300001f00000000800f0000000045
:10030800800700000000c00700000000e0030000b4
:100318000000e00300000000f00100000000f00110
:1003280000000000f80100000000f80100000000d3
:10033800f80000000000f80000000000fc000000c9
:100348000000fc0000000000fc0000000000fc00b1
:1003580000000000fc0000000000fc0000ffff019e
:10036800fc0000feff00fc0000e03f00fc000080f5
:100378001f00fc0100801f00fc0100801f00f80125
:1003880000801f00f80100801f00f80300801f0094
:10039800f00300801f00f00700801f00f0070080b6
:1003a8001f00e00f00801f00c01f00801f00c03f1b
:1003b80000801f00807f00801f0000ff01c00f0029
:1003c80000fe07f8070000fcffff010000f0ff7fb8
:1003d800000000c0ff1f00000000fe070000000032
:1003e8000000000000000000000000000000000005
:1003f80000000000000000000000000000000000f5
:1004080000000000000000000000000000000000e4
:1004180000000000000000000000000000000000d4
:1004280000000000000000000000000000000000c4
:1004380000000000000000000000000000000000b4
:1004480000000000000000000000000000000000a4
:100458000000000000000000000000000000000094
:100468000000000000000000000000000000000084
:100478000000000000000000000000000000000074
:100488000000000000000000000000000000000064
:100498000000000000000000000000000000000054
:1004a8000000000000000000000000000000000044
:1004b8000000000000000000000000000000000034
:1004c8000000000000000000fcff03f0ff0ffcff2d
:1004d80003f0ff0fe03f0000ff01801f00007e00d7
:1004e800801f00007e00801f00007e00801f00002b
:1004f8007e00801f00007e00801f00007e00801f9d
:1005080000007e00801f00007e00801f00007e002b
:10051800801f00007e00801f00007e00801f0000fa
:100528007e00801f00007e00801f00007e00801f6c
:1005380000007e00801f00007e0080ffffff7f001c
:1005480080ffffff7f0080ffffff7f00801f00000c
:100558007e00801f00007e00801f00007e00801f3c
:1005680000007e00801f00007e00801f00007e00cb
:10057800801f00007e00801f00007e00801f00009a
:100588007e00801f00007e00801f00007e00801f0c
:1005980000007e00801f00007e00801f00007e009b
:1005a800801f00007e00801f00007e00801f00006a
:1005b8007e00801f00007e00801f00007e00e07f1c
:1005c8000080ff01fcff03f0ff0ffcff03f0ff0fab
:1005d8000000000000000000000000000000000013
:1005e8000000000000000000000000000000000003
:1005f80000000000000000000000000000000000f3
:1006080000000000000000000000000000000000e2
:1006180000000000000000000000000000000000d2
:1006280000000000000000000000000000000000c2
:1006380000000000000000000000000000000000b2
:1006480000000000000000000000000000000000a2
:100658000000000000000000000000000000000092
:100668000000000000000000000000000000000082
:100678000000000000000000000000000000000072
:1006880000000000fcff03fcff03e07f00801f0068
:10069800801f00801f00801f00801f00801f0080b7
:1006a8001f00801f00801f00801f00801f00801f08
:1006b80000801f00801f00801f00801f00801f0017
:1006c800801f00801f00801f00801f00801f008087
:1006d8001f00801f00801f00801f00801f00801fd8
:1006e80000801f00801f00801f00801f00801f00e7
:1006f800801f00801f00801f00801f00801f00e0f7
:100708007f00fcff03fcff03000000000000000066
:1007180000000000000000000000000000000000d1
:1007280000000000000000000000000000000000c1
:1007380000000000000000000000000000000000b1
:1007480000000000000000000000000000000000a1
:100758000000000000000000000000000000000091
:100768000000000000000000000000000000000081
:100778000000000000000000000000000000000071
:100788000000000000000000000000000000000061
:100798000000000000ffff0300ffff0300e07f00f0
:1007a80000801f0000801f0000801f0000801f00c5
:1007b80000801f0000801f0000801f0000801f00b5
:1007c80000801f0000801f0000801f0000801f00a5
:1007d80000801f0000801f0000801f0000801f0095
:1007e80000801f0000801f0000801f0000801f0085
:1007f80000801f0000801f0000801f0000801f0075
:1008080000801f0000801f0000801f0000801f0064
:1008180000801f0000801f0000801f0000801f0054
:1008280000801f0000801f0000801f0000801f0044
:1008380000801f0000801f0000801f0000801f0034
:1008480000800f0000800f0000800f0000c00f0024
:1008580000c0070000c0070000e0030000e001003e
:1008680008f000003e780000ff3f0000ff1f000076
:10087800fe070000f8000000000000000000000073
:100888000000000000000000000000000000000060
:100898000000000000000000000000000000000050
:1008a8000000000000000000000000000000000040
:1008b8000000000000000000000000000000000030
:1008c8000000000000000000000000000000000020
:1008d8000000000000000000000000000000000010
:1008e8000000000000000000000000000000000000
:1008f80000000000000000000000000000000000f0
:10090800000000000000000000000000fcff03ffe2
:100918007f00fcff03ff7f00e07f00f00700801fdf
:1009280000f00100801f00f80000801f007c00001c
:10093800801f007e0000801f003f0000801f001ff6
:100948000000801f800f0000801fc0070000801f6c
:10095800e0030000801ff0010000801ff800000085
:10096800801f78000000801f7c000000801f3e0070
:100978000000801f1f000000809f0f00000080df24
:100988000700000080df0300000080ff0300000074
:1009980080ff0700000080df0f000000809f1f001d
:1009a8000000801f3f000000801f7f000000801fa4
:1009b800fe000000801ffc010000801ff8010000fd
:1009c800801ff0030000801ff0070000801fe00f69
:1009d8000000801fc01f0000801f803f0000801f94
:1009e800007f0000801f00ff0000801f00fe000045
:1009f800801f00fc0100801f00f80300801f00f02a
:100a08000700e07f00f01f00fcff03e0ff01fcff90
:100a180003c0ff00000000801f000000000000006d
:100a280000000000000000000000000000000000be
:100a380000000000000000000000000000000000ae
:100a4800000000000000000000000000000000009e
:100a5800000000000000000000000000000000008e
:100a6800000000000000000000000000000000007e
:100a7800000000000000000000000000000000006e
:100a8800000000000000000000000000000000005e
:100a9800000000000000000000000000000000004e
:100aa800000000000000000000000000000000003e
:100ab800000000000000000000000000000000002e
:100ac800000000000000000000000000000000001e
:100ad800000000000000000000000000000000000e
:100ae80000000000000000000000000000000000fe
:100af800fcff030000fcff030000e07f0000008013
:100b08001f000000801f000000801f000000801fe1
:100b1800000000801f000000801f000000801f00f0
:100b28000000801f000000801f000000801f0000e0
:100b380000801f000000801f000000801f000000d0
:100b4800801f000000801f000000801f0000008040
:100b58001f000000801f000000801f000000801f91
:100b6800000000801f000000801f000000801f00a0
:100b78000000801f000000801f000000801f000090
:100b880000801f000000801f000000801f00000080
:100b9800801f000000801f000000801f00000080f0
:100ba8001f000001801f000003801f008001801fbc
:100bb800008001801f00c001807f00f001e0ffff7e
:100bc800ff01fcffffff01fcffffff00000000002a
:100bd800000000000000000000000000000000000d
:100be80000000000000000000000000000000000fd
:100bf80000000000000000000000000000000000ed
:100c080000000000000000000000000000000000dc
:100c180000000000000000000000000000000000cc
:100c280000000000000000000000000000000000bc
:100c380000000000000000000000000000000000ac
:100c4800000000000000000000000000000000009c
:100c5800000000000000000000000000000000008c
:100c6800000000000000000000000000000000007c
:100c7800000000000000000000000000000000006c
:100c8800000000000000000000000000000000005c
:100c9800000000000000000000000000000000004c
:100ca800000000000000000000000000000000003c
:100cb800000000000000000000000000000000002c
:100cc800000000000000000000000000000000001c
:100cd800fc3f000000f87f00fc3f000000f87f00a8
:100ce800c07f000000fc0f00007f000000fc030034
:100cf800007f000000fc030000ff000000fe03006e
:100d080000ff000000fe030000ff010000ff0300d9
:100d180000f7010000ff030000f7030080ff030055
:100d280080e7030080f7030080e7070080f70300ef
:100d380080c70700c0f3030080c70700c0f30300a3
:100d480080c70f00e0f1030080870f00e0f1030087
:100d580080871f00f0f1030080071f00f0e0030008
:100d680080073f00f0e0030080073e0078e00300c2
:100d780080077e0078e0030080077e003ce00300e7
:100d880080077c003ce003008007fc003ee0030095
:100d98008007f8001ee003008007f8011ee003004a
:100da8008007f0010fe003008007f0030fe0030065
:100db8008007f08307e003008007e08707e003006f
:100dc8008007e0c707e003008007c0c703e003000f
:100dd8008007c0cf03e00300800780ef01e0030035
:100de800800780ff01e00300800700ff01e00300a7
:100df800800700ff00e00300800700ff00e0030019
:100e08008007007e00e003008007007e00e003000a
:100e18008007003c00e00300c01f003c00f80f0002
:100e2800fcff003880ff7f00fcff001880ff7f0078
:100e380000000000000000000000000000000000aa
:100e4800000000000000000000000000000000009a
:100e5800000000000000000000000000000000008a
:100e6800000000000000000000000000000000007a
:100e7800000000000000000000000000000000006a
:100e8800000000000000000000000000000000005a
:100e9800000000000000000000000000000000004a
:100ea800000000000000000000000000000000003a
:100eb800000000000000000000000000000000002a
:100ec800000000000000000000000000000000001a
:100ed800000000000000000000000000000000000a
:100ee80000000000000000000000000000000000fa
:100ef80000000000000000000000000000000000ea
:100f080000000000000000000000000000000000d9
:100f180000000000000000000000000000000000c9
:100f280000000000000000000000000000000000b9
:100f380000000000000000000000000000000000a9
:100f48000000000000000000fc0700c0ff1ffc0fad
:100f580000c0ff1fe00f0000fc01801f0000f80028
:100f6800803f0000f800807f0000f800807f0000cc
:100f7800f80080ff0000f80080ff0100f80080ff03
:100f88000100f80080ef0300f80080ef0700f80088
:100f980080cf0f00f800808f0f00f800800f1f002f
:100fa800f800800f3f00f800800f3e00f800800f27
:100fb8007c00f800800ffc00f800800ff800f800b3
:100fc800800ff001f800800ff003f800800fe007b1
:100fd800f800800fc007f800800fc00ff800800fde
:100fe800801ff800800f001ff800800f003ff800f6
:100ff800800f007ef800800f00fcf800800f00fcd6
:10100800f800800f00f8f900800f00f0fb00800f57
:1010180000f0fb00800f00e0ff00800f00c0ff0021
:10102800800f00c0ff00800f0080ff00800f0000cd
:10103800ff00800f0000ff00800f0000fe00c01faf
:101048000000fc00fcff0100f800fcff0100f800b4
:1010580000000000e00000000000000000000000a8
:101068000000000000000000000000000000000078
:101078000000000000000000000000000000000068
:101088000000000000000000000000000000000058
:101098000000000000000000000000000000000048
:1010a8000000000000000000000000000000000038
:1010b8000000000000000000000000000000000028
:1010c8000000000000000000000000000000000018
:1010d8000000000000000000000000000000000008
:1010e80000000000000000000000000000000000f8
:1010f80000000000000000000000000000000000e8
:1011080000000000000000000000000000000000d7
:1011180000000000000000000000000000000000c7
:1011280000000000000000000000000000000000b7
:10113800000000000000000000000000fc030000a8
:101148000080ff1f000000e0ff7f000000f003ffa9
:101158000000007c00fc0100003e00f80300001fb6
:1011680000f00700000f00e00f00800700c00f002c
:10117800c00700801f00e00300801f00e00300009c
:101188003f00f00100003f00f00100007f00f00187
:1011980000007e00f80100007e00f80000007e00dc
:1011a800f8000000fc00fc000000fc00fc0000004f
:1011b800fc00fc000000fc00fc000000fc00fc003f
:1011c8000000fc00fc000000fc00fc000000fc002b
:1011d800fc000000fc00fc000000fc00fc0100001a
:1011e800fc00fc0100007c00f80100007e00f80112
:1011f80000007e00f80300003e00f80300003e00f7
:10120800f00300003f00f00700001f00e007008027
:101218000f00e00f00800f00c01f00c00700c03f94
:1012280000e00300807f00f0030000ff00f80100e9
:1012380000fe037f000000fcff3f000000f8ff1fd6
:10124800000000e0ff0700000000ff0000000000b1
:101258000000000000000000000000000000000086
:101268000000000000000000000000000000000076
:101278000000000000000000000000000000000066
:101288000000000000000000000000000000000056
:101298000000000000000000000000000000000046
:1012a8000000000000000000000000000000000036
:1012b8000000000000000000000000000000000026
:1012c8000000000000000000000000000000000016
:1012d8000000000000000000000000000000000006
:1012e80000000000000000000000000000000000f6
:1012f80000000000000000000000000000000000e6
:1013080000000000000000000000000000000000d5
:1013180000000000000000000000000000000000c5
:10132800fcff0000f0ffff0700fcffff1f00fc1f91
:10133800e07f00801f00ff00801f00fe01801f006b
:10134800fc03801f00f803801f00f003801f00f0db
:1013580007801f00e007801f00e007801f00e007ec
:10136800801f00e007801f00e007801f00e0078063
:101378001f00e003801f00f003801f00f001801fa2
:1013880000f801801f00fc00801f007f00801fc044
:101398003f0080dfff1f00809fff0700801fff00c6
:1013a80000801f000000801f000000801f00000058
:1013b800801f000000801f000000801f00000080c8
:1013c8001f000000801f000000801f000000801f19
:1013d800000000801f000000801f000000801f0028
:1013e8000000801f000000801f000000801f000018
:1013f80000e07f000000fcff070000fcff07000082
:1014080000000000000000000000000000000000d4
:1014180000000000000000000000000000000000c4
:1014280000000000000000000000000000000000b4
:1014380000000000000000000000000000000000a4
:101448000000000000000000000000000000000094
:101458000000000000000000000000000000000084
:101468000000000000000000000000000000000074
:101478000000000000000000000000000000000064
:101488000000000000000000000000000000000054
:101498000000000000000000000000000000000044
:1014a8000000000000000000000000000000000034
:1014b8000000000000000000000000000000000024
:1014c8000000000000000000000000000000000014
:1014d8000000000000000000fc0300000080ff1f67
:1014e800000000e0ff7f000000f003ff0000007c28
:1014f80000fc0100003e00f80300001f00f0070098
:10150800000f00e00f00800700c00f00c007008038
:101518001f00e00300801f00e00300003f00f0010f
:1015280000003f00f00100007f00f00100007e0095
:10153800f80100007e00f80000007e00f8000000be
:10154800fc00fc000000fc00fc000000fc00fc00ab
:101558000000fc00fc000000fc00fc000000fc0097
:10156800fc000000fc00fc000000fc00fc00000087
:10157800fc00fc000000fc00fc010000fc00fc0179
:1015880000007c00f80100007e00f80100007e00e9
:10159800f80300003e00f80300003e00f0030000de
:1015a8003f00f00700001f00e00700801f00e00f69
:1015b80000800f00c01f00c00700c03f00e003000c
:1015c800807f00f0030000ff00f8010000fe03ff29
:1015d800000000fcff3f000000f0ff1f000000e0db
:1015e800ff0700000000ff0f00000000c03f0000e0
:1015f8000000007f0000000000fe0108000000fc61
:10160800031c000000f00f0e000000e0ff0f0000b8
:1016180000c0ff0700000000ff0300000000fc01fd
:1016280000000000f00000000000000000000000c2
:1016380000000000000000000000000000000000a2
:101648000000000000000000000000000000000092
:101658000000000000000000000000000000000082
:101668000000000000000000000000000000000072
:101678000000000000000000000000000000000062
:101688000000000000000000000000000000000052
:101698000000000000000000000000000000000042
:1016a8000000000000000000000000000000000032
:1016b800000000000000000000000000fe3f0000e5
:1016c800f0ffff0300fcffff0f00fc1ff03f00804e
:1016d8001f807f00801f007f00801f00fe00801f8a
:1016e80000fc00801f00fc01801f00f801801f0023
:1016f800f801801f00f801801f00f801801f00f822
:1017080001801f00f800801f00fc00801f00fc0003
:10171800801f007e00801f003f00801f801f008008
:101728001ff00f0080ffff070080ffff010080ff10
:101738003f0000801f3e0000801f7c0000801ff8d3
:101748000000801ff80000801ff00100801ff003d8
:1017580000801fe00300801fe00700801fc00f000b
:10176800801f800f00801f801f00801f003f0080a7
:101778001f003f00801f007e00801f00fe00801faa
:1017880000fc00801f00f801801f00f803e07f00c4
:10179800f00ffcff03f0fffcff03e07f000000c038
:1017a800070000000000000000000000000000002a
:1017b8000000000000000000000000000000000021
:1017c8000000000000000000000000000000000011
:1017d8000000000000000000000000000000000001
:1017e80000000000000000000000000000000000f1
:1017f80000000000000000000000000000000000e1
:1018080000000000000000000000000000000000d0
:1018180000000000000000000000000000000000c0
:1018280000000000000000000000000000000000b0
:1018380000000000000000000000000000000000a0
:101848000000000000000000000000000000000090
:101858000000000000000000000000000000000080
:10186800c07f000000f8ff070000feff1f00000f08
:10187800f81f008007c00f00c001800f00e00100c2
:101888000700e000000000f000000000f000000089
:1018980000f000000000f001000000f0010000006e
:1018a800f003000000f00f000000e01f000000e05f
:1018b8007f000000c0ff03000080ff0f000000ff52
:1018c8003f000000fc7f000000f8ff010000e0ff7f
:1018d80003000080ff07000000fe0f000000f81f53
:1018e800000000e03f000000803f000000007f0093
:1018f8000000007e000000007e000000007c000068
:1019080000007c000000007c003000007c003000fb
:10191800003c007000003e007000003e00f0000037
:101928001f00f001800f00f007c00f00f01ff00744
:1019380000f0ffff0300e0ffff000000ff3f000092
:1019480000f8070000000000000000000000000090
:10195800000000000000000000000000000000007f
:10196800000000000000000000000000000000006f
:10197800000000000000000000000000000000005f
:10198800000000000000000000000000000000004f
:10199800000000000000000000000000000000003f
:1019a800000000000000000000000000000000002f
:1019b800000000000000000000000000000000001f
:1019c800000000000000000000000000000000000f
:1019d80000000000000000000000000000000000ff
:1019e80000000000000000000000000000000000ef
:1019f80000000000000000000000000000000000df
:101a08000000000000000000feffffff1ffeffffb8
:101a1800ff3fffffffff3f0f003f003e07003f0073
:101a28003c07003f001c03003f001803003f00185c
:101a380003003f001800003f000000003f000000c6
:101a4800003f000000003f000000003f00000000d1
:101a58003f000000003f000000003f000000003f82
:101a6800000000003f000000003f000000003f00b1
:101a78000000003f000000003f000000003f0000a1
:101a880000003f000000003f000000003f00000091
:101a9800003f000000003f000000003f0000000081
:101aa8003f000000003f000000003f000000003f32
:101ab800000000003f000000003f000000003f0061
:101ac8000000003f000000003f000000003f000051
:101ad80000003f000000c0ff000000fcff0f0000f6
:101ae800fcff0f00000000000000000000000000e4
:101af80000000000000000000000000000000000de
:101b080000000000000000000000000000000000cd
:101b180000000000000000000000000000000000bd
:101b280000000000000000000000000000000000ad
:101b3800000000000000000000000000000000009d
:101b4800000000000000000000000000000000008d
:101b5800000000000000000000000000000000007d
:101b6800000000000000000000000000000000006d
:101b7800000000000000000000000000000000005d
:101b8800000000000000000000000000000000004d
:101b9800000000000000000000000000000000003d
:101ba800000000000000000000000000000000002d
:101bb800000000000000000000000000000000001d
:101bc800fcff03c0ff1ffcff03c0ff1fe07f0000f6
:101bd800fe03801f0000f800801f0000f800801f2f
:101be8000000f800801f0000f800801f0000f800c7
:101bf800801f0000f800801f0000f800801f000010
:101c0800f800801f0000f800801f0000f800801f07
:101c18000000f800801f0000f800801f0000f80096
:101c2800801f0000f800801f0000f800801f0000df
:101c3800f800801f0000f800801f0000f800801fd7
:101c48000000f800801f0000f800801f0000f80066
:101c5800801f0000f800801f0000f800801f0000af
:101c6800f800801f0000f800801f0000f800801fa7
:101c78000000f800801f0000f800801f00007800b6
:101c8800803f00007c00003f00007c00003f000017
:101c98007c00003f00003e00007e00003e0000fe89
:101ca80000001f0000fc00001f0000fc01800f0066
:101cb80000f807c0070000f01ff0030000c0ffff96
:101cc80001000000ff7f00000000f80f0000000086
:101cd80000000000000000000000000000000000fc
:101ce80000000000000000000000000000000000ec
:101cf80000000000000000000000000000000000dc
:101d080000000000000000000000000000000000cb
:101d180000000000000000000000000000000000bb
:101d280000000000000000000000000000000000ab
:101d3800000000000000000000000000000000009b
:101d4800000000000000000000000000000000008b
:101d5800000000000000000000000000000000007b
:101d6800000000000000000000000000000000006b
:101d7800000000000000000000000000000000005b
:101d8800000000000000000000000000000000004b
:101d9800000000000000000000000000000000003b
:101da800000000000000000000000000000000002b
:101db8000000000000000000feff0080ff1ffeff83
:101dc8000080ff1ff00f0000f801c0070000f000be
:101dd800c00f0000f800c00f00007800801f00004e
:101de8007800801f00007c00801f00003c00003f3e
:101df80000003c00003f00003e00003e00001e00c6
:101e0800007e00001e00007e00000f0000fc0000a5
:101e18000f0000fc00000f0000fc0080070000f825
:101e28000180070000f801c0070000f001c00300ae
:101e380000f003c0030000f003e0030000e007e047
:101e4800010000e007e0010000e007f0010000c029
:101e58000ff0000000c00ff0000000800ff8000035
:101e680000801f78000000801f78000000003f3cc1
:101e7800000000003f3c000000003f3e0000000062
:101e88007e1e000000007e1e000000007c1f000077
:101e98000000fc0f00000000fc0f00000000f80f1d
:101ea80000000000f80700000000f807000000002c
:101eb800f00700000000f00300000000e00100004f
:101ec80000006000000000000000000000000000aa
:101ed80000000000000000000000000000000000fa
:101ee80000000000000000000000000000000000ea
:101ef80000000000000000000000000000000000da
:101f080000000000000000000000000000000000c9
:101f180000000000000000000000000000000000b9
:101f280000000000000000000000000000000000a9
:101f38000000000000000000000000000000000099
:101f48000000000000000000000000000000000089
:101f58000000000000000000000000000000000079
:101f68000000000000000000000000000000000069
:101f78000000000000000000000000000000000059
:101f88000000000000000000000000000000000049
:101f98000000000000000000000000000000000039
:101fa8000000000000000000000000000000000029
:101fb8000000000000000000000000000000000019
:101fc8000000000000000000000000000000000009
:101fd8000000000000000000feff00e000e0ff0f2e
:101fe800feff00e000e0ff0ff81f00e00000ff0028
:101ff800e00700f001007c00c00700f001003c0091
:10200800c00700f001003c00c00700f803003c00d6
:10201800c00f00f803003c00c00f00f803001e00ca
:10202800800f00fc07001e00800f00fc07001e0048
:10203800801f00fc07001e00801f00be0f001e004e
:10204800001f009e0f000f00001f009e0f000f00d2
:10205800003f001f1f000f00003f000f1f000f0070
:10206800003e000f3f000f00003e800f3e8007003b
:10207800003e80073e800700007e80077e800700c4
:10208800007ec0077c800700007cc0037cc007007e
:10209800007cc003fcc0030000fce003f8c00300a0
:1020a80000fce001f8c0030000f8e001f8c10300fb
:1020b80000f8e001f0e1010000f8f000f0e10100b3
:1020c80000f8f100f0e3010000f8f100e0e301009e
:1020d80000f07900e0e3010000f07900e0f700008b
:1020e80000f07b00c0f7000000f03f00c0ff0000d8
:1020f80000e03f00c0ff000000e03f0080ff00005c
:1021080000e01f00807f000000e01f00807f0000cb
:1021180000e01f00007f000000c00f00007f0000eb
:1021280000c00f00007f000000c00f00003e00004c
:1021380000c00700001e000000800100000600002b
:102148000000000000000000000000000000000087
:102158000000000000000000000000000000000077
:102168000000000000000000000000000000000067
:102178000000000000000000000000000000000057
:102188000000000000000000000000000000000047
:102198000000000000000000000000000000000037
:1021a8000000000000000000000000000000000027
:1021b8000000000000000000000000000000000017
:1021c8000000000000000000000000000000000007
:1021d80000000000000000000000000000000000f7
:1021e80000000000000000000000000000000000e7
:1021f80000000000000000000000000000000000d7
:1022080000000000000000000000000000000000c6
:1022180000000000000000000000000000000000b6
:1022280000000000000000000000000000000000a6
:102238000000000000000000000000000000000096
:102248000000000000000000000000000000000086
:10225800feff01fcff01feff01fcff01f03f00e073
:102268003f00c01f00800f00801f00c00700803f94
:1022780000c00700007f00e00300007e00f00100be
:1022880000fe00f0010000fc01f8000000f80378ef
:10229800000000f0037c000000f0073e000000e0b2
:1022a8000f3e000000c00f1f000000c09f0f00007d
:1022b8000080bf0f00000000ff0700000000fe03c1
:1022c80000000000fe0300000000fc010000000008
:1022d800f80100000000fc0300000000fe070000f9
:1022e8000000fe0700000000ff0f00000080cf1f65
:1022f800000000808f1f000000c0873f000000c062
:10230800077f000000e003fe000000f001fc000071
:1023180000f001fc010000f800f80300007c00f068
:102328000300007c00f00700003e00e00f00001ee4
:1023380000c01f00001f00801f00800f00803f00aa
:10234800c00f00007f00f01f00c0ff01feff01f872
:10235800ff07feff01f8ff07000000000000000073
:102368000000000000000000000000000000000065
:102378000000000000000000000000000000000055
:102388000000000000000000000000000000000045
:102398000000000000000000000000000000000035
:1023a8000000000000000000000000000000000025
:1023b8000000000000000000000000000000000015
:1023c8000000000000000000000000000000000005
:1023d80000000000000000000000000000000000f5
:1023e80000000000000000000000000000000000e5
:1023f80000000000000000000000000000000000d5
:1024080000000000000000000000000000000000c4
:1024180000000000000000000000000000000000b4
:1024280000000000000000000000000000000000a4
:102438000000000000000000000000000000000094
:102448000000fe0100000000ff0300f8ff01f8078c
:1024580000f0ff01e00f00801f00c00f00800f0098
:10246800c01f00800700803f00c00700003f00c079
:102478000300007f00e00300007e00f0010000fc84
:1024880000f0010000fc01f8000000f801f800006d
:1024980000f8037c000000f0033c000000e0073e69
:1024a800000000e0071f000000c00f1f000000c070
:1024b8008f0f000000809f0f00000080ff070000c2
:1024c8000000ff0700000000ff0300000000fe01fd
:1024d80000000000fe0100000000fc0000000000f9
:1024e800fc0000000000fc0000000000fc000000f0
:1024f8000000fc0000000000fc0000000000fc00e0
:1025080000000000fc0000000000fc0000000000cb
:10251800fc0000000000fc0000000000fc000000bf
:102528000000fc0000000000fc0000000000fc00af
:1025380000000000fc0000000000fc00000000009b
:10254800ff03000000f0ff3f000000f0ff3f000025
:102558000000000000000000000000000000000073
:102568000000000000000000000000000000000063
:102578000000000000000000000000000000000053
:102588000000000000000000000000000000000043
:102598000000000000000000000000000000000033
:1025a8000000000000000000000000000000000023
:1025b8000000000000000000000000000000000013
:1025c8000000000000000000000000000000000003
:1025d80000000000000000000000000000000000f3
:1025e80000000000000000000000000000000000e3
:1025f80000000000000000000000000000000000d3
:1026080000000000000000000000000000000000c2
:1026180000000000000000000000000000000000b2
:10262800000000000000006000000000e0ffffff65
:1026380003e0ffffff03e0ffffff03e00300f801f3
:10264800e00100fc01e00000fe006000007e007078
:1026580000007f007000003f003000801f00000075
:10266800c01f000000c00f000000e00f000000f0d5
:1026780007000000f003000000f803000000f80164
:10268800000000fc00000000fe000000007e0000ca
:1026980000007f000000803f000000801f00000055
:1026a800c01f000000e00f000000e007000000f07d
:1026b80007000000f003000000f803000000fc0120
:1026c800000000fc00000000fe000000007f000089
:1026d80000003f000000803f000006c01f00000708
:1026e800c01f000007e00f000007e007008007f0a8
:1026f80007008007f80300c007f8ffffff07fcff8b
:10270800ffff03f8ffffff030000000000000000c8
:1027180000000000000000000000000000000000b1
:1027280000000000000000000000000000000000a1
:102738000000000000000000000000000000000091
:102748000000000000000000000000000000000081
:102758000000000000000000000000000000000071
:102768000000000000000000000000000000000061
:102778000000000000000000000000000000000051
:1027880000000000e0ff1fe0ff3fe0ff1fe0070040
:10279800e00700e00700e00700e00700e00700e0ce
:1027a8000700e00700e00700e00700e00700e00797
:1027b80000e00700e00700e00700e00700e007008e
:1027c800e00700e00700e00700e00700e00700e09e
:1027d8000700e00700e00700e00700e00700e00767
:1027e80000e00700e00700e00700e00700e007005e
:1027f800e00700e00700e00700e00700e00700e06e
:102808000700e00700e00700e00700e00700e00736
:1028180000e00700e00700e00700e00700e007002d
:10282800e00700e00700e00700e00700e00700e03d
:102838000700e00700e00700e00700e00700e00706
:1028480000e00700e00700e0ff1fe0ff3fe0ff1f98
:102858000000000000000000000000000000000070
:102868000000000000000000000000000000000060
:102878000000000000000000000000000000000050
:102888000000000000000000000000000000000040
:102898001c000000007c000000007800000000f828
:1028a80000000000f800000000f001000000f00146
:1028b800000000f001000000e003000000e0030059
:1028c8000000c007000000c007000000c0070000ab
:1028d80000800f000000800f000000800f00000043
:1028e800001f000000001f000000003e0000000064
:1028f8003e000000003e000000007c000000007c5c
:10290800000000007c00000000f800000000f80053
:10291800000000f001000000f001000000f00100dc
:102928000000e003000000e003000000c003000016
:1029380000c007000000c007000000800f00000072
:10294800800f000000800f000000001f0000000042
:102958001f000000001e000000003e000000003eb6
:10296800000000007c000000007c000000007c00eb
:10297800000000f800000000f800000000f000006f
:102988000000f001000000f001000000e00300007a
:1029980000e003000000e003000000c007000000a2
:1029a800c0070000008007000000800f00000080c2
:1029b8000f000000001f000000001f000000001fa3
:1029c800000000003e000000003e000000003c0047
:1029d8000000007c000000007c00000000f80000ff
:1029e800000060000000000000000000000000007f
:1029f80000000000000000000000000000000000cf
:102a080000000000000000000000000000000000be
:102a180000000000000000000000000000000000ae
:102a280000000000fcff01feff01feff0100f001b5
:102a380000f00100f00100f00100f00100f00100d9
:102a4800f00100f00100f00100f00100f00100f0d9
:102a58000100f00100f00100f00100f00100f001b8
:102a680000f00100f00100f00100f00100f00100a9
:102a7800f00100f00100f00100f00100f00100f0a9
:102a88000100f00100f00100f00100f00100f00188
:102a980000f00100f00100f00100f00100f0010079
:102aa800f00100f00100f00100f00100f00100f079
:102ab8000100f00100f00100f00100f00100f00158
:102ac80000f00100f00100f00100f00100f0010049
:102ad800f00100f00100f00100f00100f00100f049
:102ae8000100f00100f001fcff01feff01fcff0105
:102af80000000000000000000000000000000000ce
:102b080000000000000000000000000000000000bd
:102b180000000000000000000000000000000000ad
:102b2800000000000000000000000000000000009d
:102b38000000000000000008000000000e00000077
:102b4800000f000000801f000000c01f000000c030
:102b58003f000000c03f000000e03f000000e07fb1
:102b6800000000e07e000000f0fc000000f0fc0027
:102b7800000078f800000078f801000078f80100fb
:102b8800003cf00100003cf00300003cf0030000b2
:102b98001ee00700001ee00700000fc00700000f3e
:102ba800c00f00000fc00f008007800f0080078053
:102bb8001f008007001f00c003003f00c003003f44
:102bc80000c003003e00e001007e00e001007e003e
:102bd800f00000fc00f00000fc007000007800101d
:102be80000001800000000000000000000000000c5
:102bf80000000000000000000000000000000000cd
:102c080000000000000000000000000000000000bc
:102c180000000000000000000000000000000000ac
:102c2800000000000000000000000000000000009c
:102c3800000000000000000000000000000000008c
:102c4800000000000000000000000000000000007c
:102c5800000000000000000000000000000000006c
:102c6800000000000000000000000000000000005c
:102c7800000000000000000000000000000000004c
:102c8800000000000000000000000000000000003c
:102c9800000000000000000000000000000000002c
:102ca800000000000000000000000000000000001c
:102cb800000000000000000000000000000000000c
:102cc80000000000000000000000000000000000fc
:102cd80000000000000000000000000000000000ec
:102ce80000000000000000000000000000000000dc
:102cf80000000000000000000000000000000000cc
:102d080000000000000000000000000000000000bb
:102d180000000000000000000000000000000000ab
:102d2800000000000000000000000000000000009b
:102d3800000000000000000000000000000000008b
:102d4800000000000000000000000000000000007b
:102d5800000000000000000000000000000000006b
:102d6800000000000000000000000000000000005b
:102d7800000000000000000000000000000000004b
:102d8800000000000000000000000000000000003b
:102d9800000000000000000000000000000000002b
:102da800000000000000000000000000000000001b
:102db800000000000000000000000000000000000b
:102dc80000000000000000000000000000000000fb
:102dd80000000000000000000000000000000000eb
:102de80000000000000000000000000000000000db
:102df80000000000000000000000000000000000cb
:102e080000000000000000000000f8ffff7f00fc49
:102e1800ffffff00fcffff7f000000000000000034
:102e2800000000000000000000000000000000009a
:102e3800000000000000000000000000000000008a
:102e4800000000000000000000000000000000007a
:102e5800000000000000000000000000000000006a
:102e6800000000000000000000000000000000005a
:102e780000400000fc0000fe0000fc0100f801001a
:102e8800f00300e00300e00700c00f00800f00001f
:102e98001f00001e00003c00007800007000006069
:102ea800000000000000000000000000000000001a
:102eb800000000000000000000000000000000000a
:102ec80000000000000000000000000000000000fa
:102ed80000000000000000000000000000000000ea
:102ee80000000000000000000000000000000000da
:102ef80000000000000000000000000000000000ca
:102f080000000000000000000000000000000000b9
:102f180000000000000000000000000000000000a9
:102f28000000000000000000000000000000000099
:102f38000000000000000000000000000000000089
:102f48000000000000000000000000000000000079
:102f58000000000000000000000000000000000069
:102f68000000000000000000000000000000000059
:102f78000000000000000000000000000000000049
:102f88000000000000000000000000000000000039
:102f98000000000000000000000000000000000029
:102fa8000000000000000000000000000000000019
:102fb8000000000000000000000000000000000009
:102fc80000000000000000000000000000000000f9
:102fd80000000000000000000000000000000000e9
:102fe800000000c03f000000f8ff000000feff01e5
:102ff80000801ffc0300c007f00300e003f0070097
:10300800f001e00700f801e00700f801e0070038e8
:1030180000e007000000e007000000e007000000f3
:10302800e007000000e007000000fe070000e0ffe6
:10303800070000fcef070000ffe00700801fe00723
:1030480000c00fe00700e007e00700e003e007002a
:10305800f003e00700f001e00700f801e00700f8de
:1030680001e00700f801f00700f801f80700f8038d
:10307800fe0700f887ef8700f0ffe7ff00f0ffe3a7
:103088007f00e0ffc13f00c07fc00f00801f8003aa
:103098000000000000000000000000000000000028
:1030a8000000000000000000000000000000000018
:1030b8000000000000000000000000000000000008
:1030c80000000000000000000000000000000000f8
:1030d80000000000000000000000000000000000e8
:1030e80000000000000000000000000000000000d8
:1030f80000000000000000000000000000000000c8
:1031080000000000000000000000000000000000b7
:1031180000000000000000000000000000000300a4
:103128000000c007000000fc07000000ff070000c7
:1031380000fc07000000f007000000e007000000a6
:10314800e007000000e007000000e007000000e0e2
:1031580007000000e007000000e007000000e007ab
:10316800000000e007000000e007000000e00700a2
:103178000000e007000000e007000000e007000092
:1031880000e007000000e007f00300e007fc0f0084
:10319800e007fe1f00e083ff3f00e0c3ff7f00e081
:1031a800e387ff00e0f301ff00e07b00fe00e03f63
:1031b80000fc01e01f00f801e00f00f801e00f003b
:1031c800f003e00700f003e00700f003e00700e089
:1031d80003e00700e003e00700e003e00700e00386
:1031e800e00700e003e00700e003e00700e003e099
:1031f8000700e001e00700e001e00700f001e00758
:1032080000f000e00700f000e007007800e01f0091
:103218003c00e07f003e00e0ff811f00e0ffff0f61
:103228000080ffff070000feff010000f87f00009c
:1032380000c01f00000000000000000000000000a7
:103248000000000000000000000000000000000076
:103258000000000000000000000000000000000066
:103268000000000000000000000000000000000056
:103278000000000000000000000000000000000046
:103288000000000000000000000000000000000036
:103298000000000000000000000000000000000026
:1032a8000000000000000000000000000000000016
:1032b8000000000000000000000000000000000006
:1032c80000000000000000000000000000000000f6
:1032d80000000000000000000000000000000000e6
:1032e80000000000000000000000000000000000d6
:1032f80000000000000000000000000000000000c6
:103308000000000000000000000000000000ff01b5
:1033180000e0ff0f00f0ff1f007ce01f001e800f81
:10332800000f000f8007000ec0030004e003000038
:10333800f0010000f0010000f8010000f8000000b2
:10334800f8000000fc000000fc000000fc00000089
:10335800fc000000fc000000fc000000fc00000075
:10336800fc010000fc010000f8010000f803000067
:10337800f8070008f0070018f00f001ce03f000fe6
:10338800c0ffc00780ffff0300ffff0100feff0032
:1033980000f87f0000e00f000000000000000000bf
:1033a8000000000000000000000000000000000015
:1033b8000000000000000000000000000000000005
:1033c80000000000000000000000000000000000f5
:1033d80000000000000000000000000000000000e5
:1033e80000000000000000000000000000000000d5
:1033f80000000000000000000000000000000000c5
:1034080000000000000000000000000000000000b4
:103418000000000030000000007f000000f07f0086
:103428000000f07f000000007f000000007e000028
:1034380000007e000000007e000000007e0000000a
:10344800007e000000007e000000007e00000000fa
:103458007e000000007e000000007e000000007e6c
:10346800000000007e000000007e000000007e00da
:103478000000007e000000007e0000803f7e00000b
:10348800e0ff7f0000f8ff7f00007ce07f00001e67
:10349800807f00000f007f008007007e00c00700cb
:1034a8007e00c003007e00e003007e00e003007e93
:1034b80000f001007e00f001007e00f001007e00b7
:1034c800f801007e00f801007e00f801007e00f897
:1034d80001007e00f801007e00f801007e00f8017e
:1034e800007e00f803007e00f803007e00f0030071
:1034f8007e00f007007e00f007007f00f00f807f5d
:1035080000e01fc07f00e03fe07f00c07ff87e083a
:1035180080ff7ffe0f80ff3ffe0f00ff1ffc0300b0
:10352800fc07fc0000f0013800000000000000006b
:103538000000000000000000000000000000000083
:103548000000000000000000000000000000000073
:103558000000000000000000000000000000000063
:103568000000000000000000000000000000000053
:103578000000000000000000000000000000000043
:103588000000000000000000000000000000000033
:103598000000000000000000000000000000000023
:1035a8000000000000000000000000000000000013
:1035b8000000000000000000000000000000000003
:1035c80000000000000000000000000000000000f3
:1035d80000000000000000000000000000000000e3
:1035e80000000000000000000000000000000000d3
:1035f80000000000000000000000000000000000c3
:1036080000000000000000000000000000000000b2
:103618000000000000000000000000000000008022
:103628003f000000e0ff000000f8ff0300003cf04e
:103638000700001fe00700800fc00f00c007801fb1
:1036480000c003801f00e003001f00f001003f00de
:10365800f001003f00f801003f00f800003f00f8cb
:1036680000003f00fcffff3f00fcffff1f00fcffc6
:10367800ff0f00fc00000000fc00000000fc000040
:103688000000fc00000000fc01000000fc0100003c
:1036980000f801000000f803000000f80300100023
:1036a800f007003800f00f001c00e01f000f00c0fa
:1036b8007fc00f0080ffff030000ffff010000fe36
:1036c800ff000000fc7f000000e00f000000000089
:1036d80000000000000000000000000000000000e2
:1036e80000000000000000000000000000000000d2
:1036f80000000000000000000000000000000000c2
:1037080000000000000000000000000000000000b1
:1037180000000000000000000000000000000000a1
:103728000000000000000000000000000000000091
:103738000000000000000000000000000000000081
:103748000000000000000000000000000000000071
:103758000000f0010000fc070000ff1f00c0ff1f71
:1037680000e0f31f00f0c00f00f80003007c000029
:10377800007c0000003e0000003e0000003f00000a
:10378800001f0000001f0000001f0000801f000035
:10379800801f0000801f0000801f0000801f0000a5
:1037a800801f0000801f0000f0ff7f00fcff7f00eb
:1037b800fcff3f00801f1c00801f0000801f0000ce
:1037c800801f0000801f0000801f0000801f000075
:1037d800801f0000801f0000801f0000801f000065
:1037e800801f0000801f0000801f0000801f000055
:1037f800801f0000801f0000801f0000801f000045
:10380800801f0000801f0000801f0000801f000034
:10381800801f0000801f0000801f0000801f000024
:10382800c0ff0000fcff0f00fcff0f0000000000bd
:103838000000000000000000000000000000000080
:103848000000000000000000000000000000000070
:103858000000000000000000000000000000000060
:103868000000000000000000000000000000000050
:103878000000000000000000000000000000000040
:103888000000000000000000000000000000000030
:103898000000000000000000000000000000000020
:1038a8000000000000000000000000000000000010
:1038b8000000000000000000000000000000000000
:1038c80000000000000000000000000000000000f0
:1038d80000000000000000000000000000000000e0
:1038e80000000000000000000000000000000000d0
:1038f80000000000000000000000000000000000c0
:1039080000000000000000000000000000000000af
:10391800000000c01f000300f87fe00700fcffff65
:1039280003001ffcff018007f0ff01c007e007004c
:10393800c003c00f00e001800f00e001801f00f00d
:1039480001001f00f001001f00f001001f00f0013e
:10395800001f00f001001f00f003000f00f003003b
:103968000f00e007800700e00f800700c01fc003ba
:1039780000c07ff0010080ff7f000000fe3f0000d4
:1039880000f8070000003c000000001e00000000d6
:103998001f000000000f000000800f000000807f63
:1039a80000000080ff07000000ffff010000ffff8c
:1039b8001f0000fcff7f0000feffff0080ffffffed
:1039c80001c00fe0ff01e00700fe03f80300f80361
:1039d800fc0100f003fc0000e0037e0000e0037e31
:1039e8000000e0017e0000e0017e0000f000fe0023
:1039f80000f000fc01007800fc03003c00f80f0018
:103a08001e00f07fc00f00c0ffff030000ffff0093
:103a18000000f81f00000000000000000000000087
:103a2800000000000000000000000000000000008e
:103a3800000000000000000000000000000000007e
:103a480000000000000000000000000000000c0062
:103a58000000001f000000f01f000000fc1f000015
:103a680000f01f000000c01f000000801f000000c1
:103a7800801f000000801f000000801f00000080e1
:103a88001f000000801f000000801f000000801f32
:103a9800000000801f000000801f000000801f0041
:103aa8000000801f000000801f000000801f000031
:103ab80000801f000000801f001f00800fe07f00b3
:103ac800800ff0ff00800ffcff01800ffeff0180d8
:103ad8000f3ffc03808f0ff80380cf07f00380efc0
:103ae80003f00380ff01f00380ff00f003807f00f4
:103af800f003803f00f003803f00f003801f00f0d8
:103b080003801f00f003801f00f003801f00f003f4
:103b1800801f00f003801f00f003801f00f0038067
:103b28001f00f003801f00f003801f00f003801fb8
:103b380000f003801f00f003801f00f003801f00c7
:103b4800f003801f00f003801f00f003801f00f0c7
:103b580003e03f00fc0ffcff83ff7ffcff83ff7f38
:103b6800000000000000000000000000000000004d
:103b7800000000000000000000000000000000003d
:103b8800000000000000000000000000000000002d
:103b9800000000000000000000000000000000001d
:103ba800000000000000000000000000000000000d
:103bb80000000000000000000000000000000000fd
:103bc80000000000000000000000000000000000ed
:103bd80000000000000000000000000000000000dd
:103be80000000000000000000000000000000000cd
:103bf80000000000000800003e00003e00003f00fa
:103c0800003f00003f00001f00001e0000000000f1
:103c1800000000000000000000000000000000702c
:103c280000007e00c07f00f07f00c07f00007f00a2
:103c3800007e00007e00007e00007e00007e000006
:103c48007e00007e00007e00007e00007e00007e78
:103c580000007e00007e00007e00007e00007e00e6
:103c6800007e00007e00007e00007e00007e0000d6
:103c78007e00007e00007e00007e0080ff01f0ffd5
:103c88000ff0ff0f0000000000000000000000001f
:103c9800000000000000000000000000000000001c
:103ca800000000000000000000000000000000000c
:103cb80000000000000000000000000000000000fc
:103cc80000000000000000000000000000000000ec
:103cd80000000000000000000000000000000000dc
:103ce80000000000000000000000000000000000cc
:103cf80000000200800f00800f00c00f00c00f00fe
:103d0800c00f00c00700800700000000000000008e
:103d18000000000000000000000000001c00801fe0
:103d280000f01f00fc1f00f01f00c01f00801f00d4
:103d3800801f00801f00801f00801f00801f0080e0
:103d48001f00801f00801f00801f00801f00801f31
:103d580000801f00801f00801f00801f00801f0040
:103d6800801f00801f00801f00801f00801f0080b0
:103d78001f00801f00801f00801f00801f00801f01
:103d880000801f00801f00801f00800f00800f0030
:103d9800800f00c00f00c00700c00700e00300e06c
:103da8000310f00138f800fc7f00fe3f00ff0f0011
:103db800fe0300f800000000000000000000000002
:103dc80000000000000000000000000000000000eb
:103dd80000000000000000000000000000000000db
:103de8000000000000000000000006000000800f36
:103df800000000f80f000000fe0f000000f80f00a0
:103e08000000e00f000000c00f000000c00f00001d
:103e180000c00f000000c00f000000c00f0000002d
:103e2800c00f000000c00f000000c00f000000c05d
:103e38000f000000c00f000000c00f000000c00ffe
:103e4800000000c00f000000c00f000000c00f00fd
:103e58000000c00f000000c00fe0ff07c00fe0ff28
:103e680007c00f007f00c00f001f00c00f800f00a9
:103e7800c00fc00700c00fe00300c00ff00000c073
:103e88000f7c0000c00f3e0000c00f1f0000c08f55
:103e9800070000c0cf030000c0ef010000c0ff030f
:103ea8000000c0ef070000c0cf0f0000c08f1f0048
:103eb80000c00f3f0000c00f3f0000c00f7e000091
:103ec800c00ffc0000c00ff80100c00ff80300c0cd
:103ed8000ff00700c00fe00f00c00fc00f00c00fa9
:103ee800801f00c00f803f00c00f007f00f01f0040
:103ef800fe0bfeff00fc0ffeff00f80100000000b3
:103f080000000000000000000000000000000000a9
:103f18000000000000000000000000000000000099
:103f28000000000000000000000000000000000089
:103f38000000000000000000000000000000000079
:103f48000000000000000000000000000000000069
:103f58000000000000000000000000000000000059
:103f68000000000000000000000000000000000049
:103f78000000000000000000000000000c00001f0e
:103f880000f01f00fc1f00f01f00c01f00801f0072
:103f9800801f00801f00801f00801f00801f00807e
:103fa8001f00801f00801f00801f00801f00801fcf
:103fb80000801f00801f00801f00801f00801f00de
:103fc800801f00801f00801f00801f00801f00804e
:103fd8001f00801f00801f00801f00801f00801f9f
:103fe80000801f00801f00801f00801f00801f00ae
:103ff800801f00801f00801f00801f00801f00801e
:104008001f00801f00801f00801f00801f00801f6e
:1040180000801f00801f00c03f00fcff03fcff035f
:104028000000000000000000000000000000000088
:104038000000000000000000000000000000000078
:104048000000000000000000000000000000000068
:104058000000000000000000000000000000000058
:104068000000000000000000000000000000000048
:104078000000000000000000000000000000000038
:104088000000000000000000000000000000000028
:104098000000000000000000000000000000000018
:1040a8000000000000000000000000000000000008
:1040b80000000000000000000000000000000000f8
:1040c80000000000000000000000000000000000e8
:1040d80000000000000000000000000000000000d8
:1040e80000000000000000000000000000000000c8
:1040f80000000000000000000000000000000000b8
:1041080000000000000000000000000000000000a7
:104118000000000000000000000000000000000097
:104128000000000000000000000000000000000087
:104138000000000000000000000000000000000077
:10414800000000000000000000000000000c801fbc
:1041580000fc0000801fe03f00ff0300f81ff87f0d
:1041680080ff0700fc1ffcffe0ff0f00e01f1efea2
:10417800f0e10f00801f0ffcf9c01f00809f03f8bb
:104188003d801f0080df01f81f801f0080df01f8dd
:104198000f801f0080ff00f80f801f00807f00f84d
:1041a80007801f00803f00f803801f00803f00f851
:1041b80003801f00801f00f801801f00801f00f887
:1041c80001801f00801f00f801801f00801f00f879
:1041d80001801f00801f00f801801f00801f00f869
:1041e80001801f00801f00f801801f00801f00f859
:1041f80001801f00801f00f801801f00801f00f849
:1042080001801f00801f00f801801f00801f00f838
:1042180001801f00801f00f801801f00801f00f828
:1042280001801f00801f00f801801f00801f00f818
:1042380001801f00801f00f801801f00801f00f808
:1042480001801f00e07f00fe07e07f00fcffc3ff46
:104258003ffcff03fcffc3ff3ffcff03000000001f
:104268000000000000000000000000000000000046
:104278000000000000000000000000000000000036
:104288000000000000000000000000000000000026
:104298000000000000000000000000000000000016
:1042a8000000000000000000000000000000000006
:1042b80000000000000000000000000000000000f6
:1042c80000000000000000000000000000000000e6
:1042d80000000000000000000000000000000000d6
:1042e80000000000000000000000000000000000c6
:1042f80000000000000000000000000000000000b6
:1043080000000000000000000000000000000000a5
:104318000000000000000000000000000000000095
:104328000000000000000000000000000000000085
:104338000000000000000000000000000000000075
:104348000000000000000000000000000000000065
:104358000000000000000000000000000000000055
:104368000000000000000000000000000000000045
:104378000000000000000000000000000000000035
:104388000000000000000000000000000000000025
:104398000000000c001f00001fc07f00e01ff0ff9e
:1043a80000fc1ff8ff01fc1ffcff01e01f3efc039f
:1043b800801f0ff803809f07f00380df03f003805e
:1043c800ff01f00380ff00f003807f00f003803fcf
:1043d80000f003803f00f003801f00f003801f00ff
:1043e800f003801f00f003801f00f003801f00f01f
:1043f80003801f00f003801f00f003801f00f003fc
:10440800801f00f003801f00f003801f00f003806e
:104418001f00f003801f00f003801f00f003801fbf
:1044280000f003801f00f003801f00f003c03f006e
:10443800fc0ffcff83ff7ffcff83ff7f0000000071
:104448000000000000000000000000000000000064
:104458000000000000000000000000000000000054
:104468000000000000000000000000000000000044
:104478000000000000000000000000000000000034
:104488000000000000000000000000000000000024
:104498000000000000000000000000000000000014
:1044a8000000000000000000000000000000000004
:1044b80000000000000000000000000000000000f4
:1044c80000000000000000000000000000000000e4
:1044d80000000000000000000000000000000000d4
:1044e80000000000000000000000000000000000c4
:1044f80000000000000000000000000000000000b4
:1045080000000000000000000000000000000000a3
:104518000000000000000000000000000000000093
:104528000000000000000000000000000000000083
:1045380000000000000000803f000000e0ff0100d4
:1045480000f8ff0700007cf00f00001ee01f0000cd
:104558000fc03f008007803f00c007007f00c003f6
:10456800007e00e00300fe00e00300fc00f0010014
:10457800fc00f00100fc01f00100f801f80100f86e
:1045880001f80100f801f80100f801f80100f8014c
:10459800f80100f801f80100f801f80100f801f845
:1045a8000300f800f80300f800f00300f800f00733
:1045b800007c00f007007c00e007003c00e00f00f2
:1045c8003e00c01f001e00c03f000f00807f800714
:1045d8000000ffe0030000feff010000f87f00007c
:1045e80000c01f00000000000000000000000000e4
:1045f80000000000000000000000000000000000b3
:1046080000000000000000000000000000000000a2
:104618000000000000000000000000000000000092
:104628000000000000000000000000000000000082
:104638000000000000000000000000000000000072
:104648000000000000000000000000000000000062
:104658000000000000000000000000000000000052
:104668000000000000000000000000000000000042
:104678000000000000000000000000000000000032
:104688000000000000000000000000000000000022
:104698000000000000000000000000000000000012
:1046a8000000000000000000000000000000000002
:1046b80000000000000000000000000000000000f2
:1046c80000000000000000000000000000000000e2
:1046d80000000000000000000000000cc00700c03f
:1046e8001ff01f00fc1ff87f00fc1ffc7f00c01f8d
:1046f8000fff00809f07fe0180df01fc0180df00c3
:10470800f803807f00f003807f00f003803f00e023
:1047180003801f00e007801f00e007801f00c0071c
:10472800801f00c007801f00c007801f00c00780cf
:104738001f00c007801f00c007801f00c007801f20
:1047480000c007801f00c003801f00c003801f0037
:10475800e003801f00e001801f00e001803f00f0bf
:1047680000807f00f80080ff017c0080ff077e004a
:1047780080ffff3f00809fff1f00801fff0f00800a
:104788001ffe0700801ff00100801f000000801f2f
:10479800000000801f000000801f000000801f0034
:1047a8000000801f000000801f000000801f000024
:1047b80000801f000000801f000000801f00000014
:1047c800801f000000801f000000e07f000000fc48
:1047d800ff070000fcff07000000000000000000c9
:1047e80000000000000000000000000000000000c1
:1047f80000000000000000000000000000000000b1
:1048080000000000000000000000000000000000a0
:104818000000000000000000000000000000000090
:104828000000000000000000000000000000000080
:104838000000000000000000000000000000000070
:104848000000000000000000000000000000000060
:104858000000000000000000000000000000000050
:104868000000000000000000000000000000000040
:104878000000000000000000000000000000000030
:104888007fc00000c0ffe10000f0fff300007ce003
:10489800ff00003e807f00001f007f00800f007f28
:1048a800008007007e00c007007e00e003007e0055
:1048b800e003007e00f003007e00f001007e00f0bf
:1048c80001007e00f801007e00f801007e00f8017a
:1048d800007e00f801007e00f801007e00f801006b
:1048e8007e00f801007e00f803007e00f803007ed9
:1048f80000f003007e00f007007e00f007007f0054
:10490800e00f807f00e01fc07f00c03fe07f00c055
:104918007ff87d0080ffff7c0000ff7f7c0000fea9
:104928003f7c0000fc0f7c0000f0037c00000000ce
:104938007c000000007e000000007e000000007e79
:10494800000000007e000000007e000000007e00e5
:104958000000007e000000007e000000007e0000d5
:1049680000007e000000007e000000007e000000c5
:1049780080ff000000f8ff0f0000f8ff0f000000a4
:10498800000000000000000000000000000000001f
:10499800000000000000000000000000000000000f
:1049a80000000000000000000000000000000000ff
:1049b80000000000000000000000000000000000ef
:1049c80000000000000000000000000000000000df
:1049d80000000000000000000000000000000000cf
:1049e80000000000000000000000000000000000bf
:1049f80000000000000000000000000000000000af
:104a0800000000000006f801c007fc07fc0ffe07c5
:104a1800fe0fff07f08fff07e0cfc307c0ef810746
:104a2800c0ef8003c07f0003c07f0003c03f0000c9
:104a3800c03f0000c01f0000c01f0000c01f0000d2
:104a4800c00f0000c00f0000c00f0000c00f000022
:104a5800c00f0000c00f0000c00f0000c00f000012
:104a6800c00f0000c00f0000c00f0000c00f000002
:104a7800c00f0000c00f0000c00f0000c00f0000f2
:104a8800e03f0000feff0300feff030000000000ff
:104a9800000000000000000000000000000000000e
:104aa80000000000000000000000000000000000fe
:104ab80000000000000000000000000000000000ee
:104ac80000000000000000000000000000000000de
:104ad80000000000000000000000000000000000ce
:104ae80000000000000000000000000000000000be
:104af80000000000000000000000000000000000ae
:104b0800000000000000000000000000000000009d
:104b1800000000000000000000000000000000008d
:104b2800000000000000000000000000000000007d
:104b3800000000000000000000000000000000006d
:104b4800000000000000000000000000000000005d
:104b58000000000000f8030000ff1f0080ff7f0036
:104b6800c0077f00e0037e00e0017800f001380014
:104b7800f0013000f0010000f0030000f007000031
:104b8800f00f0000e03f0000e0ff0000c0ff010060
:104b980080ff070000ff1f0000fc3f0000f07f00bf
:104ba80000c0ff000080ff000000fe010000fc01c3
:104bb8000000f8011000f0013000f0013000f001b1
:104bc8003000f0017000f000f000f800f0017c0007
:104bd800f0073e00f0ff1f00c0ff070000fe0100c5
:104be80000000000000000000000000000000000bd
:104bf80000000000000000000000000000000000ad
:104c0800000000000000000000000000000000009c
:104c1800000000000000000000000000000000008c
:104c2800000000000000000000000000000000007c
:104c3800000000000000000000000000000000006c
:104c4800000000000000000000000000000000005c
:104c5800000000000000000000000000000000004c
:104c6800000000000000000000000000000000003c
:104c7800000000000000000000040000000e00001a
:104c8800800f0000c00f0000c00f0000c00f000020
:104c9800c00f0000c00f0000c00f0000c00f0000d0
:104ca800c00f0000c00f0000f8ffff00fcffff016d
:104cb800feff7f00c00f3800c00f0000c00f0000cb
:104cc800c00f0000c00f0000c00f0000c00f0000a0
:104cd800c00f0000c00f0000c00f0000c00f000090
:104ce800c00f0000c00f0000c00f0000c00f000080
:104cf800c00f0000c00f0000c00f0000c00f000070
:104d0800c00f0000c00f0000c00f0000c00f00005f
:104d1800c00f0000c01fc000c03ff80180ff7f0027
:104d280080ff3f0000ff0f0000fe0300007c000032
:104d3800000000000000000000000000000000006b
:104d4800000000000000000000000000000000005b
:104d5800000000000000000000000000000000004b
:104d6800000000000000000000000000000000003b
:104d7800000000000000000000000000000000002b
:104d8800000000000000000000000000000000001b
:104d9800000000000000000000000000000000000b
:104da80000000000000000000000000000000000fb
:104db80000000000000000000000000000000000eb
:104dc80000000000000000000000000000000000db
:104dd80000000000000000000000000000000000cb
:104de80000000000000000000000000000000000bb
:104df80000000000000000000000000000000000ab
:104e0800000000000000000000000000000000009a
:104e180000000006006000c00f00fe00fe0fe0ff6b
:104e280000fe0fe0ff00e00f00fe00c00f00fc00d6
:104e3800c00f00fc00c00f00fc00c00f00fc00c049
:104e48000f00fc00c00f00fc00c00f00fc00c00fea
:104e580000fc00c00f00fc00c00f00fc00c00f00e9
:104e6800fc00c00f00fc00c00f00fc00c00f00fcdd
:104e780000c00f00fc00c00f00fc00c00f00fc00c9
:104e8800c00f00fc00c00f00fc00c00f00fc00c0f9
:104e98000f00fe00c00f00fe00c01f00ff00c01f73
:104ea800c0ff00803fe0fd10807ff8fc1f80ff3fbf
:104eb800fc1f00ff1ff80700fe07f80100f801704b
:104ec80000000000000000000000000000000000da
:104ed80000000000000000000000000000000000ca
:104ee80000000000000000000000000000000000ba
:104ef80000000000000000000000000000000000aa
:104f08000000000000000000000000000000000099
:104f18000000000000000000000000000000000089
:104f28000000000000000000000000000000000079
:104f38000000000000000000000000000000000069
:104f48000000000000000000000000000000000059
:104f58000000000000000000000000000000000049
:104f68000000000000000000000000000000000039
:104f78000000000000000000000000000000000029
:104f88000000000000000000000000000000000019
:104f98000000000000000000000000000000000009
:104fa80000000000000000000000000000000000f9
:104fb8000000000000000000000000fe3f80ff0726
:104fc800fe3f80ff07f00700f800f003007800e0dc
:104fd80007007800e007003800c007003c00c00f59
:104fe800003c00c00f001e00800f001e00801f0044
:104ff8000e00001f000f00003f000f00003f0007d9
:1050080000003e800700007e800700007e800300cd
:10501800007cc0030000fcc0030000f8c0010000d1
:10502800f8e1010000f8e1000000f0f1000000f0f4
:10503800f3000000e073000000e07f000000e07f64
:10504800000000c03f000000c03f000000c01f007b
:105058000000801f000000801f000000000f0000fb
:105068000000030000000000000000000000000035
:105078000000000000000000000000000000000028
:105088000000000000000000000000000000000018
:105098000000000000000000000000000000000008
:1050a80000000000000000000000000000000000f8
:1050b80000000000000000000000000000000000e8
:1050c80000000000000000000000000000000000d8
:1050d80000000000000000000000000000000000c8
:1050e80000000000000000000000000000000000b8
:1050f80000000000000000000000000000000000a8
:105108000000000000000000000000000000000097
:105118000000000000000000000000000000000087
:105128000000000000000000000000000000000077
:105138000000000000000000000000000000000067
:105148000000000000000000000000000000000057
:105158000000000000000000000000000000000047
:105168000000000000000000000000000000000037
:105178000000000000000000000000000000000027
:105188000000000000000000000000000000000017
:1051980000000000000000000000000000fe3f00ca
:1051a8000e80ff03fe3f000e80ff03f807000f008c
:1051b8007e00f003001f007800e003001f003800a5
:1051c800e003801f003c00e007803f003c00c00770
:1051d800803f001c00c007c07f001c00c007c07fc4
:1051e800001e00800fc07d001e00800fe0fd000e35
:1051f80000800fe0f9000f00001fe0f8000f00002a
:105208001ff0f8010700001ff0f0010700003f70d1
:10521800f0810700003e78f0830700003e78e083c5
:105228000300003e38e0830300007c3ce0c7030035
:10523800007c3cc0c70100007c1cc0c7010000f80e
:105248001ec0ef010000f81e80ef010000f80e807c
:10525800ef000000f80f80ff000000f00f00ff00d3
:105268000000f007007f000000f007007f0000004a
:10527800e007007e000000e003007e000000e0017f
:10528800003e0000004000000c000000000000008c
:105298000000000000000000000000000000000006
:1052a80000000000000000000000000000000000f6
:1052b80000000000000000000000000000000000e6
:1052c80000000000000000000000000000000000d6
:1052d80000000000000000000000000000000000c6
:1052e80000000000000000000000000000000000b6
:1052f80000000000000000000000000000000000a6
:105308000000000000000000000000000000000095
:105318000000000000000000000000000000000085
:105328000000000000000000000000000000000075
:105338000000000000000000000000000000000065
:105348000000000000000000000000000000000055
:105358000000000000000000000000000000000045
:105368000000000000000000000000000000000035
:105378000000000000000000000000000000000025
:105388000000000000000000000000000000000015
:105398000000000000000000000000000000000005
:1053a8000000000000000000000000feffc0ff0732
:1053b800feffc0ff07f01f00ff00c00f003e008087
:1053c8001f001e00801f000f00003f800700007ea6
:1053d800c0030000fcc0030000fce1010000f8f17c
:1053e800000000f073000000e07f000000e03f00d4
:1053f8000000c01f000000801f000000803f000068
:1054080000c03f000000c07f000000e0fd00000079
:10541800f0f801000078f801000078f00300003c83
:10542800e00700001ec00f00000fc00f00000f8033
:105438001f008007003f00c003007e00e00300fe5d
:1054480000f80700ff03fe3fc0ff0ffe3fc0ff0f3d
:105458000000000000000000000000000000000044
:105468000000000000000000000000000000000034
:105478000000000000000000000000000000000024
:105488000000000000000000000000000000000014
:105498000000000000000000000000000000000004
:1054a80000000000000000000000000000000000f4
:1054b80000000000000000000000000000000000e4
:1054c80000000000000000000000000000000000d4
:1054d80000000000000000000000000000000000c4
:1054e80000000000000000000000000000000000b4
:1054f80000000000000000000000000000000000a4
:105508000000000000000000000000000000000093
:105518000000000000000000000000000000000083
:105528000000000000000000000000000000000073
:105538000000000000000000000000000000000063
:10554800000000000000000000000000000000f85b
:10555800ff00fe1ff8ff00fe1fe01f00e003c00f62
:1055680000e001801f00e001801f00e000001f0034
:10557800f000003f00f000003f007800003e007897
:1055880000007e007800007c003c0000fc003c002d
:1055980000fc001c0000f8001e0000f8011e0000be
:1055a800f8010e0000f0010f0000f0030f0000e00a
:1055b80003070000e087070000e087030000c0c77a
:1055c800030000c0cf030000c0cf01000080ff012e
:1055d800000080ff01000000ff00000000ff000045
:1055e8000000ff000000007e000000007e000000b8
:1055f800003c000000003c000000003c00000000ef
:105608001c000000001e000000001e000000000f2b
:10561800000000000f0000008007000000c0070025
:105628000000c003000000e001000010f0010000cd
:10563800f8ff000000fc7f000000fe3f000000feb5
:105648001f000000ff07000000f801000000000034
:105658000000000000000000000000000000000042
:105668000000000000000000000000000000000032
:105678000000000000000000000000000000000022
:105688000000000000000000000000000000000012
:105698000000000000000000000000000000000002
:1056a80000000000000000000000000000000000f2
:1056b80000000000000000000000000000000000e2
:1056c80000000000000000000000000000000000d2
:1056d80000000000e0ffff1fe0ffff1fe0ffff0fdb
:1056e800e000c00f7000e0077000f0033000f00326
:1056f8003000f8010000fc000000fc0000007e0003
:1057080000003f0000003f0000801f0000c00f00a5
:1057180000c0070000e0070000f0030000f00100ef
:1057280000f8010000fc0000007e0000007e000080
:10573800003f0000801f0018801f0018c00f0018cd
:10574800e007001ce007001cf003001ef8ffff1f25
:10575800f8ffff1ff8ffff1f000000000000000017
:105768000000000000000000000000000000000031
:105778000000000000000000000000000000000021
:105788000000000000000000000000000000000011
:105798000000000000000000000000000000000001
:1057a80000000000000000000000000000000000f1
:1057b80000000000000000000000000000000000e1
:1057c80000004000007000003c00001e00800f0038
:1057d800800700c00700e00300f00300f00100f0bc
:1057e8000100f80100f80100f80100f80100f801d3
:1057f80000f80100f80100f80300f80300f00300c6
:10580800f00300f00300f00300f00300f00300f0e1
:105818000300f00100f80100f800007c00003e00e1
:10582800801f00e01f00f07f0090ff0000fc0100d7
:10583800f80100f00300f00300f00300f00300f0ab
:105848000300f00300f00300f00300f00300f80386
:1058580000f80300f80100f80100f80100f8010061
:10586800f80100f80100f80100f80100f00100f06b
:105878000100f00300e00300c00700800f00001fd4
:1058880000007e00007800006000000000000000ba
:105898000000000000000000000000000000000000
:1058a80000000000000000000000000000000003ed
:1058b800c007c007c007c007c007c007c007c007a8
:1058c800c007c007c007c007c007c007c007c00798
:1058d800c007c007c007c007c007c007c007c00788
:1058e800c007c007c007c007c007c007c007c00778
:1058f800c007c007c007c007c007c007c007c00768
:10590800c007c007c007c007c007c007c007c00757
:10591800c007c007c007c007c007c007c007c00747
:10592800c007c007c007c007c007c007c007c00737
:10593800c007c007c007c007c007c007c007c0012d
:10594800000000000000000000000000000000004f
:10595800000000000000000000000000000000003f
:10596800000000000600001e00007c0000f8000097
:10597800f00100e00300c00700c00f00800f0080a6
:105988001f00801f00801f00801f00801f00801fd5
:1059980000801f00801f00801f00c01f00c01f0064
:1059a800c00f00c00f00c00f00c00f00c00f00c024
:1059b8000f00c00f00c00f00c00f00801f00803f05
:1059c8000000ff0f00fe0f00f80700f801007c0040
:1059d800003e00001f00801f00800f00c00f00c0a5
:1059e8000f00c00f00c00f00c00f00c00f00c00f95
:1059f80000c01f00c01f00801f00801f00801f0004
:105a0800801f00801f00801f00801f00800f008003
:105a18000f00c00f00c00700e00300e00100f00025
:105a2800007800003c00000e0000060000000000a6
:105a3800000000000000000000000000000000005e
:105a4800000000000000000000000000000000004e
:105a5800000000000000000000000000000000003e
:105a6800000000000000000000000000000000002e
:105a7800000000000000000000000000000000001e
:105a8800000000000000000000000000000000000e
:105a980000000000000000000000000000000000fe
:105aa80000000000000000000000000000000000ee
:105ab80000000000000000000000000000000000de
:105ac80000000000000000000000000000000000ce
:105ad80000000000000000000000000000000000be
:105ae80000000000000000000000000000000000ae
:105af80000000000000000007c00800000ff018022
:105b08000180ff03c001c0ff0fc000c0ff1fe000fd
:105b1800e0ff7f7800f0f0ff3f0038c0ff3f00381b
:105b280080ff1f001c00fe0f000c00f80700080093
:105b3800e00100000000000000000000000000007c
:105b4800000000000000000000000000000000004d
:105b5800000000000000000000000000000000003d
:105b6800000000000000000000000000000000002d
:105b7800000000000000000000000000000000001d
:105b8800000000000000000000000000000000000d
:105b980000000000000000000000000000000000fd
:105ba80000000000000000000000000000000000ed
:105bb80000000000000000000000000000000000dd
:105bc80000000000000000000000000000000000cd
:105bd80000000000000000000000000000000000bd
:105be80000000000000000000000000000000000ad
:105bf800fc5b029d00002e003a00e8002e3c0000ed
:105c08005eac05005e8c10005e6c1b005e4c2600ce
:105c18005e2c31005e0c3c005eec46005ecc510010
:105c28005eac5c005d8c67005e6c72002e4c7d0083
:105c3800000000000000000000000000000000005c
:105c4800000000000000000000000000000000004c
:105c5800000000000000000000000000000000003c
:105c6800000000000000000000000000000000002c
:105c7800000000000000000000000000000000001c
:105c8800000000000000000000000000000000000c
:105c980000000000000000000000000000000000fc
:105ca80000000000000000000000000000000000ec
:105cb80000000000000000000000000000000000dc
:105cc80000000000000000000000000000000000cc
:105cd80000000000000000000000000000000000bc
:105ce80000000000000000000000000000000000ac
:105cf800000000000000000000000000000000009c
:105d0800000000000000000000000000000000008b
:105d1800000000000000000000000000000000007b
:105d2800000000000000000000000000000000006b
:105d3800000000000000000000000000000000005b
:105d4800000000000000000000000000000000004b
:105d5800000000000000000000000000000000003b
:105d6800000000000000000000000000000000002b
:105d7800000000000000000000000000000000001b
:105d8800000000000000000000000000000000000b
:105d980000000000000000000000000000000000fb
:105da80000000000000000000000000000000000eb
:105db80000000000000000000000000000000000db
:105dc80000000000000000000000000000000000cb
:105dd80000000000000000000000000000000000bb
:105de80000000000000000000000000000000000ab
:105df800000000000000000000000000000000009b
:105e0800000000000000000000000000000000008a
:105e1800000000000000000000000000000000007a
:105e2800000000000000000000000000000000006a
:105e3800000000000000000000000000000000005a
:105e4800000000000000000000000000000000004a
:105e5800000000000000000000000000000000003a
:105e6800000000000000000000000000000000002a
:105e7800000000000000000000000000000000001a
:105e8800000000000000000000000000000000000a
:105e980000000000000000000000000000000000fa
:105ea80000000000000000000000000000000000ea
:105eb80000000000000000000000000000000000da
:105ec80000000000000000000000000000000000ca
:105ed80000000000000000000000000000000000ba
:105ee80000000000000000000000000000000000aa
:105ef800000000000000000000000000000000009a
:105f08000000000000000000000000000000000089
:105f18000000000000000000000000000000000079
:105f28000000000000000000000000000000000069
:105f38000000000000000000000000000000000059
:105f48000000000000000000000000000000000049
:105f58000000000000000000000000000000000039
:105f68000000000000000000000000000000000029
:105f78000000000000000000000000000000000019
:105f88000000000000000000000000000000000009
:105f980000000000000000000000000000000000f9
:105fa80000000000000000000000000000000000e9
:105fb80000000000000000000000000000000000d9
:105fc80000000000000000000000000000000000c9
:105fd80000000000000000000000000400000000b5
:105fe800c0ff00000000f0ff01000000f8ff030000
:105ff8000000fcff07000000feff07000000ffff95
:106008000f000000ffff0f000080ffff0f0000805f
:10601800ffff0f0000c0ffff0f0000c0ffff1f00c1
:1060280000c0ffff0f0000c0ffff0f0000e0fffff0
:106038000f0000e0ffff0f0000e0ffff0f0000e08f
:10604800ffff0f0000e0ffff070000c0ffff070091
:1060580000c0ffff030000c0ffff030000c0fffff8
:1060680001000080ffff00000080ff7f00000000ab
:10607800fe3f00000000fc0f0000000000000000d0
:106088000000000000000000000000000000000008
:1060980000000000000000000000000000000000f8
:1060a80000000000000000000000000000000000e8
:1060b80000000000000000000000000000000000d8
:1060c80000000000000000000000000000000000c8
:1060d80000000000000000000000000000000000b8
:1060e80000000000000000000000000000000000a8
:1060f8000000000000000000000000000000000098
:106108000000000000000000000000000000000087
:106118000000000000000000000000000000000077
:106128000000000000000000000000000000000067
:106138000000000000000000000000000000000057
:106148000000000000000000000000000000000047
:106158000000000000000000000000000000000037
:106168000000000000000000000000000000000027
:106178000000000000000000000000000000000017
:106188000000000000000000000000000000000007
:1061980000000000000000000000000000000000f7
:1061a80000000000000000000000000000000000e7
:1061b80000000000000000000000000000000000d7
:1061c80000000000000000000000000000000000c7
:1061d80000000000000000000000000000000000b7
:1061e80000000000000000000000000000000000a7
:1061f8000000000000000000000000000000000097
:106208000000000000000000000000000000000086
:106218000000000000000000000000000000000076
:106228000000000000000000000000000000000066
:106238000000000000000000000000000000000056
:106248000000000000000000000000000000000046
:106258000000000000000000000000000000000036
:106268000000000000000000000000000000000026
:106278000000000000000000000000000000000016
:106288000000000000000000000000000000000006
:1062980000000000000000000000000000000000f6
:1062a80000000000000000000000000000000000e6
:1062b80000000000000000000000000000002000b6
:1062c80000000000000000000000fc0000000000ca
:1062d800000000000080ff01000000000000000036
:1062e80000e0ff01000000000000000000f8ff00cf
:1062f800000000000000000000fcff00000000009b
:106308000000000000feff00000000000000000088
:1063180000fe7f00000000000000000000ff7f007a
:10632800000000000000000000ff7f0000000000e7
:106338000000000000ff3f00000000000000000017
:1063480080ff3f00000000000000000080ff1f00e9
:10635800000000000000000080ff1f000000000097
:1063680000000000c0ff1f00000000000000000047
:10637800c0ff0f000000000000000000e0ff0f0059
:106388000000000000000000e0ff0f000000000017
:1063980000000000e0ff070000000000000000000f
:1063a800f0ff07000000000000000000f0ff0300fd
:1063b8000000000000000000f0ff030000000000e3
:1063c80000000000f8ff03000000000000000000cb
:1063d800f8ff01000000000000000000fcff0100c1
:1063e8000000000000000000fcff010000000000a9
:1063f80000000000fcff000000000000000000009a
:10640800feff00000000000000000000feff00008a
:106418000000000000000000fe7f000000000000f7
:1064280000000000ff7f00000000000000000000e6
:10643800ff3f00000000000000000080ff3f000058
:106448000000000000000080ff3f00000000000086
:1064580000000080ff1f000000000000000000c0d6
:10646800ff1f000000000000000000c0ff1f000028
:1064780000000000000000c0ff0f00000000000046
:10648800000000e0ff0f000000000000000000e036
:10649800ff07000000000000000000f0ff070000f8
:1064a80000000000000000f0ff07000000000000ee
:1064b800000000f0ff03000000000000000000f8ea
:1064c800ff03000000000000000000f8ff030000c8
:1064d80000000000000000f8ff01000000000000bc
:1064e800000000fcff01000000000000000000fcac
:1064f800ff00000000000000000000feff00000098
:1065080000000000000000feff0000000000000086
:10651800000000fe7f00000000000000000000fff7
:106528007f00000000000000000000ff7f00000066
:1065380000000000000000ff3f0000000000000015
:10654800000080ff3f00000000000000000080ff06
:106558001f000000000000000000c0ff1f00000036
:10656800000000000000c0ff1f0000000000000045
:106578000000c0ff0f000000000000000000e0ff66
:106588000f000000000000000000e0ff0f00000006
:10659800000000000000e0ff07000000000000000d
:1065a8000000f0ff07000000000000000000f0fffe
:1065b80003000000000000000000f8ff03000000d6
:1065c800000000000000f8ff0300000000000000c9
:1065d8000000f8ff01000000000000000000fcffc0
:1065e80001000000000000000000fcff01000000a6
:1065f800000000000000fcff000000000000000098
:106608000000feff00000000000000000000fe7f08
:1066180000000000000000000000ff7f00000000f4
:10662800000000000000ff7f0000000000000000e4
:106638000000ff3f00000000000000000080ff3f56
:1066480000000000000000000080ff3f0000000084
:10665800000000000080ff1f000000000000000094
:1066680000c0ff1f000000000000000000c0ff0f76
:10667800000000000000000000e0ff0f0000000024
:106688000000000000e0ff0f000000000000000014
:1066980000e0ff07000000000000000000f0ff0716
:1066a800000000000000000000f0ff0700000000ec
:1066b8000000000000f8ff030000000000000000d8
:1066c80000f8ff03000000000000000000f8ff01d0
:1066d800000000000000000000fcff0100000000b6
:1066e8000000000000fcff010000000000000000a6
:1066f80000fcff00000000000000000000feff009a
:10670800000000000000000000feff000000000084
:106718000000000000ff7f000000000000000000f3
:1067280000ff7f00000000000000000000ff3f00a5
:10673800000000000000000080ff3f000000000093
:106748000000000080ff3f00000000000000000083
:1067580080ff1f000000000000000000c0ff1f00b5
:106768000000000000000000c0ff1f000000000043
:1067780000000000e0ff0f00000000000000000023
:10678800e0ff0f000000000000000000e0ff07002d
:106798000000000000000000f0ff070000000000fb
:1067a80000000000f0ff07000000000000000000eb
:1067b800f0ff03000000000000000000f8ff0300e5
:1067c8000000000000000000f8ff030000000000c7
:1067d80000000000fcff01000000000000000000b5
:1067e800fcff01000000000000000000fcff0000aa
:1067f8000000000000000000feff00000000000094
:1068080000000000feff0000000000000000000083
:10681800fe7f00000000000000000000ff7f000075
:106828000000000000000000ff7f000000000000e2
:1068380000000080ff3f0000000000000000008012
:10684800ff3f00000000000000000080ff1f000064
:1068580000000000000000c0ff1f00000000000052
:10686800000000c0ff1f000000000000000000c082
:10687800ff0f000000000000000000e0ff0f000014
:1068880000000000000000e0ff0f00000000000012
:10689800000000f0ff07000000000000000000f00a
:1068a800ff07000000000000000000f0ff030000e8
:1068b80000000000000000f8ff03000000000000d6
:1068c800000000f8ff03000000000000000000f8ce
:1068d800ff01000000000000000000fcff010000b4
:1068e80000000000000000fcff01000000000000a4
:1068f800000000feff00000000000000000000fe95
:10690800ff00000000000000000000fe7f00000003
:1069180000000000000000ff7f00000000000000f1
:10692800000000ff7f00000000000000000000ffe2
:106938003f00000000000000000080ff3f00000052
:1069480000000000000080ff3f0000000000000081
:106958000000c0ff1f000000000000000000c0ff92
:106968001f000000000000000000c0ff0f00000032
:10697800000000000000e0ff0f0000000000000021
:106988000000e0ff0f000000000000000000e0ff32
:1069980007000000000000000000f0ff07000000f2
:1069a800000000000000f0ff0700000000000000e9
:1069b8000000f8ff03000000000000000000f8ffde
:1069c80003000000000000000000f8ff01000000c4
:1069d800000000000000fcff0100000000000000b3
:1069e8000000fcff01000000000000000000fcffa8
:1069f80000000000000000000000feff0000000092
:106a0800000000000000feff000000000000000081
:106a18000000ff7f00000000000000000000ff7f72
:106a280000000000000000000000ff7f00000000e0
:106a3800000000000080ff3f000000000000000090
:106a48000080ff3f00000000000000000080ff1fe2
:106a5800000000000000000000c0ff1f0000000050
:106a68000000000000c0ff1f000000000000000040
:106a780000e0ff0f000000000000000000e0ff0f32
:106a8800000000000000000000e0ff0f0000000010
:106a98000000000000f0ff070000000000000000f8
:106aa80000f0ff07000000000000000000f0ff03f6
:106ab800000000000000000000f8ff0300000000d4
:106ac8000000000000f8ff030000000000000000c4
:106ad80000fcff01000000000000000000fcff01b6
:106ae800000000000000000000fcff0100000000a2
:106af8000000000000feff00000000000000000091
:106b080000feff00000000000000000000fe7f0003
:106b1800000000000000000000ff7f0000000000ef
:106b28000000000000ff7f000000000000000000df
:106b380080ff3f00000000000000000080ff3f00d1
:106b4800000000000000000080ff3f00000000007f
:106b580000000000c0ff1f0000000000000000004f
:106b6800c0ff07000000000000000000c0ff010097
:106b78000000000000000000c03f0000000000000e
:106b880000000000000700000000000000000000f6
:106b980000000000000000000000000000000000ed
:106ba80000000000000000000000000000000000dd
:106bb80000000000000000000000000000000000cd
:106bc80000000000000000000000000000000000bd
:106bd80000000000000000000000000000000000ad
:106be800000000000000000000000000000000009d
:106bf800000000000000000000000000000000008d
:106c0800000000000000000000000000000000007c
:106c1800000000000000000000000000000000006c
:106c2800000000000000000000000000000000005c
:106c3800000000000000000000000000000000004c
:106c4800000000000000000000000000000000003c
:106c5800000000000000000000000000000000002c
:106c6800000000000000000000000000000000001c
:106c7800000000000000000000000000000000000c
:106c880000000000000000000000000000000000fc
:106c980000000000000000000000000000000000ec
:106ca80000000000000000000000000000000000dc
:106cb80000000000000000000000000000000000cc
:106cc80000000000000000000000000000000000bc
:106cd80000000000000000000000000000000000ac
:106ce800000000000000000000000000000000009c
:106cf800000000000000000000000000000000008c
:106d0800000000000000000000000000000000007b
:106d1800000000000000000000000000000000006b
:106d2800000000000000000000000000000000005b
:106d3800000000000000000000000000000000004b
:106d4800000000000000000000000000000000003b
:106d5800000000000000000000000000000000002b
:106d6800000000000000000000000000000000001b
:106d7800000000000000000000000000000000000b
:106d880000000000000000000000000000000000fb
:106d980000000000000000000000000000000000eb
:106da80000000000000000000000000000000000db
:106db80000000000000000000000000000000000cb
:106dc80000000000000000000000000000000000bb
:106dd80000000000000000000000000000000000ab
:106de800000000000000000000000000000000009b
:106df800000000000000000000000000000000008b
:106e0800000000000000000000000000000000007a
:106e1800000000000000000000000000000000006a
:106e2800000000000000000000000000000000005a
:106e3800000000000000000000000000000000004a
:106e4800000000000000000000000000000000003a
:106e5800000000000000000000000000000000002a
:106e6800000000000000000000000000000000001a
:106e7800000000000000000000000000000000000a
:106e880000000000000000000000000000000000fa
:106e980000000000000000000000000000000000ea
:106ea80000000000000000000000000000000000da
:106eb80000000000000000000000000000000000ca
:106ec80000000000000000000000000000000000ba
:106ed80000000000000000000000000000000000aa
:106ee800000000000000000000000000000000009a
:106ef800000000000000000000000000000000008a
:106f08000000000000000000000000000000000079
:106f18000000000000000000000000000000000069
:106f28000000000000000000000000000000000059
:106f38000000000000000000000000000000000049
:106f4800000000000000000000f87f0000000000c2
:106f58000000000080ffff070000000000000000a4
:106f6800e0ffff3f0000000000000000f8ffff7f87
:106f78000000000000000000feffffff010000000d
:106f880000000000ffffffff07000000000000c036
:106f9800ffffffff0f000000000000e0ffffffff02
:106fa8001f000000000000f0ffffffff3f0000008f
:106fb800000000f8ffffffff7f000000000000fc5a
:106fc800ffffffffff000000000000feff03feffc1
:106fd800ff010000000000ff7f00f0ffff0300003a
:106fe800000080ff1f00e0ffff0300000000c0ff5b
:106ff8000f0080ffff0700000000e0ff030000ff14
:10700800ff0f00000000e0ff030000feff0f00007c
:107018000000f0ff010000fcff1f00000000f8ff67
:10702800000000f8ff3f00000000f87f000000f0bb
:10703800ff3f00000000fc7f000000e0ff7f000031
:107048000000fe3f000000e0ff7f00000000fe3f60
:10705800000000c0ffff00000000ff1f000000c08c
:10706800ffff00000000ff1f00000080ffff00007e
:107078000080ff0f00000000ffff01000080ff0fed
:1070880000000000ffff01000080ff0f000000006b
:10709800ffff030000c0ff0700000000feff030021
:1070a80000c0ff0700000000feff030000e0ff072c
:1070b80000000000fcff070000e0ff0700000000e0
:1070c800fcff070000e0ff0300000000fcff0700d2
:1070d80000f0ff0300000000f8ff070000f0ff03c6
:1070e80000000000f8ff0f0000f0ff0300000000a0
:1070f800f8ff0f0000f8ff0100000000f0ff0f008c
:1071080000f8ff0100000000f0ff0f0000f8ff0189
:1071180000000000f0ff1f0000f8ff010000000061
:10712800f0ff1f0000fcff0100000000e0ff1f004f
:1071380000fcff0100000000e0ff1f0000fcff0151
:1071480000000000e0ff1f0000fcff01000000003d
:10715800e0ff3f0000feff0000000000e0ff3f00ee
:1071680000feff0000000000e0ff3f0000feff00ff
:1071780000000000c0ff3f0000feff00000000000c
:10718800c0ff3f0000feff0000000000c0ff3f00fe
:1071980000feff0000000000c0ff3f0000feff00ef
:1071a80000000000c0ff3f0000ffff0000000000db
:1071b800c0ff3f0000ffff0000000000c0ff7f008d
:1071c80000ffff0000000000c0ff7f0000ffff007d
:1071d80000000000c0ff7f0000ffff00000000006b
:1071e80080ff7f0000ffff000000000080ff7f009d
:1071f80000ffff000000000080ff7f0000ffff008d
:107208000000000080ff7f0000ffff00000000007a
:1072180080ff7f0000ffff000000000080ff7f006c
:1072280000ffff000000000080ff7f0000ffff005c
:107238000000000080ff7f0000ffff00000000004a
:1072480080ff7f0000ffff000000000080ff7f003c
:1072580000ffff000000000080ff7f0000ffff002c
:107268000000000080ff7f0000ffff00000000001a
:1072780080ff7f0000ffff000000000080ff7f000c
:1072880000ffff000000000080ff7f0000ffff00fc
:107298000000000080ff3f0000ffff010000000029
:1072a80080ff3f0000ffff010000000080ff3f005b
:1072b80000ffff010000000080ff3f0000feff010b
:1072c8000000000080ff3f0000feff0100000000fa
:1072d80080ff3f0000feff010000000080ff3f002c
:1072e80000feff0100000000c0ff3f0000feff019c
:1072f80000000000c0ff1f0000feff0300000000a8
:10730800c0ff1f0000feff0300000000c0ff1f00b9
:1073180000fcff0300000000c0ff1f0000fcff038b
:1073280000000000c0ff1f0000fcff030000000079
:10733800c0ff0f0000fcff0700000000c0ff0f00a7
:1073480000fcff0700000000c0ff0f0000f8ff0767
:1073580000000000e0ff0f0000f8ff070000000039
:10736800e0ff070000f8ff0f00000000e0ff070043
:1073780000f8ff0f00000000e0ff070000f0ff0f1b
:1073880000000000e0ff030000f0ff1f0000000005
:10739800f0ff030000f0ff1f00000000f0ff0300f3
:1073a80000f0ff1f00000000f0ff010000e0ff3fb9
:1073b80000000000f0ff010000e0ff3f00000000b7
:1073c800f8ff010000e0ff3f00000000f8ff0000a8
:1073d80000c0ff7f00000000f8ff000000c0ff7f32
:1073e80000000000fc7f00000080ffff000000009c
:1073f800fc7f00000080ffff00000000fe3f00004f
:107408000000ffff01000000fe3f00000000ffff3a
:1074180003000000ff1f00000000feff0300000043
:10742800ff1f00000000feff07000080ff0f0000a4
:107438000000fcff0f000080ff0700000000fcffb9
:107448001f0000c0ff0700000000f8ff3f0000e039
:10745800ff0300000000f0ff7f0000f0ff010000c4
:107468000000f0ffff0000fcff0000000000e0ff4c
:10747800ff0300feff0000000000c0ffff1fc0ff69
:107488007f000000000080ffffffffff3f000000bb
:10749800000000ffffffffff1f000000000000fecc
:1074a800ffffffff0f000000000000fcffffffffd1
:1074b80003000000000000f8ffffffff01000000cc
:1074c800000000f0ffffffff00000000000000e0e8
:1074d800ffffff3f0000000000000080ffffff1fcc
:1074e8000000000000000000feffff070000000091
:1074f80000000000f8ffff0000000000000000008e
:10750800c0ff1f0000000000000000000000000095
:107518000000000000000000000000000000000063
:107528000000000000000000000000000000000053
:107538000000000000000000000000000000000043
:107548000000000000000000000000000000000033
:107558000000000000000000000000000000000023
:107568000000000000000000000000000000000013
:107578000000000000000000000000000000000003
:1075880000000000000000000000000000000000f3
:1075980000000000000000000000000000000000e3
:1075a80000000000000000000000000000000000d3
:1075b80000000000000000000000000000000000c3
:1075c80000000000000000000000000000000000b3
:1075d80000000000000000000000000000000000a3
:1075e8000000000000000000000000000000000093
:1075f8000000000000000000000000000000000083
:107608000000000000000000000000000000000072
:107618000000000000000000000000000000000062
:107628000000000000000000000000000000000052
:107638000000000000000000000000000000000042
:107648000000000000000000000000000000000032
:107658000000000000000000000000000000000022
:107668000000000000000000000000000000000012
:107678000000000000000000000000000000000002
:1076880000000000000000000000000000000000f2
:1076980000000000000000000000000000000000e2
:1076a80000000000000000000000000000000000d2
:1076b80000000000000000000000000000000000c2
:1076c80000000000000000000000000000000000b2
:1076d80000000000000000000000000000000000a2
:1076e8000000000000000000000000000000000092
:1076f8000000000000000000000000000000000082
:107708000000000000000000000000000000000071
:107718000000000000000000000000000000000061
:107728000000000000000000000000000000000051
:107738000000000000000000000000000000000041
:107748000000000000000000000000000000000031
:107758000000000000000000000000000000000021
:107768000000000000000000000000000000000011
:107778000000000000000000000000000000000001
:1077880000000000000000000000000000000000f1
:1077980000000000000000000000000000000000e1
:1077a80000000000000000000000000000000000d1
:1077b80000000000000000000000000000000000c1
:1077c80000000000000000000000000000000000b1
:1077d80000000000000000000000000000000000a1
:1077e8000000000000000000000000000000000091
:1077f8000000000000000000000000000000000081
:107808000000000000000000000000000000000070
:107818000000000000000000000000000000000060
:107828000000000000000000000000000000000050
:107838000000000000000000000000000000000040
:107848000000000000000000000000000000000030
:107858000000000000000000000000000000000020
:107868000000000000000000000000000000000010
:107878000000000000000000000000000000000000
:1078880000000000000000000000000000000000f0
:1078980000000000000000000000000000000000e0
:1078a80000000000000000000000000000000000d0
:1078b80000000000000000000000000000000000c0
:1078c80000000000000000000000000000000000b0
:1078d80000000000000000000000000000000000a0
:1078e8000000000000000000000000000000000090
:1078f8000000000000000000000000000000000080
:10790800000000000000000000000000000000006f
:10791800000000000000000000000000000000005f
:10792800000000000000000000000000000000004f
:10793800000000000000000000000000000000003f
:10794800000000000000000000000000000000002f
:10795800000000000000000000000000000000001f
:10796800000000000000000000000000000000000f
:1079780000000000000000000000000000000000ff
:1079880000000000000000000000000000000000ef
:1079980000000000000000000000000000000000df
:1079a80000000000000000000000000000000000cf
:1079b80000000000000000000000000000000000bf
:1079c80000000000000000000000000000000000af
:1079d800000000000000000000000000000000009f
:1079e800000000000000000000000000000000008f
:1079f800000000000000000000000000000000007f
:107a0800000000000000000000000000000000006e
:107a180000000000000000000000000000006000fe
:107a280000000000000000000000f8000000000056
:107a3800000000000000fe0100000000000000003f
:107a48000080ff03000000000000000000e0ff03ca
:107a5800000000000000000000f8ff030000000024
:107a68000000000000feff0300000000000000000e
:107a7800c0ffff030000000000000000f0ffff034c
:107a88000000000000000000fcffff0300000000f1
:107a980000000080ffffff0300000000000000e07e
:107aa800ffffff0300000000000000fcffffff03d2
:107ab80000000000000080ffffffff03000000003f
:107ac8000000f0ffffffff03000000000000feffc2
:107ad800ffffff030000000000c0ffffffffff03e0
:107ae8000000000000c0ffffffffff0300000000d0
:107af8000080ffffffffff03000000000080ff077a
:107b080000feff030000000000001f0000fcff0350
:107b1800000000000000000000f8ff030000000063
:107b28000000000000f8ff03000000000000000053
:107b380000f8ff03000000000000000000f8ff0349
:107b4800000000000000000000f8ff030000000033
:107b58000000000000f8ff03000000000000000023
:107b680000f8ff03000000000000000000f8ff0319
:107b7800000000000000000000f8ff030000000003
:107b88000000000000f8ff030000000000000000f3
:107b980000f8ff03000000000000000000f8ff03e9
:107ba800000000000000000000f8ff0300000000d3
:107bb8000000000000f8ff030000000000000000c3
:107bc80000f8ff03000000000000000000f8ff03b9
:107bd800000000000000000000f8ff0300000000a3
:107be8000000000000f8ff03000000000000000093
:107bf80000f8ff03000000000000000000f8ff0389
:107c0800000000000000000000f8ff030000000072
:107c18000000000000f8ff03000000000000000062
:107c280000f8ff03000000000000000000f8ff0358
:107c3800000000000000000000f8ff030000000042
:107c48000000000000f8ff03000000000000000032
:107c580000f8ff03000000000000000000f8ff0328
:107c6800000000000000000000f8ff030000000012
:107c78000000000000f8ff03000000000000000002
:107c880000f8ff03000000000000000000f8ff03f8
:107c9800000000000000000000f8ff0300000000e2
:107ca8000000000000f8ff030000000000000000d2
:107cb80000f8ff03000000000000000000f8ff03c8
:107cc800000000000000000000f8ff0300000000b2
:107cd8000000000000f8ff030000000000000000a2
:107ce80000f8ff03000000000000000000f8ff0398
:107cf800000000000000000000f8ff030000000082
:107d08000000000000f8ff03000000000000000071
:107d180000f8ff03000000000000000000f8ff0367
:107d2800000000000000000000f8ff030000000051
:107d38000000000000f8ff03000000000000000041
:107d480000f8ff03000000000000000000f8ff0337
:107d5800000000000000000000f8ff030000000021
:107d68000000000000f8ff03000000000000000011
:107d780000f8ff03000000000000000000f8ff0307
:107d8800000000000000000000f8ff0300000000f1
:107d98000000000000f8ff030000000000000000e1
:107da80000f8ff03000000000000000000f8ff03d7
:107db800000000000000000000f8ff0300000000c1
:107dc8000000000000f8ff030000000000000000b1
:107dd80000f8ff03000000000000000000f8ff03a7
:107de800000000000000000000f8ff030000000091
:107df8000000000000f8ff03000000000000000081
:107e080000f8ff03000000000000000000f8ff0376
:107e1800000000000000000000f8ff030000000060
:107e28000000000000f8ff03000000000000000050
:107e380000f8ff03000000000000000000f8ff0346
:107e4800000000000000000000f8ff030000000030
:107e58000000000000f8ff03000000000000000020
:107e680000f8ff03000000000000000000f8ff0316
:107e7800000000000000000000f8ff030000000000
:107e88000000000000f8ff030000000000000000f0
:107e980000f8ff03000000000000000000f8ff03e6
:107ea800000000000000000000f8ff0300000000d0
:107eb8000000000000f8ff030000000000000000c0
:107ec80000f8ff03000000000000000000f8ff03b6
:107ed800000000000000000000f8ff0300000000a0
:107ee8000000000000f8ff03000000000000000090
:107ef80000f8ff03000000000000000000f8ff0386
:107f0800000000000000000000f8ff03000000006f
:107f18000000000000f8ff0300000000000000005f
:107f280000f8ff03000000000000000000f8ff0355
:107f3800000000000000000000fcff070000000037
:107f48000000000000feff0f00000000000000001d
:107f580080ffff3f0000000000000000e0ffffff7f
:107f68000000000000000000feffffff0f000000ff
:107f7800000000e0ffffffffff000000000080ff9f
:107f8800ffffffffff1f00000000feffffffffffd6
:107f9800ffff07000000feffffffffffffff0700d6
:107fa8000000feffffffffffffff07000000feffce
:107fb800ffffffffffff07000000feffffffffffbf
:107fc800ffff0700000000000000000000000000a4
:107fd8000000000000000000000000000000000099
:107fe8000000000000000000000000000000000089
:107ff8000000000000000000000000000000000079
:108008000000000000000000000000000000000068
:108018000000000000000000000000000000000058
:108028000000000000000000000000000000000048
:108038000000000000000000000000000000000038
:108048000000000000000000000000000000000028
:108058000000000000000000000000000000000018
:108068000000000000000000000000000000000008
:1080780000000000000000000000000000000000f8
:1080880000000000000000000000000000000000e8
:1080980000000000000000000000000000000000d8
:1080a80000000000000000000000000000000000c8
:1080b80000000000000000000000000000000000b8
:1080c80000000000000000000000000000000000a8
:1080d8000000000000000000000000000000000098
:1080e8000000000000000000000000000000000088
:1080f8000000000000000000000000000000000078
:108108000000000000000000000000000000000067
:108118000000000000000000000000000000000057
:108128000000000000000000000000000000000047
:108138000000000000000000000000000000000037
:108148000000000000000000000000000000000027
:108158000000000000000000000000000000000017
:108168000000000000000000000000000000000007
:1081780000000000000000000000000000000000f7
:1081880000000000000000000000000000000000e7
:1081980000000000000000000000000000000000d7
:1081a80000000000000000000000000000000000c7
:1081b80000000000000000000000000000000000b7
:1081c80000000000000000000000000000000000a7
:1081d8000000000000000000000000000000000097
:1081e8000000000000000000000000000000000087
:1081f8000000000000000000000000000000000077
:108208000000000000000000000000000000000066
:108218000000000000000000000000000000000056
:108228000000000000000000000000000000000046
:108238000000000000000000000000000000000036
:108248000000000000000000000000000000000026
:108258000000000000000000000000000000000016
:108268000000000000000000000000000000000006
:1082780000000000000000000000000000000000f6
:1082880000000000000000000000000000000000e6
:1082980000000000000000000000000000000000d6
:1082a80000000000000000000000000000000000c6
:1082b80000000000000000000000000000000000b6
:1082c80000000000000000000000000000000000a6
:1082d8000000000000000000000000000000000096
:1082e8000000000000000000000000000000000086
:1082f8000000000000000000000000000000000076
:108308000000000000000000000000000000000065
:108318000000000000000000000000000000000055
:108328000000000000000000000000000000000045
:108338000000000000000000000000000000000035
:108348000000000000000000000000000000000025
:108358000000000000000000000000000000000015
:108368000000000000000000000000000000000005
:1083780000000000000000000000000000000000f5
:1083880000000000000000000000000000000000e5
:1083980000000000000000000000000000000000d5
:1083a80000000000000000000000000000000000c5
:1083b80000000000000000000000000000000000b5
:1083c80000000000000000000000000000000000a5
:1083d8000000000000000000000000000000000095
:1083e8000000000000000000000000000000000085
:1083f8000000000000000000000000000000000075
:108408000000000000000000000000000000000064
:108418000000000000000000000000000000000054
:108428000000000000000000000000000000000044
:108438000000000000000000000000000000000034
:108448000000000000000000000000000000000024
:108458000000000000000000000000000000000014
:108468000000000000000000000000000000000004
:1084780000000000000000000000000000000000f4
:1084880000000000000000000000000000000000e4
:1084980000000000000000000000000000000000d4
:1084a80000000000000000000000000000000000c4
:1084b80000000000000000000000000000000000b4
:1084c80000000000000000000000000000000000a4
:1084d8000000000000000000000000000000000094
:1084e8000000000000000000000000000000000084
:1084f8000000000000000000000000000000000074
:10850800000000000000000000c0ff07000000009d
:108518000000000000fcffff000000000000000059
:1085280080ffffff0300000000000000e0ffffffe6
:108538000f00000000000000fcffffff3f000000ec
:1085480000000000feffffff7f0000000000008029
:10855800ffffffffff010000000000e0ffffffff3b
:10856800ff030000000000f0ffffffffff03000013
:10857800000000fcff07f8ffff070000000000fef6
:10858800ff0080ffff0f0000000000ff3f0000fe1b
:10859800ff1f0000000080ff0f0000fcff1f00000d
:1085a8000000c0ff070000f0ff3f00000000e0fff0
:1085b800030000e0ff3f00000000f0ff010000e0c2
:1085c800ff7f00000000f8ff000000c0ff7f0000f0
:1085d8000000fcff00000080ff7f00000000fc7f1f
:1085e80000000080ffff00000000fe7f0000000088
:1085f800ffff00000000ff3f00000000ffff000039
:108608000000ff3f00000000feff00000080ff1f89
:1086180000000000feff00000080ff1f00000000b7
:10862800feff000000c0ff1f00000000feff010069
:1086380000c0ff0f00000000feff010000e0ff0f78
:1086480000000000fcff010000e0ff0f0000000038
:10865800fcff010000e0ff0f00000000fcff01002c
:1086680000e0ff0f00000000fcff010000e0ff0336
:1086780000000000fcff010000e0ff000000000017
:10868800fcff000000c03f0000000000fcff0000ed
:108698000080070000000000fcff00000000000050
:1086a80000000000feff00000000000000000000c5
:1086b800feff00000000000000000000fe7f000038
:1086c8000000000000000000fe7f00000000000025
:1086d80000000000fe7f0000000000000000000015
:1086e800ff3f00000000000000000000ff3f000006
:1086f8000000000000000000ff3f00000000000034
:1087080000000080ff1f0000000000000000008043
:10871800ff1f00000000000000000080ff0f0000a5
:1087280000000000000000c0ff0f00000000000073
:10873800000000c0ff07000000000000000000e08b
:10874800ff07000000000000000000e0ff03000039
:1087580000000000000000f0ff0100000000000021
:10876800000000f8ff01000000000000000000f811
:10877800ff00000000000000000000fcff000000f7
:1087880000000000000000fc7f0000000000000066
:10879800000000fe3f00000000000000000000ff95
:1087a8003f00000000000000000000ff1f00000064
:1087b80000000000000080ff0f0000000000000023
:1087c8000000c0ff0f000000000000000000c0ff14
:1087d80007000000000000000000e0ff03000000a8
:1087e800000000000000f0ff010000000000000091
:1087f8000000f0ff01000000000000000000f8ff8a
:1088080000000000000000000000fc7f00000000e5
:10881800000000000000fe3f000000000000000013
:108828000000fe3f00000000000000000000ff1fe5
:1088380000000000000000000080ff0f00000000a2
:108848000000000000c0ff0700000000000000005a
:1088580000c0ff03000000000000000000e0ff036c
:10886800000000000000000000f0ff010000000010
:108878000000000000f8ff000000000000000000f9
:1088880000f87f00000000000000000000fc3f002e
:10889800000000000000000000fe3f000000000093
:1088a8000000000000ff1f000000000000000000a2
:1088b80080ff0f00000000000000000080ff07009c
:1088c8000000000000000000c0ff030000000000de
:1088d80000000000e0ff01000000000000000000b0
:1088e800f0ff01000000000000000000f8ff000099
:1088f8000000000000000000fc7f000000000000f5
:1089080000000000fc3f0000000000000000000024
:10891800fe1f00000000000000000000ff0f000024
:108928000000000000000080ff0f000000000000b1
:10893800000000c0ff07000000000000000000e089
:10894800ff03000000000000000000e0ff0100003d
:1089580000200000000000f0ff00000000e003001d
:10896800000000f87f00000000e00300000000fca9
:108978007f00000000e00300000000fe3f00000050
:1089880000e00300000000ff1f00000000f00300eb
:10899800000000ff0f00000000f00300000080ff4f
:1089a8000700000000f003000000c0ff0300000003
:1089b80000f003000000e0ff0100000000f80300e1
:1089c8000000f0ff0100000000f803000000f8ffbd
:1089d8000000000000f803000000fc7f0000000019
:1089e80000fc03000000fc3f0000000000fc030046
:1089f8000000fe1f0000000000fe01000000ff0f45
:108a08000000000000ff01000080ff0700000000d8
:108a180080ff010000c0ff0700000000e0ff010028
:108a280000e0ffffffffffffffff010000f0ffff77
:108a3800ffffffffffff010000f0ffffffffffff49
:108a4800ffff010000f8ffffffffffffffff01002e
:108a580000fcffffffffffffffff010000f8ffff23
:108a6800ffffffffffff010000f8ffffffffffff11
:108a7800ffff010000f8ffffffffffffffff0100fe
:108a880000f0ffffffffffffffff010000f0ffff07
:108a9800ffffffffffff010000e0fffffffffffff9
:108aa800ffff0100000000000000000000000000bf
:108ab80000000000000000000000000000000000ae
:108ac800000000000000000000000000000000009e
:108ad800000000000000000000000000000000008e
:108ae800000000000000000000000000000000007e
:108af800000000000000000000000000000000006e
:108b0800000000000000000000000000000000005d
:108b1800000000000000000000000000000000004d
:108b2800000000000000000000000000000000003d
:108b3800000000000000000000000000000000002d
:108b4800000000000000000000000000000000001d
:108b5800000000000000000000000000000000000d
:108b680000000000000000000000000000000000fd
:108b780000000000000000000000000000000000ed
:108b880000000000000000000000000000000000dd
:108b980000000000000000000000000000000000cd
:108ba80000000000000000000000000000000000bd
:108bb80000000000000000000000000000000000ad
:108bc800000000000000000000000000000000009d
:108bd800000000000000000000000000000000008d
:108be800000000000000000000000000000000007d
:108bf800000000000000000000000000000000006d
:108c0800000000000000000000000000000000005c
:108c1800000000000000000000000000000000004c
:108c2800000000000000000000000000000000003c
:108c3800000000000000000000000000000000002c
:108c4800000000000000000000000000000000001c
:108c5800000000000000000000000000000000000c
:108c680000000000000000000000000000000000fc
:108c780000000000000000000000000000000000ec
:108c880000000000000000000000000000000000dc
:108c980000000000000000000000000000000000cc
:108ca80000000000000000000000000000000000bc
:108cb80000000000000000000000000000000000ac
:108cc800000000000000000000000000000000009c
:108cd800000000000000000000000000000000008c
:108ce800000000000000000000000000000000007c
:108cf800000000000000000000000000000000006c
:108d0800000000000000000000000000000000005b
:108d1800000000000000000000000000000000004b
:108d2800000000000000000000000000000000003b
:108d3800000000000000000000000000000000002b
:108d4800000000000000000000000000000000001b
:108d5800000000000000000000000000000000000b
:108d680000000000000000000000000000000000fb
:108d780000000000000000000000000000000000eb
:108d880000000000000000000000000000000000db
:108d980000000000000000000000000000000000cb
:108da80000000000000000000000000000000000bb
:108db80000000000000000000000000000000000ab
:108dc800000000000000000000000000000000009b
:108dd800000000000000000000000000000000008b
:108de800000000000000000000000000000000007b
:108df800000000000000000000000000000000006b
:108e0800000000000000000000000000000000005a
:108e1800000000000000000000000000000000004a
:108e2800000000000000000000000000000000003a
:108e3800000000000000000000000000000000002a
:108e4800000000000000000000000000000000001a
:108e5800000000000000000000000000000000000a
:108e680000000000000000000000000000000000fa
:108e780000000000000000000000000000000000ea
:108e880000000000000000000000000000000000da
:108e980000000000000000000000000000000000ca
:108ea80000000000000000000000000000000000ba
:108eb80000000000000000000000000000000000aa
:108ec800000000000000000000000000000000009a
:108ed800000000000000000000000000000000008a
:108ee800000000000000000000000000000000007a
:108ef800000000000000000000000000000000006a
:108f08000000000000000000000000000000000059
:108f18000000000000000000000000000000000049
:108f28000000000000000000000000000000000039
:108f38000000000000000000000000000000000029
:108f48000000000000000000000000000000000019
:108f58000000000000000000000000000000000009
:108f680000000000000000000000000000000000f9
:108f780000000000000000000000000000000000e9
:108f880000000000000000000000000000000000d9
:108f980000000000000000000000000000000000c9
:108fa80000000000000000000000000000000000b9
:108fb80000000000000000000000000000000000a9
:108fc8000000000000000000000000000000000099
:108fd8000000000000000000000000000000000089
:108fe800000000000000000000fe7f0000000000fc
:108ff80000000000f0ffff03000000000000000078
:10900800fcffff1f0000000000000080ffffff7f43
:1090180000000000000000e0ffffffff000000006c
:10902800000000f8ffffffff03000000000000fe43
:10903800ffffffff07000000000000ffffffffff2a
:109048000f0000000000c0ffffffffff1f0000002f
:109058000000e0ff3fc0ffff3f0000000000f0fffe
:109068000700feff3f0000000000f8ff0100f8ffc6
:109078007f0000000000fcff0000e0ffff00000090
:109088000000fe3f0000c0ffff0000000000ff3f9f
:10909800000080ffff0100000080ff1f000000ffac
:1090a800ff01000000c0ff0f000000ffff030000e9
:1090b80000c0ff0f000000feff03000000e0ff07f4
:1090c800000000fcff03000000e0ff07000000fcb8
:1090d800ff03000000f0ff07000000fcff0700008e
:1090e80000f0ff07000000f8ff07000000f8ff0786
:1090f800000000f8ff07000000f8ff07000000f874
:10910800ff07000000f8ff07000000f8ff07000055
:1091180000f8ff07000000f0ff07000000f8ff015b
:10912800000000f0ff07000000f03f00000000f022
:10913800ff07000000e00700000000f0ff07000044
:1091480000000000000000f0ff0700000000000021
:10915800000000f0ff07000000000000000000f021
:10916800ff07000000000000000000f0ff030000ff
:1091780000000000000000f8ff03000000000000ed
:10918800000000f8ff03000000000000000000f8e5
:10919800ff01000000000000000000f8ff010000cf
:1091a80000000000000000fcff00000000000000bc
:1091b800000000fcff00000000000000000000feae
:1091c8007f00000000000000000000ff3f000000da
:1091d80000000000000000ff3f0000000000000049
:1091e800000080ff1f000000000000000000c0ff1a
:1091f8000f000000000000000000e0ff0700000072
:10920800000000000000f0ff030000000000000064
:109218000000fcff00000000000000000000fe7fce
:1092280000000000000000000080ff3f0000000078
:109238000000000000c0ff0f000000000000000058
:1092480000f0ff03000000000000000000feff0027
:10925800000000000000000080ffff000000000088
:1092680000000000f0ffff0f0000000000000000f9
:10927800feffff7f0000000000000000feffffff70
:109288000100000000000000feffffff03000000d7
:1092980000000000feffffff0f00000000000000bc
:1092a800feffffff1f00000000000000fcffffffa3
:1092b8003f000000000000000080ffffff000000ea
:1092c800000000000000fcffff000000000000009c
:1092d8000000e0ffff010000000000000000c0ffe8
:1092e800ff03000000000000000000ffff0700006f
:1092f80000000000000000feff0f0000000000005a
:10930800000000fcff0f000000000000000000f853
:10931800ff1f000000000000000000f0ff1f000019
:1093280000000000000000e0ff3f00000000000017
:10933800000000e0ff3f000000000000000000c047
:10934800ff7f000000000000000000c0ff7f000059
:109358000000000000000080ffff00000000000087
:1093680000000080ffff0000000000000000000077
:10937800ffff00000000000000000000ffff0000e9
:109388000000000000000000ffff010000000000d6
:1093980000000000feff01000000000000000000c7
:1093a800feff01000000000000000000feff0100b9
:1093b8000000000000000000feff010000000000a7
:1093c80000000000feff0100000000000000000097
:1093d800feff01000000000000000000feff010089
:1093e8000000000000000000fcff01000000000079
:1093f80000000000fcff0100000000000000000069
:10940800fcff01000000000000000000feff01005a
:109418000000000000000000feff01000000000046
:1094280000000000feff0100000000000000000036
:10943800feff00000000000000000000feff00002a
:109448000000000000000000feff00000000000017
:1094580000000000feff0000000000000000000007
:10946800ff7f00000000000000000000ff7f0000f8
:109478000000000000000000ff7f00000000000066
:1094880000000080ff7f0000000000000000008056
:10949800ff3f000000000000000000c0ff3f000088
:1094a80000000000000000c0ff1f000000040000d2
:1094b800000000e0ff1f0000000c0000000000f0aa
:1094c800ff0f0000001e0000000000f0ff0f00006a
:1094d800007e0000000000f8ff07000000ff000009
:1094e800000000fcff07000000ff0300000000fe72
:1094f800ff03000080ff0f00000080ffff01000055
:1095080000ff3f000000c0ffff00000000feff005a
:109518000000f0ffff00000000fcff030000fcff5c
:109528007f00000000f8ff3f0080ffff3f000000c1
:1095380000e0ffffffffffff1f00000000c0ffff6c
:10954800ffffffff070000000080ffffffffffff96
:10955800030000000000feffffffffff0100000006
:109568000000fcffffffff7f000000000000f0ff8d
:10957800ffffff3f000000000000c0ffffffff07e4
:1095880000000000000000feffffff0100000000d7
:10959800000000f8ffff3f0000000000000000800e
:1095a800ffff0300000000000000000000000000b2
:1095b80000000000000000000000000000000000a3
:1095c8000000000000000000000000000000000093
:1095d8000000000000000000000000000000000083
:1095e8000000000000000000000000000000000073
:1095f8000000000000000000000000000000000063
:109608000000000000000000000000000000000052
:109618000000000000000000000000000000000042
:109628000000000000000000000000000000000032
:109638000000000000000000000000000000000022
:109648000000000000000000000000000000000012
:109658000000000000000000000000000000000002
:1096680000000000000000000000000000000000f2
:1096780000000000000000000000000000000000e2
:1096880000000000000000000000000000000000d2
:1096980000000000000000000000000000000000c2
:1096a80000000000000000000000000000000000b2
:1096b80000000000000000000000000000000000a2
:1096c8000000000000000000000000000000000092
:1096d8000000000000000000000000000000000082
:1096e8000000000000000000000000000000000072
:1096f8000000000000000000000000000000000062
:109708000000000000000000000000000000000051
:109718000000000000000000000000000000000041
:109728000000000000000000000000000000000031
:109738000000000000000000000000000000000021
:109748000000000000000000000000000000000011
:109758000000000000000000000000000000000001
:1097680000000000000000000000000000000000f1
:1097780000000000000000000000000000000000e1
:1097880000000000000000000000000000000000d1
:1097980000000000000000000000000000000000c1
:1097a80000000000000000000000000000000000b1
:1097b80000000000000000000000000000000000a1
:1097c8000000000000000000000000000000000091
:1097d8000000000000000000000000000000000081
:1097e8000000000000000000000000000000000071
:1097f8000000000000000000000000000000000061
:109808000000000000000000000000000000000050
:109818000000000000000000000000000000000040
:109828000000000000000000000000000000000030
:109838000000000000000000000000000000000020
:109848000000000000000000000000000000000010
:109858000000000000000000000000000000000000
:1098680000000000000000000000000000000000f0
:1098780000000000000000000000000000000000e0
:1098880000000000000000000000000000000000d0
:1098980000000000000000000000000000000000c0
:1098a80000000000000000000000000000000000b0
:1098b80000000000000000000000000000000000a0
:1098c8000000000000000000000000000000000090
:1098d8000000000000000000000000000000000080
:1098e8000000000000000000000000000000000070
:1098f8000000000000000000000000000000000060
:10990800000000000000000000000000000000004f
:10991800000000000000000000000000000000003f
:10992800000000000000000000000000000000002f
:10993800000000000000000000000000000000001f
:10994800000000000000000000000000000000000f
:1099580000000000000000000000000000000000ff
:1099680000000000000000000000000000000000ef
:1099780000000000000000000000000000000000df
:1099880000000000000000000000000000000000cf
:1099980000000000000000000000000000000000bf
:1099a80000000000000000000000000000000000af
:1099b800000000000000000000000000000000009f
:1099c800000000000000000000000000000000008f
:1099d800000000000000000000000000000000007f
:1099e800000000000000000000000000000000006f
:1099f800000000000000000000000000000000005f
:109a0800000000000000000000000000000000004e
:109a1800000000000000000000000000000000003e
:109a2800000000000000000000000000000000002e
:109a3800000000000000000000000000000000001e
:109a4800000000000000000000000000000000000e
:109a580000000000000000000000000000000000fe
:109a680000000000000000000000000000000000ee
:109a780000000000000000000000000000000000de
:109a880000000000000000000000000000000000ce
:109a980000000000000000000000000000000000be
:109aa80000000000000000000000000000000000ae
:109ab800000000000000000000000000000000009e
:109ac8000800000000000000000000001e00000068
:109ad80000000000000000803f00000000000000bf
:109ae800000000e07f00000000000000000000f817
:109af8007f00000000000000000000fe7f00000062
:109b080000000000000080ff7f000000000000004f
:109b18000000c0ff7f000000000000000000e0ff20
:109b28007f000000000000000000e0ff7f00000050
:109b3800000000000000f0ff7f00000000000000af
:109b48000000f8ff7f000000000000000000f8ffa0
:109b58007f000000000000000000fcff7f00000004
:109b6800000000000000fcff7f0000000000000073
:109b78000000feff7f000000000000000000ffff63
:109b88007f000000000000000000ffff7f000000d1
:109b9800000000000080ffff7f00000000000000c0
:109ba80000c0ffff7f0000000000000000c0fffdb4
:109bb8007f0000000000000000e0fffd7f000000c3
:109bc8000000000000f0fffc7f0000000000000023
:109bd80000f07ffc7f0000000000000000f87ffc20
:109be8007f0000000000000000f83ffc7f0000003c
:109bf8000000000000fc3ffc7f00000000000000a7
:109c080000fe1ffc7f0000000000000000fe0ffcab
:109c18007f0000000000000000ff0ffc7f00000034
:109c28000000000080ff07fc7f000000000000002b
:109c380080ff03fc7f00000000000000c0ff03fc61
:109c48007f00000000000000c0ff01fc7f00000052
:109c580000000000e0ff00fc7f00000000000000a2
:109c6800f0ff00fc7f00000000000000f07f00fc17
:109c78007f00000000000000f83f00fc7f000000ab
:109c880000000000fc3f00fc7f0000000000000016
:109c9800fc1f00fc7f00000000000000fe1f00fc0d
:109ca8007f00000000000000fe0f00fc7f000000a5
:109cb80000000000ff0700fc7f000000000000809b
:109cc800ff0700fc7f00000000000080ff0300fc8d
:109cd8007f000000000000c0ff0100fc7f000000c2
:109ce800000000e0ff0100fc7f000000000000e031
:109cf800ff0000fc7f000000000000f07f0000fc77
:109d08007f000000000000f07f0000fc7f000000e2
:109d1800000000f83f0000fc7f000000000000fc8d
:109d28001f0000fc7f000000000000fc1f0000fc7a
:109d38007f000000000000fe0f0000fc7f00000014
:109d4800000000ff070000fc7f000000000000ff8b
:109d5800070000fc7f000000000080ff030000fcfb
:109d68007f000000000080ff030000fc7f0000006f
:109d78000000c0ff010000fc7f0000000000e0ffc1
:109d8800000000fc7f0000000000e0ff000000fc75
:109d98007f0000000000f07f000000fc7f00000052
:109da8000000f83f000000fc7f0000000000f83fc2
:109db800000000fc7f0000000000fc1f000000fc09
:109dc8007f0000000000fc0f000000fc7f00000086
:109dd8000000fe0f000000fc7f0000000000ff07ed
:109de800000000fc7f0000000000ff03000000fcf2
:109df8007f0000000080ff03000000fc7f000000df
:109e080000c0ff01000000fc7f00000000c0ff014f
:109e1800000000fc7f00000000e0ff00000000fce4
:109e28007f00000000e07f00000000fc7f000000d1
:109e380000f07f00000000fc7f00000000f83f00f9
:109e4800000000fc7f00000000f8ffffffffffff9d
:109e5800ffff070000fcffffffffffffffff0f00f2
:109e680000feffffffffffffffff1f0000feffffd9
:109e7800ffffffffffff3f0000ffffffffffffffa8
:109e8800ffff1f0000ffffffffffffffffff0f00a7
:109e980080ffffffffffffffffff0f00c0ffffff77
:109ea800ffffffffffff0700c0fffffffffffffff0
:109eb800ffff030080ffffffffffffffffff000022
:109ec80000ffffffffffffffff7f00000000000013
:109ed800000000fc7f00000000000000000000fc03
:109ee8007f00000000000000000000fc7f00000070
:109ef80000000000000000fc7f00000000000000df
:109f0800000000fc7f00000000000000000000fcd2
:109f18007f00000000000000000000fc7f0000003f
:109f280000000000000000fc7f00000000000000ae
:109f3800000000fc7f00000000000000000000fca2
:109f48007f00000000000000000000fc7f0000000f
:109f580000000000000000fc7f000000000000007e
:109f6800000000fc7f00000000000000000000fc72
:109f78007f00000000000000000000fc7f000000df
:109f880000000000000000fc7f000000000000004e
:109f9800000000fc7f00000000000000000000fc42
:109fa8007f00000000000000000000fc7f000000af
:109fb80000000000000000fc7f000000000000001e
:109fc800000000fc7f00000000000000000000fc12
:109fd8007f00000000000000000000fc7f0000007f
:109fe80000000000000000fc7f00000000000000ee
:109ff800000000fe7f00000000000000000000ffdd
:10a00800ff000000000000000000c0ffff0100008a
:10a01800000000000000f8ffff070000000000003b
:10a028000080ffffff3f00000000000000fcffff72
:10a03800ffff010000000000e0ffffffffff1f001f
:10a0480000000000e0ffffffffff1f00000000000e
:10a05800e0ffffffffff1f0000000000e0ffffff21
:10a06800ffff1f00000000000000000000000000cb
:10a0780000000000000000000000000000000000d8
:10a0880000000000000000000000000000000000c8
:10a0980000000000000000000000000000000000b8
:10a0a80000000000000000000000000000000000a8
:10a0b8000000000000000000000000000000000098
:10a0c8000000000000000000000000000000000088
:10a0d8000000000000000000000000000000000078
:10a0e8000000000000000000000000000000000068
:10a0f8000000000000000000000000000000000058
:10a108000000000000000000000000000000000047
:10a118000000000000000000000000000000000037
:10a128000000000000000000000000000000000027
:10a138000000000000000000000000000000000017
:10a148000000000000000000000000000000000007
:10a1580000000000000000000000000000000000f7
:10a1680000000000000000000000000000000000e7
:10a1780000000000000000000000000000000000d7
:10a1880000000000000000000000000000000000c7
:10a1980000000000000000000000000000000000b7
:10a1a80000000000000000000000000000000000a7
:10a1b8000000000000000000000000000000000097
:10a1c8000000000000000000000000000000000087
:10a1d8000000000000000000000000000000000077
:10a1e8000000000000000000000000000000000067
:10a1f8000000000000000000000000000000000057
:10a208000000000000000000000000000000000046
:10a218000000000000000000000000000000000036
:10a228000000000000000000000000000000000026
:10a238000000000000000000000000000000000016
:10a248000000000000000000000000000000000006
:10a2580000000000000000000000000000000000f6
:10a2680000000000000000000000000000000000e6
:10a2780000000000000000000000000000000000d6
:10a2880000000000000000000000000000000000c6
:10a2980000000000000000000000000000000000b6
:10a2a80000000000000000000000000000000000a6
:10a2b8000000000000000000000000000000000096
:10a2c8000000000000000000000000000000000086
:10a2d8000000000000000000000000000000000076
:10a2e8000000000000000000000000000000000066
:10a2f8000000000000000000000000000000000056
:10a308000000000000000000000000000000000045
:10a318000000000000000000000000000000000035
:10a328000000000000000000000000000000000025
:10a338000000000000000000000000000000000015
:10a348000000000000000000000000000000000005
:10a3580000000000000000000000000000000000f5
:10a3680000000000000000000000000000000000e5
:10a3780000000000000000000000000000000000d5
:10a3880000000000000000000000000000000000c5
:10a3980000000000000000000000000000000000b5
:10a3a80000000000000000000000000000000000a5
:10a3b8000000000000000000000000000000000095
:10a3c8000000000000000000000000000000000085
:10a3d8000000000000000000000000000000000075
:10a3e8000000000000000000000000000000000065
:10a3f8000000000000000000000000000000000055
:10a408000000000000000000000000000000000044
:10a418000000000000000000000000000000000034
:10a428000000000000000000000000000000000024
:10a438000000000000000000000000000000000014
:10a448000000000000000000000000000000000004
:10a4580000000000000000000000000000000000f4
:10a4680000000000000000000000000000000000e4
:10a4780000000000000000000000000000000000d4
:10a4880000000000000000000000000000000000c4
:10a4980000000000000000000000000000000000b4
:10a4a80000000000000000000000000000000000a4
:10a4b8000000000000000000000000000000000094
:10a4c8000000000000000000000000000000000084
:10a4d8000000000000000000000000000000000074
:10a4e8000000000000000000000000000000000064
:10a4f8000000000000000000000000000000000054
:10a508000000000000000000000000000000000043
:10a518000000000000000000000000000000000033
:10a528000000000000000000000000000000000023
:10a538000000000000000000000000000000000013
:10a548000000000000000000000000000000000003
:10a5580000000000000000000000000000000000f3
:10a5680000000000000000000000000000000000e3
:10a5780000000000000000000000000000000000d3
:10a5880000000000000000000000000000000000c3
:10a5980000000000000000000000000000000000b3
:10a5a80000000000000000000000000000000000a3
:10a5b800000000000000000000180000000000007b
:10a5c80000000000803f00000000c0ffffffffff09
:10a5d800ff7f00000000c0ffffffffffff7f0000bc
:10a5e8000000c0ffffffffffff3f00000000c0ffab
:10a5f800ffffffffff1f00000000c0ffffffffff7e
:10a60800ff0f00000000e0ffffffffffff07000053
:10a618000000e0ffffffffffff0700000000e0ff72
:10a62800ffffffffff0300000000e0ffffffffff49
:10a63800ff0100000000e0ffffffffffff00000038
:10a648000000e0ffffffffff7f0000000000e0ffc9
:10a65800ffffffff3f0000000000e0ffffffffffdc
:10a668000f0000000000e03f0000000000000000b4
:10a678000000f03f00000000000000000000f03f74
:10a6880000000000000000000000f03f0000000093
:10a69800000000000000f03f000000000000000083
:10a6a8000000f03f00000000000000000000f03f44
:10a6b80000000000000000000000f03f0000000063
:10a6c800000000000000f83f00000000000000004b
:10a6d8000000f81f00000000000000000000f81f44
:10a6e80000000000000000000000f81f000000004b
:10a6f800000000000000f81f00000000000000003b
:10a708000000f81f00000000000000000000f81f13
:10a7180000000000000000000000fc1f0000000016
:10a72800000000000000fc1f000000000000000006
:10a738000000fc0f00000000000000000000fc0ffb
:10a7480000000000000000000000fc0f00000000f6
:10a75800000000000000fc0f0000000000000000e6
:10a768000000fc0f00000000000000000000fe0fc9
:10a7780000000000000000000000fe0f00000000c4
:10a78800000000000000fe070000000000000000bc
:10a798000000fe0700000000000000000000fe07a7
:10a7a80000000000000000000000fe07000000009c
:10a7b800000000000000ff0700fe0300000000008a
:10a7c8000000ff07ffffff00000000000000fff38c
:10a7d800ffffff07000000000000ffffffffff3f33
:10a7e800000000000000ffffffffffff0000000067
:10a7f8000000ffffffffffff030000000080ffffd6
:10a80800ffffffff070000000080ffffffffffffc3
:10a818001f0000000080ffffffffffff3f00000058
:10a828000080ffffffffffff7f0000000080ffffa9
:10a83800ffffffffff0000000080ffff07e0ffffb2
:10a84800ff01000000c0ff7f0000fcffff030000c5
:10a8580000c0ff0f0000f0ffff07000000c0ff036b
:10a868000000c0ffff07000000c0ff00000000ff5d
:10a87800ff0f000000803f00000000feff1f0000e7
:10a8880000000e00000000fcff1f00000000040094
:10a89800000000f8ff3f000000000000000000f08a
:10a8a800ff3f000000000000000000e0ff7f000004
:10a8b80000000000000000c0ff7f00000000000052
:10a8c800000000c0ffff0000000000000000008042
:10a8d800ffff00000000000000000080ffff0000f4
:10a8e8000000000000000000ffff01000000000061
:10a8f80000000000ffff0100000000000000000051
:10a90800feff01000000000000000000feff010043
:10a918000000000000000000feff0300000000002f
:10a9280000000000feff030000000000000000001f
:10a93800fcff03000000000000000000fcff030013
:10a948000000000000000000fcff03000000000001
:10a9580000000000fcff03000000000000000000f1
:10a96800fcff03000000000000000000fcff0300e3
:10a978000000000000000000fcff030000000000d1
:10a9880000000000fcff03000000000000000000c1
:10a99800fcff03000000000000000000f8ff0300b7
:10a9a8000000000000000000fcff030000000000a1
:10a9b80000000000fcff0300000000000000000091
:10a9c800fcff03000000000000000000fcff030083
:10a9d8000000000000000000fcff01000000000073
:10a9e80000000000fcff0100000000000000000063
:10a9f800fcff01000000000000000000fcff010057
:10aa08000000000000000000feff00000000000041
:10aa180000000000feff0000000000000000000031
:10aa2800feff00000000000000000000feff000024
:10aa38000000000000000000ff7f00000000000090
:10aa480000000000ff7f0000000000000000008000
:10aa5800ff3f00000000000000000080ff3f0000f2
:10aa680000000000000000c0ff3f000000080000d8
:10aa7800000000c0ff1f000000180000000000e0f8
:10aa8800ff1f0000007c0000000000f0ff0f000026
:10aa980000fc0000000000f0ff07000000fe0300bb
:10aaa800000000f8ff07000000fe0f00000000fc97
:10aab800ff03000000ff3f00000000ffff0100004f
:10aac80000feff00000080ffff01000000fcff0304
:10aad8000000e0ffff00000000f8ff1f0000f8ff83
:10aae8007f00000000f0ffff0000feff3f000000b5
:10aaf80000c0ffffffffffff1f0000000080fffff7
:10ab0800ffffffff0f0000000000feffffffffff39
:10ab1800070000000000fcffffffffff030000002c
:10ab28000000f0ffffffffff000000000000c0ff73
:10ab3800ffffff3f00000000000000ffffffff1fb6
:10ab480000000000000000f8ffffff030000000005
:10ab5800000000c0ffffff00000000000000000030
:10ab6800fcff0f00000000000000000000000000d3
:10ab780000000000000000000000000000000000cd
:10ab880000000000000000000000000000000000bd
:10ab980000000000000000000000000000000000ad
:10aba800000000000000000000000000000000009d
:10abb800000000000000000000000000000000008d
:10abc800000000000000000000000000000000007d
:10abd800000000000000000000000000000000006d
:10abe800000000000000000000000000000000005d
:10abf800000000000000000000000000000000004d
:10ac0800000000000000000000000000000000003c
:10ac1800000000000000000000000000000000002c
:10ac2800000000000000000000000000000000001c
:10ac3800000000000000000000000000000000000c
:10ac480000000000000000000000000000000000fc
:10ac580000000000000000000000000000000000ec
:10ac680000000000000000000000000000000000dc
:10ac780000000000000000000000000000000000cc
:10ac880000000000000000000000000000000000bc
:10ac980000000000000000000000000000000000ac
:10aca800000000000000000000000000000000009c
:10acb800000000000000000000000000000000008c
:10acc800000000000000000000000000000000007c
:10acd800000000000000000000000000000000006c
:10ace800000000000000000000000000000000005c
:10acf800000000000000000000000000000000004c
:10ad0800000000000000000000000000000000003b
:10ad1800000000000000000000000000000000002b
:10ad2800000000000000000000000000000000001b
:10ad3800000000000000000000000000000000000b
:10ad480000000000000000000000000000000000fb
:10ad580000000000000000000000000000000000eb
:10ad680000000000000000000000000000000000db
:10ad780000000000000000000000000000000000cb
:10ad880000000000000000000000000000000000bb
:10ad980000000000000000000000000000000000ab
:10ada800000000000000000000000000000000009b
:10adb800000000000000000000000000000000008b
:10adc800000000000000000000000000000000007b
:10add800000000000000000000000000000000006b
:10ade800000000000000000000000000000000005b
:10adf800000000000000000000000000000000004b
:10ae0800000000000000000000000000000000003a
:10ae1800000000000000000000000000000000002a
:10ae2800000000000000000000000000000000001a
:10ae3800000000000000000000000000000000000a
:10ae480000000000000000000000000000000000fa
:10ae580000000000000000000000000000000000ea
:10ae680000000000000000000000000000000000da
:10ae780000000000000000000000000000000000ca
:10ae880000000000000000000000000000000000ba
:10ae980000000000000000000000000000000000aa
:10aea800000000000000000000000000000000009a
:10aeb800000000000000000000000000000000008a
:10aec800000000000000000000000000000000007a
:10aed800000000000000000000000000000000006a
:10aee800000000000000000000000000000000005a
:10aef800000000000000000000000000000000004a
:10af08000000000000000000000000000000000039
:10af18000000000000000000000000000000000029
:10af28000000000000000000000000000000000019
:10af38000000000000000000000000000000000009
:10af480000000000000000000000000000000000f9
:10af580000000000000000000000000000000000e9
:10af680000000000000000000000000000000000d9
:10af780000000000000000000000000000000000c9
:10af880000000000000000000000000000000000b9
:10af980000000000000000000000000000000000a9
:10afa8000000000000000000000000000000000099
:10afb8000000000000000000000000000000000089
:10afc8000000000000000000000000000000000079
:10afd8000000000000000000000000000000000069
:10afe8000000000000000000000000000000000059
:10aff8000000000000000000000000000000000049
:10b008000000000000000000000000000000000038
:10b018000000000000000000000000000000000028
:10b028000000000000000000000000000000000018
:10b038000000000000000000000000000000000008
:10b0480000000000000000000000000000000000f8
:10b0580000000000000000000000000000000000e8
:10b0680000000000000000000000000000000000d8
:10b0780000000000000000000000000000000000c8
:10b08800003f00000000000000000000f03f00004a
:10b098000000000000000000ff3f0000000000006a
:10b0a800000000e0ff7f000000000000000000fc3e
:10b0b800ff7f000000000000000080ffff3f00004d
:10b0c800000000000000e0ffff0700000000000093
:10b0d8000000f8ffff000000000000000000feff75
:10b0e8001f000000000000000080ffff03000000b8
:10b0f8000000000000c0ffff00000000000000008a
:10b1080000f0ff3f000000000000000000fcff0fff
:10b11800000000000000000000feff030000000027
:10b128000000000000ffff01000000000000000018
:10b13800c0ff7f000000000000000000e0ff3f00ab
:10b148000000000000000000f0ff1f0000000000e9
:10b1580000000000f8ff07000000000000000000e9
:10b16800fcff03000000000000000000feff0100db
:10b178000000000000000080ffff00000000000049
:10b1880000000080ff7f000000000000000000c0f9
:10b19800ff3f000000000000000000e0ff1f00006b
:10b1a80000000000000000f0ff0f00000000000099
:10b1b800000000f8ff07000000000000000000fc8d
:10b1c800ff03000000000000000000fcff01000079
:10b1d80000000000000000feff000000000000006a
:10b1e800000000ffff00000000000000000080ffda
:10b1f8007f00000000000000000080ff3f0000000a
:10b20800000000000000c0ff1f0000000000000058
:10b218000000c0ff1f000000000000000000e0ff69
:10b228000f000000000000000000e0ff0f00000019
:10b23800000000000000f0ff070000000000000010
:10b248000000f0ff03000000000000000000f8ff0d
:10b2580003000000000000000000f8ff01000000eb
:10b26800000000000000fcff0100000000000000da
:10b278000000fcff01000000000000000000feffcd
:10b2880000000000000000000000feff00000000b9
:10b29800000000000000fe7f000000000000000029
:10b2a8000000ff7f0000fc03000000000000ff7f9b
:10b2b80000c0ff7f000000000080ff3f00f8ffff94
:10b2c800070000000080ff3f00ffffff1f00000095
:10b2d8000080ff3fc0ffffff7f0000000080ff1fce
:10b2e800f0ffffffff01000000c0ff1ff8ffffff96
:10b2f800ff03000000c0ff1ffeffffffff07000065
:10b3080000c0ff0fffffffffff1f000000c0ff8fff
:10b31800ffffffffff3f000000e0ffefffffffff21
:10b32800ff3f000000e0ffffff3fe0ffff7f00005e
:10b3380000e0ffffff0300feffff000000e0ffff4b
:10b348007f0000f8ffff010000e0ffff1f0000e0a2
:10b35800ffff010000f0ffff070000c0ffff030030
:10b3680000f0ffff03000080ffff030000f0ffff75
:10b3780001000000ffff070000f0ff7f0000000051
:10b38800feff070000f0ff3f00000000fcff0f0079
:10b3980000f0ff1f00000000f8ff0f0000f0ff0f93
:10b3a80000000000f8ff1f0000f0ff070000000089
:10b3b800f0ff1f0000f0ff0700000000f0ff1f0073
:10b3c80000f0ff0700000000e0ff1f0000f8ff0783
:10b3d80000000000e0ff3f0000f8ff070000000049
:10b3e800c0ff3f0000f8ff0700000000c0ff3f005b
:10b3f80000f8ff0700000000c0ff3f0000f8ff074b
:10b408000000000080ff3f0000f8ff070000000078
:10b4180080ff3f0000f8ff070000000080ff3f00aa
:10b4280000f8ff070000000080ff3f0000f8ff075a
:10b438000000000080ff3f0000f0ff070000000050
:10b4480080ff7f0000f0ff0f0000000000ff7f007a
:10b4580000f0ff0f0000000000ff3f0000f0ff0faa
:10b468000000000000ff3f0000f0ff0f0000000098
:10b4780000ff3f0000f0ff0f0000000000ff3f004a
:10b4880000f0ff0f0000000000ff3f0000f0ff0f7a
:10b498000000000000ff3f0000e0ff1f0000000068
:10b4a80000ff3f0000e0ff1f0000000000ff3f001a
:10b4b80000e0ff1f0000000000ff3f0000e0ff1f4a
:10b4c8000000000000ff1f0000c0ff3f0000000058
:10b4d80000ff1f0000c0ff3f0000000080ff1f00aa
:10b4e80000c0ff3f0000000080ff1f0000c0ff7f7a
:10b4f8000000000080ff0f000080ff7f00000000b8
:10b5080080ff0f000080ff7f0000000080ff0f0019
:10b518000000ffff0000000080ff07000000ffffa1
:10b5280000000000c0ff07000000ffff010000004e
:10b53800c0ff03000000feff01000000c0ff030081
:10b548000000feff03000000e0ff01000000fcff18
:10b5580003000000e0ff01000000fcff07000000fe
:10b56800f0ff00000000f8ff0f000000f0ff0000ef
:10b578000000f0ff1f000000f87f00000000f0ff4f
:10b588003f000000f87f00000000e0ff7f0000009f
:10b59800fc3f00000000c0ffff000000fe1f00008d
:10b5a8000000c0ffff010000ff1f0000000080ff37
:10b5b800ff070080ff0f0000000000ffff1f00e0f2
:10b5c800ff070000000000feffff00fcff03000073
:10b5d800000000fcffffffffff010000000000f873
:10b5e800ffffffffff000000000000f0ffffffff6c
:10b5f8007f000000000000c0ffffffff3f000000c9
:10b6080000000080ffffffff0f00000000000000a7
:10b61800feffffff0700000000000000fcffffff27
:10b628000100000000000000f0ffff7f00000000a4
:10b638000000000080ffff1f000000000000000065
:10b6480000fcff03000000000000000000000000f4
:10b6580000000000000000000000000000000000e2
:10b6680000000000000000000000000000000000d2
:10b6780000000000000000000000000000000000c2
:10b6880000000000000000000000000000000000b2
:10b6980000000000000000000000000000000000a2
:10b6a8000000000000000000000000000000000092
:10b6b8000000000000000000000000000000000082
:10b6c8000000000000000000000000000000000072
:10b6d8000000000000000000000000000000000062
:10b6e8000000000000000000000000000000000052
:10b6f8000000000000000000000000000000000042
:10b708000000000000000000000000000000000031
:10b718000000000000000000000000000000000021
:10b728000000000000000000000000000000000011
:10b738000000000000000000000000000000000001
:10b7480000000000000000000000000000000000f1
:10b7580000000000000000000000000000000000e1
:10b7680000000000000000000000000000000000d1
:10b7780000000000000000000000000000000000c1
:10b7880000000000000000000000000000000000b1
:10b7980000000000000000000000000000000000a1
:10b7a8000000000000000000000000000000000091
:10b7b8000000000000000000000000000000000081
:10b7c8000000000000000000000000000000000071
:10b7d8000000000000000000000000000000000061
:10b7e8000000000000000000000000000000000051
:10b7f8000000000000000000000000000000000041
:10b808000000000000000000000000000000000030
:10b818000000000000000000000000000000000020
:10b828000000000000000000000000000000000010
:10b838000000000000000000000000000000000000
:10b8480000000000000000000000000000000000f0
:10b8580000000000000000000000000000000000e0
:10b8680000000000000000000000000000000000d0
:10b8780000000000000000000000000000000000c0
:10b8880000000000000000000000000000000000b0
:10b8980000000000000000000000000000000000a0
:10b8a8000000000000000000000000000000000090
:10b8b8000000000000000000000000000000000080
:10b8c8000000000000000000000000000000000070
:10b8d8000000000000000000000000000000000060
:10b8e8000000000000000000000000000000000050
:10b8f8000000000000000000000000000000000040
:10b90800000000000000000000000000000000002f
:10b91800000000000000000000000000000000001f
:10b92800000000000000000000000000000000000f
:10b9380000000000000000000000000000000000ff
:10b9480000000000000000000000000000000000ef
:10b9580000000000000000000000000000000000df
:10b9680000000000000000000000000000000000cf
:10b9780000000000000000000000000000000000bf
:10b9880000000000000000000000000000000000af
:10b99800000000000000000000000000000000009f
:10b9a800000000000000000000000000000000008f
:10b9b800000000000000000000000000000000007f
:10b9c800000000000000000000000000000000006f
:10b9d800000000000000000000000000000000005f
:10b9e800000000000000000000000000000000004f
:10b9f800000000000000000000000000000000003f
:10ba0800000000000000000000000000000000002e
:10ba1800000000000000000000000000000000001e
:10ba2800000000000000000000000000000000000e
:10ba380000000000000000000000000000000000fe
:10ba480000000000000000000000000000000000ee
:10ba580000000000000000000000000000000000de
:10ba680000000000000000000000000000000000ce
:10ba780000000000000000000000000000000000be
:10ba880000000000000000000000000000000000ae
:10ba9800000000000000000000000000000000009e
:10baa800000000000000000000000000000000008e
:10bab800000000000000000000000000000000007e
:10bac800000000000000000000000000000000006e
:10bad800000000000000000000000000000000005e
:10bae800000000000000000000000000000000004e
:10baf800000000000000000000000000000000003e
:10bb0800000000000000000000000000000000002d
:10bb1800000000000000000000000000000000001d
:10bb2800000000000000000000000000000000000d
:10bb380000000000000000000000000000000000fd
:10bb480000000000000000000000000000000000ed
:10bb580000000000000000000000000000000000dd
:10bb680000000000000000000000000000000000cd
:10bb780000000000000000000000000000000000bd
:10bb880000000000000000000080ffffffffffff33
:10bb9800ffff0f0000c0ffffffffffffffff1f00b9
:10bba80000c0ffffffffffffffff3f0000c0ffffd8
:10bbb800ffffffffffff7f0000c0ffffffffffff4a
:10bbc800ffff7f0000c0ffffffffffffffff3f00f9
:10bbd80000e0ffffffffffffffff3f0000e0ffff68
:10bbe800ffffffffffff1f0000e0ffffffffffff5a
:10bbf800ffff1f0000e0ffffffffffffffff0f0039
:10bc080000e0ffffffffffffffff0f0000e0ffff67
:10bc1800ffffffffffff0f0000f0ffffffffffff29
:10bc2800ffff070000f07f000000000000ff070092
:10bc380000f01f000000000080ff030000f01f005c
:10bc48000000000080ff030000f00f00000000006b
:10bc5800c0ff010000f0070000000000c0ff010065
:10bc680000f0070000000000c0ff010000f803001a
:10bc780000000000e0ff000000f8030000000000e2
:10bc8800e0ff000000f8010000000000f07f000065
:10bc980000f8010000000000f07f000000f800003c
:10bca80000000000f83f000000f80000000000005d
:10bcb800f83f000000f0000000000000f83f00001e
:10bcc8000000000000000000fc1f00000000000051
:10bcd80000000000fc1f0000000000000000000041
:10bce800fe0f00000000000000000000fe0f000032
:10bcf8000000000000000000ff0700000000000036
:10bd080000000000ff070000000000000000000025
:10bd1800ff0700000000000000000080ff03000093
:10bd28000000000000000080ff0300000000000089
:10bd3800000000c0ff01000000000000000000c07b
:10bd4800ff01000000000000000000e0ff0000000c
:10bd580000000000000000e0ff00000000000000fc
:10bd6800000000e0ff00000000000000000000f0fc
:10bd78007f00000000000000000000f07f000000cd
:10bd880000000000000000f83f0000000000000074
:10bd9800000000f83f00000000000000000000fc68
:10bda8003f00000000000000000000fc1f00000031
:10bdb80000000000000000fc1f0000000000000060
:10bdc800000000fe0f00000000000000000000fe60
:10bdd8000f00000000000000000000ff0700000046
:10bde80000000000000000ff070000000000000045
:10bdf800000080ff0700000000000000000080ff36
:10be08000300000000000000000080ff03000000a5
:10be1800000000000000c0ff01000000000000005a
:10be28000000c0ff01000000000000000000e0ff6b
:10be380001000000000000000000e0ff000000001a
:10be4800000000000000f0ff0000000000000000fb
:10be58000000f07f00000000000000000000f87ff4
:10be680000000000000000000000f87f0000000053
:10be7800000000000000f83f000000000000000083
:10be88000000fc3f00000000000000000000fc1f54
:10be980000000000000000000000fe1f000000007d
:10bea800000000000000fe0f00000000000000007d
:10beb8000000ff0f00000000000000000000ff0f5e
:10bec80000000000000000000080ff0700000000e4
:10bed800000000000080ff070000000000000000d4
:10bee80000c0ff03000000000000000000c0ff03c6
:10bef800000000000000000000e0ff030000000058
:10bf08000000000000e0ff01000000000000000049
:10bf180000e0ff01000000000000000000f0ff004a
:10bf2800000000000000000000f0ff00000000001a
:10bf38000000000000f8ff00000000000000000002
:10bf480000f87f00000000000000000000fc7f00f7
:10bf5800000000000000000000fc7f00000000005e
:10bf68000000000000fe3f0000000000000000008c
:10bf780000fe3f00000000000000000000ff1f005e
:10bf8800000000000000000000ff1f00000000008b
:10bf98000000000080ff1f000000000000000000fb
:10bfa80080ff0f000000000000000000c0ff0f002d
:10bfb8000000000000000000c0ff070000000000b3
:10bfc80000000000e0ff0700000000000000000083
:10bfd800e0ff07000000000000000000f0ff030081
:10bfe8000000000000000000f0ff03000000000057
:10bff80000000000f8ff0100000000000000000041
:10c00800f8ff01000000000000000000fcff010034
:10c018000000000000000000fcff0000000000001d
:10c0280000000000feff000000000000000000000b
:10c03800feff00000000000000000000ff7f00007d
:10c048000000000000000000ff7f0000000000006a
:10c0580000000080ff3f000000000000000000c05a
:10c06800ff3f000000000000000000c0ff3f00008c
:10c0780000000000000000e0ff1f000000000000ba
:10c08800000000e0ff1f000000000000000000f0ba
:10c09800ff1f000000000000000000f0ff0f00007c
:10c0a80000000000000000f8ff0f00000000000082
:10c0b800000000f8ff0f000000000000000000fc76
:10c0c800ff07000000000000000000feff0700005e
:10c0d80000000000000000feff0300000000000058
:10c0e800000000ffff01000000000000000000ff4a
:10c0f8007f00000000000000000080ff1f0000001b
:10c1080000000000000080ff0700000000000000a1
:10c11800000000ff01000000000000000000003cdb
:10c128000000000000000000000000000000000007
:10c1380000000000000000000000000000000000f7
:10c1480000000000000000000000000000000000e7
:10c1580000000000000000000000000000000000d7
:10c1680000000000000000000000000000000000c7
:10c1780000000000000000000000000000000000b7
:10c1880000000000000000000000000000000000a7
:10c198000000000000000000000000000000000097
:10c1a8000000000000000000000000000000000087
:10c1b8000000000000000000000000000000000077
:10c1c8000000000000000000000000000000000067
:10c1d8000000000000000000000000000000000057
:10c1e8000000000000000000000000000000000047
:10c1f8000000000000000000000000000000000037
:10c208000000000000000000000000000000000026
:10c218000000000000000000000000000000000016
:10c228000000000000000000000000000000000006
:10c2380000000000000000000000000000000000f6
:10c2480000000000000000000000000000000000e6
:10c2580000000000000000000000000000000000d6
:10c2680000000000000000000000000000000000c6
:10c2780000000000000000000000000000000000b6
:10c2880000000000000000000000000000000000a6
:10c298000000000000000000000000000000000096
:10c2a8000000000000000000000000000000000086
:10c2b8000000000000000000000000000000000076
:10c2c8000000000000000000000000000000000066
:10c2d8000000000000000000000000000000000056
:10c2e8000000000000000000000000000000000046
:10c2f8000000000000000000000000000000000036
:10c308000000000000000000000000000000000025
:10c318000000000000000000000000000000000015
:10c328000000000000000000000000000000000005
:10c3380000000000000000000000000000000000f5
:10c3480000000000000000000000000000000000e5
:10c3580000000000000000000000000000000000d5
:10c3680000000000000000000000000000000000c5
:10c3780000000000000000000000000000000000b5
:10c3880000000000000000000000000000000000a5
:10c398000000000000000000000000000000000095
:10c3a8000000000000000000000000000000000085
:10c3b8000000000000000000000000000000000075
:10c3c8000000000000000000000000000000000065
:10c3d8000000000000000000000000000000000055
:10c3e8000000000000000000000000000000000045
:10c3f8000000000000000000000000000000000035
:10c408000000000000000000000000000000000024
:10c418000000000000000000000000000000000014
:10c428000000000000000000000000000000000004
:10c4380000000000000000000000000000000000f4
:10c4480000000000000000000000000000000000e4
:10c4580000000000000000000000000000000000d4
:10c4680000000000000000000000000000000000c4
:10c4780000000000000000000000000000000000b4
:10c4880000000000000000000000000000000000a4
:10c498000000000000000000000000000000000094
:10c4a8000000000000000000000000000000000084
:10c4b8000000000000000000000000000000000074
:10c4c8000000000000000000000000000000000064
:10c4d8000000000000000000000000000000000054
:10c4e8000000000000000000000000000000000044
:10c4f8000000000000000000000000000000000034
:10c508000000000000000000000000000000000023
:10c518000000000000000000000000000000000013
:10c528000000000000000000000000000000000003
:10c5380000000000000000000000000000000000f3
:10c5480000000000000000000000000000000000e3
:10c5580000000000000000000000000000000000d3
:10c5680000000000000000000000000000000000c3
:10c5780000000000000000000000000000000000b3
:10c5880000000000000000000000000000000000a3
:10c598000000000000000000000000000000000093
:10c5a8000000000000000000000000000000000083
:10c5b8000000000000000000000000000000000073
:10c5c8000000000000000000000000000000000063
:10c5d8000000000000000000000000000000000053
:10c5e8000000000000000000000000000000000043
:10c5f8000000000000000000000000000000000033
:10c608000000000000000000000000000000000022
:10c618000000000000000000000000000000000012
:10c628000000000000000000000000000000000002
:10c6380000000000000000000000000000000000f2
:10c64800000000000000000000fcff0100000000e6
:10c6580000000000c0ffff1f0000000000000000f5
:10c66800f8ffffff0000000000000000feffffffd2
:10c678000300000000000080ffffffff0f00000024
:10c68800000000e0ffffffff3f000000000000f097
:10c69800ffffffff7f000000000000fcffffffff1f
:10c6a800ff000000000000feffffffffff01000089
:10c6b800000000ffff00fcffff030000000080fff8
:10c6c8001f00c0ffff0700000000c0ff0f0000ffb1
:10c6d800ff0f00000000e0ff030000fcff1f000048
:10c6e8000000f0ff010000f8ff1f00000000f0ff4d
:10c6f800000000e0ff3f00000000f87f000000e0bd
:10c70800ff3f00000000fc7f000000c0ff3f00006a
:10c718000000fc3f00000080ff7f00000000fe1fbb
:10c7280000000080ff7f00000000fe1f00000000e6
:10c73800ff7f00000000fe1f00000000ffff000058
:10c748000000ff0f00000000feff00000000ff0fc8
:10c7580000000000feff00000000ff0f00000000c6
:10c76800feff00000080ff0f00000000feff000039
:10c778000080ff0700000000fcff00000080ff07aa
:10c7880000000000fcff00000080ff070000000020
:10c79800fcff00000080ff0700000000fcff000015
:10c7a8000080ff0700000000fcff00000080ff0f72
:10c7b80000000000fcff00000080ff0f00000000e8
:10c7c800fc7f00000080ff0f00000000fe7f0000db
:10c7d8000080ff0f00000000fe7f00000080ff1fa8
:10c7e80000000000fe3f00000080ff3f0000000046
:10c7f800ff3f00000080ff3f00000000ff1f000017
:10c808000080ff7f00000000ff1f00000000ffff06
:10c8180000000080ff0f00000000ffff0100008003
:10c82800ff0700000000ffff030000c0ff07000033
:10c838000000feff0f0000e0ff0300000000feff05
:10c848001f0000e0ff0100000000fcff7f0000f077
:10c85800ff0000000000fcffff0100f87f0000005f
:10c868000000f8ffff0700fc3f0000000000f0ff99
:10c87800ff1f00fe1f0000000000e0ffff7f80ff99
:10c888000f0000000000e0ffffffc3ff07000000eb
:10c898000000c0ffffffefff01000000000000ffe5
:10c8a800ffffffff00000000000000feffffff7f0a
:10c8b80000000000000000fcffffff1f0000000058
:10c8c800000000f0ffffff1f00000000000000e074
:10c8d800ffffff7f0000000000000080ffffffff58
:10c8e8000000000000000000feffffff0300000042
:10c8f80000000000f8ffffff0f000000000000002c
:10c90800fcffffff1f00000000000000ffffffff0b
:10c918007f00000000000080ffffffffff00000015
:10c92800000000e0fff3ffffff030000000000f03d
:10c93800ffc1ffffff070000000000fcff00ffff32
:10c94800ff0f0000000000fe3f00f8ffff1f00007f
:10c95800000000ff1f00e0ffff3f0000000080ff15
:10c968000f00c0ffff3f00000000c0ff070000ffee
:10c97800ff7f00000000e0ff030000fcffff000055
:10c988000000f0ff010000f8ffff00000000f8ffc2
:10c99800000000f0ffff01000000fc7f000000e045
:10c9a800ffff03000000fe7f000000c0ffff030040
:10c9b8000000ff3f00000080ffff03000000ff1f92
:10c9c80000000000ffff07000080ff1f00000000bc
:10c9d800feff070000c0ff0f00000000fcff0f0073
:10c9e80000c0ff0f00000000fcff0f0000e0ff0781
:10c9f80000000000f8ff0f0000e0ff070000000043
:10ca0800f8ff0f0000f0ff0700000000f0ff0f0024
:10ca180000f0ff0300000000f0ff1f0000f8ff0314
:10ca280000000000f0ff1f0000f8ff0300000000f6
:10ca3800e0ff1f0000f8ff0300000000e0ff1f00f8
:10ca480000f8ff0300000000e0ff1f0000fcff01ea
:10ca580000000000e0ff1f0000fcff0100000000d4
:10ca6800e0ff1f0000fcff0100000000e0ff1f00c6
:10ca780000fcff0100000000c0ff1f0000fcff01d8
:10ca880000000000c0ff1f0000fcff0100000000c4
:10ca9800c0ff0f0000fcff0100000000e0ff0f00d6
:10caa80000fcff0300000000e0ff0f0000fcff0394
:10cab80000000000e0ff0f0000fcff030000000082
:10cac800e0ff0f0000fcff0300000000e0ff07008c
:10cad80000fcff0300000000e0ff070000fcff0768
:10cae80000000000f0ff070000fcff070000000046
:10caf800f0ff030000f8ff0f00000000f0ff030044
:10cb080000f8ff0f00000000f8ff010000f8ff1f09
:10cb180000000000f8ff010000f0ff1f0000000007
:10cb2800f8ff000000f0ff3f00000000fc7f00005d
:10cb380000e0ff7f00000000fe7f000000e0ff7fb4
:10cb480000000000fe3f000000c0ffff00000000e2
:10cb5800ff1f000000c0ffff03000080ff1f000050
:10cb68000080ffff070000c0ff0f00000000ffff6c
:10cb78001f0000f0ff0700000000ffff7f0000f823
:10cb8800ff0300000000feffff0100feff010000a0
:10cb98000000fcffff3ff0ffff0000000000f8ff6f
:10cba800ffffffff3f0000000000f0ffffffffff57
:10cbb8001f0000000000c0ffffffffff0f00000084
:10cbc800000080ffffffffff03000000000000fee1
:10cbd800ffffffff00000000000000f8ffffff3f1d
:10cbe80000000000000000e0ffffff0f0000000051
:10cbf80000000000ffffff0100000000000000002f
:10cc0800f8ff1f0000000000000000000000000006
:10cc1800000000000000000000000000000000000c
:10cc280000000000000000000000000000000000fc
:10cc380000000000000000000000000000000000ec
:10cc480000000000000000000000000000000000dc
:10cc580000000000000000000000000000000000cc
:10cc680000000000000000000000000000000000bc
:10cc780000000000000000000000000000000000ac
:10cc8800000000000000000000000000000000009c
:10cc9800000000000000000000000000000000008c
:10cca800000000000000000000000000000000007c
:10ccb800000000000000000000000000000000006c
:10ccc800000000000000000000000000000000005c
:10ccd800000000000000000000000000000000004c
:10cce800000000000000000000000000000000003c
:10ccf800000000000000000000000000000000002c
:10cd0800000000000000000000000000000000001b
:10cd1800000000000000000000000000000000000b
:10cd280000000000000000000000000000000000fb
:10cd380000000000000000000000000000000000eb
:10cd480000000000000000000000000000000000db
:10cd580000000000000000000000000000000000cb
:10cd680000000000000000000000000000000000bb
:10cd780000000000000000000000000000000000ab
:10cd8800000000000000000000000000000000009b
:10cd9800000000000000000000000000000000008b
:10cda800000000000000000000000000000000007b
:10cdb800000000000000000000000000000000006b
:10cdc800000000000000000000000000000000005b
:10cdd800000000000000000000000000000000004b
:10cde800000000000000000000000000000000003b
:10cdf800000000000000000000000000000000002b
:10ce0800000000000000000000000000000000001a
:10ce1800000000000000000000000000000000000a
:10ce280000000000000000000000000000000000fa
:10ce380000000000000000000000000000000000ea
:10ce480000000000000000000000000000000000da
:10ce580000000000000000000000000000000000ca
:10ce680000000000000000000000000000000000ba
:10ce780000000000000000000000000000000000aa
:10ce8800000000000000000000000000000000009a
:10ce9800000000000000000000000000000000008a
:10cea800000000000000000000000000000000007a
:10ceb800000000000000000000000000000000006a
:10cec800000000000000000000000000000000005a
:10ced800000000000000000000000000000000004a
:10cee800000000000000000000000000000000003a
:10cef800000000000000000000000000000000002a
:10cf08000000000000000000000000000000000019
:10cf18000000000000000000000000000000000009
:10cf280000000000000000000000000000000000f9
:10cf380000000000000000000000000000000000e9
:10cf480000000000000000000000000000000000d9
:10cf580000000000000000000000000000000000c9
:10cf680000000000000000000000000000000000b9
:10cf780000000000000000000000000000000000a9
:10cf88000000000000000000000000000000000099
:10cf98000000000000000000000000000000000089
:10cfa8000000000000000000000000000000000079
:10cfb8000000000000000000000000000000000069
:10cfc8000000000000000000000000000000000059
:10cfd8000000000000000000000000000000000049
:10cfe8000000000000000000000000000000000039
:10cff8000000000000000000000000000000000029
:10d008000000000000000000000000000000000018
:10d018000000000000000000000000000000000008
:10d0280000000000000000000000000000000000f8
:10d0380000000000000000000000000000000000e8
:10d0480000000000000000000000000000000000d8
:10d0580000000000000000000000000000000000c8
:10d0680000000000000000000000000000000000b8
:10d0780000000000000000000000000000000000a8
:10d088000000000000000000000000000000000098
:10d098000000000000000000000000000000000088
:10d0a8000000000000000000000000000000000078
:10d0b8000000000000000000000000000000000068
:10d0c8000000000000000000000000000000000058
:10d0d8000000000000000000000000000000000048
:10d0e8000000000000000000000000000000000038
:10d0f8000000000000000000000000000000000028
:10d108000000000000000000000000000000000017
:10d118000000000000000000000000000000000007
:10d12800000000000000000000f0ff000000000008
:10d138000000000000ffff0f0000000000000000da
:10d14800e0ffff7f0000000000000000f8ffffff85
:10d158000100000000000000feffffff03000000c8
:10d1680000000080ffffffff0f000000000000c06c
:10d17800ffffffff1f000000000000f0ffffffffa0
:10d188007f000000000000f8ffffffffff00000025
:10d19800000000fcffffffffff010000000000fe91
:10d1a800ff03feffff030000000000ff3f00f0ff49
:10d1b800ff030000000080ff0f00c0ffff07000012
:10d1c8000000c0ff070000ffff0f00000000e0ffa5
:10d1d800010000feff1f00000000f0ff000000fc3f
:10d1e800ff1f00000000f87f000000f8ff3f00006c
:10d1f8000000f83f000000f0ff3f00000000fc3f87
:10d20800000000e0ff7f00000000fe1f000000c0db
:10d21800ffff00000000fe0f000000c0ffff00003d
:10d228000000ff0f00000080ffff00000000ff0764
:10d2380000000080ffff01000080ff0700000000e1
:10d24800ffff01000080ff0700000000ffff030050
:10d2580000c0ff0300000000feff030000c0ff0342
:10d2680000000000feff030000e0ff0300000000d4
:10d27800fcff070000e0ff0300000000fcff0700c0
:10d2880000e0ff0100000000fcff070000f0ff01c4
:10d2980000000000f8ff070000f0ff010000000098
:10d2a800f8ff0f0000f0ff0100000000f8ff0f007a
:10d2b80000f8ff0100000000f0ff0f0000f8ff0178
:10d2c80000000000f0ff0f0000f8ff010000000060
:10d2d800f0ff0f0000f8ff0100000000f0ff1f0042
:10d2e80000f8ff0100000000f0ff1f0000f8ff0138
:10d2f80000000000e0ff1f0000fcff01000000002c
:10d30800e0ff1f0000fcff0100000000e0ff1f001d
:10d3180000fcff0100000000e0ff1f0000fcff010f
:10d3280000000000e0ff1f0000fcff0100000000fb
:10d33800e0ff1f0000fcff0100000000e0ff1f00ed
:10d3480000fcff0100000000e0ff1f0000fcff03dd
:10d3580000000000e0ff1f0000f8ff0300000000cd
:10d36800c0ff1f0000f8ff0300000000c0ff1f00ff
:10d3780000f8ff0300000000c0ff1f0000f8ff07cf
:10d3880000000000c0ff1f0000f8ff0700000000b9
:10d39800c0ff1f0000f8ff0700000000c0ff1f00cb
:10d3a80000f0ff0f00000000e0ff1f0000f0ff0f7b
:10d3b80000000000f0ff1f0000f0ff1f0000000049
:10d3c800f0ff1f0000e0ff1f00000000f8ff1f0033
:10d3d80000e0ff3f00000000fcff1f0000e0ff7faf
:10d3e80000000000feff1f0000c0ffff000000005b
:10d3f800ffff1f0000c0ffff00000080ffff1f00ad
:10d408000080ffff030000e0ffff1f000080ffff18
:10d41800070000f0ffff1f000000ffff0f0000fce7
:10d42800ffff0f000000feff3f0000ffffff0f009f
:10d438000000fcffff01e0ffefff0f000000fcff12
:10d44800ffffffffe7ff0f000000f8fffffffffff0
:10d45800e3ff0f000000f0ffffffffffe1ff0f00f9
:10d468000000e0ffffffffffe0ff0700000080ff74
:10d47800ffffff3ff0ff0700000000ffffffff1f57
:10d48800f0ff0700000000fcffffff07f0ff0700a8
:10d49800000000f8ffffff01f0ff0300000000e0bc
:10d4a800ffff7f00f8ff030000000000ffff0f00f0
:10d4b800f8ff030000000000f0ff0100f8ff030080
:10d4c8000000000000000000f8ff0100000000005c
:10d4d80000000000fcff0100000000000000000048
:10d4e800fcff00000000000000000000fcff00003e
:10d4f8000000000000000000feff00000000000027
:10d5080000000000fe7f0000000000000000000096
:10d51800fe7f00000000000000000000ff3f000048
:10d528000000000000000000ff3f000000000000b5
:10d5380000000080ff1f00000000000000000080c5
:10d54800ff1f000000000000000000c0ff1f0000d7
:10d5580000000000000000c0ff0f000000000000f5
:10d56800000000e0ff07000000000000000000f0dd
:10d57800ff07000000000000000000f0ff030000ab
:10d5880000000000000000f8ff010000000000009b
:10d59800000000fcff01000000000000000000fe89
:10d5a800ff00000000000000000000fe7f000000f7
:10d5b80000000000000000ff7f00000000000000e5
:10d5c800000080ff3f000000000000000000c0ffd6
:10d5d8001f000000000000000000e0ff0f00000036
:10d5e800000000000000f0ff07000000000000003d
:10d5f8000000f8ff03000000000000000000fcff2e
:10d6080001000000000000000000feff0000000014
:10d61800000000000080ff7f000000000000000004
:10d6280000c0ff3f000000000000000000f0ff1fe6
:10d63800000000000000000000f8ff0f00000000dc
:10d648000000000000feff030000000000000000d2
:10d6580000ffff010000000000000000c0ff7f0085
:10d668000000000000000000f0ff3f000000000084
:10d6780000000000feff0f00000000000000008016
:10d68800ffff070000000000000000e0ffff0100ae
:10d6980000000000000000fcff7f00000000000008
:10d6a8000000c0ffff1f0000000000000000f8ff9e
:10d6b800ff030000000000000000feffff00000064
:10d6c800000000000000fcff1f0000000000000038
:10d6d8000000fcff03000000000000000000fc3f09
:10d6e80000000000000000000000f8030000000037
:10d6f800000000000000080000000000000000001a
:10d708000000000000000000000000000000000011
:10d718000000000000000000000000000000000001
:10d7280000000000000000000000000000000000f1
:10d7380000000000000000000000000000000000e1
:10d7480000000000000000000000000000000000d1
:10d7580000000000000000000000000000000000c1
:10d7680000000000000000000000000000000000b1
:10d7780000000000000000000000000000000000a1
:10d788000000000000000000000000000000000091
:10d798000000000000000000000000000000000081
:10d7a8000000000000000000000000000000000071
:10d7b8000000000000000000000000000000000061
:10d7c8000000000000000000000000000000000051
:10d7d8000000000000000000000000000000000041
:10d7e8000000000000000000000000000000000031
:10d7f8000000000000000000000000000000000021
:10d808000000000000000000000000000000000010
:10d818000000000000000000000000000000000000
:10d8280000000000000000000000000000000000f0
:10d8380000000000000000000000000000000000e0
:10d8480000000000000000000000000000000000d0
:10d8580000000000000000000000000000000000c0
:10d8680000000000000000000000000000000000b0
:10d8780000000000000000000000000000000000a0
:10d888000000000000000000000000000000000090
:10d898000000000000000000000000000000000080
:10d8a8000000000000000000000000000000000070
:10d8b8000000000000000000000000000000000060
:10d8c8000000000000000000000000000000000050
:10d8d8000000000000000000000000000000000040
:10d8e8000000000000000000000000000000000030
:10d8f8000000000000000000000000000000000020
:10d90800000000000000000000000000000000000f
:10d9180000000000000000000000000000000000ff
:10d9280000000000000000000000000000000000ef
:10d9380000000000000000000000000000000000df
:10d9480000000000000000000000000000000000cf
:10d9580000000000000000000000000000000000bf
:10d9680000000000000000000000000000000000af
:10d97800000000000000000000000000000000009f
:10d98800000000000000000000000000000000008f
:10d99800000000000000000000000000000000007f
:10d9a800000000000000000000000000000000006f
:10d9b800000000000000000000000000000000005f
:10d9c800000000000000000000000000000000004f
:10d9d800000000000000000000000000000000003f
:10d9e800000000000000000000000000000000002f
:10d9f800000000000000000000000000000000001f
:10da0800000000000000000000000000000000000e
:10da180000000000000000000000000000000000fe
:10da280000000000000000000000000000000000ee
:10da380000000000000000000000000000000000de
:10da480000000000000000000000000000000000ce
:10da580000000000000000000000000000000000be
:10da680000000000000000000000000000000000ae
:10da7800000000000000000000000000000000009e
:10da8800000000000000000000000000000000008e
:10da9800000000000000000000000000000000007e
:10daa800000000000000000000000000000000006e
:10dab800000000000000000000000000000000005e
:10dac800000000000000000000000000000000004e
:10dad800000000000000000000000000000000003e
:10dae800000000000000000000000000000000002e
:10daf800000000000000000000000000000000001e
:10db0800000000000000000000000000000000000d
:10db180000000000000000000000000000000000fd
:10db280000000000000000000000000000000000ed
:10db380000000000000000000000000000000000dd
:10db4800000400000000c0ff00000000f0ff01001a
:10db58000000f8ff03000000fcff07000000feffc4
:10db680007000000ffff0f000000ffff0f0000800c
:10db7800ffff0f000080ffff0f0000c0ffff0f0036
:10db880000c0ffff1f0000c0ffff0f0000c0ffff25
:10db98000f0000e0ffff0f0000e0ffff0f0000e0b4
:10dba800ffff0f0000e0ffff0f0000e0ffff07008e
:10dbb80000c0ffff070000c0ffff030000c0ffff19
:10dbc800030000c0ffff01000080ffff000000808d
:10dbd800ff7f00000000fe3f00000000fc0f000077
:10dbe800000000000000000000000000000000002d
:10dbf800000000000000000000000000000000001d
:10dc0800000000000000000000000000000000000c
:10dc180000000000000000000000000000000000fc
:10dc280000000000000000000000000000000000ec
:10dc380000000000000000000000000000000000dc
:10dc480000000000000000000000000000000000cc
:10dc580000000000000000000000000000000000bc
:10dc680000000000000000000000000000000000ac
:10dc7800000000000000000000000000000000009c
:10dc8800000000000000000000000000000000008c
:10dc9800000000000000000000000000000000007c
:10dca800000000000000000000000000000000006c
:10dcb800000000000000000000000000000000005c
:10dcc800000000000000000000000000000000004c
:10dcd800000000000000000000000000000000003c
:10dce8000000000000000000000000040000000028
:10dcf800c0ff00000000f0ff01000000f8ff030073
:10dd08000000fcff07000000feff07000000ffff07
:10dd18000f000000ffff0f000080ffff0f000080d2
:10dd2800ffff0f0000c0ffff0f0000c0ffff1f0034
:10dd380000c0ffff0f0000c0ffff0f0000e0ffff63
:10dd48000f0000e0ffff0f0000e0ffff0f0000e002
:10dd5800ffff0f0000e0ffff070000c0ffff070004
:10dd680000c0ffff030000c0ffff030000c0ffff6b
:10dd780001000080ffff00000080ff7f000000001e
:10dd8800fe3f00000000fc0f000000000000000043
:10dd9800000000000000000000000000000000007b
:10dda800000000000000000000000000000000006b
:10ddb800000000000000000000000000000000005b
:10ddc800000000000000000000000000000000004b
:10ddd800000000000000000000000000000000003b
:10dde800000000000000000000000000000000002b
:10ddf800000000000000000000000000000000001b
:10de0800000000000000000000000000000000000a
:10de180000000000000000000000000000000000fa
:10de280000000000000000000000000000000000ea
:10de380000000000000000000000000000000000da
:10de480000000000000000000000000000000000ca
:10de580000000000000000000000000000000000ba
:10de680000000000000000000000000000000000aa
:10de7800000000000000000000000000000000009a
:10de8800000000000000000000000000000000008a
:10de9800000000000000000000000000000000007a
:10dea800000000000000000000000000000000006a
:020000040000fa
:020000041d02db
:10deb800d0ffbd272c00bfaf2800b6af2400b5aff8
:10dec8002000b4af1c00b3af1800b2af1400b1af5c
:10ded8001000b0af20a6047c209e057c2096067c0e
:10dee8005403410f20ae077c1d0040142118000088
:10def800218860020100b5262a107502110040141d
:10df080001000324dbb7400b211060000e08410f0d
:10df180021282002010010262086107c2a101202d7
:10df2800faff40142120000201007326209e137c72
:10df38002a1075020500401421886002dab7400be8
:10df480001000324010052262ab0920221208002f7
:10df5800eeffc01621808002cdb7400b010073266a
:10df6800211060002c00bf8f2800b68f2400b58fc9
:10df78002000b48f1c00b38f1800b28f1400b18f2b
:10df88001000b08f0800e0033000bd27b0ffbd27a8
:10df98004c00bfaf4800beaf4400b7af4000b6afbb
:10dfa8003c00b5af3800b4af3400b3af3000b2af07
:10dfb8002c00b1af2800b0af208e047c20a6057cd1
:10dfc8002096067c5403410f20b6077cc9004014f4
:10dfd80021180000648292a72f0032165a8296a751
:10dfe8002a10d402050040102198800221108002d6
:10dff80021a0c00221b04000219880020100d6264d
:10e008002a109602bb0040100100032401001224cc
:10e0180021800000ffff37320100f52620ae157c75
:10e02800fffff72620be177c010010262086107cf3
:10e038005682828703005014000000000100523a03
:10e04800218000000e004052010094262120200269
:10e058000e08410f212860025e828293080040501a
:10e06800010094262120a0020e08410f21286002f9
:10e078002120e0020e08410f2128600201009426a9
:10e0880020a6147c2a109602e7ff401421988002eb
:10e09800bfb8400b010003242f009656239051026d
:10e0a8002a10510205004010219820022110200258
:10e0b8002188400221904000219820020100552625
:10e0c8002a1035028b00401001000324010012249d
:10e0d80021800000ffff97320100f62620b6167c4b
:10e0e800fffff72620be177c010010262086107c33
:10e0f8005682828703005014000000000100523a43
:10e10800218000000e0040520100312621206002cb
:10e118000e08410f212880025e8282930800405039
:10e1280001003126212060020e08410f2128c0027b
:10e13800212060020e08410f2128e002010031264b
:10e14800208e117c2a103502e7ff40142198200206
:10e15800bfb8400b010003242096127c040041063e
:10e1680001001724239012002096127cffff172429
:10e1780023b0d40220b6167c0400c10601001e2478
:10e1880023b0160020b6167cffff1e242a10560264
:10e198000f004010212020020e08410f2128800284
:10e1a8002110e00221b8c00321f0400021104002f4
:10e1b8002190c00221b04000211020022188800255
:10e1c80021a040000100022479b8400b1c00a2af36
:10e1d8000e08410f212880021c00a0af40b0160095
:10e1e800ffffd6322380d2022086107c010015243e
:10e1f8002198000040101200bbb8400b1000a2a7e5
:10e20800050000061000a29721a09e0220a6147cfb
:10e21800238002022086107c21883702208e117c00
:10e228002180d00201007326209e137c56828287ab
:10e23800030053142086107c0100b53a2198000091
:10e248002900a052ffff52261c00a28f1400401084
:10e258001800b1af212080020e08410f21282002aa
:10e268005e82829320004050ffff5226ffff8232d9
:10e278002000a2af010044242026047c0e08410f90
:10e288001800a58f2000a28fffff44242026047cbd
:10e298000e08410f1800a58fbcb8400bffff52268f
:10e2a800212020020e08410f212880025e828293dd
:10e2b8000d004050ffff5226ffff82322000a2af20
:10e2c800010045241800a48f0e08410f202e057c5c
:10e2d8002000a28fffff45241800a48f0e08410fcd
:10e2e800202e057cffff52262096127cc4ff410693
:10e2f80001000324211060004c00bf8f4800be8f2e
:10e308004400b78f4000b68f3c00b58f3800b48ffb
:10e318003400b38f3000b28f2c00b18f2800b08f3b
:10e328000800e0035000bd27e8ffbd271400bfaf79
:10e3380021200000212800001f0306244f08410f58
:10e34800df010724fbff401021200000648280a722
:10e358005a8280a71400bf8f0800e0031800bd2769
:10e36800e8ffbd271400bfaf568280a75e8280a356
:10e37800648280a70005410f5a8280a7768280a711
:10e388003a09410f6e8280a75d03410f21200000ea
:10e39800668280a3ffff0224678282a31400bf8fd6
:10e3a8000800e0031800bd2790ffbd276c00bfaf31
:10e3b8006800beaf6400b7af6000b6af5c00b5af31
:10e3c8005800b4af5400b3af5000b2af4c00b1af77
:10e3d8004800b0af209e047c20be057c2096067cb9
:10e3e80020b6077c8000b4878400be878800b0937d
:10e3f80005b5023418008202121800001c00a3aff1
:10e408001800c203121800002000a3af001c14005b
:10e418000100023c00404224231843002400a3af1b
:10e42800001c1e00231843002800a3af3400b6af19
:10e438003000b7af2110d702431002001800a2af76
:10e448003800b2af3c00b3af2110530243100200b2
:10e458002c00a2af039d113cffff66321400a6af4b
:10e4680021a8c0032310d5002016027c4400a2afc7
:10e47800ffffe2321000a2af231055002016027ce5
:10e488004000a2af5403410f00000000b90140143e
:10e49800dc80828f1200422cfaff4010dc80828fd1
:10e4a80080100200c0e42326211062000000428c84
:10e4b800080040000000000008e5029d60e6029d9b
:10e4c80068e9029dd0e6029dc0e9029d2ce7029d05
:10e4d800f4ea029d84e7029d3ceb029ddce7029d85
:10e4e80074ea029d38e8029dbcea029d94e8029d08
:10e4f800fce9029dece8029d38ea029d60e5029d78
:10e508001c00a38f007c627cfa8082a72000a68f63
:10e51800007cc27cf88082a72400a38f007c627ce8
:10e52800ee8082a72800a68f007cc27cec8082a7a0
:10e53800f68094a7f48095a7f28080a7f08080a742
:10e54800ea8094a7e88080a7e68080a7e48095a762
:10e55800e28080a7e08080a7f0808287f8808387a8
:10e568002a18620004006010f280838702000224e7
:10e578005aba400bdc8082afe68083a7e08082a78e
:10e58800fa8082872a104300150040540100632452
:10e59800ee8082870a004018f6808497ffff842463
:10e5a8002026047cf68084a72318640005004224f2
:10e5b800401803002110430076b9400bee8082a773
:10e5c800030042244018030021104300ee8082a774
:10e5d800f28082970100422480b9400bf28082a722
:10e5e800201e037cf28083a7f68082872a104300ce
:10e5f80001004054f68083a7ec8082870b00401806
:10e60800f4808397ffff6324201e037cf48083a794
:10e61800f0808497231883000500422440180300e3
:10e628002110430092b9400bec8082a703004224da
:10e63800f08083974018030021104300ec8082a7e4
:10e64800f080829701004224f08082a70100022412
:10e6580023b9400bdc8082afea808787f680828707
:10e668000500471401000232e4808387f480828722
:10e67800b9ff6210010002321100401003000224a9
:10e68800ffff4232e280849721204400e480839790
:10e698001000a68f2328c300e6808397211043002b
:10e6a8002338c7002026047c202e057c2036027cd7
:10e6b8004f08410f203e077c300140100300022420
:10e6c80023b9400bdc8082af0200023213004010f5
:10e6d80005000224ffff4232ea808497212044008b
:10e6e800e68085971000a38f23286500e480839730
:10e6f80021104300e28087971000a68f2338c700b7
:10e708002026047c202e057c2036027c4f08410ff1
:10e71800203e077c1b0140100500022423b9400b52
:10e72800dc8082af0400023212004010070002248d
:10e73800ffff4332ffffc232ea8085972128650038
:10e74800e880849721304400e4808497211864008d
:10e75800e0808797213847002026057c202e067cfc
:10e768002036037c4f08410f203e077c07014010ec
:10e778000700022423b9400bdc8082af0800023274
:10e788001200401009000224ffff4332ffffc2328b
:10e79800e880859721286500ea8084972130440025
:10e7a800e080849721186400e48087972138470027
:10e7b8002026057c202e067c2036037c4f08410f3e
:10e7c800203e077cf30040100900022423b9400bc7
:10e7d800dc8082af10000232130040100b000224cc
:10e7e800ffffc232e68084971400a38f23206400c1
:10e7f800ea80859721284500e28083971400a68f38
:10e808002318c300e4808797213847002026047c1a
:10e81800202e057c2036037c4f08410f203e077cc4
:10e82800de0040100b00022423b9400bdc8082afcd
:10e8380020000232130040100d000224ffffc232f4
:10e84800e48084971400a38f23206400e2808597d6
:10e8580021284500ea8083971400a68f2318c30057
:10e86800e6808797213847002026047c202e057ce7
:10e878002036037c4f08410f203e077cc90040101a
:10e888000d00022423b9400bdc8082af4000023225
:10e89800120040100f000224e48084971400a28f15
:10e8a80023204400e08085971000a38f232865006b
:10e8b800ea80869723304600e880879723386700e8
:10e8c8002026047c202e057c2036067c4f08410f2c
:10e8d800203e077cb50040100f00022423b9400bee
:10e8e800dc8082af2014107c13004104f6808297ec
:10e8f800e08084971400a68f2320c400e4808597c5
:10e908001000a28f23284500e88086971400a38f63
:10e9180023306600ea808797233847002026047c46
:10e92800202e057c2036067c4f08410f203e077cb0
:10e93800a0004010f6808297ea8082a7f280829732
:10e94800e88082a7f4808297e48082a7f08082978b
:10e95800e28082a71100022423b9400bdc8082af39
:10e9680003005316020002320f00d752dc8080af3a
:10e978000f00401004000224ffff46322120d4007b
:10e988002130d5002026047c3000a58f2036067c57
:10e998004f08410f1800a78f0500405404000224b7
:10e9a800f1ba400b21180000feba400b0100032405
:10e9b80023b9400bdc8082af040002320b00401008
:10e9c8000e000224ffff46322120d4002130d5005a
:10e9d8002026047c1800a58f2036067c4f08410f9e
:10e9e8003400a78f770040100e00022423b9400b93
:10e9f800dc8082af100002320b00401010000224ad
:10ea0800ffffc7322128f4002138f5003c00a48f0d
:10ea1800202e057c2c00a68f4f08410f203e077c36
:10ea28006a0040101000022423b9400bdc8082af3a
:10ea3800080002320b0040100a000224ffffc73210
:10ea48002128f4002138f5002c00a48f202e057c05
:10ea58003800a68f4f08410f203e077c5d0040100c
:10ea68000a00022423b9400bdc8082af0e00531247
:10ea78002014107c0a0041040c0002241000a68f08
:10ea88002338d4003c00a48f4000a58f2c00a68f0b
:10ea98004f08410f203e077c500040100c00022414
:10eaa80023b9400bdc8082af0600022423b9400b57
:10eab800dc8082af010002320a0040100600022406
:10eac8001000a28f233854002c00a48f4000a58f7b
:10ead8003800a68f4f08410f203e077c41004010a8
:10eae8000600022423b9400bdc8082af0e00f61228
:10eaf800400002320a004010080002241400a38fcc
:10eb0800233074004400a48f3000a58f2036067c83
:10eb18004f08410f1800a78f340040100800022446
:10eb280023b9400bdc8082afdc8080affeba400b9b
:10eb380001000324200010320c000052dc8080af5a
:10eb4800ffff66322320de002330d4002026047c19
:10eb58001800a58f2036067c4f08410f3400a78f78
:10eb68002300401021180000dc8080affeba400b63
:10eb780001000324feba400b21180000feba400b26
:10eb880021180000feba400b21180000feba400b05
:10eb980021180000feba400b21180000feba400bf5
:10eba80021180000feba400b21180000feba400be5
:10ebb80021180000feba400b21180000ffba400bd4
:10ebc80021106000feba400b21180000feba400b6d
:10ebd80021180000feba400b21180000feba400bb5
:10ebe80021180000feba400b21180000211800006f
:10ebf800211060006c00bf8f6800be8f6400b78f63
:10ec08006000b68f5c00b58f5800b48f5400b38f86
:10ec18005000b28f4c00b18f4800b08f0800e0035d
:10ec28007000bd2778ffbd278400bfaf8000beaf4e
:10ec38007c00b7af7800b6af7400b5af7000b4af62
:10ec48006c00b3af6800b2af6400b1af6000b0afa2
:10ec580020b6047c20be057c209e067c20a6077c6e
:10ec68009800a2875403410f1400a2affe0040147d
:10ec78002118000005b502341400a38f0210627039
:10ec8800021c02001400a48f001404000100153cab
:10ec980023a8a202c000801002ac15000100632462
:10eca800201e037cbc0060042400a3af20ae157caa
:10ecb80021f0800021880000010002241000a2af8a
:10ecc80021900000ffff63323400a3afffffe4325e
:10ecd8003800a4afffff82323c00a2afffffc3326f
:10ece8004000a3af4c00b6af5000b7af5400b3af6d
:10ecf8005800b4af010052262096127c56828287b3
:10ed0800060052141000a28f1000a48f010084384e
:10ed18001000a4af219000001000a28f87004010bf
:10ed2800ffff36323400a38f2110c3022016027c65
:10ed38001800a2afffffd7333800a38f2310770046
:10ed4800ffff42302800a2af20a6027c1800a48f43
:10ed58000e08410f212880023400a48f2110e402fc
:10ed6800ffff42302c00a2af209e027c3800a38f08
:10ed7800231076002016027c1c00a2af212060021e
:10ed88000e08410f212840003c00a48f2180e40296
:10ed9800ffff10323000b0af2086107c1800a48f1f
:10eda8000e08410f212800023c00a38f2110c30246
:10edb8002016027c2000a2af212060020e08410f1d
:10edc800212840004000a48f23b0960020b6167c6e
:10edd8002120c0020e08410f212800024000a28f06
:10ede80023b85700fffff7322086177c2120000246
:10edf8000e08410f2000a58f212000020e08410fa8
:10ee08001c00a58f2120c0020e08410f2128800276
:10ee18005e828293490040102800a38fffff62247e
:10ee28002016027c4400a2af1800a48f0e08410fe0
:10ee3800212840002800a48f010082242016027c8b
:10ee48002800a2af1800a48f0e08410f2128400007
:10ee58002c00a38f010062242016027c4800a2af78
:10ee6800212040000e08410f1c00a58f2c00a48f04
:10ee7800ffff9324209e137c212060020e08410f7f
:10ee88001c00a58f3000a28fffff542420a6147cfd
:10ee98001800a48f0e08410f212880023000a38f8c
:10eea800010070242086107c1800a48f0e08410fe2
:10eeb800212800024800a48f0e08410f2000a58fca
:10eec800212060020e08410f2000a58f2120c002da
:10eed8000e08410f212880022120c0020e08410f90
:10eee800212800020100f326209e137c21206002c5
:10eef8000e08410f2000a58ffffff0262086107c0a
:10ef0800212000020e08410f2000a58f2120600259
:10ef18000e08410f1c00a58f212000020e08410f8a
:10ef28001c00a58f2120c0020e08410f2800a58fc4
:10ef38002120c0020e08410f4400a58f0900a05ae5
:10ef48000300b526ffffde2720f61e7c23103e02b5
:10ef58000500b5264010020021a8a202debb400b26
:10ef680020ae157c4010110021a8a20220ae157c0d
:10ef780001003126208e117c2400a48f2a109100d4
:10ef88005dff4050010052264c00b68f5000b78fed
:10ef98005400b38f5800b48f0c0076121400a38f5e
:10efa8002180e00221106000238002022086107c6c
:10efb8002120c0022128000221306002e5b7400f5d
:10efc80021380002fbff40102120c0020c009712dc
:10efd8001400a48f2180c002211080002380020227
:10efe8002086107c212000022128e0022130000226
:10eff800e5b7400f21388002fbff401021200002b6
:10f00800040076161400a28f17009712010003243b
:10f018001400a28fffff513021806002218030024e
:10f028002086107c212000022128e00221300002e5
:10f03800e5b7400f21388002fbff40102120000275
:10f04800218034022086107c2120c0022128000261
:10f0580021306002e5b7400f21380002fbff401065
:10f068002120c00201000324211060008400bf8f0a
:10f078008000be8f7c00b78f7800b68f7400b58f84
:10f088007000b48f6c00b38f6800b28f6400b18fca
:10f098006000b08f0800e0038800bd27c0ffbd27cf
:10f0a8003c00bfaf3800beaf3400b7af3000b6afda
:10f0b8002c00b5af2800b4af2400b3af2000b2af26
:10f0c8001c00b1af1800b0af20a6047c208e057cd0
:10f0d80020ae067c209e077c5000b08705b5023420
:10f0e800021802720014100001001e3c0040de27c6
:10f0f80023f0c203039d123c44f15226ffff37322e
:10f10800ffff7632007c637c1000a3af5403410fed
:10f1180000000000cd004014c880828f0800422cf7
:10f12800faff4010c880828f80100200211042022e
:10f138000000428c080040000000000064f1029dbd
:10f1480098f1029db8f2029d08f3029d0cf2029d0f
:10f1580068f2029d38f4029d68f3029d04000016cf
:10f168001000a28f0700022445bc400bc88082af64
:10f17800d68082a703141e00d88082afd48090a7bf
:10f18800d28080a7d08090a7ce8080a7cc8080a78f
:10f19800d2808287d68083872a1862000400605054
:10f1a800cc8082a70700022445bc400bc88082aff0
:10f1b800d880838f0a006018d4808497ffff842446
:10f1c8002026047cd48084a70500632423104400ef
:10f1d80040100200211862007ebc400bd88083af2b
:10f1e800030063244010020021106200d88082af1f
:10f1f800d280829701004224d28082a70400022490
:10f20800c88082afd0808687d4808287e0ff46108e
:10f21800678282930f0042300f00401005000224dd
:10f22800ffffc63023208602ce8085972128c5029d
:10f238002130d500cc8087972138c7022026047c4e
:10f24800202e057c2036067c4f08410f203e077c87
:10f25800800040100500022445bc400bc88082afe6
:10f26800678282930f0042300f0040100200022490
:10f27800cc80869723208602d48085972128c502d2
:10f288002130d500d08087972138c7022026047cfa
:10f29800202e057c2036067c4f08410f203e077c37
:10f2a8006e0040100200022445bc400bc88082afab
:10f2b80067828293f00042300f004010030002245e
:10f2c800cc80869723208602d08085972328e50264
:10f2d8002130d500d48087972338e7022026047c84
:10f2e800202e057c2036067c4f08410f203e077ce7
:10f2f8005c0040100300022445bc400bc88082af6c
:10f3080067828293f00042300f004010d4808297c9
:10f31800d080869723208602cc8085972328e50213
:10f328002130d500ce8087972338e7022026047c39
:10f33800202e057c2036067c4f08410f203e077c96
:10f348004a004010d4808297d08082a7d2808297ca
:10f35800ce8082a70100022445bc400bc88082af42
:10f368000300b416678282932f007152c88080af61
:10f37800ff0003240d004354f0000324ffff06326e
:10f38800232086022130d5002026047c2128200253
:10f398002036067c4f08410f213860021f004014b8
:10f3a800211800001fbd400b211060000f004314fe
:10f3b800ffff10322320900221a815022338710282
:10f3c80042380700213827022026047c2128200201
:10f3d8002036157c4f08410f203e077c0f00401453
:10f3e800211800001fbd400b21106000232090024f
:10f3f80023107102421002002188220221a815025e
:10f408002026047c202e117c2036157c4f08410fc5
:10f41800213860021600401021180000060002245e
:10f428000ebd400bc88082af1ebd400b01000324f7
:10f438005403410f000000000d0040142118000083
:10f44800c88080af1ebd400b010003241ebd400bc9
:10f45800211800001ebd400b211800001ebd400be6
:10f46800211800001ebd400b2118000021180000c3
:10f47800211060003c00bf8f3800be8f3400b78f6a
:10f488003000b68f2c00b58f2800b48f2400b38fbe
:10f498002000b28f1c00b18f1800b08f0800e00365
:10f4a8004000bd27d8ffbd272400bfaf2000b3af61
:10f4b8001c00b2af1800b1af1400b0af2198a00083
:10f4c800208e047c01001224010010245403410ff3
:10f4d800000000002900401421100000c480828f21
:10f4e80005004050c28092a7f8ff5014c28083875d
:10f4f80042bd400b00000000c48090afc2808387eb
:10f50800f2ff6050c48080af2a107100efff4050b6
:10f51800c48080af2a10710004004054801003009a
:10f528005ebd400bc48080af80100300ffff6324e2
:10f53800801803002118630221106202000064840d
:10f54800feff458400004684e5b7400f020047846b
:10f5580009004010c280838701006324201e037cb9
:10f568002a107100f0ff4014c28083a7c48080afc6
:10f5780061bd400b01000224211000002400bf8f50
:10f588002000b38f1c00b28f1800b18f1400b08f09
:10f598000800e0032800bd27608284af0000828451
:10f5a80008004014000000000400828c020043940c
:10f5b800548283a704004394588283a7060042908c
:10f5c8005c8282a70800e00300000000b0ffbd27ae
:10f5d8004c00bfaf4800beaf4400b7af4000b6af65
:10f5e8003c00b5af3800b4af3400b3af3000b2afb1
:10f5f8002c00b1af2800b0af5403410f2084047c25
:10f608008400401421180000548282972024027c30
:10f618002a2004027f008014ffff03345882848369
:10f628002a2090007c008054211060006082838f23
:10f63800000064840e008054219800000400638c4c
:10f648002014027c231002020200422480100200cf
:10f6580021106200020052940092120001004490ae
:10f6680021904402219072009fbd400b00005390ee
:10f67800219000006682829332004014648282875f
:10f688005a8282875c8283872b00601821f00000f1
:10f6980021a0000021b000001000a2a721106002e4
:10f6a800ffff42241800a2a71000a29721b8c202a7
:10f6b80020be177c1a00601a64829e872180000091
:10f6c8002188000021a8c00321203502040000166b
:10f6d8002026047c000054920100522601001024c8
:10f6e8002410140204004050010031260e08410f76
:10f6f8002128e00201003126208e117c2a103302d5
:10f708000300401040801000b4bd400bff001032d1
:10f718000100de271800a39721f0c30320f61e7c02
:10f728000100d62620b6167c5c8282872a10c20287
:10f73800deff40141000a29764829ea707be400b0c
:10f74800010003245c8283872f0060181000a0af9b
:10f7580021a0000021b800001800a2a72110600213
:10f76800010016242310c2022000a2a71800a297a5
:10f7780021f0e20220f61e7c5a8283871c00601a60
:10f788001000a3af218000002188000021a860009c
:10f798002328b10204000016202e057c0000549294
:10f7a800010052262180c002241014020400405097
:10f7b800010031260e08410f2120c0030100312627
:10f7c800208e117c2a103302030040104080100064
:10f7d800e6bd400bff0010321000a38fffff62242c
:10f7e8002000a397211043002016027c1000a2af2e
:10f7f8000100f72620be177c5c8282872a10e2026d
:10f80800dbff40141800a2971000a28f5a8282a72b
:10f8180001000324211060004c00bf8f4800be8ff8
:10f828004400b78f4000b68f3c00b58f3800b48fc6
:10f838003400b38f3000b28f2c00b18f2800b08f06
:10f848000800e0035000bd27e8ffbd271400bfaf44
:10f858001000b0af21808000c08082972110820004
:10f8680000004480100082280e004054c08080a709
:10f8780075bd400f000000000c004010c08082974a
:10f8880001004224ffff4230c08082a721100202fb
:10f898000000448010008228f5ff4010000000009e
:10f8a800c08080a72ebe400b01000224211000005a
:10f8b8001400bf8f1000b08f0800e0031800bd27a8
:10f8c800e8ffbd271400bfaf2026047c0c8082937c
:10f8d80004004010202e057c648284a75a8285a7e4
:10f8e8000c8080a314be400f2120c00004004010eb
:10f8f80021180000010002240c8082a301000324c7
:10f90800211060001400bf8f0800e0031800bd2715
:10f918000000a28419004014000000000400a28c1a
:10f928000200468004004780080048245bbe400b64
:10f93800211000002a2866000b00a05400008380d4
:10f948002a28e3000800a0540000838023186600da
:10f958008018030021180301000063902110430060
:10f968002016027c0000838010006528f1ffa0109b
:10f97800010084240800e003000000000800e00300
:10f9880021100000000082840400401400000000e0
:10f998000400828c0800e003060042900800e0039f
:10f9a80021100000000082840400401400000000c0
:10f9b8000400828c0800e003040042840800e0038d
:10f9c80021100000000082840400401400000000a0
:10f9d8000400828c0800e003020042840800e0036f
:10f9e80021100000a0ffbd275c00bfaf5800beafcc
:10f9f8005400b7af5000b6af4c00b5af4800b4af35
:10fa08004400b3af4000b2af3c00b1af3800b0af74
:10fa18002026047cff00e7300200c2943000a2af29
:10fa28000400de940600c3941000a3af0800c2943b
:10fa38001400a2af0a00d424ffffa530010002245d
:10fa48000600e2102800a5af3000a38f30006054f4
:10fa58002c00a0af09bf400b5c00bf8f3000a28f05
:10fa68006d00401021b8000021900000ffff953084
:10fa7800010016241e00c013218000002188000008
:10fa88002800a38f21987700209e137c050000167c
:10fa98002410120200009292010094268000102483
:10faa800241012021400a48f1000a38f0a206200f1
:10fab800768284a76c828397ffff823004006214e9
:10fac8002120b1026e82828705005650010031263e
:10fad8002026047c0e08410f2128600201003126ef
:10fae800ffff31322b103e02e8ff40144280100025
:10faf8000100f726fffff7323000a48f2b10e40235
:10fb0800dcff40145c00bf8f0abf400b5800be8f5b
:10fb180021b80000ffff84301800a4af0100822440
:10fb28002000a2a73000c013218800002190000007
:10fb38002800a38f20ae037c0100762420b6167c13
:10fb48000500201624103702000097920100942621
:10fb580080001124241037021400a48f1000a38ff2
:10fb68000a206200768284a76c828397ffff823026
:10fb780005006214409812006e82828701000424f6
:10fb88001500445001005226ffff73321800a28f5f
:10fb9800218053002086107c212000020e08410f8e
:10fba8002128a002212000020e08410f2128c002ae
:10fbb8002000a397218063022086107c2120000268
:10fbc8000e08410f2128a002212000020e08410f33
:10fbd8002128c00201005226ffff52322b105e027c
:10fbe800d7ff4014428811002c00a48f0100822402
:10fbf800ffff42302c00a2af3000a38f2b10430030
:10fc0800050040102800a48f02008224ffff423024
:10fc1800cbbe400b2800a2af5c00bf8f5800be8f40
:10fc28005400b78f5000b68f4c00b58f4800b48f82
:10fc38004400b38f4000b28f3c00b18f3800b08fc2
:10fc48000800e0036000bd2798ffbd276400bfaf30
:10fc58006000beaf5c00b7af5800b6af5400b5af98
:10fc68005000b4af4c00b3af4800b2af4400b1afde
:10fc78004000b0af2026047c202e057cff00e73032
:10fc88000200c2943800a2af0400d7940600d3241f
:10fc98001000a3272600c624211060020000489403
:10fca800000068a402004224fcff461402006324fa
:10fcb80020007326ffffa530010002240600e21091
:10fcc8003000a5af3800a38f3600601421b00000c3
:10fcd800b0bf400b6400bf8f3800a28f7500401082
:10fce8002188000021b00000ffff94300100152496
:10fcf8002400e0123000a38f2180000021907600bc
:10fd08002096127c010002320800405000007192d7
:10fd180002111100401002001000a42721108200d7
:10fd28000000429454bf400b768282a701007326dc
:10fd38000f002232401002001000a3272110620099
:10fd480000004294768282a76c828397768282979b
:10fd580004006214212090026e82828705005550ab
:10fd6800010010262026047c0e08410f212840029d
:10fd780001001026ffff02322b105700e2ff40144b
:10fd8800010002320100d626ffffd6323800a48fc8
:10fd98002b10c402d6ff40146400bf8fb1bf400bc4
:10fda8006000be8f3400a0afffff84303c00a4afda
:10fdb80001001e243300e0123c00b28f21880000ad
:10fdc8003000a28f20a6027c0100552420ae157cad
:10fdd80001002232080040500000769202111600fd
:10fde800401002001000a327211062000000429476
:10fdf80087bf400b768282a7010073260f00c232ac
:10fe0800401002001000a427211082000000429434
:10fe1800768282a76c828397768282970400621426
:10fe28002086127c6e82828710005e500100312687
:10fe3800212000020e08410f212880022120000203
:10fe48000e08410f2128a002010050262086107cb0
:10fe5800212000020e08410f2128800221200002e3
:10fe68000e08410f2128a00201003126ffff22328f
:10fe78002b105700030040100200522676bf400b9b
:10fe8800ffff52323400a38f01006224ffff42308b
:10fe98003400a2af3800a48f2b1044000500401096
:10fea8003000a38f02006224ffff42306fbf400b77
:10feb8003000a2af6400bf8f6000be8f5c00b78fb8
:10fec8005800b68f5400b58f5000b48f4c00b38fd4
:10fed8004800b28f4400b18f4000b08f0800e003a3
:10fee8006800bd27b0fdbd274c02bfaf4802beafba
:10fef8004402b7af4002b6af3c02b5af3802b4af68
:10ff08003402b3af3002b2af2c02b1af2802b0afa7
:10ff18002026047c202e057cff00e7300200c294d6
:10ff28001802a2af0400d6940600c9241000a32723
:10ff38000602c6242110200100004894000068a48d
:10ff480002004224fcff4614020063240002292513
:10ff58001002a9af010002240700e210ffffbe3023
:10ff68001402a0af1802a38f31006054ffff843041
:10ff78004cc0400b4c02bf8f1802a28f6900401082
:10ff880021a80000ffff9330ffffd726fffff732bd
:10ff98000100f7261f00c0520100b5261002b18fdc
:10ffa800218000002190d5032096127c01001424a2
:10ffb80000002292401002001000a32721106200c6
:10ffc80000004294768282a76c82839704006214b0
:10ffd800010031266e8282870600545001001026e7
:10ffe800212070022026047c0e08410f212840029f
:10fff80001001026ffff10322b101602edff4054af
:020000041d03da
:10000800000022921002a48f212097001002a4afb2
:100018000100b526ffffb5321802a38f2b10a302eb
:10002800dcff40144c02bf8f4dc0400b4802be8f0e
:100038001c02a4afffffc226ffff4230010042248a
:100048002002a2af2d00c0121c02b18f1002b28f85
:100058002198000020a61e7c0100d52720ae157c23
:100068000100172400004292401002001000a3274c
:100078002110620000004294768282a76c828397e6
:1000880004006214010052266e82828711005750c4
:10009800010073262086117c212000020e08410fe2
:1000a80021288002212000020e08410f2128a002e9
:1000b800010030262086107c212000020e08410f06
:1000c80021288002212000020e08410f2128a002c9
:1000d80001007326ffff73322b10760203004010d5
:1000e800020031261bc0400bffff31321002a48fe3
:1000f8002002a28f212082001002a4af1402a38f35
:1001080001006224ffff42301402a2af1802a48f3c
:100118002b104400030040100200de2713c0400be0
:10012800ffffde334c02bf8f4802be8f4402b78ff9
:100138004002b68f3c02b58f3802b48f3402b38fb9
:100148003002b28f2c02b18f2802b08f0800e00372
:100158005002bd27b0ffbd274c00bfaf4800beaf5f
:100168004400b7af4000b6af3c00b5af3800b4affd
:100178003400b3af3000b2af2c00b1af2800b0af3d
:100188002026047cff00e7300200c2941800a2afca
:100198000400d6940600c6241000a6af010002246d
:1001a8000700e210ffffbe301400a0af1800a38fb5
:1001b8002e006054ffff8430d8c0400b4c00bf8f26
:1001c8001800a28f6300401021a80000ffff9330a1
:1001d800ffffd726fffff7320100f72640b81700c8
:1001e8001b00c0520100b5261000b18f218000000d
:1001f8002190d5032096127c010014240000229639
:10020800768282a76c8283970400621402003126ea
:100218006e82828706005450010010262120700249
:100228002026047c0e08410f2128400201001026d8
:10023800ffff10322b101602f1ff405400002296e7
:100248001000a38f211877001000a3af0100b52676
:10025800ffffb5321800a48f2b10a402e0ff401452
:100268004c00bf8fd9c0400b4800be8f1c00a4af04
:10027800ffffc226ffff4230010042244010020067
:100288002000a2af2900c0121c00b18f1000b28f4d
:100298002198000020a61e7c0100d52720ae157ce1
:1002a8000100172400004296768282a76c82839709
:1002b80004006214020052266e8282871100575091
:1002c800010073262086117c212000020e08410fb0
:1002d80021288002212000020e08410f2128a002b7
:1002e800010030262086107c212000020e08410fd4
:1002f80021288002212000020e08410f2128a00297
:1003080001007326ffff73322b10760203004010a2
:1003180002003126abc0400bffff31321000a38f23
:100328002000a48f211864001000a3af1400a38f2d
:1003380001006224ffff42301400a2af1800a48f0e
:100348002b104400030040100200de27a3c0400b1e
:10035800ffffde334c00bf8f4800be8f4400b78fcd
:100368004000b68f3c00b58f3800b48f3400b38f8f
:100378003000b28f2c00b18f2800b08f0800e00346
:100388005000bd27d8ffbd272400bfaf2000b4af61
:100398001c00b3af1800b2af1400b1af1000b0af7b
:1003a8002180c000208e047c2096057c5403410fd8
:1003b800ff00f3302d0040142118000000000296c1
:1003c8000ff0423027004014768294970400068e7e
:1003d8000100c29004000324130043100500432cbd
:1003e8000600601008000324010003241f00435482
:1003f800768294a707c1400b2120200210004310e9
:100408001000032418004354768294a718c1400ba7
:1004180021202002212840027bbe400f21386002a3
:100428001cc1400b768294a721202002212840027b
:1004380014bf400f213860021cc1400b768294a77c
:100448002120200221284002bbbf400f2138600232
:100458001cc1400b768294a72128400257c0400f48
:1004680021386002768294a70100032421106000dd
:100478002400bf8f2000b48f1c00b38f1800b28fe8
:100488001400b18f1000b08f0800e0032800bd27ca
:100498002026047c03008104ffffa5306801842422
:1004a8002026047c0e01822814004054b4008228bf
:1004b800f2fe84240900a0142026047c40200400b5
:1004c800059d023c901e4224212082000000829457
:1004d800231002000800e0032016027c5a000224c0
:1004e8002320440040200400059d023c901e422425
:1004f800212082000800e003000082841600405496
:100508005a0082284cff84240b00a0142026047c67
:100518005a0002242320440040200400059d023c88
:10052800901e4224212082000000829423100200a1
:100538000800e0032016027c40200400059d023cd0
:10054800901e422421208200000082942310020081
:100558000800e0032016027c14004014000000008c
:10056800a6ff84240700a0142026047c4020040051
:10057800059d023c901e4224212082000800e003d1
:10058800000082845a0002242320440040200400f2
:10059800059d023c901e4224212082000000829486
:1005a800231002000800e0032016027c0900a05472
:1005b800402004005a000224232044004020040064
:1005c800059d023c901e4224212082000800e00381
:1005d80000008284059d023c901e42242120820056
:1005e8000800e00300008284b0ffbd274c00bfafc5
:1005f8004800beaf4400b7af4000b6af3c00b5af4f
:100608003800b4af3400b3af3000b2af2c00b1af94
:100618002800b0af2026047c202e057c20b6067c5e
:100628006000b4876400a2871400a2af2a105400a7
:100638004900401420be077c000115241800a4a717
:100648002000a5a7ffff9e30ffffa5301000a5af33
:100658002120800226c1400f21280000219040005f
:10066800021056701a005500f401a002128800000a
:10067800208e117c2120800226c1400f0100052414
:10068800021856701a007500f401a00212800000ca
:100698002400d7122086107c029057721a00550247
:1006a800f401a00212900000209e127c02105770e4
:1006b8001a005500f401a002121000002096027cd6
:1006c800060012525e8280a3030033160100022442
:1006d800b9c1400b5e8280a35e8282a32180d003d1
:1006e8002086107c1000a28f21885100208e117c5a
:1006f8002190d2032096127c21985300209e137ccf
:10070800212000022128200221304002e5b7400fb5
:1007180021386002fbff401021200002d3c1400baa
:10072800010094261800a397212003022000a29715
:10073800212822022026047c0e08410f202e057c49
:100748000100942620a6147c1400a38f2a1074009c
:10075800c0ff401021208002010002244c00bf8ffe
:100768004800be8f4400b78f4000b68f3c00b58f5d
:100778003800b48f3400b38f3000b28f2c00b18fa3
:100788002800b08f0800e0035000bd2778ffbd2780
:100798008400bfaf8000beaf7c00b7af7800b6afb3
:1007a8007400b5af7000b4af6c00b3af6800b2afff
:1007b8006400b1af6000b0afa000a28f208e047caf
:1007c800209e057c2086067c2096077c9800b5979d
:1007d8009c00b497a400a3934400a3af2120600019
:1007e8000700632c09026010768294a78020040019
:1007f800039d033c10086324211864000000638ce7
:1008080008006000000000001410039d8408039d88
:10081800dc08039d2c08039d3409039d8c09039d66
:100828009c09039d21b060022318530202104370f3
:10083800640003241b004300f40160001218000048
:10084800201e037c1000a3af21b8400221106000d5
:1008580023b8e20220be177c212020022128c002f2
:10086800213000024f08410f2138e002fbff401001
:10087800212020026bc2400b00f8a23221b04002b6
:100888002318530202106270640003241b00430003
:10089800f401600012180000201e037c1000a3afb2
:1008a80021b860002110600221b8e20220be177c46
:1008b800212020022128e002213000024f08410fa8
:1008c8002138c002fbff4010212020026bc2400be0
:1008d80000f8a23221b0000223181102021043705e
:1008e800640003241b004300f40160001218000098
:1008f800201e037c1000a3af21b860002110200245
:1009080021b8e20220be177c2120e00221286002e3
:100918002130c0024f08410f21384002fbff401030
:100928002120e0026bc2400b00f8a23221b0200265
:100938002318110202104370640003241b004300b3
:10094800f401600012180000201e037c1000a3af01
:1009580021b800022110600023b8e20220be177cf3
:100968002120c002212860022130e0024f08410ff7
:1009780021384002fbff40102120c0026bc2400b0f
:1009880000f8a23223101102431002006ac2400b81
:100998001000a2af23105302431002001000a2afb0
:1009a80000f8a232021202002000a2afe007a23231
:1009b800c21002002400a2afc0a81500f800b5328a
:1009c8002800b5af2000a38f00f88232021202007f
:1009d80023104300001202001000a48f1a004400e4
:1009e800f4018000123000002400a78fe007823253
:1009f800c210020023104700001202001a0044002f
:100a0800f401800012280000c0a01400f8009432fd
:100a180023a0950200a214001a008402f4018000a9
:100a28001000a48f7901801812a000000022030092
:100a3800c038070025208700c21015002520820035
:100a4800ffff84303000a6af3400a5af3800b4af44
:100a580021a8000021b0000021b8000001000224f4
:100a680021f000004400a58f0700a52c4000a5af89
:100a78004400a68f80180600039d053c180ba5248a
:100a88002128a3004800a5af2c00b1af1800b0afd3
:100a9800a9c2400b1c00b2af2120800202a217009d
:100aa8002000a88f21a01401c020947e022a1600dd
:100ab8002400a38f212865008028a57cc0a21400eb
:100ac80040290500021a15002800a68f2118c30026
:100ad80025a08502c020637c25a08302ffff9432f5
:100ae80004008456768294a70100422482c3400bf6
:100af8002016027c4000a88fc1000051010002248a
:100b08004800a48f0000838c0800600000000000eb
:100b1800040e039d340b039dd40b039d7c0b039d96
:100b2800200c039d6c0c039d380d039d2118600259
:100b380021104300ffff42302086027c1400b4af2e
:100b48002c00b28f1800b18f2120400221286002aa
:100b5800213020024f08410f21380002fbff4010ce
:100b6800212040021400b48f2198000282c3400b58
:100b7800010002241c00a58f2118a0002310620088
:100b8800ffff42302086027c1400b4af2c00b28fe5
:100b98003c00b3af1800b18f2198a000212040027b
:100ba80021280002213020024f08410f213860021d
:100bb800fbff4010212040021400b48f3c00b38f8b
:100bc8001c00b0af82c3400b010002242c00a68f8a
:100bd8002118c00021104300ffff42302086027c0c
:100be8001400b4af2188c0001c00b28f212020025d
:100bf80021286002213000024f08410f21384002ad
:100c0800fbff4010212020021400b48f2c00b0af4d
:100c180082c3400b010002241800a88f211800018c
:100c280023106200ffff42302086027c1400b4af1c
:100c3800218800011c00b28f2120000221286002b7
:100c4800213020024f08410f21384002fbff40109d
:100c5800212000021400b48f1800b0af82c3400beb
:100c680001000224ffff50301800a38f21106000fc
:100c780023105000ffff423020fe027c1400b4af66
:100c88003c00b7af4c00b6af5000b5af5400beaf94
:100c9800218860001c00b28f21f000022180e0034f
:100ca80021a04002212000022128600221302002d8
:100cb8004f08410f21384002faff405021a040025e
:100cc8002188c0033c00b78f4c00b68f1800b0af26
:100cd8005000b58f21f880025400be8f2c00a48fdd
:100ce8002180800021803002ffff10322086107c96
:100cf80021a06002218880003c00b3af2198e00366
:100d08002120200221288002213000024f08410fb3
:100d180021386002fbff4010212020021400b48f0c
:100d28003c00b38f2c00b0af82c3400b01000224fb
:100d3800ffff52301c00a68f2110c0002310520064
:100d4800ffff423020fe027c1400b4af3c00b7af76
:100d58004c00b6af5000b5af5400beaf2c00b18ff9
:100d68005800b3af1800b08f2198c00021f040029e
:100d78002190e00321b0c00321a00002212020021d
:100d880021284002213000024f08410f213860021b
:100d9800f9ff405021b0c0033c00b78f5400be8f0c
:100da8002180c0024c00b68f1c00b2af5000b58f36
:100db80021f880025800b38f21906002219012021e
:100dc800ffff52322096127c21a020022188e003e6
:100dd8002120800221286002213020024f08410f83
:100de80021384002fbff4010212080021400b48ffc
:100df8002198400282c3400b010002240100022412
:100e08000100de2720f61e7c3000a38f21b8e30204
:100e18003400a48f21b0c4023800a58f1000a68f1b
:100e28002a18c6031cff601421a8a5022c00b18f44
:100e38001800b08f02004328740060141c00b28fa1
:100e4800768294a74400a88f0700032d7000605095
:100e58000100022480200800039d033c780e6324cf
:100e6800211864000000638c080060000000000086
:100e78001410039d940e039df40e039dc40e039d50
:100e8800240f039d540f039db80f039d2118600282
:100e9800219043002096127c212020022128600204
:100ea800213000024f08410f21384002fbff40105b
:100eb8002120200206c4400b010002242198400290
:100ec80023986202209e137c2120200221286002a0
:100ed800213000024f08410f21384002fbff40102b
:100ee8002120200206c4400b010002242118200200
:100ef800218043002086107c2120200221286002c6
:100f0800213000024f08410f21384002fbff4010fa
:100f18002120200206c4400b01000224218800027f
:100f280023882202208e117c2120200221286002a1
:100f3800213000024f08410f21384002fbff4010ca
:100f48002120200206c4400b01000224ffff563076
:100f580021b8000223b8f60220be177c21a860023f
:100f680021a040022120e002212860022130000255
:100f78004f08410f21384002f9ff405021a8600274
:100f8800218020022180d0022086107c212020028e
:100f98002128a002213000024f08410f2138800289
:100fa800fbff40102120200206c4400b0100022450
:100fb800ffff563021b8400223b8f60220be177c46
:100fc80021a8200221a00002212020022128e002dd
:100fd800213000024f08410f21384002f9ff4050ec
:100fe80021a82002218060022180d0022086107c66
:100ff8002120a00221286002213080024f08410fe1
:1010080021380002fbff40102120a0020100022429
:101018008400bf8f8000be8f7c00b78f7800b68faa
:101028007400b58f7000b48f6c00b38f6800b28ff6
:101038006400b18f6000b08f0800e0038800bd270e
:1010480058ffbd27a400bfafa000beaf9c00b7af3c
:101058009800b6af9400b5af9000b4af8c00b3afb2
:101068008800b2af8400b1af8000b0afc000a28fdb
:1010780020ae047c20be057c20a6067c20b6077c1a
:10108800b800a3972000a3afbc00be97c400a493e8
:101098007000a4afc800b387cc00b287d000b18776
:1010a800d400b0870700832c6802601076829ea760
:1010b80080200400039d033cd4106324211864009d
:1010c8000000638c0800600000000000541a039db3
:1010d8005811039dc411039df010039d3012039d08
:1010e8009812039da812039d2318d702021043707b
:1010f800640003241b004300f40160001218000080
:10110800201e037c5000a3af23f8c3022800b7af0a
:101118002400b6af21b0e0031000b3af1400b2afa3
:101128001800b1af1c00b0af2120a0022128e002b6
:1011380021308002c108410f2138c002f7ff40501a
:101148001000b3af2800b78fadc4400b2400b68f92
:101158002400b6af2318d70202106270640003247b
:101168001b004300f401600012180000201e037cdd
:101178005000a3af21f877002800b7af21b8c0020c
:1011880021b0e0031000b3af1400b2af1800b1af44
:101198001c00b0af2120a0022128c002213080020b
:1011a800c108410f2138e002f7ff40501000b3afeb
:1011b8002800b78fadc4400b2400b68f2400b4af0d
:1011c8002318950202104370640003241b00430097
:1011d800f401600012180000201e037c5000a3af29
:1011e80021f875002800b5af21a8800221a0e003ee
:1011f8001000b3af1400b2af1800b1af1c00b0af0d
:10120800212080022128e0022130a002c108410fdc
:101218002138c002f7ff40501000b3af2800b58f47
:10122800adc4400b2400b48f2318950202104370fc
:10123800640003241b004300f4016000121800003e
:10124800201e037c5000a3af23f883022800b5af0b
:101258002400b4af21a0e0031000b3af1400b2af74
:101268001800b1af1c00b0af2120a0022128e00275
:1012780021308002c108410f2138c002f7ff4050d9
:101288001000b3af2800b58fadc4400b2400b48f55
:101298002310950243100200adc4400b5000a2afca
:1012a8002310d702431002005000a2af2000a38fe2
:1012b80000f86230021202005400a2afe007623068
:1012c800c21002005800a2afc0100300f80042305c
:1012d8005c00a2af5400a68f00f8c23302120200cd
:1012e80023104600001202005000a38f1a0043008a
:1012f800f4016000122800005800a78fe007c233ed
:10130800c210020023104700001202001a00430016
:10131800f4016000121800005c00a28fc0201e00bb
:10132800f8009e3023f0c20300f21e005000a48f84
:101338001a00c403f4018000c401801800220600ca
:10134800c038070025208700c2100200252082002f
:10135800ffff84306800a5af6400a3af123000001f
:101368006000a6af2400a0af2800a0af2c00a0af5b
:1013780001001e243000a0af7000a28f0700422c8d
:101388006c00a2af7000a68f80180600039d023c77
:101398002c144224211043007400a2af2c00a28f09
:1013a800022a02005400a38f21286500c020a57cd2
:1013b8002800a68f021a06005800a28f21184300a1
:1013c8008028637cc02a0500401903002400a68fea
:1013d800021206005c00a68f2110c2002518a30087
:1013e800c020427c25186200ffff633004006414ab
:1013f8002000a3af0100de27e1c5400b20f61e7ccc
:101408002000a28f768282a76c00a38fdb00605039
:1014180001001e247400a48f0000828c0800400084
:10142800000000008017039d4814039df014039ddd
:101438009c14039d4415039d9815039d8816039dd0
:1014480021f8d7033400beaf3800b6af21b0e003af
:101458001000b3af1400b2af1800b1af1c00b0afaa
:101468002120a0022128e00221308002c108410f7a
:101478002138c002f7ff40501000b3af3400be8fd0
:101488003800b68f21b8d70320be177ce1c5400bc2
:1014980001001e2423f8de023400beaf3800b7afc7
:1014a80021b8e0031000b3af1400b2af1800b1af19
:1014b8001c00b0af2120a0022128e00221308002c8
:1014c800c108410f2138c002f7ff40501000b3afe8
:1014d8003400be8f3800b78f23b0de0220b6167cea
:1014e800e1c5400b01001e2421f8d5033400beaf2e
:1014f8003800b4af21a0e0031000b3af1400b2afbe
:101508001800b1af1c00b0af2120a0022128e002d2
:1015180021308002c108410f2138c002f7ff405036
:101528001000b3af3400be8f3800b48f21a8d503a4
:1015380020ae157ce1c5400b01001e2423f89e0255
:101548003400beaf3800b5af21a8e0031000b3af38
:101558001400b2af1800b1af1c00b0af2120a00238
:101568002128e00221308002c108410f2138c00241
:10157800f7ff40501000b3af3400be8f3800b58f6e
:1015880023a09e0220a6147ce1c5400b01001e2466
:1015980023309e023c00a6af7800b5af3800beaf3e
:1015a8003400b7af4000b6af4400b3af4800b2afa5
:1015b8004c00b1af1000b3af1400b2af1800b1af18
:1015c8001c00b0af3c00a48f2128e002213080022b
:1015d800c108410f2138c002f1ff40503800beafaa
:1015e8007800b58fffffde333c00beaf23a09e021c
:1015f80020a6147c3800a28f21f055003800b4af23
:101608004000b48f4000b6af3400b68f3400b3af9b
:101618004400b38f4400b2af4800b28f4800b1af66
:101628004c00b18f4c00b0af1000b3af1400b2af94
:101638001800b1af1c00b0af2120a0022128c002c1
:101648002130c003c108410f21388002f7ff405004
:101658001000b3af3800b48f4000b68f3400b38f9a
:101668004400b28f4800b18f4c00b08f3c00a38f6c
:1016780021a8750020ae157ce1c5400b01001e2491
:101688002320de023c00a4af7800b7af3800b5af26
:101698004000beaf4400b4af4800b3af4c00b2af97
:1016a8003400b0af1000b3af1400b2af1800b1af40
:1016b8001c00b0af2120a0023c00a58f2130800281
:1016c800c108410f2138c002f1ff40503800b5afc2
:1016d80021f820027800b78fffffde333c00beaf51
:1016e80023b0de0220b6167c4000a68f21f0d7007a
:1016f8004000b5af3400b58f3400b4af3800b48fb4
:101708003800b3af4400b38f4400b2af4800b28f83
:101718004800b1af4c00b18f4c00b0af2180e0035e
:101728001000b2af1400b1af1800b0af1c00b5afd5
:10173800212080022128e00221306002c108410fe7
:101748002138c003f7ff40501000b2af4000b58ffa
:101758003400b48f3800b38f4400b28f4800b18f83
:101768004c00b08f3c00a28f21b8570020be177cd8
:10177800e1c5400b01001e2401001e243000a38f88
:10178800010062242016027c3000a2af2c00a48f36
:101798006800a68f212086002c00a4af2800a28f05
:1017a8006400a38f211043002800a2af2400a48f57
:1017b8006000a68f212086002400a4af5000a38fcc
:1017c8003000a48f2a108300f4fe40542000a48f18
:1017d8000200c22b9d0040142000a68f768286a7a7
:1017e8007000a38f0700622c9900401001000224aa
:1017f80080180300039d023c141842242110430062
:101808000000428c0800400000000000541a039dac
:101818003018039da018039d6818039dd818039dd0
:101828001019039db419039d21f0d7031000b3af1d
:101838001400b2af1800b1af1c00b0af2120a00255
:101848002128e00221308002c108410f2138c0035d
:10185800f7ff40501000b3af96c6400b01000224ba
:1018680023f0de021000b3af1400b2af1800b1af1e
:101878001c00b0af2120a0022128c0032130800223
:10188800c108410f2138c002f7ff40501000b3af24
:1018980096c6400b0100022421f0d5031000b3af17
:1018a8001400b2af1800b1af1c00b0af2120a002e5
:1018b8002128e0022130c003c108410f2138c002ad
:1018c800f7ff40501000b3af96c6400b010002244a
:1018d80023f09e021000b3af1400b2af1800b1afee
:1018e8001c00b0af2120c0032128e0022130800273
:1018f800c108410f2138c002f7ff40501000b3afb4
:1019080096c6400b0100022423209e025400a4af77
:101918005800b5af2400beaf2800b7af2c00b6af53
:101928003000b3af5000b2af2000b0af1000b3af7b
:101938001400b2af1800b1af1c00b0af5400a48fb0
:101948002128e00221308002c108410f2138c0025d
:10195800f1ff40502400beaf5800b58f2400a68f79
:101968002180d5002000b78f2800b68f2c00b48fb7
:101978003000b38f5000b28f1000b3af1400b2af75
:101988001800b1af1c00b7af2120a0022128c00267
:1019980021300002c108410f21388002f7ff405072
:1019a8001000b3af96c6400b010002242310de02dc
:1019b8005400a2af5800b7af5000beaf2c00b4af70
:1019c8003000b3af2000b2af2400b1af2800b0aff1
:1019d8001000b3af1400b2af1800b1af1c00b0af25
:1019e8002120a0025400a58f21308002c108410f98
:1019f8002138c002f1ff40505000beaf2188a0023c
:101a08005800b78f5000a38f218077002000b68f31
:101a18002400b58f2800b48f2c00b38f3000b28f0c
:101a28001000b2af1400b6af1800b5af1c00b4afc9
:101a3800212020022128e00221306002c108410f44
:101a480021380002f7ff40501000b2af0100022415
:101a5800a400bf8fa000be8f9c00b78f9800b68fe0
:101a68009400b58f9000b48f8c00b38f8800b28f2c
:101a78008400b18f8000b08f0800e003a800bd2764
:101a880090ffbd276c00bfaf6800beaf6400b7af62
:101a98006000b6af5c00b5af5800b4af5400b3af48
:101aa8005000b2af4c00b1af4800b0af8c00be8f51
:101ab8002026047c2400a4af209e057c2036067cca
:101ac8002800a6af20a6077c8000b1878400b797be
:101ad8009000b0930700022e290340108800b297a7
:101ae80080181000039d023c041b4224211043006f
:101af8000000428c08004000000000008827039d79
:101b0800201b039d4c1b039d201b039d4c1b039d09
:101b1800801b039da01b039d2318930240101100f6
:101b28002110620002f05e70640002241b00c203f0
:101b3800f401400012f0000012180000edc6400b3e
:101b48002016037c2800a48f2400a58f2318850065
:101b5800401011002110620002f05e70640002243f
:101b68001b00c203f401400012f00000121800002c
:101b7800edc6400b2016037c2800a48f2400a58ff7
:101b88002318850040101100211062004310020044
:101b9800edc6400b2016027c23189302401011005a
:101ba80021106200431002002016027c00f8f53272
:101bb80002aa1500e007f632c2b01600c0b8170036
:101bc800f800f73200f84332021a030023187500b0
:101bd800001a03001a006200f401400012200000fd
:101be8002c00a4afe0074332c21803002318760084
:101bf800001a03001a006200f401400012200000dd
:101c08003000a4afc0181200f80063302318770022
:101c1800001a03001a006200f401400012200000bc
:101c28003400a4af05b502341800220212180000cf
:101c38003800a3af001411000100033c00406324e6
:101c4800231862003c00a3af802010002000a4af3e
:101c5800039d023c3c244224211044004000a2afd2
:101c6800039d023c54224224211044004400a2afa8
:101c78005403410f00000000c3024014ac80828f5f
:101c88000800422cfaff4010ac80828f80100200be
:101c9800039d053cb01ca324211062000000428c67
:101ca8000800400000000000d01c039d0c1d039d8f
:101cb800cc21039db423039d801d039dac1f039d70
:101cc8006c27039dac25039d040020163800a68fc1
:101cd800070002241ec7400bac8082af007cc27c88
:101ce800ba8082a73c00a78f03140700bc8082af8c
:101cf800b88091a7b68080a7b48091a7b28080a74a
:101d0800b08080a7b6808287ba8083872a1862004d
:101d180004006050b08082a7070002241ec7400b51
:101d2800ac8082afbc80838f0a006018b88084972b
:101d3800ffff84242026047cb88084a70500632440
:101d48002310440040100200211862005bc7400bba
:101d5800bc8083af0300632440100200211062009e
:101d6800bc8082afb680829701004224b68082a7e9
:101d780004000224ac8082afb4808787b880828751
:101d8800e0ff4710fbff0226ff0042300200422c12
:101d980004004010b2808297231022026fc7400bc4
:101da800ffff42302310530021108202211022022b
:101db800ffff42302c00a48f02184470021a03005f
:101dc8002118a302c020637c3000a48f022844702d
:101dd800022a05002128c5028028a57cc01a030014
:101de800402905003400a68f022046700222040014
:101df8002120e40225186500c020847c2518640091
:101e0800768283a70700032e640060500500022431
:101e1800039d033c341e63242000a98f2118690008
:101e28000000638c0800600000000000a01f039df4
:101e3800501f039da41e039df81e039d501e039d65
:101e4800a41e039d501f039d2b10c2030100405484
:101e5800768292a72400a38fffff6230ffffe7304e
:101e6800b08084972320440023286702b280869795
:101e7800233046002138f4002026047c202e057cdf
:101e88002036067c4f08410f203e077c4300405413
:101e980005000224e6c9400b211800002b10c203dc
:101ea80001004054768292a72800a48fffff823059
:101eb800ffffe730b280849721204400232867027f
:101ec800b0808697213046002138f4002026047c13
:101ed800202e057c2036067c4f08410f203e077ccb
:101ee8002e00405405000224e8c9400b21180000c8
:101ef8002b10c20301004054768292a7ffffe63000
:101f0800ffff62322400a58f2320a600b0808597aa
:101f1800232845002800a78f2130c700b280879763
:101f2800233847002026047c202e057c2036067c9a
:101f38004f08410f203e077c18004054050002243a
:101f4800eac9400b211800002b10c20301004054bd
:101f5800768292a7ffffe630ffff82322400a98f26
:101f680023202601b2808597212845002800a38fc9
:101f78002130c300b0808797213847002026047c91
:101f8800202e057c2036067c4f08410f203e077c1a
:101f98001702401021180000050002241ec7400b3c
:101fa800ac8082affbff0226ff0042300200422cc9
:101fb80004004010b880829721102202f7c7400b16
:101fc800ffff423023105300211082022110220209
:101fd800ffff42302c00a48f02184470021a03003d
:101fe8002118a302c020637c3000a48f022844700b
:101ff800022a05002128c5028028a57cc01a0300f2
:10200800402905003400a68f0220467002220400f1
:102018002120e40225186500c020847c251864006e
:10202800768283a70700032e640060500200022412
:10203800039d033c542063242000a78f21186700c8
:102048000000638c0800600000000000c021039db0
:102058007021039dc420039d1821039d7020039dba
:10206800c420039d7021039d2b10c203010040541e
:10207800768292a72400a98fffff2231b08087972c
:10208800b48084972320440023286702b880869769
:10209800233046002138f4002026047c202e057cbd
:1020a8002036067c4f08410f203e077c43004054f1
:1020b80002000224ecc9400b211800002b10c203b7
:1020c80001004054768292a72800a38fffff623058
:1020d800b0808797b880849721204400232867021e
:1020e800b4808697213046002138f4002026047ced
:1020f800202e057c2036067c4f08410f203e077ca9
:102108002e00405402000224eec9400b21180000a2
:102118002b10c20301004054768292a7b0808697a4
:10212800ffff62322400a58f2320a600b480859784
:10213800232845002800a78f2130c700b88087973b
:10214800233847002026047c202e057c2036067c78
:102158004f08410f203e077c18004054020002241b
:10216800f0c9400b211800002b10c2030100405495
:10217800768292a7b0808697ffff82322400a98fcb
:1021880023202601b8808597212845002800a38fa1
:102198002130c300b4808797213847002026047c6b
:1021a800202e057c2036067c4f08410f203e077cf8
:1021b8008f01401021180000020002241ec7400ba6
:1021c800ac8082afffff6332b48086972328660015
:1021d800ffffa5302310a30021102202ffff423089
:1021e8002c00a48f02408270024208002140a802fd
:1021f800c020087d3000a48f02388270023a0700a0
:102208002138c7028028e77cc0420800403907000f
:102218003400a98f02202271022204002120e40246
:1022280025380701c020847c2520e400768284a715
:102238000700042e5b008050030002244400a78f8f
:102248000000e48c0800800000000000a823039d23
:102258006423039dc022039d1023039d7022039dc8
:10226800c022039d6423039d2b10c2030100405428
:10227800768292a72800a98fffff2231b080879726
:10228800b880849721204400231867002130460035
:102298002138f4002026047c202e037c2036067c7e
:1022a8004f08410f203e077c3e00405403000224a3
:1022b800f2c9400b211800002b10c2030100405442
:1022c800768292a72400a48fffff8230b080879780
:1022d8002320460023186700b880859723104500ff
:1022e8002138f4002026047c202e037c2036027c32
:1022f8004f08410f203e077c2a0040540300022467
:10230800f4c9400b211800002b10c20301004054ef
:10231800768292a7b0808297ffff87322400a58f2c
:102328002320a200b88085972128e5002800a98fde
:10233800211049002138e6002026047c202e057c47
:102348002036027c4f08410f203e077c1500405480
:1023580003000224f6c9400b211800002b10c20309
:1023680001004054768292a7b08086972400a28ffd
:10237800232046002800a78f2130c700b880879700
:10238800233867002026047c202e057c2036067c16
:102398004f08410f203e077c15014010211800000e
:1023a800030002241ec7400bac8082afffff6332dc
:1023b800b080869723286600ffffa5302310a3006e
:1023c80021102202ffff42302c00a48f02408270ad
:1023d800024208002140a802c020087d3000a48fd6
:1023e80002388270023a07002138c7028028e77c49
:1023f800c0420800403907003400a98f022022712a
:10240800022204002120e40225380701c020847c30
:102418002520e400768284a70700042e5b00805004
:10242800b88082974000a78f0000e48c08008000e5
:10243800000000009025039d4c25039da824039dc2
:10244800f824039d5824039da824039d4c25039d2f
:102458002b10c20301004054768292a72800a98f4e
:10246800ffff2231b4808797b280849721204400ef
:1024780023186700213046002138f4002026047c08
:10248800202e037c2036067c4f08410f203e077c17
:102498003e004054b8808297f8c9400b21180000cc
:1024a8002b10c20301004054768292a72400a48f07
:1024b800ffff8230b48087972320460023186700e7
:1024c800b2808597231045002138f4002026047c2b
:1024d800202e037c2036027c4f08410f203e077ccb
:1024e8002a004054b8808297fac9400b211800008e
:1024f8002b10c20301004054768292a7b4808297c1
:10250800ffff87322400a58f2320a200b280859781
:102518002128e5002800a98f211049002138e6006c
:102528002026047c202e057c2036027c4f08410f93
:10253800203e077c15004054b8808297fcc9400ba8
:10254800211800002b10c20301004054768292a784
:10255800b48086972400a28f232046002800a78fe6
:102568002130c700b2808797233867002026047c73
:10257800202e057c2036067c4f08410f203e077c24
:102588009b00401021180000b8808297b48082a771
:10259800b6808297b28082a7010002241ec7400b32
:1025a800ac8082af2800a98f2400a28f03002215d7
:1025b800ffff223269009352ac8080af2b18c20310
:1025c80015006014214040022c00a38f0240627065
:1025d800024208002140a802c020087d3000a38fd5
:1025e80002206270022204002120c4028028847c18
:1025f800c0420800402104003400a58f0218a270d0
:10260800021a03002118e30225400401c020637c5c
:1026180025400301ffff0831ffff8732ffff6532c6
:102628002318e50021184300ffff63302b20c30364
:1026380016008054030003242c00a48f029083709a
:10264800029212002190b202c020527e3000a68f62
:102658000220c3700222040021b0c4028028d67e62
:10266800c092120040b116003400a48f0218837083
:10267800021a030021b8e30225905602c020f77e13
:1026880025905702ffff523203000324060003126d
:102698002388d10301000324030003120600032446
:1026a800180003162800a68f21388002212860020e
:1026b800231893022b2023020500801064001e2497
:1026c80002f03e721b00c303f401600012f0000028
:1026d8002400a38f232062002800a98f21304900fd
:1026e8001000a8af1400b2af1800beaf1c00b0af06
:1026f8002026047ce5c1400f2036067cd7c9400b54
:10270800060002242400a48f2318c4002b482302a7
:102718000600201164000a24640009240288297232
:102728001b002302f4016000125000002328a200bd
:10273800213847001000a8af1400b2af1800aaafa4
:102748001c00b0af202e057ce5c1400f203e077c61
:1027580006000224dbc9400bac8082affec9400be7
:10276800010003245403410f00000000200040141e
:1027780021180000ac8080affec9400b0100032483
:10278800fec9400b01000324fec9400b21180000bc
:10279800ffc9400b21106000ffc9400b21106000e9
:1027a800ffc9400b21106000ffc9400b21106000d9
:1027b800ffc9400b21106000ffc9400b21106000c9
:1027c800ffc9400b21106000ffc9400b21106000b9
:1027d800ffc9400b21106000ffc9400b21106000a9
:1027e800ffc9400b21106000ffc9400b2110600099
:1027f800211060006c00bf8f6800be8f6400b78f27
:102808006000b68f5c00b58f5800b48f5400b38f4a
:102818005000b28f4c00b18f4800b08f0800e00321
:102828007000bd27d8ffbd272400bfaf2000b4af7c
:102838001c00b3af1800b2af1400b1af1000b0afb6
:102848002190c0002188e000209e047c20a6057c01
:102858002d0010241a009002f401000210800000dc
:102868001210000001004230040040102086107c45
:102878002d000224238050002086107c2120000295
:1028880026c1400f010005240012020002105370f7
:10289800007c427c000042a62120000226c1400f95
:1028a800212800000012020002985370039c1300b4
:1028b800ffff9432d2ff8226ffff42305900422c9c
:1028c80006004014000033a61eff8226ffff423098
:1028d8005900422c05004010a5ff822600004286c0
:1028e800000053a6000022a6a5ff8226ffff423063
:1028f800b300422c040040104bff9426000042967f
:1029080023100200000042a6ffff9432b300942e69
:10291800050080122400bf8f0000229623100200b9
:10292800000022a62400bf8f2000b48f1c00b38fa4
:102938001800b28f1400b18f1000b08f0800e003a8
:042948002800bd277f
:020000040000fa
:020000041d03da
:10294c00000000005429039d000030003900ae0047
:10295c0046300000464e0600466c0c00468a1200bb
:10296c0046a8180046c61e0046e4240046022b006a
:10297c0047203100463e37000000000000000000f8
:10298c00000000000000000000000000000000003b
:10299c00000000000000000000000000000000002b
:1029ac00000000000000000000000000000000001b
:1029bc00000000000000000000000000000000000b
:1029cc0000000000000000000000000000000000fb
:1029dc0000000000000000000000000000000000eb
:1029ec0000000000000000000000000000000000db
:1029fc0000000000000000000000000000000000cb
:102a0c0000000000000000000000000000000000ba
:102a1c0000000000000000000000000000000000aa
:102a2c00000000000000000000000000000000009a
:102a3c00000000000000000000000000000000008a
:102a4c00000000000000000000000000000000007a
:102a5c00000000000000000000000000000000006a
:102a6c00000000000000000000000000000000005a
:102a7c00000000000000000000000000000000004a
:102a8c00000000000000000000000000000000003a
:102a9c00000000000000000000000000000000002a
:102aac00000000000000000000000000000000001a
:102abc00000000000000000000000000000000000a
:102acc0000000000000000000000000000000000fa
:102adc0000000000000000000000000000000000ea
:102aec0000000000000000000000000000000000da
:102afc0000000000000000000000000000000000ca
:102b0c000000000000000000fe03000000000000b8
:102b1c00e0ff1f000000000000f8ff7f0000000035
:102b2c000000feffff010000000080ffffff03001c
:102b3c00000000c0ffffff0f00000000e0ffffffe0
:102b4c001f00000000f0ffffff3f00000000f8ff37
:102b5c00fbff7f00000000fc1f80ff7f00000000d7
:102b6c00fe0f00feff00000000ff0300fcff010051
:102b7c000000ff0100f8ff01000080ff0000f0ffe3
:102b8c00030000c0ff0000e0ff070000c07f000052
:102b9c00c0ff070000e07f0000c0ff0f0000e03f17
:102bac00000080ff0f0000f03f000080ff0f0000ce
:102bbc00f01f000000ff1f0000f81f000000ff1fa7
:102bcc000000f81f000000fe3f0000fc0f0000009a
:102bdc00fe3f0000fc0f000000fc3f0000fc0f005b
:102bec000000fc7f0000fe0f000000fc7f0000fed8
:102bfc0007000000fc7f0000fe07000000f87f00cb
:102c0c0000ff07000000f8ff0000ff07000000f8bd
:102c1c00ff0000ff07000000f0ff0000ff070000ae
:102c2c0000f0ff0080ff07000000f0ff0080ff03b2
:102c3c00000000f0ff0080ff03000000f0ff0180a7
:102c4c00ff03000000f0ff0180ff03000000e0ff25
:102c5c000180ff03000000e0ff0180ff0300000083
:102c6c00e0ff01c0ff03000000e0ff01c0ff030014
:102c7c000000e0ff01c0ff03000000e0ff01c0ff07
:102c8c0003000000e0ff01c0ff03000000e0ff01b3
:102c9c00c0ff03000000e0ff01c0ff03000000e0e4
:102cac00ff01c0ff03000000e0ff01c0ff030000b4
:102cbc0000e0ff01c0ff03000000e0ff01c0ff03c4
:102ccc00000000e0ff01c0ff03000000e0ff01c0b6
:102cdc00ff03000000e0ff01c0ff03000000e0ff65
:102cec0001c0ff07000000e0ff01c0ff070000006b
:102cfc00e0ff0180ff07000000e0ff0180ff0700fc
:102d0c000000e0ff0180ff07000000e0ff0080fff3
:102d1c0007000000e0ff0080ff07000000e0ff005c
:102d2c0080ff07000000e0ff0080ff0f000000e0c4
:102d3c00ff0000ff0f000000e07f0000ff0f00000d
:102d4c0000f07f0000ff0f000000f07f0000ff1f6d
:102d5c00000000f07f0000ff1f000000f03f0000ab
:102d6c00fe1f000000f03f0000fe1f000000f03fbf
:102d7c000000fe3f000000f81f0000fc3f000000b8
:102d8c00f81f0000fc7f000000f81f0000fc7f0013
:102d9c000000fc0f0000f87f000000fc0f0000f8a2
:102dac00ff000000fc070000f8ff000000fe070019
:102dbc0000f0ff010000fe030000f0ff030000ff25
:102dcc00030000e0ff030000ff010000c0ff07004c
:102ddc0080ff000000c0ff0f00c0ff00000080ff5c
:102dec001f00e07f00000080ff7f00f03f0000002c
:102dfc0000ffff01fe1f00000000feffffff0f00a1
:102e0c00000000fcffffff0700000000f8ffffffc1
:102e1c000300000000f0ffffff0100000000e0ffd6
:102e2c00ffff000000000080ffff3f0000000000db
:102e3c0000feff0f000000000000f8ff0300000080
:102e4c00000000801f0000000000000000000000d7
:102e5c000000000000000000000000000000000066
:102e6c000000000000000000000000000000000056
:102e7c000000000000000000000000000000000046
:102e8c000000000000000000000000000000000036
:102e9c000000000000000000000000000000000026
:102eac000000000000000000000000000000000016
:102ebc000000000000000000000000000000000006
:102ecc0000000000000000000000000000000000f6
:102edc0000000000000000000000000000000000e6
:102eec0000000000000000000000000000000000d6
:102efc0000000000000000000000000000000000c6
:102f0c0000000000000000000000000000000000b5
:102f1c0000000000000000000000000000000000a5
:102f2c000000000000000000000000000000000095
:102f3c000000000000000000000000000000000085
:102f4c000000000000000000000000000000000075
:102f5c000000000000000000000000000000000065
:102f6c000000000000000000000000000000000055
:102f7c000000000000000000000000000000000045
:102f8c000000000000000000000000000000000035
:102f9c000000000000000000000000000000000025
:102fac000000000000000000000000000000000015
:102fbc000000000000000000000000000000000005
:102fcc0000000000000000000000000000000000f5
:102fdc0000000000000000000000000000000000e5
:102fec0000000000000000000000000000000000d5
:102ffc0000000000000000000000000000000000c5
:10300c0000000000000000000000000000000000b4
:10301c0000000000000000000000000000000000a4
:10302c000000000000000000000000000000000094
:10303c000000000000000000000000000000000084
:10304c000000000000000000000000000000000074
:10305c000000000000000000000000000000000064
:10306c000000000000000000000000000000000054
:10307c000000000000000000000000000000000044
:10308c000000000000000000000000000000000034
:10309c000000000000000000000000000000000024
:1030ac000000000000000000000000000000000014
:1030bc000000000000000000000000000000000004
:1030cc0000000000000000000000000000000000f4
:1030dc0000000000000000000000000000000000e4
:1030ec0000000000000000000000000000000000d4
:1030fc0000000000000000000000000000000000c4
:10310c0000000000000000000000000000000000b3
:10311c0000000000000000000000000000000000a3
:10312c00000000000000800300000000000000e030
:10313c000700000000000000f80f00000000000075
:10314c0000ff0f000000000000c0ff0f0000000097
:10315c000000f0ff0f000000000000feff0f000059
:10316c0000000080ffff0f0000000000f0ffff0fc9
:10317c000000000000fcffff0f0000000080ffffbc
:10318c00ff0f00000000f0ffffff0f00000000f831
:10319c00ffffff0f00000000f8ffffff0f00000013
:1031ac0000f00180ff0f00000000000000ff0f0086
:1031bc00000000000000ff0f00000000000000fef7
:1031cc000f00000000000000fe0f000000000000d7
:1031dc0000fe0f00000000000000fe0f00000000c9
:1031ec00000000fe0f00000000000000fe0f0000b9
:1031fc000000000000fe0f00000000000000fe0fa9
:10320c0000000000000000fe0f00000000000000a5
:10321c00fe0f00000000000000fe0f000000000088
:10322c000000fe0f00000000000000fe0f00000078
:10323c0000000000fe0f00000000000000fe0f0068
:10324c00000000000000fe0f00000000000000fe67
:10325c000f00000000000000fe0f00000000000046
:10326c0000fe0f00000000000000fe0f0000000038
:10327c00000000fe0f00000000000000fe0f000028
:10328c000000000000fe0f00000000000000fe0f18
:10329c0000000000000000fe0f0000000000000015
:1032ac00fe0f00000000000000fe0f0000000000f8
:1032bc000000fe0f00000000000000fe0f000000e8
:1032cc0000000000fe0f00000000000000fe0f00d8
:1032dc00000000000000fe0f00000000000000fed7
:1032ec000f00000000000000fe0f000000000000b6
:1032fc0000fe0f00000000000000fe0f00000000a8
:10330c00000000fe0f00000000000000fe0f000097
:10331c000000000000fe0f00000000000000fe0f87
:10332c0000000000000000fe0f0000000000000084
:10333c00fe0f00000000000000fe0f000000000067
:10334c000000fe0f00000000000000fe0f00000057
:10335c0000000000fe0f00000000000000fe0f0047
:10336c00000000000000fe0f00000000000000fe46
:10337c000f00000000000000fe0f00000000000025
:10338c0000fe0f00000000000000fe0f0000000017
:10339c00000000fe0f00000000000000fe0f000007
:1033ac000000000000fe0f00000000000000fe0ff7
:1033bc0000000000000000fe0f00000000000000f4
:1033cc00fe0f00000000000000fe0f0000000000d7
:1033dc000000fe0f00000000000000fe0f000000c7
:1033ec0000000000fe0f00000000000000fe0f00b7
:1033fc00000000000000fe0f00000000000000ffb5
:10340c000f00000000000080ff3f000000000000e3
:10341c00f0ffff000000000000feffff07000000af
:10342c0000e0ffffff7f000000c0ffffffffff1f5a
:10343c000000e0ffffffffff3f0000e0ffffffff8a
:10344c00ff3f0000e0ffffffffff3f000000000018
:10345c000000000000000000000000000000000060
:10346c000000000000000000000000000000000050
:10347c000000000000000000000000000000000040
:10348c000000000000000000000000000000000030
:10349c000000000000000000000000000000000020
:1034ac000000000000000000000000000000000010
:1034bc000000000000000000000000000000000000
:1034cc0000000000000000000000000000000000f0
:1034dc0000000000000000000000000000000000e0
:1034ec0000000000000000000000000000000000d0
:1034fc0000000000000000000000000000000000c0
:10350c0000000000000000000000000000000000af
:10351c00000000000000000000000000000000009f
:10352c00000000000000000000000000000000008f
:10353c00000000000000000000000000000000007f
:10354c00000000000000000000000000000000006f
:10355c00000000000000000000000000000000005f
:10356c00000000000000000000000000000000004f
:10357c00000000000000000000000000000000003f
:10358c00000000000000000000000000000000002f
:10359c00000000000000000000000000000000001f
:1035ac00000000000000000000000000000000000f
:1035bc0000000000000000000000000000000000ff
:1035cc0000000000000000000000000000000000ef
:1035dc0000000000000000000000000000000000df
:1035ec0000000000000000000000000000000000cf
:1035fc0000000000000000000000000000000000bf
:10360c0000000000000000000000000000000000ae
:10361c00000000000000000000000000000000009e
:10362c00000000000000000000000000000000008e
:10363c00000000000000000000000000000000007e
:10364c00000000000000000000000000000000006e
:10365c00000000000000000000000000000000005e
:10366c00000000000000000000000000000000004e
:10367c00000000000000000000000000000000003e
:10368c00000000000000000000000000000000002e
:10369c00000000000000000000000000000000001e
:1036ac00000000000000000000000000000000000e
:1036bc0000000000000000000000000000000000fe
:1036cc0000000000000000000000000000000000ee
:1036dc0000000000000000000000000000000000de
:1036ec0000000000000000000000000000000000ce
:1036fc0000000000000000000000000000000000be
:10370c0000000000000000000000000000000000ad
:10371c00000000000000000000000000000000009d
:10372c00000000000000000000000000000000008d
:10373c00000000000000000000000000000000007d
:10374c0000000000f81f00000000000080ffff00d8
:10375c000000000000f0ffff070000000000fcff6d
:10376c00ff1f0000000000ffffff3f00000000c033
:10377c00ffffff7f00000000e0ffffffff000000e5
:10378c0000f07f00ffff01000000fc1f00fcff01a8
:10379c00000000fe0700f0ff03000000ff0300e044
:1037ac00ff07000080ff0100c0ff070000c0ff0002
:1037bc000080ff070000c0ff000080ff0f0000e04a
:1037cc007f000000ff0f0000f07f000000ff0f00e3
:1037dc0000f03f000000fe0f0000f83f000000fe6c
:1037ec000f0000f83f000000fe1f0000fc1f00004f
:1037fc0000fe1f0000fc1f000000fe1f0000fc1f4d
:10380c00000000fe1f0000fc0f000000fe1f000067
:10381c00fc07000000fe0f0000f801000000fe0f86
:10382c0000001800000000fe0f0000000000000067
:10383c00fe0f00000000000000fe0f000000000062
:10384c000000fe0700000000000000ff0700000061
:10385c0000000000ff0700000000000000ff030054
:10386c00000000000080ff0300000000000080ff4b
:10387c000100000000000080ff01000000000000bb
:10388c00c0ff00000000000000c0ff0000000000ae
:10389c000000e07f00000000000000f03f0000008e
:1038ac0000000000f03f00000000000000f81f00c6
:1038bc00000000000000f81f00000000000000fce9
:1038cc000f00000000000000fe07000000000000d8
:1038dc0000fe0300000000000000ff0300000000d9
:1038ec00000080ff01000000000000c0ff0000008d
:1038fc0000000000c07f00000000000000e07f001e
:10390c00000000000000f03f00000000000000f884
:10391c001f00000000000000f80f00000000000075
:10392c0000fc0f00000000000000fe07000000007b
:10393c00000000ff0300000000000000ff01000079
:10394c000000000080ff00000000000000c07f00ad
:10395c00000000000000e07f00000000000000f00c
:10396c003f00000000000000f01f000000000000fd
:10397c0000f80f00000000000000fc070000000031
:10398c00000000fe0300000000000000ff03000028
:10399c000000000080ff0100000000000080ff001c
:1039ac00000000000000c07f00000000000000e0ec
:1039bc003f0000003c000000f01f0000003c000035
:1039cc0000f81f0000003c000000fc0f0000003e4f
:1039dc00000000fc070000003e000000fe03000099
:1039ec00001e000000ff010000001e000080ff0010
:1039fc000000001f0000c07f000000001f0000e05e
:103a0c007f000000801f0000f03f000000801f00be
:103a1c0000f01f000000c01f0000f80f000000f0b5
:103a2c001f0000fcffffffffff1f0000feffffff5a
:103a3c00ffff1f0000ffffffffffff1f0000ffff46
:103a4c00ffffffff1f0000ffffffffffff1f000036
:103a5c00feffffffffff1f0000feffffffffff1f2a
:103a6c000000feffffffffff1f0000000000000032
:103a7c00000000000000000000000000000000003a
:103a8c00000000000000000000000000000000002a
:103a9c00000000000000000000000000000000001a
:103aac00000000000000000000000000000000000a
:103abc0000000000000000000000000000000000fa
:103acc0000000000000000000000000000000000ea
:103adc0000000000000000000000000000000000da
:103aec0000000000000000000000000000000000ca
:103afc0000000000000000000000000000000000ba
:103b0c0000000000000000000000000000000000a9
:103b1c000000000000000000000000000000000099
:103b2c000000000000000000000000000000000089
:103b3c000000000000000000000000000000000079
:103b4c000000000000000000000000000000000069
:103b5c000000000000000000000000000000000059
:103b6c000000000000000000000000000000000049
:103b7c000000000000000000000000000000000039
:103b8c000000000000000000000000000000000029
:103b9c000000000000000000000000000000000019
:103bac000000000000000000000000000000000009
:103bbc0000000000000000000000000000000000f9
:103bcc0000000000000000000000000000000000e9
:103bdc0000000000000000000000000000000000d9
:103bec0000000000000000000000000000000000c9
:103bfc0000000000000000000000000000000000b9
:103c0c0000000000000000000000000000000000a8
:103c1c000000000000000000000000000000000098
:103c2c000000000000000000000000000000000088
:103c3c000000000000000000000000000000000078
:103c4c000000000000000000000000000000000068
:103c5c000000000000000000000000000000000058
:103c6c000000000000000000000000000000000048
:103c7c000000000000000000000000000000000038
:103c8c000000000000000000000000000000000028
:103c9c000000000000000000000000000000000018
:103cac000000000000000000000000000000000008
:103cbc0000000000000000000000000000000000f8
:103ccc0000000000000000000000000000000000e8
:103cdc0000000000000000000000000000000000d8
:103cec0000000000000000000000000000000000c8
:103cfc0000000000000000000000000000000000b8
:103d0c0000000000000000000000000000000000a7
:103d1c000000000000000000000000000000000097
:103d2c000000000000000000000000000000000087
:103d3c000000000000000000000000000000000077
:103d4c000000000000000000000000000000000067
:103d5c000000000000000000000000000000000057
:103d6c000080ff01000000000000f8ff0f000000c1
:103d7c00000000ffff7f0000000000c0ffffff00fd
:103d8c0000000000f0ffffff0300000000fcffff3d
:103d9c00ff0700000000feffffff0f00000000ff08
:103dac000ff0ff1f00000080ff01c0ff1f0000008c
:103dbc00e0ff0000ff3f000000e07f0000fe3f003e
:103dcc000000f03f0000fc7f000000f81f0000fc2a
:103ddc007f000000fc1f0000f8ff000000fc0f003b
:103dec0000f8ff000000fe0f0000f0ff000000fed6
:103dfc000f0000f0ff000000ff0f0000e0ff0000cc
:103e0c0000ff0f0000e0ff010000ff0f0000e0ffcb
:103e1c00010000fe010000e0ff0100003c0000007a
:103e2c00e0ff01000000000000e0ff0000000000c7
:103e3c000000e0ff00000000000000e0ff000000b8
:103e4c0000000000e0ff00000000000000f07f0018
:103e5c00000000000000f07f00000000000000f0f7
:103e6c003f00000000000000f83f000000000000d0
:103e7c0000fc1f00000000000000fc0f0000000010
:103e8c00000000fe0700000000000000ff0300001f
:103e9c000000000080ff01000000000000e0ff00b7
:103eac00000000000000f03f00000000000000fcdb
:103ebc001f00000000000000ff07000000000000d1
:103ecc00e0ff03000000000000fcff3f00000000ca
:103edc000000feffff000000000000feffff0300db
:103eec0000000000feffff070000000000feffffc7
:103efc001f000000000000f0ff3f00000000000069
:103f0c0080ff7f00000000000000feff00000000aa
:103f1c00000000fcff00000000000000f8ff0100a2
:103f2c000000000000f0ff03000000000000e0ffb4
:103f3c0003000000000000c0ff07000000000000ac
:103f4c00c0ff0700000000000080ff0f0000000011
:103f5c00000080ff0f00000000000000ff0f0000b9
:103f6c000000000000ff0f00000000000000fe1f1a
:103f7c0000000000000000fe1f0000000000000018
:103f8c00fe1f00000000000000fe1f0000000000eb
:103f9c000000fe1f00000000000000fe1f000000db
:103fac0000000000fe1f00000000000000fe1f00cb
:103fbc00000000000000fe1f00000000000000feda
:103fcc001f00000000000000fe0f000000000000b9
:103fdc0000fe0f00000000000000fe0f00000000bb
:103fec00000000ff0f00000000000000ff070000b1
:103ffc000000000000ff0700000000000080ff0729
:10400c0000000000000080ff03000000000000c062
:10401c00ff03000001000000c0ff0300800300004c
:10402c0000e0ff0100800f000000f0ff0000c01f47
:10403c00000000f8ff0000c07f000000fc7f0000c3
:10404c00c0ff010000ff3f000080ff0700c0ff1f02
:10405c00000000fe3f00f8ff0f000000fcffffff18
:10406c00ff07000000f8ffffffff03000000e0ff68
:10407c00ffffff01000000c0ffffff7f00000000fa
:10408c0000ffffff1f0000000000f8ffff0700000b
:10409c00000000e0ffff00000000000000f803003b
:1040ac000000000000000000000000000000000004
:1040bc0000000000000000000000000000000000f4
:1040cc0000000000000000000000000000000000e4
:1040dc0000000000000000000000000000000000d4
:1040ec0000000000000000000000000000000000c4
:1040fc0000000000000000000000000000000000b4
:10410c0000000000000000000000000000000000a3
:10411c000000000000000000000000000000000093
:10412c000000000000000000000000000000000083
:10413c000000000000000000000000000000000073
:10414c000000000000000000000000000000000063
:10415c000000000000000000000000000000000053
:10416c000000000000000000000000000000000043
:10417c000000000000000000000000000000000033
:10418c000000000000000000000000000000000023
:10419c000000000000000000000000000000000013
:1041ac000000000000000000000000000000000003
:1041bc0000000000000000000000000000000000f3
:1041cc0000000000000000000000000000000000e3
:1041dc0000000000000000000000000000000000d3
:1041ec0000000000000000000000000000000000c3
:1041fc0000000000000000000000000000000000b3
:10420c0000000000000000000000000000000000a2
:10421c000000000000000000000000000000000092
:10422c000000000000000000000000000000000082
:10423c000000000000000000000000000000000072
:10424c000000000000000000000000000000000062
:10425c000000000000000000000000000000000052
:10426c000000000000000000000000000000000042
:10427c000000000000000000000000000000000032
:10428c000000000000000000000000000000000022
:10429c000000000000000000000000000000000012
:1042ac000000000000000000000000000000000002
:1042bc0000000000000000000000000000000000f2
:1042cc0000000000000000000000000000000000e2
:1042dc0000000000000000000000000000000000d2
:1042ec0000000000000000000000000000000000c2
:1042fc0000000000000000000000000000000000b2
:10430c0000000000000000000000000000000000a1
:10431c000000000000000000000000000000000091
:10432c000000000000000000000000000000000081
:10433c000000000000000000000000000000000071
:10434c000000000000000000000000000000000061
:10435c000000000000000000000000000000000051
:10436c000000000000000000000000000000000041
:10437c000000000000000000000000000000000031
:10438c0000000e00000000000000801f0000000074
:10439c00000000e03f00000000000000f83f0000bb
:1043ac000000000000fe3f00000000000000ff3f86
:1043bc0000000000000000ff3f0000000000008033
:1043cc00ff3f000000000000c0ff3f0000000000a5
:1043dc0000c0ff3f000000000000e0ff3f000000b5
:1043ec00000000f0ff3f000000000000f0ff3f0065
:1043fc000000000000f8ff3f000000000000f8ff84
:10440c003f000000000000fcff3f00000000000027
:10441c00fefb3f000000000000fef93f0000000022
:10442c000000fff93f000000000080fff83f000093
:10443c00000000807ff83f0000000000c07ff83fc4
:10444c000000000000c03ff83f0000000000e03f0b
:10445c00f83f0000000000f01ff83f0000000000d3
:10446c00f00ff83f0000000000f80ff83f000000cc
:10447c000000fc07f83f0000000000fc03f83f00c0
:10448c0000000000fe03f83f0000000000fe01f8f1
:10449c003f0000000000ff00f83f0000000080ff1c
:1044ac0000f83f00000000807f00f83f0000000093
:1044bc00c03f00f83f00000000e03f00f83f000064
:1044cc000000e01f00f83f00000000f01f00f83f64
:1044dc0000000000f00f00f83f00000000f807009b
:1044ec00f83f00000000fc0700f83f00000000fc53
:1044fc000300f83f00000000fe0100f83f00000040
:10450c0000ff0100f83f00000000ff0000f83f0032
:10451c000000807f0000f83f000000807f0000f862
:10452c003f000000c03f0000f83f000000e01f000b
:10453c0000f83f000000e01f0000f83f000000f012
:10454c000f0000f83f000000f8070000f83f0000e3
:10455c0000f8070000f83f000000fc030000f83fe3
:10456c00000000fc030000f83f000000fe0100000a
:10457c00f83f000000ff000000f83f000000ffffc4
:10458c00ffffffff7f0080ffffffffffffff00c06b
:10459c00ffffffffffffff00c0ffffffffffff7fdd
:1045ac0000e0ffffffffffff7f00e0ffffffffffcb
:1045bc00ff3f00c0ffffffffffff0f0080ffffff6b
:1045cc00ffffff07000000000000f83f00000000a4
:1045dc00000000f83f00000000000000f83f000061
:1045ec000000000000f83f00000000000000f83f51
:1045fc0000000000000000f83f0000000000000078
:10460c00f83f00000000000000f83f000000000030
:10461c000000f83f00000000000000f83f00000020
:10462c0000000000f83f00000000000000f83f0010
:10463c00000000000000f83f00000000000000f83f
:10464c003f00000000000000f83f000000000000e8
:10465c0000f83f00000000000000f83f00000000e0
:10466c00000000f83f00000000000000f83f0000d0
:10467c000000000000fe7f000000000000e0ffffd3
:10468c00010000000000feffff0f00000000f0ff23
:10469c00ffffff00000000f0ffffffff0000000025
:1046ac00f0ffffffff000000000000000000000012
:1046bc0000000000000000000000000000000000ee
:1046cc0000000000000000000000000000000000de
:1046dc0000000000000000000000000000000000ce
:1046ec0000000000000000000000000000000000be
:1046fc0000000000000000000000000000000000ae
:10470c00000000000000000000000000000000009d
:10471c00000000000000000000000000000000008d
:10472c00000000000000000000000000000000007d
:10473c00000000000000000000000000000000006d
:10474c00000000000000000000000000000000005d
:10475c00000000000000000000000000000000004d
:10476c00000000000000000000000000000000003d
:10477c00000000000000000000000000000000002d
:10478c00000000000000000000000000000000001d
:10479c00000000000000000000000000000000000d
:1047ac0000000000000000000000000000000000fd
:1047bc0000000000000000000000000000000000ed
:1047cc0000000000000000000000000000000000dd
:1047dc0000000000000000000000000000000000cd
:1047ec0000000000000000000000000000000000bd
:1047fc0000000000000000000000000000000000ad
:10480c00000000000000000000000000000000009c
:10481c00000000000000000000000000000000008c
:10482c00000000000000000000000000000000007c
:10483c00000000000000000000000000000000006c
:10484c00000000000000000000000000000000005c
:10485c00000000000000000000000000000000004c
:10486c00000000000000000000000000000000003c
:10487c00000000000000000000000000000000002c
:10488c00000000000000000000000000000000001c
:10489c00000000000000000000000000000000000c
:1048ac0000000000000000000000000000000000fc
:1048bc0000000000000000000000000000000000ec
:1048cc0000000000000000000000000000000000dc
:1048dc0000000000000000000000000000000000cc
:1048ec0000000000000000000000000000000000bc
:1048fc0000000000000000000000000000000000ac
:10490c00000000000000000000000000000000009b
:10491c00000000000000000000000000000000008b
:10492c00000000000000000000000000000000007b
:10493c00000000000000000000000000000000006b
:10494c00000000000000000000000000000000005b
:10495c00000000000000000000000000000000004b
:10496c00000000000000000000000000000000003b
:10497c00000000000000000000000000000000002b
:10498c00000000000000000000000000000000001b
:10499c00000000000000000000000000000000000b
:1049ac000000000000000000008003000000feff7b
:1049bc00ffffff07000000ffffffffff07000000e5
:1049cc00ffffffffff03000000ffffffffff0300df
:1049dc000000ffffffffff01000000ffffffffffd4
:1049ec0000000000ffffffff7f00000000ffffff43
:1049fc00ff3f00000000ffffffff1f00000000ff53
:104a0c00ffffff0f000000007f000000000000000f
:104a1c00807f00000000000000807f00000000008c
:104a2c000000807f00000000000000807f0000007c
:104a3c0000000000803f00000000000000803f00ec
:104a4c00000000000000803f00000000000000c0db
:104a5c003f00000000000000c03f0000000000000c
:104a6c0000c03f00000000000000c03f000000003c
:104a7c00000000c03f00000000000000c01f00004c
:104a8c000000000000c01f00000000000000e01f3c
:104a9c0000000000000000e01f000000000000000b
:104aac00e01f00000000000000e01f0000000000fc
:104abc000000e00f00000000000000e00f0000000c
:104acc0000000000f00f801f0000000000f08fffbe
:104adc00ff0700000000f0ffffff3f00000000f0a8
:104aec00ffffffff00000000f0ffffffff030000cf
:104afc0000f0ffffffff07000000f8ffffffff0fb4
:104b0c00000000f8ffffffff3f000000f8ff1fff51
:104b1c00ff7f000000f8ff00e0ff7f000000f81f9f
:104b2c000000ffff000000f8070000fcff01000080
:104b3c00f8010000f8ff03000060000000f0ff0324
:104b4c00000000000000e0ff07000000000000c0b3
:104b5c00ff0700000000000080ff0f0000000000b5
:104b6c000080ff0f00000000000000ff0f0000009d
:104b7c0000000000ff1f00000000000000ff1f00ed
:104b8c00000000000000fe1f00000000000000fefe
:104b9c001f00000000000000fe1f000000000000cd
:104bac0000fe3f00000000000000fc3f0000000081
:104bbc00000000fc3f00000000000000fc3f000073
:104bcc000000000000fc3f00000000000000fc3f63
:104bdc0000000000000000fc3f000000000000008e
:104bec00fc3f00000000000000fc1f000000000063
:104bfc000000fc1f00000000000000fc1f00000073
:104c0c0000000000fc1f00000000000000fe1f0060
:104c1c00000000000000fe0f00000000000000fe7d
:104c2c000f00000000000000fe0f0000000000005c
:104c3c0000ff0700000000000000ff07000000005c
:104c4c00000080ff0700000000000080ff03000050
:104c5c0003000000c0ff03000007000000e0ff019c
:104c6c0000801f000000e0ff0100803f000000f00a
:104c7c00ff0000c0ff000000fc7f000080ff03006d
:104c8c0000fe3f000000ff1f0080ff3f000000fe01
:104c9c00ff00e0ff1f000000f8ffffffff0f000008
:104cac0000f0ffffffff07000000c0ffffffff0148
:104cbc0000000000ffffffff0000000000fcfffff2
:104ccc003f0000000000f0ffff0f0000000000801c
:104cdc00ffff01000000000000e00f0000000000da
:104cec0000000000000000000000000000000000b8
:104cfc0000000000000000000000000000000000a8
:104d0c000000000000000000000000000000000097
:104d1c000000000000000000000000000000000087
:104d2c000000000000000000000000000000000077
:104d3c000000000000000000000000000000000067
:104d4c000000000000000000000000000000000057
:104d5c000000000000000000000000000000000047
:104d6c000000000000000000000000000000000037
:104d7c000000000000000000000000000000000027
:104d8c000000000000000000000000000000000017
:104d9c000000000000000000000000000000000007
:104dac0000000000000000000000000000000000f7
:104dbc0000000000000000000000000000000000e7
:104dcc0000000000000000000000000000000000d7
:104ddc0000000000000000000000000000000000c7
:104dec0000000000000000000000000000000000b7
:104dfc0000000000000000000000000000000000a7
:104e0c000000000000000000000000000000000096
:104e1c000000000000000000000000000000000086
:104e2c000000000000000000000000000000000076
:104e3c000000000000000000000000000000000066
:104e4c000000000000000000000000000000000056
:104e5c000000000000000000000000000000000046
:104e6c000000000000000000000000000000000036
:104e7c000000000000000000000000000000000026
:104e8c000000000000000000000000000000000016
:104e9c000000000000000000000000000000000006
:104eac0000000000000000000000000000000000f6
:104ebc0000000000000000000000000000000000e6
:104ecc0000000000000000000000000000000000d6
:104edc0000000000000000000000000000000000c6
:104eec0000000000000000000000000000000000b6
:104efc0000000000000000000000000000000000a6
:104f0c000000000000000000000000000000000095
:104f1c000000000000000000000000000000000085
:104f2c000000000000000000000000000000000075
:104f3c000000000000000000000000000000000065
:104f4c000000000000000000000000000000000055
:104f5c000000000000000000000000000000000045
:104f6c000000000000000000000000000000000035
:104f7c000000000000000000000000000000000025
:104f8c000000000000000000000000000000000015
:104f9c000000000000000000000000000000000005
:104fac0000000000000000000000000000000000f5
:104fbc000000000000000300000000000000f807e3
:104fcc0000000000000080ff07000000000000f05f
:104fdc00ff07000000000000feff070000000000bb
:104fec0080ff7f000000000000e0ff0f00000000c9
:104ffc000000f8ff03000000000000fcff000000b0
:10500c0000000000ff3f00000000000080ff0f00c8
:10501c000000000000e0ff03000000000000f0ffb3
:10502c0001000000000000f8ff000000000000007c
:10503c00fc3f00000000000000fe1f00000000000c
:10504c000000ff0f00000000000080ff07000000c0
:10505c00000000c0ff03000000000000e0ff0100a2
:10506c000000000000f0ff00000000000000f07fd6
:10507c0000000000000000f83f00000000000000ed
:10508c00fc3f00000000000000fe1f0000000000bc
:10509c000000fe0f00000000000000ff0f000000e9
:1050ac0000000000ff0700000000000080ff03006c
:1050bc00000000000080ff03000000000000c0ffa3
:1050cc0001000000000000c0ff0100000000000013
:1050dc00e0ff00000000000000e0ff000000000006
:1050ec000000e0ff00000000000000f07f00f01f57
:1050fc0000000000f07f00feff01000000f83fc040
:10510c00ffff0f000000f83ff0ffff3f000000f82a
:10511c003ff8ffff7f000000f83ffeffffff01009c
:10512c0000fc1fffffffff030000fcdfffffffff82
:10513c00070000fcffff03ffff0f0000fcff7f00d8
:10514c00f8ff0f0000fcff0f00e0ff1f0000feff48
:10515c00070080ff3f0000feff010000ff3f000042
:10516c00feff000000fe7f0000fe7f000000fc7fc1
:10517c000000fe3f000000fc7f0000fe1f0000004e
:10518c00f8ff0000fe0f000000f8ff0000fe0f000b
:10519c000000f0ff0000fe0f000000f0ff0000fe1a
:1051ac000f000000e0ff0100fe0f000000e0ff0117
:1051bc0000fe0f000000e0ff0100fe1f000000e0f9
:1051cc00ff0100fe1f000000c0ff0100fe1f0000d9
:1051dc0000c0ff0100fe1f000000c0ff0100fe1f09
:1051ec00000000c0ff0100fe1f000000c0ff010016
:1051fc00fe1f000000c0ff0100fe1f000000c0ffea
:10520c000100fc3f000000c0ff0100fc3f0000005b
:10521c00c0ff0000fc3f000000c0ff0000fc3f008e
:10522c000000c0ff0000fc7f000000c0ff0000f881
:10523c007f000000c07f0000f87f000000e07f00ce
:10524c0000f0ff000000e07f0000f0ff000000e035
:10525c003f0000f0ff000000e03f0000e0ff010015
:10526c0000f03f0000e0ff030000f01f0000c0ff53
:10527c00030000f01f0000c0ff070000f80f000043
:10528c0080ff0f0000fc07000000ff1f0000fc0760
:10529c00000000ff3f0000fe03000000fe7f000046
:1052ac00ff01000000fcff01c0ff01000000f8ff3f
:1052bc000ff0ff00000000f0ffffff7f0000000078
:1052cc00e0ffffff3f00000000c0ffffff0f0000ea
:1052dc00000000ffffff070000000000feffff01c1
:1052ec000000000000f8ffff000000000000c0fffd
:1052fc001f00000000000000fc0100000000000086
:10530c000000000000000000000000000000000091
:10531c000000000000000000000000000000000081
:10532c000000000000000000000000000000000071
:10533c000000000000000000000000000000000061
:10534c000000000000000000000000000000000051
:10535c000000000000000000000000000000000041
:10536c000000000000000000000000000000000031
:10537c000000000000000000000000000000000021
:10538c000000000000000000000000000000000011
:10539c000000000000000000000000000000000001
:1053ac0000000000000000000000000000000000f1
:1053bc0000000000000000000000000000000000e1
:1053cc0000000000000000000000000000000000d1
:1053dc0000000000000000000000000000000000c1
:1053ec0000000000000000000000000000000000b1
:1053fc0000000000000000000000000000000000a1
:10540c000000000000000000000000000000000090
:10541c000000000000000000000000000000000080
:10542c000000000000000000000000000000000070
:10543c000000000000000000000000000000000060
:10544c000000000000000000000000000000000050
:10545c000000000000000000000000000000000040
:10546c000000000000000000000000000000000030
:10547c000000000000000000000000000000000020
:10548c000000000000000000000000000000000010
:10549c000000000000000000000000000000000000
:1054ac0000000000000000000000000000000000f0
:1054bc0000000000000000000000000000000000e0
:1054cc0000000000000000000000000000000000d0
:1054dc0000000000000000000000000000000000c0
:1054ec0000000000000000000000000000000000b0
:1054fc0000000000000000000000000000000000a0
:10550c00000000000000000000000000000000008f
:10551c00000000000000000000000000000000007f
:10552c00000000000000000000000000000000006f
:10553c00000000000000000000000000000000005f
:10554c00000000000000000000000000000000004f
:10555c00000000000000000000000000000000003f
:10556c00000000000000000000000000000000002f
:10557c00000000000000000000000000000000001f
:10558c00000000000000000000000000000000000f
:10559c0000000000000000000000000000000000ff
:1055ac0000000000000000000000000000000000ef
:1055bc0000000000000000000000000000000000df
:1055cc0000000000000000000000000000000000cf
:1055dc0000000000000000000000000000000000bf
:1055ec00000000000000000000f8ffffffffff7f3d
:1055fc000000f8ffffffffffff0000f8ffffffffb9
:10560c00ffff0100f8ffffffffffff0100fcffffa2
:10561c00ffffffff0100fcffffffffffff0000fc8f
:10562c00ffffffffffff0000fcffffffffff7f00fe
:10563c0000fcffffffffff7f0000fcfffffffffff1
:10564c007f0000fe01000000c03f0000fe000000d3
:10565c0000e03f00007e00000000e01f00007e0024
:10566c00000000e01f00003e00000000f00f0000f2
:10567c003e00000000f00f00001f00000000f80fbb
:10568c0000001f00000000f80700000f00000000e1
:10569c00fc0700000e00000000fc030000000000ee
:1056ac000000fc0300000000000000fe01000000f0
:1056bc0000000000fe0100000000000000ff0100df
:1056cc00000000000000ff0000000000000080ff50
:1056dc0000000000000000807f00000000000000bf
:1056ec00807f00000000000000c03f0000000000b0
:1056fc000000c03f00000000000000e03f00000080
:10570c0000000000e01f00000000000000e01f008f
:10571c00000000000000f00f00000000000000f08e
:10572c000f00000000000000f80f00000000000057
:10573c0000f80700000000000000fc07000000005b
:10574c00000000fc0300000000000000fe0300004d
:10575c000000000000fe0100000000000000fe013f
:10576c0000000000000000ff01000000000000002d
:10577c00ff0000000000000080ff0000000000009f
:10578c0000807f00000000000000c07f00000000cf
:10579c00000000c07f00000000000000e03f00009f
:1057ac000000000000e03f00000000000000e01fcf
:1057bc0000000000000000f01f00000000000000ce
:1057cc00f01f00000000000000f80f0000000000b7
:1057dc000000f80f00000000000000fc07000000b3
:1057ec0000000000fc0700000000000000fe0700a5
:1057fc00000000000000fe0300000000000000ff9d
:10580c000300000000000000ff0100000000000089
:10581c0080ff0100000000000080ff01000000007c
:10582c000000c0ff00000000000000c0ff000000ee
:10583c0000000000e07f00000000000000e07f009e
:10584c00000000000000f07f00000000000000f0ed
:10585c003f00000000000000f83f000000000000c6
:10586c0000f83f00000000000000fc1f00000000da
:10587c00000000fc1f00000000000000fe0f0000f4
:10588c000000000000fe0f00000000000000ff0ff1
:10589c0000000000000000ff070000000000008076
:1058ac00ff0700000000000080ff03000000000064
:1058bc0000c0ff03000000000000c0ff0300000058
:1058cc00000000e0ff01000000000000e0ff01000c
:1058dc000000000000f0ff01000000000000f8ffd5
:1058ec0000000000000000f8ff00000000000000b5
:1058fc00fc3f00000000000000fc1f000000000046
:10590c000000fc0700000000000000f80000000090
:10591c00000000001000000000000000000000006b
:10592c00000000000000000000000000000000006b
:10593c00000000000000000000000000000000005b
:10594c00000000000000000000000000000000004b
:10595c00000000000000000000000000000000003b
:10596c00000000000000000000000000000000002b
:10597c00000000000000000000000000000000001b
:10598c00000000000000000000000000000000000b
:10599c0000000000000000000000000000000000fb
:1059ac0000000000000000000000000000000000eb
:1059bc0000000000000000000000000000000000db
:1059cc0000000000000000000000000000000000cb
:1059dc0000000000000000000000000000000000bb
:1059ec0000000000000000000000000000000000ab
:1059fc00000000000000000000000000000000009b
:105a0c00000000000000000000000000000000008a
:105a1c00000000000000000000000000000000007a
:105a2c00000000000000000000000000000000006a
:105a3c00000000000000000000000000000000005a
:105a4c00000000000000000000000000000000004a
:105a5c00000000000000000000000000000000003a
:105a6c00000000000000000000000000000000002a
:105a7c00000000000000000000000000000000001a
:105a8c00000000000000000000000000000000000a
:105a9c0000000000000000000000000000000000fa
:105aac0000000000000000000000000000000000ea
:105abc0000000000000000000000000000000000da
:105acc0000000000000000000000000000000000ca
:105adc0000000000000000000000000000000000ba
:105aec0000000000000000000000000000000000aa
:105afc00000000000000000000000000000000009a
:105b0c000000000000000000000000000000000089
:105b1c000000000000000000000000000000000079
:105b2c000000000000000000000000000000000069
:105b3c000000000000000000000000000000000059
:105b4c000000000000000000000000000000000049
:105b5c000000000000000000000000000000000039
:105b6c000000000000000000000000000000000029
:105b7c000000000000000000000000000000000019
:105b8c000000000000000000000000000000000009
:105b9c0000000000000000000000000000000000f9
:105bac0000000000000000000000000000000000e9
:105bbc0000000000000000000000000000000000d9
:105bcc0000000000000000000000000000000000c9
:105bdc0000000000000000000000000000000000b9
:105bec0000000000000000000000000000000000a9
:105bfc000000000000000000ff0700000000000093
:105c0c00f0ff7f000000000000feffff010000001d
:105c1c000080ffffff0700000000c0ffffff1f0018
:105c2c00000000f0ffffff3f00000000f8ffffff47
:105c3c007f00000000fc3f80ffff00000000fe071b
:105c4c0000fcff01000000ff0300f0ff01000080da
:105c5c00ff0100e0ff03000080ff0000c0ff070011
:105c6c0000c07f000080ff070000e03f000080ffc5
:105c7c00070000e03f000000ff0f0000e03f0000c5
:105c8c0000ff0f0000f01f000000fe0f0000f01fcf
:105c9c00000000fe0f0000f01f000000fe0f0000cf
:105cac00f81f000000fe0f0000f81f000000fe0fa0
:105cbc000000f81f000000fe0f0000f81f0000009d
:105ccc00fe0f0000f81f000000fe0f0000f81f0080
:105cdc000000fe070000f83f000000fe070000f87f
:105cec003f000000fe070000f87f000000ff0300eb
:105cfc0000f0ff000000ff010000f0ff010080ff3a
:105d0c00010000f0ff030080ff000000e0ff07002f
:105d1c00c07f000000e0ff1f00e03f000000c0ff5c
:105d2c007f00f01f00000080ffff01f80f00000053
:105d3c0080ffff07fc0700000000ffff1ffe0300b1
:105d4c00000000feffffff0100000000fcffffff52
:105d5c000000000000f0ffff3f0000000000e0ff2b
:105d6c00ff3f000000000080ffffff00000000006c
:105d7c0000feffff030000000000fcffff07000017
:105d8c00000000feffff1f0000000080ffffff3f30
:105d9c0000000000c07ffcffff00000000f03ff09f
:105dac00ffff01000000f81fc0ffff03000000fc14
:105dbc000f00ffff03000000fe0700fcff070000c0
:105dcc0000ff0300f8ff0f000080ff0100e0ff1f41
:105ddc000000c0ff0000c0ff1f0000e07f0000803b
:105dec00ff3f0000f03f000000ff3f0000f03f00cd
:105dfc000000fe3f0000f81f000000fe7f0000fcca
:105e0c001f000000fc7f0000fc0f000000f87f006a
:105e1c0000fe0f000000f87f0000fe0f000000f8ed
:105e2c00ff0000fe0f000000f0ff0000ff07000065
:105e3c0000f0ff0000ff07000000f0ff0000ff076c
:105e4c00000000f0ff0000ff07000000f0ff0080e2
:105e5c00ff07000000f0ff0080ff07000000f07f4c
:105e6c000080ff07000000f07f0080ff07000000ab
:105e7c00f07f0080ff0f000000f07f0000ff0f009c
:105e8c000000f07f0000ff0f000000f03f0000ff5b
:105e9c000f000000f83f0000ff1f000000f81f007b
:105eac0000ff1f000000f81f0000fe3f000000fc78
:105ebc000f0000fe3f000000fc0f0000fc7f000004
:105ecc0000fe070000fcff000000ff030000f8ffcd
:105edc00010080ff030000f8ff0700c0ff01000075
:105eec00f0ff1f00e0ff000000e0ff7f00f87f00e4
:105efc000000c0ffffffff3f00000080ffffffff1f
:105f0c000f00000000ffffffff0700000000fcff78
:105f1c00ffff0100000000f0ffff7f000000000009
:105f2c00c0ffff1f000000000000feff0300000088
:105f3c00000000c01f000000000000000000000076
:105f4c000000000000000000000000000000000045
:105f5c000000000000000000000000000000000035
:105f6c000000000000000000000000000000000025
:105f7c000000000000000000000000000000000015
:105f8c000000000000000000000000000000000005
:105f9c0000000000000000000000000000000000f5
:105fac0000000000000000000000000000000000e5
:105fbc0000000000000000000000000000000000d5
:105fcc0000000000000000000000000000000000c5
:105fdc0000000000000000000000000000000000b5
:105fec0000000000000000000000000000000000a5
:105ffc000000000000000000000000000000000095
:10600c000000000000000000000000000000000084
:10601c000000000000000000000000000000000074
:10602c000000000000000000000000000000000064
:10603c000000000000000000000000000000000054
:10604c000000000000000000000000000000000044
:10605c000000000000000000000000000000000034
:10606c000000000000000000000000000000000024
:10607c000000000000000000000000000000000014
:10608c000000000000000000000000000000000004
:10609c0000000000000000000000000000000000f4
:1060ac0000000000000000000000000000000000e4
:1060bc0000000000000000000000000000000000d4
:1060cc0000000000000000000000000000000000c4
:1060dc0000000000000000000000000000000000b4
:1060ec0000000000000000000000000000000000a4
:1060fc000000000000000000000000000000000094
:10610c000000000000000000000000000000000083
:10611c000000000000000000000000000000000073
:10612c000000000000000000000000000000000063
:10613c000000000000000000000000000000000053
:10614c000000000000000000000000000000000043
:10615c000000000000000000000000000000000033
:10616c000000000000000000000000000000000023
:10617c000000000000000000000000000000000013
:10618c000000000000000000000000000000000003
:10619c0000000000000000000000000000000000f3
:1061ac0000000000000000000000000000000000e3
:1061bc0000000000000000000000000000000000d3
:1061cc0000000000000000000000000000000000c3
:1061dc0000000000000000000000000000000000b3
:1061ec0000000000000000000000000000000000a3
:1061fc000000000000000000000000000000000093
:10620c000000000000000000000000000000000082
:10621c00000000000000fe03000000000000e0ff92
:10622c003f000000000000f8ffff0000000000002d
:10623c00feffff030000000080ffffff07000000cf
:10624c0000c0ffffff1f00000000f0ffffff3f003a
:10625c00000000f8ffffff7f00000000fc3f80ff04
:10626c00ff00000000fe0700feff01000000ff031e
:10627c0000f8ff01000080ff0100f0ff0300008028
:10628c00ff0000e0ff070000c07f0000c0ff070018
:10629c0000e03f0000c0ff0f0000e01f000080ff87
:1062ac000f0000f01f000000ff1f0000f01f000097
:1062bc0000ff1f0000f80f000000ff1f0000f80f88
:1062cc00000000fe3f0000fc0f000000fe3f00003d
:1062dc00fc07000000fc3f0000fe07000000fc7ff4
:1062ec000000fe07000000fc7f0000fe070000001d
:1062fc00f87f0000fe07000000f87f0000ff070099
:10630c000000f87f0000ff07000000f8ff0000ff0e
:10631c0007000000f8ff0000ff07000000f0ff007e
:10632c0000ff07000000f0ff0000ff07000000f076
:10633c00ff0000ff07000000f0ff0000ff07000057
:10634c0000f0ff0000ff07000000f0ff0000ff0757
:10635c00000000f0ff0000ff0f000000f0ff000045
:10636c00ff0f000000f0ff0000ff0f000000f0ff27
:10637c000000fe1f000000f0ff0000fe1f000000e8
:10638c00f0ff0000fe3f000000f8ff0000fc3f00a3
:10639c000000fcff0000fc7f000000feff0000fc82
:1063ac00ff000000ffff0000f8ff000080ffff006f
:1063bc0000f8ff0300c0ffff0000f0ff0700f0ff34
:1063cc007f0000e0ff1f00fcff7f0000e0ffff806c
:1063dc00fff77f0000c0fffffffff37f000080ff8f
:1063ec00fffffff17f000000ffffff7ff87f000041
:1063fc0000fcffff3ff83f000000f8ffff0ff83fe5
:10640c00000000e0ffff07f83f00000080ffff00e6
:10641c00f83f00000000f81f00fc1f000000000007
:10642c000000fc1f00000000000000fc1f0000002a
:10643c0000000000fe0f00000000000000fe0f0036
:10644c00000000000000fe0700000000000000ff3c
:10645c000700000000000000ff0300000000000027
:10646c0080ff0300000000000080ff03000000001c
:10647c000000c0ff01000000000000c0ff00000091
:10648c0000000000e0ff00000000000000f07f00b2
:10649c00000000000000f83f00000000000000f8c1
:1064ac003f00000000000000fc1f00000000000086
:1064bc0000fe0f00000000000000ff0700000000bd
:1064cc00000080ff03000000000000c0ff0100007e
:1064dc0000000000e0ff00000000000000f87f005a
:1064ec00000000000000fc3f00000000000000ff66
:1064fc001f00000000000080ff07000000000000eb
:10650c00e0ff03000000000000f8ff0100000000a5
:10651c000000fe7f000000000000c0ff1f00000014
:10652c00000000f8ff07000000000000ffff010062
:10653c0000000000e0ff7f000000000000e0ff0f03
:10654c00000000000000c0ff01000000000000c0bf
:10655c001f000000000000004000000000000000d0
:10656c00000000000000000000000000000000001f
:10657c00000000000000000000000000000000000f
:10658c0000000000000000000000000000000000ff
:10659c0000000000000000000000000000000000ef
:1065ac0000000000000000000000000000000000df
:1065bc0000000000000000000000000000000000cf
:1065cc0000000000000000000000000000000000bf
:1065dc0000000000000000000000000000000000af
:1065ec00000000000000000000000000000000009f
:1065fc00000000000000000000000000000000008f
:10660c00000000000000000000000000000000007e
:10661c00000000000000000000000000000000006e
:10662c00000000000000000000000000000000005e
:10663c00000000000000000000000000000000004e
:10664c00000000000000000000000000000000003e
:10665c00000000000000000000000000000000002e
:10666c00000000000000000000000000000000001e
:10667c00000000000000000000000000000000000e
:10668c0000000000000000000000000000000000fe
:10669c0000000000000000000000000000000000ee
:0466ac0000000000ea
:020000040000fa
:020000041d03da
:1066b000b8ffbd274400bfaf4000beaf3c00b7af3e
:1066c0003800b6af3400b5af3000b4af2c00b3af74
:1066d0002800b2af2400b1af2000b0af0000902876
:1066e0000b20100021808000b481848f059d023c26
:1066f000682f410f8c15458c2188400028001224fa
:106700002900042a0a8044026130410f212000023e
:1067100021204000059d023c682f410f9015458cbb
:1067200021202002cd2e410f21284000b48182afcc
:1067300021204000059d023ccd2e410f9415458c33
:106740008b30410f2120400021804000e6001124c1
:10675000028851701a003202f401400212880000cf
:106760004080828f05002256408091afb881828f91
:106770007a0040144400bf8f408091afa5080224e6
:10678000768282a71c020424310105240203062418
:106790004f08410f4f0107241200201a0b00022a54
:1067a000040040501a00102a8c060224f3d9400b32
:1067b000768282a70400001200fc02241f05022436
:1067c000f3d9400b768282a7768282a71c02262606
:1067d0001c020424310105242036067c4f08410f99
:1067e0004f010724bb050224768282a71c020424e1
:1067f00031010524020306244f08410f320107240a
:106800001c0204244e010524020306244f08410ff4
:106810004f0107241c020424310105241d02062413
:106820004f08410f4f0107240103042431010524bf
:10683000020306244f08410f4f010724b881828fbd
:106840004500401421b800001000a0af059d023c97
:10685000401542241800a2af1000a38f04000424a6
:106860001a006400f401800012f000001c02c4272a
:10687000d4530224768282a71d02c6272026047cd8
:10688000500105242036067c4f08410f550107248e
:106890005ca603240500e22e27004010768283a721
:1068a0005a011224219800000f0002241800e2026d
:1068b000121800001400a3af1802de27ffffde331a
:1068c0000900d42744da400bffff943200002292e3
:1068d0000800405003001026010006262026107ce8
:1068e0002128a0022036067c4f08410f2138c00223
:1068f00003001026ffff1032f4ff141601003126aa
:1069000001007326050004240b00641203005226c4
:1069100021a8400201005626030002241400a38f80
:1069200002206272218883001800a28f2188510002
:1069300033da400b2180c0030100f7261000a38f3b
:10694000e600632405000224c3ffe2161000a3af93
:1069500001000224b88182af4400bf8f4000be8f87
:106960003c00b78f3800b68f3400b58f3000b48f3d
:106970002c00b38f2800b28f2400b18f2000b08f7d
:106980000800e0034800bd27e0ffbd271c00bfafa3
:1069900063080224768282a7080002241000a2afb6
:1069a0008200042450000524ff00062429bc400f67
:1069b000cd000724ffff0224768282a7029d043cbb
:1069c00068bd400fb8c88424b400042478000524ae
:1069d000059d063c32be400fb414c624039d043c02
:1069e00068bd400f4c2984246c81828f0200405482
:1069f0004880828f448082870800432c47006010c3
:106a00001c00bf8f80100200039d033c206a63249a
:106a1000211062000000428c0800400000000000cd
:106a2000406a039d5c6a039d786a039d946a039d96
:106a3000b06a039dcc6a039de86a039d046b039dc5
:106a40007800042432000524059d063c32be400f28
:106a5000b814c624c7da400b1c00bf8f780004248a
:106a600032000524059d063c32be400fbc14c624ee
:106a7000c7da400b1c00bf8f7800042432000524c5
:106a8000059d063c32be400fc014c624c7da400b39
:106a90001c00bf8f7800042432000524059d063cad
:106aa00032be400fc414c624c7da400b1c00bf8f8f
:106ab0007800042432000524059d063c32be400fb8
:106ac000c814c624c7da400b1c00bf8f780004240a
:106ad00032000524059d063c32be400fcc14c6246e
:106ae000c7da400b1c00bf8f780004243200052455
:106af000059d063c32be400fd014c624c7da400bb9
:106b00001c00bf8f7800042432000524059d063c3c
:106b100032be400fd414c6241c00bf8f0800e0030f
:106b20002000bd27e8ffbd271400bfafcd828293b0
:106b300037004010ca818287130040100000000017
:106b4000fe24410f1800042421204000059d053c2f
:106b5000752a410fd814a524a882828f010003242e
:106b6000180043accf7b04241c0044ac200040ac94
:106b700032000424240044acffff0424040044a495
:106b8000f2da400bca8183a7fe24410f18000424c7
:106b900021204000059d053c752a410fdc14a524e9
:106ba000a882828f06000324180043acffff033441
:106bb0001c0043ac200043ac32000324240043ac4f
:106bc000040040a4ca8180a70e000224508082a73e
:106bd0000300022462da400f448082a7fb8280a374
:106be000b48280a3ac8280a3848280a3048380a328
:106bf000c88280a3fa8280a3e88280a3ffff0224d8
:106c0000528082a703000224588382afcd8280a3e2
:106c10001400bf8f0800e0031800bd27fc81828f9d
:106c200058024228fc81838f0a180200211060005c
:106c30008028030000a0033ce81963242118a30066
:106c4000000064ac010042240800e003fc8182af34
:106c500000a0043ce8198424600985242110000068
:106c60000000838c04008424fdff85142110430060
:106c7000580203241b004300f40160000800e003f5
:106c800012100000f881828f58024228f881838f09
:106c90000a180200211060008028030000a0033cb5
:106ca000881063242118a300000064ac0100422472
:106cb0000800e003f88182af00a0043c881084241f
:106cc00060098524211000000000838c04008424c6
:106cd000fdff851421104300580203241b004300cc
:106ce000f40160000800e00312100000f481828fbc
:106cf00004004228f481838f0a18020021106000ea
:106d00008028030000a0033c781063242118a3000e
:106d1000000064ac010042240800e003f48182af6b
:106d200000a0023c781043247810448c0400628c4c
:106d3000211082000800648c211044000c00638c38
:106d4000211043000800e00382100200f081828fce
:106d500058024228f081838f0a1802002110600037
:106d60008028030000a0033c180763242118a30017
:106d7000000064ac010042240800e003f08182af0f
:106d800000a0043c18078424600985242110000019
:106d90000000838c04008424fdff8514211043002f
:106da000580203241b004300f40160000800e003c4
:106db00012100000e8ffbd271400bfaf1000b0aff5
:106dc0009082908f21200002cb2e410fd881858f99
:106dd000059d033c9815648cc630410f2128400066
:106de0004e0041041400bf8fd88190af308184974a
:106df0002026047c07db400f0321040014db400f36
:106e000000000000dc818497212044004078847ccd
:106e10008e48410fdc8184a7e08182af21204000b1
:106e2000059d023c682f410f9c15458ca930410ff0
:106e300021204000ffff4230e48182a7201e027c17
:106e4000e68183a71a838597010004243300a414e4
:106e50001400bf8fe8818497310082101000b08f3a
:106e600003006104e88182a7a0db400be68180a7d4
:106e700010276328020060140f270224e68182a7ee
:106e8000e6818587e80304241a00a400f401800049
:106e900012200000ffff8430ec8182273000832421
:106ea000000043a018fc0324023083702120c50099
:106eb000ffff8430640003241b008300f4016000a2
:106ec00012180000ffff633030006524ed8185a3b8
:106ed0009cff0524023065702118c400ffff633059
:106ee0000a0004241b006400f4018000122000004a
:106ef000ffff843030008524ee8185a3f6ff052452
:106f000002208570ffff8430211883003000632445
:106f1000030043a0040040a01400bf8f1000b08ff6
:106f20000800e0031800bd27e0ffbd271c00bfaf2d
:106f3000000085280b2005002128800010278428c8
:106f40000f2702240b10a40021204000e803032493
:106f50001a004300f401600012180000ffff6330c4
:106f600030006224d08182a318fc022402286270bf
:106f70002118a400ffff6330640002241b0062009c
:106f8000f401400012100000ffff423030004424a2
:106f9000d18184a39cff0424022844702110a30003
:106fa000ffff42300a0003241b004300f40160008d
:106fb00012180000ffff633030006424d28184a3e4
:106fc000f6ff042402186470ffff63302110620092
:106fd00030004224d38182a3d48180a3768280a70b
:106fe000010002241000a2afd20004249001052465
:106ff0005802062429bc400ff4010724ffff022495
:10700000768282a7029d043c68bd400fb8c88424e4
:10701000dc0004249001052432be400fd081862775
:107020001c00bf8f0800e0032000bd27e0ffbd2744
:107030001c00bfaf000085280b2005002128800020
:10704000102784280f2702240b10a40021204000c1
:10705000e80303241a004300f40160001218000042
:10706000ffff633030006224d08182a318fc022429
:10707000022862702118a400ffff6330640002241c
:107080001b006200f401400012100000ffff4230bc
:1070900030004424d18184a39cff0424022844703e
:1070a0002110a300ffff42300a0003241b0043000d
:1070b000f401600012180000ffff63303000642408
:1070c000d28184a3f6ff042402186470ffff6330aa
:1070d0002110620030004224d38182a3d48180a396
:1070e000768280a7010002241000a2af01000424d0
:1070f00090010524b400062429bc400ff4010724a4
:10710000ffff0224768282a7029d043c68bd400fe7
:10711000b8c884240a0004249001052432be400f1c
:10712000d08186271c00bf8f0800e0032000bd2708
:10713000e0ffbd271c00bfaf1800b1af1400b0af17
:1071400021888000059d023cc630410fa415458c66
:107150001a0040182180000021202002059d023cd9
:10716000cb2e410fa415458ca148410f2120400092
:1071700021204000059d023c682f410fa815458c39
:107180002180400021204000c630410f212800000e
:107190000a00420421800000059d023ca015448c99
:1071a000c630410f2128000203004204059d023c25
:1071b00070dc400b21100002a015508c2110000241
:1071c0001c00bf8f1800b18f1400b08f0800e003bf
:1071d0002000bd27e8ffbd271400bfaf1000b0afef
:1071e0009082908f21200002cb2e410fbc81858f91
:1071f0008b30410f212040002016027c03004228e2
:107200002c0040141400bf8fbc8190af8282849701
:107210002026047c21db400f032104002edb400fdd
:1072200000000000c0818497212044004078847cc5
:107230006130410fc08184a721204000059d023ca0
:10724000682f410f9c15458cc48182af4cdc400fe8
:107250002120400021204000059d023ccd2e410f01
:107260009415458c8b30410f21204000ffff4230a8
:10727000c88182a72026027cb08184a70100032454
:107280009c8183a31a838597010003240900a3141a
:107290001400bf8fcc818397030062147081838fa9
:1072a000050060141000b08facd9400fcc8182a7cc
:1072b0001400bf8f1000b08f0800e0031800bd2736
:1072c000d8ffbd272400bfaf2000b3af1c00b2af72
:1072d0001800b1af1400b0af010002247081838f99
:1072e000310162549c8180a39c81829307004054a9
:1072f0009c8180a3a930410fa081848f80bf033c73
:10730000203062ac0bde400b2400bf8f6130410f98
:10731000a481848721884000b28182930b004014ad
:10732000010002248b30410f3880848f2026027c9c
:107330006130410f3c8084a7a08182af2110000002
:10734000a88182afac8191af01000224b28182a3f7
:10735000ac81908f21200002c630410f21282002ed
:1073600029004010000000006130410f3c808487fc
:107370002190400021202002cb2e410f2128000225
:1073800021204000059d023c682f410fbc15458c13
:1073900021204002cd2e410f212840008b30410f8b
:1073a000212040002026027c6130410f3c8084a7d0
:1073b00021804000059d023cc015448cc630410f21
:1073c00021280002040041042120000208070224b1
:1073d000fcdc400b3c8082a7059d023cc630410f7f
:1073e000c415458c02004104f40102243c8082a7ac
:1073f0006130410f3c808487a08182af2110000062
:10740000a88182afac8191af6130410f3c8084870d
:1074100021804000a081928f21204000059d023ce8
:10742000cb2e410fc815458c21204002c630410f9c
:1074300021284000110041042120000221204002a7
:10744000059d023ccd2e410fcc15458ca08182af0d
:1074500021200002c630410f2128400001004204d3
:10746000a08190afa930410fa081848f80bf033ce1
:10747000203062ac0bde400b2400bf8f059d023c28
:10748000cd2e410fc815458c21204000c630410f3c
:107490002128400211004104b0819387212040023d
:1074a000059d023ccb2e410fcc15458ca08182afaf
:1074b00021204000c630410f212800020100420473
:1074c000a08190afa930410fa081848f80bf033c81
:1074d000203062ac0bde400b2400bf8f6130410fc7
:1074e0002120600221202002cb2e410f21284000c4
:1074f000219040007881828f1d0040500300732a44
:10750000059d023cb815448cc630410f212840022d
:1075100014004004059d023c21204002059d023cd0
:10752000682f410fd015458c21904000059d023ced
:10753000b815448cc630410f212840026000400439
:10754000059d023c21204002059d023cc630410fb2
:10755000b415458c5d004004059d023cbfdd400b29
:1075600021880000ac15528cbfdd400b2188000043
:1075700014006012059d023c21204002059d023c42
:10758000682f410fd015458c21904000059d023c8d
:10759000b815448cc630410f212840024e004004eb
:1075a000059d023c21204002059d023cc630410f52
:1075b000b415458c4b00400421880000c0dd400b11
:1075c00021204002d415448cc630410f21284002ae
:1075d0000d00410421204002059d023cc630410fb0
:1075e0009415458c0800430421204002a881848f13
:1075f000059d023c682f410fd815458c218840001d
:10760000bfdd400b21900000059d023c682f410f1b
:10761000dc15458c21204000cd2e410fa881858f9f
:1076200021884000059d023ca415448cc630410fc2
:107630002128200209004004059d023c212020024f
:10764000059d023cc630410fb015458c0500400435
:10765000059d023c9bdd400b212040029add400b42
:10766000a415518cb015518c21204002059d023c7f
:10767000682f410fd015458c21204000cd2e410fa1
:107680002128200221904000059d023cb815448c21
:10769000c630410f2128400215004004059d023ce0
:1076a00021204002059d023cc630410fb415458c97
:1076b00011004004059d023cc0dd400b212040022a
:1076c000b815528cbfdd400b21880000b415528cd8
:1076d000bfdd400b21880000b815528cbfdd400b88
:1076e00021880000059d023cbfdd400bb415528c83
:1076f000bfdd400bb815528cb415528c21204002ce
:10770000cd2e410f212800028b30410f2120400057
:107710002026027c6130410f3c8084a721804000fc
:10772000059d023cc015448cc630410f2128000243
:107730000900430421200002080702243c8082a79c
:10774000a881848f059d023c682f410f9415458cbc
:10775000e1dd400b21884000059d023cc630410f11
:10776000c415458c07004104f40102243c8082a723
:10777000a881848f059d023c682f410f9415458c8c
:10778000218840003c80848780bf023c203044ac8c
:107790006130410f00000000388082afa08182afcd
:1077a0000ade400ba88191afb28180a321100000b6
:1077b000ac8182afa081908f059d023cc415448ca2
:1077c000c630410f212800020f004104059d023cf4
:1077d00021200002059d023ccb2e410fe015458c77
:1077e000a08182af21204000059d023cc630410fa0
:1077f000c415458c06004104059d023cc415428c0d
:1078000004de400ba08182afc415428ca08182af00
:10781000a930410fa081848f80bf033c203062ac2f
:1078200021100000a88182af2400bf8f2000b38ff9
:107830001c00b28f1800b18f1400b08f0800e00355
:107840002800bd27e8ffbd271400bfaf1000b0af70
:107850009082908f21200002cb2e410f9481858f42
:10786000059d033ce415648cc630410f212840007f
:107870001d0041041400bf8f948190aff88284975b
:107880002026047c3bdb400f8320040048db400fb4
:107890000000000098818397211843004078637ca2
:1078a0000a00622c03004050f6ff632432de400bd6
:1078b000988180a7ffff6330988183a74600632cdf
:1078c00005006050428380a701000224428382a702
:1078d00037de400bae8282a7ae8280a79881829766
:1078e0009a8182a71400bf8f1000b08f0800e003b8
:1078f0001800bd27e8ffbd271400bfaf1000b0afd0
:107900009082908f21200002cb2e410f8c81858f99
:107910008b30410f212040002016027c0b004228b2
:107920002e0040141400bf8f8c8190af5083849739
:107930002026047c53db400f8320040060db400fd3
:107940000000000090818397211843004078637cf9
:10795000908183a742180300c201622807004014e7
:10796000928183a788bf023ce060438c8473037cd0
:10797000e06043ac77de400b1400bf8f8c828297af
:10798000090040143080848f55016328010063385a
:1079900088bf023ce060448c8473647ce06044ac4b
:1079a00077de400b1400bf8f060080101801022400
:1079b00002008238e6000524aa0006240a28c20034
:1079c0002110a0002a18430088bf023ce060448ccc
:1079d0008473647ce06044ac1400bf8f1000b08fef
:1079e0000800e0031800bd270800e00300000000c5
:1079f000e082829313004010188382938e828287e4
:107a00000100032409004310020003240b0043502b
:107a100080bf023c0b0040541883829380bf023c1d
:107a2000000a428c91de400b1883829380bf023c97
:107a3000000a428c91de400b18838293000a428c2c
:107a400018838293090040108e828287060040507e
:107a500080bf023c020003240400431480bf023ca8
:107a60009dde400b00000000000a428c0800e0038d
:107a700000000000000a428c0800e0030000000043
:107a800088ffbd277400bfaf7000beaf6c00b7affa
:107a90006800b6af6400b5af6000b4af5c00b3afd0
:107aa0005800b2af5400b1af5000b0af7800a4afef
:107ab0000100c2243400a2af2086047c2096057cfd
:107ac000ffff9430ffffd130ffff822621102202fa
:107ad0002016027c2000a2afffffb530ffffb326c7
:107ae00021983302209e137c21200002212840028d
:107af000213040004f08410f213860023400a38f2d
:107b0000ffff63302400a3af80100300ffff42306b
:107b10001c00a2af21105400ffff42302026027c3f
:107b20001000a4afffff3126ffff313221105100ba
:107b30002016027c1400a2af212840022130400010
:107b40004f08410f213860022400a58f2110b50095
:107b5000ffff423020f6027c211051002016027ceb
:107b60003000a2af212000022128c0032000a68ff0
:107b70004f08410f213840002400a28f21205400db
:107b8000ffff8430213091002026047c2128c0038f
:107b90002036067c4f08410f3000a78f03000224d7
:107ba0002400a38f02106270ffff42304800a2af92
:107bb00021205400ffff8430213091002026047cd6
:107bc0002128c0032036067c4f08410f3000a78fc4
:107bd0001000a48f2128c0031400a68f4f08410f66
:107be0003000a78f2400a48f40100400ffff423014
:107bf0004400a2af21b85500fffff73220b6177c32
:107c000021b8f10220be177c212000022128c002e9
:107c10002000a68f4f08410f2138e0024400a58fb5
:107c200021a0b400ffff8432213091002026047c83
:107c30002128c0022036067c4f08410f2138e0027f
:107c40001000a48f2128c0021400a68f4f08410ff6
:107c50002138e0024800a38f21107500ffff423059
:107c60002026027c3c00a4af211051002016027c8b
:107c70004000a2af212000023c00a58f2000a68f6b
:107c80004f08410f213840001000a48f3c00a58f01
:107c90001400a68f4f08410f4000a78f1c00a58f2e
:107ca00021a8b500ffffb53220a6157c21a8b1029e
:107cb00020ae157c21200002212880022000a68f02
:107cc0004f08410f2138a0021000a48f2128800204
:107cd0001400a68f4f08410f2138a0027800a28f10
:107ce00003004324050002243400a48f022882707c
:107cf0002120a3001000a4afffff90302400a38f29
:107d000021100302ffff42302026027c1c00a4af9a
:107d1000211051002016027c2800a2af2128400229
:107d2000213040004f08410f213860024400a58fe8
:107d300021100502ffff4230201e027c2c00a3af61
:107d4000211051002016027c3800a2af21206000d3
:107d500021284002213040004f08410f21386002a5
:107d60001000a48f2026047c2000a4af2110110253
:107d70002016027c1400a2af2128c003213040004d
:107d80004f08410f3000a78f4800a58f21800502c2
:107d9000ffff10322016107c1800a2af21801102c4
:107da0002086107c212040002128c00321300002c1
:107db0004f08410f3000a78f2000a48f2128c00258
:107dc0001400a68f4f08410f2138e0021800a48f3d
:107dd0002128c002213000024f08410f2138e00263
:107de0002000a48f3c00a58f1400a68f4f08410fe0
:107df0004000a78f1800a48f3c00a58f21300002ff
:107e00004f08410f4000a78f1c00a48f212880023b
:107e10002800a68f4f08410f2138a0022c00a48f04
:107e2000212880023800a68f4f08410f2138a00278
:107e30003400a38f80100300030042242000a2af6f
:107e40001000a48f212044001800a4af202e047c31
:107e50001000a5afffff9030211011022016027c08
:107e60001400a2af2120a0002128400221304000b0
:107e70004f08410f213860022400a38f2110030214
:107e8000ffff42302026027c2800a4af21105100c1
:107e90002016027c2c00a2af212840022130400095
:107ea0004f08410f213860024400a58f21100502c0
:107eb000ffff4230201e027c3800a3af211051008a
:107ec0002016027c4c00a2af212060002128400235
:107ed000213040004f08410f213860021000a48f6c
:107ee0002128c0031400a68f4f08410f3000a78f30
:107ef0004800a48f21800402ffff1032202e107c46
:107f00001c00a5af218011022086107c2120a0003a
:107f10002128c003213000024f08410f3000a78ff5
:107f20001000a48f2128c0021400a68f4f08410f13
:107f30002138e0021c00a48f2128c0022130000259
:107f40004f08410f2138e0021000a48f3c00a58f9c
:107f50001400a68f4f08410f4000a78f1c00a48f6c
:107f60003c00a58f213000024f08410f4000a78f31
:107f70001000a48f212880021400a68f4f08410f03
:107f80002138a0022800a48f212880022c00a68f6f
:107f90004f08410f2138a0023800a48f2128800209
:107fa0004c00a68f4f08410f2138a0021800a28f65
:107fb0002000a38f211043001000a2afffff50301c
:107fc0002400a48f21100402ffff4230202e027ce7
:107fd0002800a5af211051002016027c2c00a2af72
:107fe0002120a00021284002213040004f08410fed
:107ff000213860024400a38f21100302ffff4230aa
:108000002026027c3800a4af211051002016027ceb
:108010004c00a2af21284002213040004f08410f00
:10802000213860021000a58f202e057c1400a5af1a
:10803000211011022016027c1800a2af2120a000fe
:108040002128c003213040004f08410f3000a78f86
:108050004800a28f21800202ffff1032201e107cf8
:108060001c00a3af218011022086107c212060001b
:108070002128c003213000024f08410f3000a78f94
:108080001400a48f2128c0021800a68f4f08410faa
:108090002138e0021c00a48f2128c00221300002f8
:1080a0004f08410f2138e0021400a48f3c00a58f37
:1080b0001800a68f4f08410f4000a78f1c00a48f07
:1080c0003c00a58f213000024f08410f4000a78fd0
:1080d0002800a48f212880022c00a68f4f08410f72
:1080e0002138a0023800a48f212880024c00a68fde
:1080f0004f08410f2138a0023400a48f4010040023
:108100002000a58f2110a2001000a38f2110430092
:108110003400a2af2026027c1000a4afffff503035
:10812000211011022016027c1400a2af2128400267
:10813000213040004f08410f213860022400a58ff4
:1081400021100502ffff4230201e027c1800a3af61
:10815000211051002016027c1c00a2af21206000db
:1081600021284002213040004f08410f2138600291
:108170004400a48f21100402ffff4230202e027c15
:108180002800a5af211051002016027c2c00a2afc0
:108190002120a00021284002213040004f08410f3b
:1081a000213860024800a28f21800202ffff1032b6
:1081b000201e107c3800a3af218011022086107c85
:1081c0002120600021284002213000024f08410f89
:1081d000213860021000a48f2128c0031400a68f4c
:1081e0004f08410f3000a78f1000a48f2128c00234
:1081f0001400a68f4f08410f2138e0021800a48f09
:108200002128c0021c00a68f4f08410f2138e00230
:108210002800a48f2128c0022c00a68f4f08410ff0
:108220002138e0021000a48f3c00a58f1400a68f17
:108230004f08410f4000a78f1000a48f2128800213
:108240001400a68f4f08410f2138a0021800a48ff8
:10825000212880021c00a68f4f08410f2138a00260
:108260002800a48f212880022c00a68f4f08410fe0
:108270002138a0023800a48f21288002213000027a
:108280004f08410f2138a0023400a48f2000a58f91
:10829000212085001000a4afffff90302400a38fa1
:1082a00021100302ffff42302026027c3400a4afdd
:1082b000211051002016027c1800a2af2128400294
:1082c000213040004f08410f213860024400a58f43
:1082d00021100502ffff4230201e027c1c00a3afcc
:1082e000211051002016027c2800a2af212060003e
:1082f00021284002213040004f08410f2138600200
:108300004800a48f21100402ffff4230202e027c7f
:108310002c00a5af211051002016027c3800a2af1e
:108320002120a00021284002213040004f08410fa9
:10833000213860021000a28f2016027c1400a2af28
:10834000218011022086107c212040002128c003ba
:10835000213000024f08410f3000a78f1400a48f76
:108360002128c002213000024f08410f2138e002cd
:108370001400a48f3c00a58f213000024f08410f4c
:108380004000a78f3400a48f212880021800a68ff8
:108390004f08410f2138a0021c00a48f2128800221
:1083a0002800a68f4f08410f2138a0022c00a48f6f
:1083b000212880023800a68f4f08410f2138a002e3
:1083c0001000a38f2000a48f211864002000a3af09
:1083d000ffff70302400a58f21100502ffff4230ff
:1083e000201e027c1000a3af211051002016027c39
:1083f0001400a2af2120600021284002213040005b
:108400004f08410f213860024400a48f211004025c
:10841000ffff4230202e027c4400a5af2110510006
:108420002016027c3400a2af2120a00021284002a7
:10843000213040004f08410f213860022000a28ff8
:108440002096027c21981102209e137c212040025c
:108450002128c003213060024f08410f3000a78f50
:108460004800a38f21800302ffff10322026107cda
:108470002400a4af218011022086107c2128c00393
:10848000213000024f08410f3000a78f2120400209
:108490002128c002213060024f08410f2138e0023c
:1084a0002400a48f2128c002213000024f08410f70
:1084b0002138e002212040023c00a58f21306002db
:1084c0004f08410f4000a78f2400a48f3c00a58fc8
:1084d000213000024f08410f4000a78f1000a48fe9
:1084e000212880021400a68f4f08410f2138a002d6
:1084f0004400a48f212880023400a68f4f08410f2a
:108500002138a0027400bf8f7000be8f6c00b78f3f
:108510006800b68f6400b58f6000b48f5c00b38fc5
:108520005800b28f5400b18f5000b08f0800e003a4
:108530007800bd27e8ffbd271400bfaf6c81828f94
:108540000e004014888182931e0040101400bf8fdb
:1085500063080224768282a7568280a75e8280a367
:108560002701042416000524f90106244f08410fb1
:108570004d00072470e1400b888180a31100401456
:108580001400bf8fa7050224768282a72701042446
:1085900019000524f90106244f08410f4b00072458
:1085a000ffff0224768282a74001042428000524cc
:1085b000a0de400f0300062401000224888182a36c
:1085c0001400bf8f0800e0031800bd27e0ffbd279f
:1085d0001c00bfaf1800b0af63080224768282a7e8
:1085e000080002241000a2af230204245500052431
:1085f0009e02062429bc400fe4000724049d043c8d
:1086000068bd400fe02584243080828f0100032460
:1086100025004310020003244300431080fa102475
:108620005e0040141c00bf8fbf051024768290a707
:108630002c02042464000524059d063c32be400f34
:10864000e014c624768290a7040010241000b0af76
:1086500030020424d20005249402062429bc400fd1
:10866000eb000724e6100224768282a71000b0af48
:1086700030020424af0005249402062429bc400fd4
:10868000c80007241000b0af300204248c00052479
:108690009402062429bc400fa500072418010224d7
:1086a000e6e1400b908382af40fe1024768290a7d3
:1086b0002402042464000524059d063c32be400fbc
:1086c000e814c624768290a7040010241000b0afee
:1086d00030020424d20005249402062429bc400f51
:1086e000eb0007241000b0af30020424af000524d3
:1086f0009402062429bc400fc8000724e610022477
:10870000768282a71000b0af300204248c000524ca
:108710009402062429bc400fa5000724e600022489
:10872000e6e1400b908382af768290a72c0204246e
:1087300064000524059d063c32be400ff014c6249b
:10874000768290a7040010241000b0af30020424f9
:10875000d20005249402062429bc400feb00072414
:108760001000b0af30020424af00052494020624a8
:1087700029bc400fc80007241000b0af3002042409
:108780008c0005249402062429bc400fa500072470
:10879000aa000224908382af1c00bf8f1800b08f04
:1087a0000800e0032000bd27d8ffbd272400bfaf8d
:1087b0002000b1af1c00b0af2180a0001a838397c6
:1087c0000100022404016214ffff84300600022429
:1087d00001018214010002240000a2941d00032460
:1087e00023004314f7ff432488bf103c6060028ecf
:1087f000010011240463227e606002aee545410f52
:10880000280004246060028e0463027c606002ae73
:10881000688180af211000000c8282afffff10241e
:108820004c8090af63080224768282a71000b1af1b
:10883000a5000424270105242c01062429bc400f8f
:1088400077010724768290a7029d043c68bd400f03
:10885000b8c88424b400042422010524059d063ce4
:1088600032be400ff814c624f6e2400b0100022489
:10887000ffff63300200632c24006010f9ff4224e4
:1088800088bf113c6060228e010003240463627c77
:10889000606022aee545410f280004246060228e0e
:1088a0000463027c606022ae00000396090002248b
:1088b0000b0062140a0002243080828f01004224df
:1088c000308082af03004228040040540000039629
:1088d00002000224308082af000003960a000224c6
:1088e00006006214000000003080828fffff4224e7
:1088f000000043280b100300308082af73e1400f6b
:1089000000000000f6e2400b01000224ffff4230ad
:108910000200422cb50040500000029688bf113c76
:108920006060228e010003240463627c606022aeda
:10893000e545410f280004246060228e0463027c18
:10894000606022ae00000296f9ff4324ffff63300f
:108950000200632c120060100800032407000324a7
:108960000f0043140800032444808297010042242e
:108970002016027c448082a708004228040040544c
:108980004480828707000224448082a74480828733
:1089900062da400f488082aff6e2400b0100022409
:1089a000920043540000029644808297ffff4224c5
:1089b0002016027c02004104448082a7448080a7e4
:1089c0004480828762da400f488082aff6e2400b33
:1089d000010002246060028e010003240463627cb3
:1089e000606002aee545410f280004246060028efd
:1089f0000463027c606002aeca8182872800401452
:108a000000000000fe24410f180004242120400033
:108a1000059d053c752a410fd814a524a882828f94
:108a200001000324180043accf7b04241c0044ac99
:108a3000200040ac32000424240044acffff042496
:108a4000040044a4ca8183a7010002248c8282a767
:108a50006060048e8473647c606004ae9082908f4a
:108a600021200002059d023ccb2e410fcc15458ce8
:108a70008b30410f212040000a8282a72120000272
:108a8000059d023ccb2e410fe815458c8b30410fe4
:108a900021204000188282a7f5e2400b1a8280a3b1
:108aa000fe24410f1800042421204000059d053cb0
:108ab000752a410fdc14a524a882828f06000324a6
:108ac000180043acffff03341c0043ac200043ac50
:108ad00032000324240043ac040040a4ca8180a7d0
:108ae0008c8280a788bf023c6060438c8473037cc7
:108af000606043ac6c8180af008280a71b8280a342
:108b00004880828f62da400f448082a74de1400f97
:108b100000000000f6e2400b01000224260043148e
:108b20001f00032488bf113c6060228e01000324d3
:108b30000463627c606022aee545410f2800042496
:108b40006060228e0463027c606022ae7481828f3a
:108b500013004054748180af01000224748182affd
:108b6000c482828f180002ae6c81828f0f00405049
:108b70000c0002966c8180af4880828f62da400fd1
:108b8000448082a74de1400f000000008b30410f70
:108b90009082848f008282a7eae2400b028280a347
:108ba0004883828f180002ae0c00029600404234c7
:108bb000f5e2400b0c0002a607004314010002245a
:108bc0007c8182af88bf023c6060438c0463037c7d
:108bd000606043ac010002242400bf8f2000b18fed
:108be0001c00b08f0800e0032800bd2718000324f4
:108bf000caff43141e00032475e2400b88bf103cdb
:108c0000e8ffbd271400bfafb28282876900401021
:108c10001a83839701000224670062141400bf8f37
:108c20009082848fcb2e410f8081858f059d033ce0
:108c3000ec15648cc630410f212840005d004104d2
:108c40002483829701004224ffff4230248382a7bd
:108c50000400422c1b004014d6828293248380a7f8
:108c6000b28280a7d68280a3768280a7568280a710
:108c7000010002245e8282a3950104249001052450
:108c8000160306244f08410fdf010724768280a7d0
:108c9000049d043c68bd400fe02584241202042496
:108ca000a4010524059d063c32be400ffc14c624d9
:108cb00088bf023c6060438c0463037c606043ac0b
:108cc000d682829306004050010002240100032452
:108cd000390043141400bf8f53e3400bd68280a3a6
:108ce000d68282a39082838f808183af768280a791
:108cf000568280a75e8282a39501042490010524f8
:108d0000160306244f08410fdf010724768280a74f
:108d1000049d043c68bd400fe02584241202042415
:108d2000a4010524059d063c32be400ffc14c62458
:108d300088bf023c6060438c010004240463837c90
:108d4000606043ac6ee3400b1400bf8f9082828f53
:108d5000808182afe0070224768282a7568280a7b4
:108d6000010002245e8282a395010424900105245f
:108d7000160306244f08410fdf010724768280a7df
:108d8000049d043c68bd400fe025842412020424a5
:108d9000a4010524059d063c32be400ffc14c624e8
:108da00088bf023c6060438c010004240463837c20
:108db000606043ac1400bf8f0800e0031800bd27bb
:108dc000e8ffbd271400bfaf9c8280a701000224ea
:108dd0002d8382a342838287190040141400bf8f21
:108de000768280a7568280a7010002245e8282a339
:108df0000a000424900105248b0106244f08410f2a
:108e0000df010724768280a7049d043c68bd400fe3
:108e1000e025842439000424a4010524059d063c92
:108e200032be400f0415c62488bf023c6060438cec
:108e30000463037c606043ac2d8380a31400bf8f68
:108e40000800e0031800bd27e8ffbd271400bfafee
:108e5000b68280a72c8380a3b28282871900401437
:108e60001400bf8f768280a7568280a7010002245b
:108e70005e8282a395010424900105241603062432
:108e80004f08410fdf010724768280a7049d043c30
:108e900068bd400fe0258424d1010424a4010524e9
:108ea000059d063c32be400f1415c62488bf023c07
:108eb0006060438c0463037c606043ac2c8380a3bc
:108ec0001400bf8f0800e0031800bd270800e0036e
:108ed000000000000800e00300000000c8ffbd27fc
:108ee0003400bfaf3000b7af2c00b6af2800b5af2d
:108ef0002400b4af2000b3af1c00b2af1800b1af74
:108f00001400b0afffff0224768282a7ffffb330c8
:108f10000f00752620ae157cffff9130120036261b
:108f200020b6167c2d00742620a6147c2026047cf6
:108f30002128a0022130c0024f08410f21388002b1
:108f40002a0032262096127c0500772620be177c48
:108f50002120c0022128a00221304002e5b7400fa5
:108f60002138e002370070262086107c2120c002c4
:108f70002128800221304002e5b7400f213800024d
:108f8000212040022128e00221304002e5b7400fb5
:108f90002138000214002426140065262400262609
:108fa000280067262026047c202e057c2036067c9f
:108fb0004f08410f203e077c00f80224768282a7ea
:108fc000370032262096127c500030262086107cf6
:108fd000212040022128a00221300002e5b7400fe5
:108fe0002138800221204002212880022130000205
:108ff000e5b7400f2138a002380032262096127cb7
:10900000510030262086107c212040022128a00219
:1090100021300002e5b7400f2138800221204002b4
:109020002128800221300002e5b7400f2138a0023c
:109030003400bf8f3000b78f2c00b68f2800b58f5b
:109040002400b48f2000b38f1c00b28f1800b18fa2
:109050001400b08f0800e0033800bd27d0ffbd2703
:109060002c00bfaf2800b0af1a8383970100022401
:10907000890062142c00bf8f4283828768004010f1
:1090800001000224788182af9082908f212000021b
:10909000cb2e410f8081858f059d033ca415648ce8
:1090a000c630410f2128400006004104d682829339
:1090b000808190afd68282930100422cd68282a317
:1090c000d68282933480838f26004350d682829347
:1090d0001c004010348082af00f80224768282a700
:1090e0000a000424900105248b0106244f08410f37
:1090f000df010724ffff0224768282a7049d043c3f
:1091000068bd400fe02584240c000424a40105243c
:10911000059d063c32be400f2015c624049d043c2c
:1091200068bd400f00d0842466010424a8010524f2
:10913000059d063c32be400f3415c62459e4400b51
:10914000d682829342000224768282a70a000424f7
:10915000900105248b0106244f08410fdf010724ed
:10916000d68282930a00401088bf023c7c81828fa5
:109170000700401488bf023c6060438c0100042457
:109180000463837c606043ac68e4400b8481828f1d
:109190006060438c0463037c606043ac8481828f95
:1091a00016004014db0102241000a2af06000224c6
:1091b0001400a2af004002241800a2af1c00a0af10
:1091c0002000a0afc482828f2400a2af1f0004241d
:1091d0001c02052490010624ab2a410f8a020724b1
:1091e00005004014010002244e1a410f2120000006
:1091f0007ce4400b00000000848182afff00022469
:109200001000a2af2e02042496010524ff000624bc
:10921000b7e3400fff000724a6e4400b2c00bf8fec
:10922000788180af7c8180afd68280a3ffff02244b
:10923000348082af88bf023c6060438c0463037c4f
:10924000606043ac42000224768282a70a000424b4
:10925000900105248b0106244f08410fdf010724ec
:109260008481828f0c0040102c00bf8f0d25410f90
:109270001f000424848180af42000224768282a7ea
:109280001c020424900105248a0206244f08410f81
:10929000db0107242c00bf8f2800b08f0800e003fb
:1092a0003000bd27e0ffbd271c00bfaf7cde400fb4
:1092b0001800b0af00e3400f0000000017e4400fbb
:1092c0000000000011de400f000000003dde400ff6
:1092d0000000000075dc400f00000000b0dc400f13
:1092e00000000000ca818287a3004050108280a342
:1092f00088bf033c6060648c010002248473447c5a
:10930000606064ac6ddb400f708182af44808297f7
:109310000800422c290040106c81828f4480839782
:1093200080180300049d023c3c934224211043001a
:109330000000428c08004000000000005c93039d88
:109340006893039d7493039d8093039d8c93039d69
:109350009893039da493039db093039d050002245d
:10936000eee4400ba48182a70a000224eee4400b45
:10937000a48182a70f000224eee4400ba48182a7ff
:1093800014000224eee4400ba48182a719000224f9
:10939000eee4400ba48182a71e000224eee4400b01
:1093a000a48182a723000224eee4400ba48182a7bb
:1093b00028000224a48182a76c81828f4d00401472
:1093c00002828293b0818387a481828723186200fe
:1093d000c31703002618430023106200040042282c
:1093e00040004050108280a31082829309004014f4
:1093f0001482828fe6818287148282af8b30410f84
:109400009082848f008282a701000224108282a3ae
:109410001482828f0a000324022043706400032414
:109420001a008300f4016000123000000300c52818
:10943000030004240b308500e68183872120c200cd
:109440002a20830006008054148283af2310460034
:109450002a106200060040107481828f148283af4c
:109460008b30410f9082848f5ce5400b008282a795
:1094700018004014000000006130410f0082848712
:109480009082848fcb2e410f212840008b30410fda
:10949000212040002016027c2d0142285a00405411
:1094a000088280a7010002246c8182af44808387f8
:1094b000488083af448082a7028280a362da400f93
:1094c000108280a34de1400f0000000082e5400bb8
:1094d000088280a78b30410f9082848f5ce5400b1f
:1094e000008282a78b30410f9082848f5ce5400b15
:1094f000008282a705004014e6818287048282af41
:1095000001000224028282a3e68182870482838f83
:109510002a18430001006054048282af6e000324c5
:109520000482848f02208370640003241a00830065
:10953000f4016000121800002a106200320040504e
:10954000088280a76c8180af4880828f448082a788
:10955000108280a38b30410f9082848f008282a77b
:1095600062da400f148280af4de1400f000000002e
:1095700082e5400b088280a70882828701000324cd
:1095800011004310020003241d00431000000000de
:109590001e004014ca81828788bf023c6060438cf1
:1095a0008473037c606043ac708180af9082828f53
:1095b000f08282af4880828f448082a7010002241b
:1095c00082e5400b088282a79082848fcb2e410fc8
:1095d000f082858f059d033ccc15648cc630410f0d
:1095e000212840000900401cca8182876ddb400fa2
:1095f000000000000200022482e5400b088282a7de
:109600006ddb400f00000000ca81828728004010f7
:109610006881828f6c81828f250040146881828fdf
:10962000e68182870b004228210040146881828fe6
:109630009082908f6130410f0a828487212000023e
:10964000cb2e410f212840008b30410f21204000bc
:109650002016027c160040186881828f8b30410fe3
:10966000212000020a8282a76130410fb0818487e5
:1096700021204000059d023cd62f410fe815458c66
:1096800021204000059d023cd62f410ff015458c4e
:1096900021204000cd2e410f0c82858f0c8282af9d
:1096a0008b30410f21204000688182af6881828f1a
:1096b0004c80838f1d0043101a838497010003247c
:1096c0001b0083141c00bf8f4c8082af63080224f0
:1096d000768282a7010002241000a2afa500042414
:1096e000270105242c01062429bc400f77010724fb
:1096f00000a0103c48040426059d053c3815a5240f
:109700007548410f6881868fffff0224768282a709
:10971000029d043c68bd400fb8c88424b4000424f2
:109720002201052432be400f480406261c00bf8fcc
:0c9730001800b08f0800e0032000bd27e7
:020000040000fa
:020000041d03da
:10a000000000000000000000000000000000000050
:10a010000000000000000000000000000000000040
:10a020000000000000000000000000000000000030
:10a030000000000000000000000000000000000020
:10a040000000000000000000000000000000000010
:10a050000000000000000000000000000000000000
:10a0600000000000000000000000000000000000f0
:10a0700000000000000000000000000000000000e0
:10a0800000000000000000000000000000000000d0
:10a0900000000000000000000000000000000000c0
:10a0a00000000000000000000000000000000000b0
:10a0b00000000000000000000000000000000000a0
:10a0c0000000000000000000000000000000000090
:10a0d0000000000000000000000000000000000080
:10a0e0000000000000000000000000000000000070
:10a0f0000000000000000000000000000000000060
:10a10000000000000000000000000000000000004f
:10a11000000000000000000000000000000000003f
:10a12000000000000000000000000000000000002f
:10a13000000000000000000000000000000000001f
:10a14000000000000000000000000000000000000f
:10a1500000000000000000000000000000000000ff
:10a1600000000000000000000000000000000000ef
:10a1700000000000000000000000000000000000df
:10a1800000000000000000000000000000000000cf
:10a1900000000000000000000000000000000000bf
:10a1a00000000000000000000000000000000000af
:10a1b000000000000000000000000000000000009f
:10a1c000000000000000000000000000000000008f
:10a1d000000000000000000000000000000000007f
:10a1e000000000000000000000000000000000006f
:10a1f000000000000000000000000000000000005f
:10a20000000000000000000000000000000000004e
:10a21000000000000000000000000000000000003e
:10a22000000000000000000000000000000000002e
:10a23000000000000000000000000000000000001e
:10a24000000000000000000000000000000000000e
:10a2500000000000000000000000000000000000fe
:10a2600000000000000000000000000000000000ee
:10a2700000000000000000000000000000000000de
:10a2800000000000000000000000000000000000ce
:10a2900000000000000000000000000000000000be
:10a2a00000000000000000000000000000000000ae
:10a2b000000000000000000000000000000000009e
:10a2c000000000000000000000000000000000008e
:10a2d000000000000000000000000000000000007e
:10a2e000000000000000000000000000000000006e
:10a2f000000000000000000000000000000000005e
:10a30000000000000000000000000000000000004d
:10a31000000000000000000000000000000000003d
:10a32000000000000000000000000000000000002d
:10a33000000000000000000000000000000000001d
:10a34000000000000000000000000000000000000d
:10a3500000000000000000000000000000000000fd
:10a3600000000000000000000000000000000000ed
:10a3700000000000000000000000000000000000dd
:10a3800000000000000000000000000000000000cd
:10a3900000000000000000000000000000000000bd
:10a3a00000000000000000000000000000000000ad
:10a3b000000000000000000000000000000000009d
:10a3c000000000000000000000000000000000008d
:10a3d000000000000000000000000000000000007d
:10a3e000000000000000000000000000000000006d
:10a3f000000000000000000000000000000000005d
:10a40000000000000000000000000000000000004c
:10a41000000000000000000000000000000000003c
:10a42000000000000000000000000000000000002c
:10a43000000000000000000000000000000000001c
:10a44000000000000000000000000000000000000c
:10a4500000000000000000000000000000000000fc
:10a4600000000000000000000000000000000000ec
:10a4700000000000000000000000000000000000dc
:10a4800000000000000000000000000000000000cc
:10a4900000000000000000000000000000000000bc
:10a4a00000000000000000000000000000000000ac
:10a4b000000000000000000000000000000000009c
:10a4c000000000000000000000000000000000008c
:10a4d000000000000000000000000000000000007c
:10a4e000000000000000000000000000000000006c
:10a4f000000000000000000000000000000000005c
:10a50000000000000000000000000000000000004b
:10a51000000000000000000000000000000000003b
:10a52000000000000000000000000000000000002b
:10a53000000000000000000000000000000000001b
:10a54000000000000000000000000000000000000b
:10a5500000000000000000000000000000000000fb
:10a5600000000000000000000000000000000000eb
:10a5700000000000000000000000000000000000db
:10a5800000000000000000000000000000000000cb
:10a5900000000000000000000000000000000000bb
:10a5a00000000000000000000000000000000000ab
:10a5b000000000000000000000000000000000009b
:10a5c000000000000000000000000000000000008b
:10a5d000000000000000000000000000000000007b
:10a5e000000000000000000000000000000000006b
:10a5f000000000000000000000000000000000005b
:10a60000000000000000000000000000000000004a
:10a61000000000000000000000000000000000003a
:10a62000000000000000000000000000000000002a
:10a63000000000000000000000000000000000001a
:10a64000000000000000000000000000000000000a
:10a6500000000000000000000000000000000000fa
:10a6600000000000000000000000000000000000ea
:10a6700000000000000000000000000000000000da
:10a6800000000000000000000000000000000000ca
:10a6900000000000000000000000000000000000ba
:10a6a00000000000000000000000000000000000aa
:10a6b000000000000000000000000000000000009a
:10a6c000000000000000000000000000000000008a
:10a6d000000000000000000000000000000000007a
:10a6e000000000000000000000000000000000006a
:10a6f000000000000000000000000000000000005a
:10a700000000000000000000000000000000000049
:10a710000000000000000000000000000000000039
:10a720000000000000000000000000000000000029
:10a730000000000000000000000000000000000019
:10a740000000000000000000000000000000000009
:10a7500000000000000000000000000000000000f9
:10a7600000000000000000000000000000000000e9
:10a7700000000000000000000000000000000000d9
:10a7800000000000000000000000000000000000c9
:10a7900000000000000000000000000000000000b9
:10a7a00000000000000000000000000000000000a9
:10a7b0000000000000000000000000000000000099
:10a7c0000000000000000000000000000000000089
:10a7d0000000000000000000000000000000000079
:10a7e0000000000000000000000000000000000069
:10a7f0000000000000000000000000000000000059
:10a800000000000000000000000000000000000048
:10a810000000000000000000000000000000000038
:10a820000000000000000000000000000000000028
:10a830000000000000000000000000000000000018
:10a840000000000000000000000000000000000008
:10a8500000000000000000000000000000000000f8
:10a8600000000000000000000000000000000000e8
:10a8700000000000000000000000000000000000d8
:10a8800000000000000000000000000000000000c8
:10a8900000000000000000000000000000000000b8
:10a8a00000000000000000000000000000000000a8
:10a8b0000000000000000000000000000000000098
:10a8c0000000000000000000000000000000000088
:10a8d0000000000000000000000000000000000078
:10a8e0000000000000000000000000000000000068
:10a8f0000000000000000000000000000000000058
:10a900000000000000000000000000000000000047
:10a910000000000000000000000000000000000037
:10a920000000000000000000000000000000000027
:10a930000000000000000000000000000000000017
:10a940000000000000000000000000000000000007
:10a9500000000000000000000000000000000000f7
:10a9600000000000000000000000000000000000e7
:10a9700000000000000000000000000000000000d7
:10a9800000000000000000000000000000000000c7
:10a9900000000000000000000000000000000000b7
:10a9a00000000000000000000000000000000000a7
:10a9b0000000000000000000000000000000000097
:10a9c0000000000000000000000000000000000087
:10a9d0000000000000000000000000000000000077
:10a9e0000000000000000000000000000000000067
:10a9f0000000000000000000000000000000000057
:10aa00000000000000000000000000000000000046
:10aa10000000000000000000000000000000000036
:10aa20000000000000000000000000000000000026
:10aa30000000000000000000000000000000000016
:10aa40000000000000000000000000000000000006
:10aa500000000000000000000000000000000000f6
:10aa600000000000000000000000000000000000e6
:10aa700000000000000000000000000000000000d6
:10aa800000000000000000000000000000000000c6
:10aa900000000000000000000000000000000000b6
:10aaa00000000000000000000000000000000000a6
:10aab0000000000000000000000000000000000096
:10aac0000000000000000000000000000000000086
:10aad0000000000000000000000000000000000076
:10aae0000000000000000000000000000000000066
:10aaf0000000000000000000000000000000000056
:10ab00000000000000000000000000000000000045
:10ab10000000000000000000000000000000000035
:10ab20000000000000000000000000000000000025
:10ab30000000000000000000000000000000000015
:10ab40000000000000000000000000000000000005
:10ab500000000000000000000000000000000000f5
:10ab600000000000000000000000000000000000e5
:10ab700000000000000000000000000000000000d5
:10ab800000000000000000000000000000000000c5
:10ab900000000000000000000000000000000000b5
:10aba00000000000000000000000000000000000a5
:10abb0000000000000000000000000000000000095
:10abc0000000000000000000000000000000000085
:10abd0000000000000000000000000000000000075
:10abe0000000000000000000000000000000000065
:10abf0000000000000000000000000000000000055
:10ac00000000000000000000000000000000000044
:10ac10000000000000000000000000000000000034
:10ac20000000000000000000000000000000000024
:10ac30000000000000000000000000000000000014
:10ac40000000000000000000000000000000000004
:10ac500000000000000000000000000000000000f4
:10ac600000000000000000000000000000000000e4
:10ac700000000000000000000000000000000000d4
:10ac800000000000000000000000000000000000c4
:10ac900000000000000000000000000000000000b4
:10aca00000000000000000000000000000000000a4
:10acb0000000000000000000000000000000000094
:10acc0000000000000000000000000000000000084
:10acd0000000000000000000000000000000000074
:10ace0000000000000000000000000000000000064
:10acf0000000000000000000000000000000000054
:10ad00000000000000000000000000000000000043
:10ad10000000000000000000000000000000000033
:10ad20000000000000000000000000000000000023
:10ad30000000000000000000000000000000000013
:10ad40000000000000000000000000000000000003
:10ad500000000000000000000000000000000000f3
:10ad600000000000000000000000000000000000e3
:10ad700000000000000000000000000000000000d3
:10ad800000000000000000000000000000000000c3
:10ad900000000000000000000000000000000000b3
:10ada00000000000000000000000000000000000a3
:10adb0000000000000000000000000000000000093
:10adc0000000000000000000000000000000000083
:10add0000000000000000000000000000000000073
:10ade0000000000000000000000000000000000063
:10adf0000000000000000000000000000000000053
:10ae00000000000000000000000000000000000042
:10ae10000000000000000000000000000000000032
:10ae20000000000000000000000000000000000022
:10ae30000000000000000000000000000000000012
:10ae40000000000000000000000000000000000002
:10ae500000000000000000000000000000000000f2
:10ae600000000000000000000000000000000000e2
:10ae700000000000000000000000000000000000d2
:10ae800000000000000000000000000000000000c2
:10ae900000000000000000000000000000000000b2
:10aea00000000000000000000000000000000000a2
:10aeb0000000000000000000000000000000000092
:10aec0000000000000000000000000000000000082
:10aed0000000000000000000000000000000000072
:10aee0000000000000000000000000000000000062
:10aef0000000000000000000000000000000000052
:10af00000000000000000000000000000000000041
:10af10000000000000000000000000000000000031
:10af20000000000000000000000000000000000021
:10af30000000000000000000000000000000000011
:10af40000000000000000000000000000000000001
:10af500000000000000000000000000000000000f1
:10af600000000000000000000000000000000000e1
:10af700000000000000000000000000000000000d1
:10af800000000000000000000000000000000000c1
:10af900000000000000000000000000000000000b1
:10afa00000000000000000000000000000000000a1
:10afb0000000000000000000000000000000000091
:10afc0000000000000000000000000000000000081
:10afd0000000000000000000000000000000000071
:10afe0000000000000000000000000000000000061
:10aff0000000000000000000000000000000000051
:10b000000000000000000000000000000000000040
:10b010000000000000000000000000000000000030
:10b020000000000000000000000000000000000020
:10b030000000000000000000000000000000000010
:10b040000000000000000000000000000000000000
:10b0500000000000000000000000000000000000f0
:10b0600000000000000000000000000000000000e0
:10b0700000000000000000000000000000000000d0
:10b0800000000000000000000000000000000000c0
:10b0900000000000000000000000000000000000b0
:10b0a00000000000000000000000000000000000a0
:10b0b0000000000000000000000000000000000090
:10b0c0000000000000000000000000000000000080
:10b0d0000000000000000000000000000000000070
:10b0e0000000000000000000000000000000000060
:10b0f0000000000000000000000000000000000050
:10b10000000000000000000000000000000000003f
:10b11000000000000000000000000000000000002f
:10b12000000000000000000000000000000000001f
:10b13000000000000000000000000000000000000f
:10b1400000000000000000000000000000000000ff
:10b1500000000000000000000000000000000000ef
:10b1600000000000000000000000000000000000df
:10b1700000000000000000000000000000000000cf
:10b1800000000000000000000000000000000000bf
:10b1900000000000000000000000000000000000af
:10b1a000000000000000000000000000000000009f
:10b1b000000000000000000000000000000000008f
:10b1c000000000000000000000000000000000007f
:10b1d000000000000000000000000000000000006f
:10b1e000000000000000000000000000000000005f
:10b1f000000000000000000000000000000000004f
:10b20000000000000000000000000000000000003e
:10b21000000000000000000000000000000000002e
:10b22000000000000000000000000000000000001e
:10b23000000000000000000000000000000000000e
:10b2400000000000000000000000000000000000fe
:10b2500000000000000000000000000000000000ee
:10b2600000000000000000000000000000000000de
:10b2700000000000000000000000000000000000ce
:10b2800000000000000000000000000000000000be
:10b2900000000000000000000000000000000000ae
:10b2a000000000000000000000000000000000009e
:10b2b000000000000000000000000000000000008e
:10b2c000000000000000000000000000000000007e
:10b2d000000000000000000000000000000000006e
:10b2e000000000000000000000000000000000005e
:10b2f000000000000000000000000000000000004e
:10b30000000000000000000000000000000000003d
:10b31000000000000000000000000000000000002d
:10b32000000000000000000000000000000000001d
:10b33000000000000000000000000000000000000d
:10b3400000000000000000000000000000000000fd
:10b3500000000000000000000000000000000000ed
:10b3600000000000000000000000000000000000dd
:10b3700000000000000000000000000000000000cd
:10b3800000000000000000000000000000000000bd
:10b3900000000000000000000000000000000000ad
:10b3a000000000000000000000000000000000009d
:10b3b000000000000000000000000000000000008d
:10b3c000000000000000000000000000000000007d
:10b3d000000000000000000000000000000000006d
:10b3e000000000000000000000000000000000005d
:10b3f000000000000000000000000000000000004d
:10b40000000000000000000000000000000000003c
:10b41000000000000000000000000000000000002c
:10b42000000000000000000000000000000000001c
:10b43000000000000000000000000000000000000c
:10b4400000000000000000000000000000000000fc
:10b4500000000000000000000000000000000000ec
:10b4600000000000000000000000000000000000dc
:10b4700000000000000000000000000000000000cc
:10b4800000000000000000000000000000000000bc
:10b4900000000000000000000000000000000000ac
:10b4a000000000000000000000000000000000009c
:10b4b000000000000000000000000000000000008c
:10b4c000000000000000000000000000000000007c
:10b4d000000000000000000000000000000000006c
:10b4e000000000000000000000000000000000005c
:10b4f000000000000000000000000000000000004c
:10b50000000000000000000000000000000000003b
:10b51000000000000000000000000000000000002b
:10b52000000000000000000000000000000000001b
:10b53000000000000000000000000000000000000b
:10b5400000000000000000000000000000000000fb
:10b5500000000000000000000000000000000000eb
:10b5600000000000000000000000000000000000db
:10b5700000000000000000000000000000000000cb
:10b5800000000000000000000000000000000000bb
:10b5900000000000000000000000000000000000ab
:10b5a000000000000000000000000000000000009b
:10b5b000000000000000000000000000000000008b
:10b5c000000000000000000000000000000000007b
:10b5d000000000000000000000000000000000006b
:10b5e000000000000000000000000000000000005b
:10b5f000000000000000000000000000000000004b
:10b60000000000000000000000000000000000003a
:10b61000000000000000000000000000000000002a
:10b62000000000000000000000000000000000001a
:10b63000000000000000000000000000000000000a
:10b6400000000000000000000000000000000000fa
:10b6500000000000000000000000000000000000ea
:10b6600000000000000000000000000000000000da
:10b6700000000000000000000000000000000000ca
:10b6800000000000000000000000000000000000ba
:10b6900000000000000000000000000000000000aa
:10b6a000000000000000000000000000000000009a
:10b6b000000000000000000000000000000000008a
:10b6c000000000000000000000000000000000007a
:10b6d000000000000000000000000000000000006a
:10b6e000000000000000000000000000000000005a
:10b6f000000000000000000000000000000000004a
:10b700000000000000000000000000000000000039
:10b710000000000000000000000000000000000029
:10b720000000000000000000000000000000000019
:10b730000000000000000000000000000000000009
:10b7400000000000000000000000000000000000f9
:10b7500000000000000000000000000000000000e9
:10b7600000000000000000000000000000000000d9
:10b7700000000000000000000000000000000000c9
:10b7800000000000000000000000000000000000b9
:10b7900000000000000000000000000000000000a9
:10b7a0000000000000000000000000000000000099
:10b7b0000000000000000000000000000000000089
:10b7c0000000000000000000000000000000000079
:10b7d0000000000000000000000000000000000069
:10b7e0000000000000000000000000000000000059
:10b7f0000000000000000000000000000000000049
:10b800000000000000000000000000000000000038
:10b810000000000000000000000000000000000028
:10b820000000000000000000000000000000000018
:10b830000000000000000000000000000000000008
:10b8400000000000000000000000000000000000f8
:10b8500000000000000000000000000000000000e8
:10b8600000000000000000000000000000000000d8
:10b8700000000000000000000000000000000000c8
:10b8800000000000000000000000000000000000b8
:10b8900000000000000000000000000000000000a8
:10b8a0000000000000000000000000000000000098
:10b8b0000000000000000000000000000000000088
:10b8c0000000000000000000000000000000000078
:10b8d0000000000000000000000000000000000068
:10b8e0000000000000000000000000000000000058
:10b8f0000000000000000000000000000000000048
:10b900000000000000000000000000000000000037
:10b910000000000000000000000000000000000027
:10b920000000000000000000000000000000000017
:10b930000000000000000000000000000000000007
:10b9400000000000000000000000000000000000f7
:10b9500000000000000000000000000000000000e7
:10b9600000000000000000000000000000000000d7
:10b9700000000000000000000000000000000000c7
:10b9800000000000000000000000000000000000b7
:10b9900000000000000000000000000000000000a7
:10b9a0000000000000000000000000000000000097
:10b9b0000000000000000000000000000000000087
:10b9c0000000000000000000000000000000000077
:10b9d0000000000000000000000000000000000067
:10b9e0000000000000000000000000000000000057
:10b9f0000000000000000000000000000000000047
:10ba00000000000000000000000000000000000036
:10ba10000000000000000000000000000000000026
:10ba20000000000000000000000000000000000016
:10ba30000000000000000000000000000000000006
:10ba400000000000000000000000000000000000f6
:10ba500000000000000000000000000000000000e6
:10ba600000000000000000000000000000000000d6
:10ba700000000000000000000000000000000000c6
:10ba800000000000000000000000000000000000b6
:10ba900000000000000000000000000000000000a6
:10baa0000000000000000000000000000000000096
:10bab0000000000000000000000000000000000086
:10bac0000000000000000000000000000000000076
:10bad0000000000000000000000000000000000066
:10bae0000000000000000000000000000000000056
:10baf0000000000000000000000000000000000046
:10bb00000000000000000000000000000000000035
:10bb10000000000000000000000000000000000025
:10bb20000000000000000000000000000000000015
:10bb30000000000000000000000000000000000005
:10bb400000000000000000000000000000000000f5
:10bb500000000000000000000000000000000000e5
:10bb600000000000000000000000000000000000d5
:10bb700000000000000000000000000000000000c5
:10bb800000000000000000000000000000000000b5
:10bb900000000000000000000000000000000000a5
:10bba0000000000000000000000000000000000095
:10bbb0000000000000000000000000000000000085
:10bbc0000000000000000000000000000000000075
:10bbd0000000000000000000000000000000000065
:10bbe0000000000000000000000000000000000055
:10bbf0000000000000000000000000000000000045
:10bc00000000000000000000000000000000000034
:10bc10000000000000000000000000000000000024
:10bc20000000000000000000000000000000000014
:10bc30000000000000000000000000000000000004
:10bc400000000000000000000000000000000000f4
:10bc500000000000000000000000000000000000e4
:10bc600000000000000000000000000000000000d4
:10bc700000000000000000000000000000000000c4
:10bc800000000000000000000000000000000000b4
:10bc900000000000000000000000000000000000a4
:10bca0000000000000000000000000000000000094
:10bcb0000000000000000000000000000000000084
:10bcc0000000000000000000000000000000000074
:10bcd0000000000000000000000000000000000064
:10bce0000000000000000000000000000000000054
:10bcf0000000000000000000000000000000000044
:10bd00000000000000000000000000000000000033
:10bd10000000000000000000000000000000000023
:10bd20000000000000000000000000000000000013
:10bd30000000000000000000000000000000000003
:10bd400000000000000000000000000000000000f3
:10bd500000000000000000000000000000000000e3
:10bd600000000000000000000000000000000000d3
:10bd700000000000000000000000000000000000c3
:10bd800000000000000000000000000000000000b3
:10bd900000000000000000000000000000000000a3
:10bda0000000000000000000000000000000000093
:10bdb0000000000000000000000000000000000083
:10bdc0000000000000000000000000000000000073
:10bdd0000000000000000000000000000000000063
:10bde0000000000000000000000000000000000053
:10bdf0000000000000000000000000000000000043
:10be00000000000000000000000000000000000032
:10be10000000000000000000000000000000000022
:10be20000000000000000000000000000000000012
:10be30000000000000000000000000000000000002
:10be400000000000000000000000000000000000f2
:10be500000000000000000000000000000000000e2
:10be600000000000000000000000000000000000d2
:10be700000000000000000000000000000000000c2
:10be800000000000000000000000000000000000b2
:10be900000000000000000000000000000000000a2
:10bea0000000000000000000000000000000000092
:10beb0000000000000000000000000000000000082
:10bec0000000000000000000000000000000000072
:10bed0000000000000000000000000000000000062
:10bee0000000000000000000000000000000000052
:10bef0000000000000000000000000000000000042
:10bf00000000000000000000000000000000000031
:10bf10000000000000000000000000000000000021
:10bf20000000000000000000000000000000000011
:10bf30000000000000000000000000000000000001
:10bf400000000000000000000000000000000000f1
:10bf500000000000000000000000000000000000e1
:10bf600000000000000000000000000000000000d1
:10bf700000000000000000000000000000000000c1
:10bf800000000000000000000000000000000000b1
:10bf900000000000000000000000000000000000a1
:10bfa0000000000000000000000000000000000091
:10bfb0000000000000000000000000000000000081
:10bfc0000000000000000000000000000000000071
:10bfd0000000000000000000000000000000000061
:10bfe0000000000000000000000000000000000051
:10bff0000000000000000000000000000000000041
:10c000000000000000000000000000000000000030
:10c010000000000000000000000000000000000020
:10c020000000000000000000000000000000000010
:10c030000000000000000000000000000000000000
:10c0400000000000000000000000000000000000f0
:10c0500000000000000000000000000000000000e0
:10c0600000000000000000000000000000000000d0
:10c0700000000000000000000000000000000000c0
:10c0800000000000000000000000000000000000b0
:10c0900000000000000000000000000000000000a0
:10c0a0000000000000000000000000000000000090
:10c0b0000000000000000000000000000000000080
:10c0c0000000000000000000000000000000000070
:10c0d0000000000000000000000000000000000060
:10c0e0000000000000000000000000000000000050
:10c0f0000000000000000000000000000000000040
:10c10000000000000000000000000000000000002f
:10c11000000000000000000000000000000000001f
:10c12000000000000000000000000000000000000f
:10c1300000000000000000000000000000000000ff
:10c1400000000000000000000000000000000000ef
:10c1500000000000000000000000000000000000df
:10c1600000000000000000000000000000000000cf
:10c1700000000000000000000000000000000000bf
:10c1800000000000000000000000000000000000af
:10c19000000000000000000000000000000000009f
:10c1a000000000000000000000000000000000008f
:10c1b000000000000000000000000000000000007f
:10c1c000000000000000000000000000000000006f
:10c1d000000000000000000000000000000000005f
:10c1e000000000000000000000000000000000004f
:10c1f000000000000000000000000000000000003f
:10c20000000000000000000000000000000000002e
:10c21000000000000000000000000000000000001e
:10c22000000000000000000000000000000000000e
:10c2300000000000000000000000000000000000fe
:10c2400000000000000000000000000000000000ee
:10c2500000000000000000000000000000000000de
:10c2600000000000000000000000000000000000ce
:10c2700000000000000000000000000000000000be
:10c2800000000000000000000000000000000000ae
:10c29000000000000000000000000000000000009e
:10c2a000000000000000000000000000000000008e
:10c2b000000000000000000000000000000000007e
:10c2c000000000000000000000000000000000006e
:10c2d000000000000000000000000000000000005e
:10c2e000000000000000000000000000000000004e
:10c2f000000000000000000000000000000000003e
:10c30000000000000000000000000000000000002d
:10c31000000000000000000000000000000000001d
:10c32000000000000000000000000000000000000d
:10c3300000000000000000000000000000000000fd
:10c3400000000000000000000000000000000000ed
:10c3500000000000000000000000000000000000dd
:10c3600000000000000000000000000000000000cd
:10c3700000000000000000000000000000000000bd
:10c3800000000000000000000000000000000000ad
:10c39000000000000000000000000000000000009d
:10c3a000000000000000000000000000000000008d
:10c3b000000000000000000000000000000000007d
:10c3c000000000000000000000000000000000006d
:10c3d000000000000000000000000000000000005d
:10c3e000000000000000000000000000000000004d
:10c3f000000000000000000000000000000000003d
:10c40000000000000000000000000000000000002c
:10c41000000000000000000000000000000000001c
:10c42000000000000000000000000000000000000c
:10c4300000000000000000000000000000000000fc
:10c4400000000000000000000000000000000000ec
:10c4500000000000000000000000000000000000dc
:10c4600000000000000000000000000000000000cc
:10c4700000000000000000000000000000000000bc
:10c4800000000000000000000000000000000000ac
:10c49000000000000000000000000000000000009c
:10c4a000000000000000000000000000000000008c
:10c4b000000000000000000000000000000000007c
:10c4c000000000000000000000000000000000006c
:10c4d000000000000000000000000000000000005c
:10c4e000000000000000000000000000000000004c
:10c4f000000000000000000000000000000000003c
:10c50000000000000000000000000000000000002b
:10c51000000000000000000000000000000000001b
:10c52000000000000000000000000000000000000b
:10c5300000000000000000000000000000000000fb
:10c5400000000000000000000000000000000000eb
:10c5500000000000000000000000000000000000db
:10c5600000000000000000000000000000000000cb
:10c5700000000000000000000000000000000000bb
:10c5800000000000000000000000000000000000ab
:10c59000000000000000000000000000000000009b
:10c5a000000000000000000000000000000000008b
:10c5b000000000000000000000000000000000007b
:10c5c000000000000000000000000000000000006b
:10c5d000000000000000000000000000000000005b
:10c5e000000000000000000000000000000000004b
:10c5f000000000000000000000000000000000003b
:10c60000000000000000000000000000000000002a
:10c61000000000000000000000000000000000001a
:10c62000000000000000000000000000000000000a
:10c6300000000000000000000000000000000000fa
:10c6400000000000000000000000000000000000ea
:10c6500000000000000000000000000000000000da
:10c6600000000000000000000000000000000000ca
:10c6700000000000000000000000000000000000ba
:10c6800000000000000000000000000000000000aa
:10c69000000000000000000000000000000000009a
:10c6a000000000000000000000000000000000008a
:10c6b000000000000000000000000000000000007a
:10c6c000000000000000000000000000000000006a
:10c6d000000000000000000000000000000000005a
:10c6e000000000000000000000000000000000004a
:10c6f000000000000000000000000000000000003a
:10c700000000000000000000000000000000000029
:10c710000000000000000000000000000000000019
:10c720000000000000000000000000000000000009
:10c7300000000000000000000000000000000000f9
:10c7400000000000000000000000000000000000e9
:10c7500000000000000000000000000000000000d9
:10c7600000000000000000000000000000000000c9
:10c7700000000000000000000000000000000000b9
:10c7800000000000000000000000000000000000a9
:10c790000000000000000000000000000000000099
:10c7a0000000000000000000000000000000000089
:10c7b0000000000000000000000000000000000079
:10c7c0000000000000000000000000000000000069
:10c7d0000000000000000000000000000000000059
:10c7e0000000000000000000000000000000000049
:10c7f0000000000000000000000000000000000039
:10c800000000000000000000000000000000000028
:10c810000000000000000000000000000000000018
:10c820000000000000000000000000000000000008
:10c8300000000000000000000000000000000000f8
:10c8400000000000000000000000000000000000e8
:10c8500000000000000000000000000000000000d8
:10c8600000000000000000000000000000000000c8
:10c8700000000000000000000000000000000000b8
:10c8800000000000000000000000000000000000a8
:10c890000000000000000000000000000000000098
:10c8a0000000000000000000000000000000000088
:10c8b0000000000000000000000000000000000078
:10c8c0000000000000000000000000000000000068
:10c8d0000000000000000000000000000000000058
:10c8e0000000000000000000000000000000000048
:10c8f0000000000000000000000000000000000038
:10c900000000000000000000000000000000000027
:10c910000000000000000000000000000000000017
:10c920000000000000000000000000000000000007
:10c9300000000000000000000000000000000000f7
:10c9400000000000000000000000000000000000e7
:10c9500000000000000000000000000000000000d7
:10c9600000000000000000000000000000000000c7
:10c9700000000000000000000000000000000000b7
:10c9800000000000000000000000000000000000a7
:10c990000000000000000000000000000000000097
:10c9a0000000000000000000000000000000000087
:10c9b0000000000000000000000000000000000077
:10c9c0000000000000000000000000000000000067
:10c9d0000000000000000000000000000000000057
:10c9e0000000000000000000000000000000000047
:10c9f0000000000000000000000000000000000037
:10ca00000000000000000000000000000000000026
:10ca10000000000000000000000000000000000016
:10ca20000000000000000000000000000000000006
:10ca300000000000000000000000000000000000f6
:10ca400000000000000000000000000000000000e6
:10ca500000000000000000000000000000000000d6
:10ca600000000000000000000000000000000000c6
:10ca700000000000000000000000000000000000b6
:10ca800000000000000000000000000000000000a6
:10ca90000000000000000000000000000000000096
:10caa0000000000000000000000000000000000086
:10cab0000000000000000000000000000000000076
:10cac0000000000000000000000000000000000066
:10cad0000000000000000000000000000000000056
:10cae0000000000000000000000000000000000046
:10caf0000000000000000000000000000000000036
:10cb00000000000000000000000000000000000025
:10cb10000000000000000000000000000000000015
:10cb20000000000000000000000000000000000005
:10cb300000000000000000000000000000000000f5
:10cb400000000000000000000000000000000000e5
:10cb500000000000000000000000000000000000d5
:10cb600000000000000000000000000000000000c5
:10cb700000000000000000000000000000000000b5
:10cb800000000000000000000000000000000000a5
:10cb90000000000000000000000000000000000095
:10cba0000000000000000000000000000000000085
:10cbb0000000000000000000000000000000000075
:10cbc0000000000000000000000000000000000065
:10cbd0000000000000000000000000000000000055
:10cbe0000000000000000000000000000000000045
:10cbf0000000000000000000000000000000000035
:10cc00000000000000000000000000000000000024
:10cc10000000000000000000000000000000000014
:10cc20000000000000000000000000000000000004
:10cc300000000000000000000000000000000000f4
:10cc400000000000000000000000000000000000e4
:10cc500000000000000000000000000000000000d4
:10cc600000000000000000000000000000000000c4
:10cc700000000000000000000000000000000000b4
:10cc800000000000000000000000000000000000a4
:10cc90000000000000000000000000000000000094
:10cca0000000000000000000000000000000000084
:10ccb0000000000000000000000000000000000074
:10ccc0000000000000000000000000000000000064
:10ccd0000000000000000000000000000000000054
:10cce0000000000000000000000000000000000044
:10ccf0000000000000000000000000000000000034
:10cd00000000000000000000000000000000000023
:10cd10000000000000000000000000000000000013
:10cd20000000000000000000000000000000000003
:10cd300000000000000000000000000000000000f3
:10cd400000000000000000000000000000000000e3
:10cd500000000000000000000000000000000000d3
:10cd600000000000000000000000000000000000c3
:10cd700000000000000000000000000000000000b3
:10cd800000000000000000000000000000000000a3
:10cd90000000000000000000000000000000000093
:10cda0000000000000000000000000000000000083
:10cdb0000000000000000000000000000000000073
:10cdc0000000000000000000000000000000000063
:10cdd0000000000000000000000000000000000053
:10cde0000000000000000000000000000000000043
:10cdf0000000000000000000000000000000000033
:10ce00000000000000000000000000000000000022
:10ce10000000000000000000000000000000000012
:10ce20000000000000000000000000000000000002
:10ce300000000000000000000000000000000000f2
:10ce400000000000000000000000000000000000e2
:10ce500000000000000000000000000000000000d2
:10ce600000000000000000000000000000000000c2
:10ce700000000000000000000000000000000000b2
:10ce800000000000000000000000000000000000a2
:10ce90000000000000000000000000000000000092
:10cea0000000000000000000000000000000000082
:10ceb0000000000000000000000000000000000072
:10cec0000000000000000000000000000000000062
:10ced0000000000000000000000000000000000052
:10cee0000000000000000000000000000000000042
:10cef0000000000000000000000000000000000032
:10cf00000000000000000000000000000000000021
:10cf10000000000000000000000000000000000011
:10cf20000000000000000000000000000000000001
:10cf300000000000000000000000000000000000f1
:10cf400000000000000000000000000000000000e1
:10cf500000000000000000000000000000000000d1
:10cf600000000000000000000000000000000000c1
:10cf700000000000000000000000000000000000b1
:10cf800000000000000000000000000000000000a1
:10cf90000000000000000000000000000000000091
:10cfa0000000000000000000000000000000000081
:10cfb0000000000000000000000000000000000071
:10cfc0000000000000000000000000000000000061
:10cfd0000000000000000000000000000000000051
:10cfe0000000000000000000000000000000000041
:10cff0000000000000000000000000000000000031
:10d000000000000008d0039d000020007f002300e6
:10d010000788010008ab01000dce01000e140200cc
:10d020000e5a020015a00200140903000872030042
:10d030000a9503000adb03000d2104000c670400bd
:10d0400007ad04000ad00400071605000e390500dc
:10d050000e7f05000ec505000e0b06000e510600e2
:10d060000e9706000edd06000e2307000e6907006e
:10d070000eaf07000ef50700073b0800075e08002b
:10d080000d8108000dc708000d0d09000d530900a2
:10d090001899090012020a00106b0a0010b10a0068
:10d0a00012f70a000f600b000ea60b0011ec0b002c
:10d0b00014550c0009be0c0009040d00114a0d00a6
:10d0c0000eb30d0018f90d0013620e0012cb0e0006
:10d0d00010340f00127a0f0011e30f000e4c1000f5
:10d0e0001192100014fb1000136411001acd1100ee
:10d0f0001259120012c21200102b130009711300f2
:10d100000eb7130009fd13000f4314000e8914001d
:10d110000acf14000e1515000f5b15000da11500a8
:10d1200010e715000e2d1600097316000eb9160033
:10d1300011ff160008681700088b17000fae1700c4
:10d1400008f4170017171800118018000fe91800cd
:10d15000102f19000f7519000cbb19000c011a00d3
:10d160000a471a00108d1a000fd31a0015191b0058
:10d170000f821b000fc81b000d0e1c000a541c0060
:10d18000079a1c000abd1c000f031d0007491d0063
:10d19000000000000000000000000000000000008f
:10d1a000000000000000000000000000000000007f
:10d1b000000000000000003018181818181818187f
:10d1c00018181818181818080000181c1c0c000053
:10d1d0000000000000000000000000000000180334
:10d1e0001c031c031803180318031803180318035f
:10d1f0001803000000000000000000000000000014
:10d20000000000000000000000000000000000001e
:10d21000000000000000000000000000000000000e
:10d2200000000000000000000000000080198018cd
:10d23000c008c00cf83f60046006200620063002db
:10d24000fe1f10031801980188018c0000000000e7
:10d2500000000000000000000000000000000000ce
:10d260000000000000000000000000000000c000fe
:10d27000c000f007cc0fc40ec604c600de00fe00de
:10d28000fc00f003c00fc00fc01cc018c018c218ab
:10d29000c608ce06fc03c000c000c00000000000ad
:10d2a000000000000000000000000000000000007e
:10d2b000000000000000000000000000000000006e
:10d2c000780003cc800184c10086c100866100869d
:10d2d0003100863900861800cc0c0078c603003671
:10d2e0000600130c80190cc0190cc0180c6018042f
:10d2f00030300630e001180000000000000000009f
:10d30000000000000000000000000000000000001d
:10d31000000000000000000000000000000000000d
:10d32000000f00c01c00401800601800601800606a
:10d330001c00600c00e00700c00300c00100f0f119
:10d3400007d8e902ccc3008cc70006cf00065e00f8
:10d35000065e00063c000cf80018ec07f0830300a2
:10d3600000000000000000000000000000000000bd
:10d370000000000000000000000000000000181c79
:10d380001c181818181818180000000000000000d9
:10d39000000000000000000000000000000000008d
:10d3a0000000008001c00060002000300010001864
:10d3b00000180018000c000c000c000c000c000cf5
:10d3c000000c000c000c000c001c001800180018c9
:10d3d00000300030006000c000800100000000004c
:10d3e00000000000000000000006000c00180030e3
:10d3f000003000600060006000e000c000c000c0bd
:10d4000000c000c000c000c000c000c000c000607c
:10d41000006000600020003000100018000c0006c2
:10d42000000000000000000000000000000000c03c
:10d4300000c000c000460c5e0ef803c000f0035ea2
:10d440000e460cc000c000400000000000000000bc
:10d4500000000000000000000000000000000000cc
:10d4600000000000000000000000000000000000bc
:10d4700000000000000000000000000000000000ac
:10d48000000000000000000000600060006000601c
:10d4900000fe0760006000600060006000000000a7
:10d4a000000000000000000000000000000000007c
:10d4b000000000000000000000000000000000006c
:10d4c0000000000000000000000000081e181818ee
:10d4d000080c060000000000000000000000000032
:10d4e000000000000000000000000000000000003c
:10d4f000000000000000000000000000fe0100002d
:10d50000000000000000000000000000000000001b
:10d51000000000000000000000000000000000000b
:10d5200000000000000000000000000000000000fb
:10d530000000000000181c1c0c000000000000008f
:10d540000000000000000000180018000c000c0093
:10d550000c0006000600070003000380018001c0e4
:10d5600001c000c000e00060006000300030003802
:10d5700000180018001c000c000c0006000600003b
:10d58000000000000000000000000000000000009b
:10d5900000000000000000e001100708060c0c0469
:10d5a0000c06180618061806180618061806180697
:10d5b000180c080c0c18043802e0010000000000f0
:10d5c000000000000000000000000000000000005b
:10d5d000000000000000000000000000000001e06a
:10d5e00001f80180018001800180018001800180bb
:10d5f00001800180018001800180018001c003f869
:10d600001f000000000000000000000000000000fb
:10d61000000000000000000000000000000000000a
:10d62000000000e0033006180c0c0c040c000c0089
:10d630000e0006000300038001c000e0007000300f
:10d640000818080c08fc0f00000000000000000093
:10d6500000000000000000000000000000000000ca
:10d66000000000000000000000f00118030c060c90
:10d6700006000600060003c000e0030007000e00dd
:10d680000c000c000c000c02060603f80100000060
:10d69000000000000000000000000000000000008a
:10d6a000000000000000000000000000000000007a
:10d6b00004000700078007c00640066006300630f9
:10d6c00006180608060c06fe1f00060006000600e7
:10d6d00006c01f0000000000000000000000000065
:10d6e000000000000000000000000000000000003a
:10d6f00000000000000008f80718000800080008f3
:10d70000000c00fc010c070006000c000c000c00d3
:10d710000c000c02060e03f80100000000000000df
:10d7200000000000000000000000000000000000f9
:10d730000000000000000000000000000e8003e078
:10d74000007000300018001800cc033c0e0c0c0ccc
:10d75000180c180c180c18180818083004e00300ee
:10d7600000000000000000000000000000000000b9
:10d7700000000000000000000000000000000000a9
:10d78000000000fc1f0418040c000c00060006003a
:10d79000030003800180018001c000c000600070b0
:10d7a0000030001800000000000000000000000031
:10d7b0000000000000000000000000000000000069
:10d7c00000000000000000e0031806080c0c0c0c20
:10d7d0000c1c0c7806f003c007b00f181e0c1c0cb4
:10d7e000180c180c181c083804e003000000000096
:10d7f0000000000000000000000000000000000029
:10d8000000000000000000000000000000e003181d
:10d81000060c0c040c06180618061806180c1c1c1e
:10d820001ef0190018000c000c000600078003e031
:10d8300000380000000000000000000000000000b0
:10d8400000000000000000000000000000000018c0
:10d850001c1c0c00000000000000181c1c0c000028
:10d8600000000000000000000000000000000000b8
:10d870000000181c1c0c000000000000081e1818f6
:10d8800018080c0600000000000000000000000066
:10d890000000000000000000000000000000000088
:10d8a0000000000008000fe0037c000e003e00f0c6
:10d8b00001800f000c0000000000000000000000cc
:10d8c0000000000000000000000000000000000058
:10d8d0000000000000000000000000000000000048
:10d8e00000000000000000000000000000fe0f002b
:10d8f0000000000000fe0f0000000000000000001b
:10d900000000000000000000000000000000000017
:10d910000000000000000000000000000000000007
:10d920000000000000000000000000000000000ee9
:10d93000003e00f001800f000ec007f0001e000640
:10d9400000000000000000000000000000000000d7
:10d9500000000000000000000000000000000000c7
:10d960000000000000f0030c07040e060c060c007b
:10d970000c000c00060007000380018001c000c0fd
:10d9800000c000c00000000000c000e000e0006037
:10d990000000000000000000000000000000000087
:10d9a0000000000000000000000000000000000077
:10d9b00000000000000000fc01008307c0000e20f2
:10d9c000001c10003818783108c4310c82710483af
:10d9d000610681618681618681618681618681615e
:10d9e0008681210e83310cc3110ca60b181c07383d
:10d9f0000000700010e00018c0030f00fe010000de
:10da00000000000000000000000000000000000016
:10da10000000000000000000000000000000000006
:10da20000000000200000300800300800600800662
:10da300000c00c00400c00600c00601800201800b2
:10da4000f01f00103000103000187000086000084f
:10da500060000ce0003ff803000000000000000040
:10da600000000000000000000000000000000000b6
:10da700000000000000000000000000000000000a6
:10da8000000000fc031a0c181818181818180c18a5
:10da900006f807181e1818183818301830183018db
:10daa000301818180cfe07000000000000000000ed
:10dab0000000000000000000000000000000000066
:10dac000000000000000000000801f6038101008f7
:10dad000000c000400060006000600060006000612
:10dae000000e000c001c0018607018c00f00000031
:10daf0000000000000000000000000000000000026
:10db00000000000000000000000000000000000015
:10db100000000000000000fc07001a3c0018700024
:10db200018e00018c00018c0011880011880011802
:10db3000800118800118800118800118c00018c0e9
:10db400000186000187000181800fe0700000000a0
:10db500000000000000000000000000000000000c5
:10db600000000000000000000000000000000000b5
:10db70000000000000000000fe1f18181808180020
:10db8000180018001800f8071802180018001800ec
:10db900018001800181018201830fe1f0000000090
:10dba0000000000000000000000000000000000075
:10dbb0000000000000000000000000000000fe1f48
:10dbc000181818101800180018001800f807180284
:10dbd0001800180018001800180018001800180085
:10dbe000fe00000000000000000000000000000037
:10dbf0000000000000000000000000000000000025
:10dc0000000000000000000000000000803f0060f5
:10dc100070001000000800000c00000c000006005e
:10dc20000006000006000006fc0106f00006600089
:10dc30000e60000c60001c6000186000706000c086
:10dc40001f000000000000000000000000000000b5
:10dc500000000000000000000000000000000000c4
:10dc600000000000000000000000000000000000b4
:10dc700000000000007ee007188001188001188075
:10dc800001188001188001188001188001f8ff0137
:10dc9000188001188001188001188001188001186f
:10dca00080011880011880017ee00700000000005c
:10dcb0000000000000000000000000000000000064
:10dcc0000000000000000000000000000000000054
:10dcd0000000000000007e00180018001800180066
:10dce0001800180018001800180018001800180074
:10dcf00018001800180018007e0000000000000046
:10dd00000000000000000000000000000000000013
:10dd1000000000000000000000000000fe003000d5
:10dd20003000300030003000300030003000300073
:10dd30003000300030003000300030003000300063
:10dd4000300010001800080007000000000000006c
:10dd500000000000000000000000000000000000c3
:10dd6000000000000000000000007efc00183800e9
:10dd7000181800180c00180600180300980100d8a5
:10dd80000000f80000d800009801001803001807f0
:10dd900000180e00181c001838001870007ee001f2
:10dda0000000000000000000000000000000000073
:10ddb0000000000000000000000000000000000063
:10ddc00000000000000000000000007e00180018a5
:10ddd0000018001800180018001800180018001883
:10dde00000180018001800181018201810fe1f0046
:10ddf0000000000000000000000000000000000023
:10de00000000000000000000000000000000000012
:10de10000000000000000000003e007c38001e787a
:10de2000001e78001af8001bd80019d881199881b3
:10de30001998c11818c31818431818671818261805
:10de4000183e18183c18181c181818187e087f005f
:10de500000000000000000000000000000000000c2
:10de600000000000000000000000000000000000b2
:10de700000000000000000000000000000000000a2
:10de800000001ef00318c00038c00078c000d8c0e1
:10de900000d8c00098c10018c30018c30018c600fd
:10dea00018ce0018cc0018d80018f80018f0001888
:10deb000e00018e0007ec00000000000000000004c
:10dec0000000000000000000000000000000000052
:10ded0000000000000000000000000000000000042
:10dee0000000000000000000000000800f0060380b
:10def0000010600008e0000cc00004c001068001b2
:10df00000680010680010680010680010680010c62
:10df100080000cc0001c4000182000701000c00fd2
:10df200000000000000000000000000000000000f1
:10df300000000000000000000000000000000000e1
:10df4000000000000000000000000000fc0f1a1c90
:10df50001830186018601860186018301818d80742
:10df60001800180018001800180018001800fe000b
:10df700000000000000000000000000000000000a1
:10df80000000000000000000000000000000000091
:10df900000000000000000000000800f006038005a
:10dfa00010600008e0000cc00004c00006800106fc
:10dfb00080010680010680010680010680010c8038
:10dfc000000cc0001c4000182000701000c00f00a2
:10dfd000001c0000780000e00300c0010000000009
:10dfe0000000000000000000000000000000000031
:10dff0000000000000000000000000000000000021
:10e00000000000fc07001a1c001838001830001827
:10e010003000183000181800180c00f8030098039e
:10e0200000180300180700180e00180c00181c0038
:10e030001838001870007ef0010000000000000099
:10e0400000000000000000000000000000000000d0
:10e0500000000000000000000000000000000000c0
:10e0600000000000e00f180e08040c000c003c003b
:10e070007c00f801f007c00f001e001c00180018fb
:10e0800004080c0c1c06f801000000000000000051
:10e090000000000000000000000000000000000080
:10e0a0000000000000000000000000000000000070
:10e0b0000000feff008341008141008101008001da
:10e0c00000800100800100800100800100800100cb
:10e0d000800100800100800100800100800100803b
:10e0e0000100800100e007000000000000000000c7
:10e0f0000000000000000000000000000000000020
:10e10000000000000000000000000000000000000f
:10e1100000000000000000000000007ee007188002
:10e1200001188001188001188001188001188001f1
:10e1300018800118800118800118800118800118ca
:10e14000800118800130c00030c000e06000801ff6
:10e1500000000000000000000000000000000000bf
:10e1600000000000000000000000000000000000af
:10e17000000000000000000000000000000000009f
:10e18000000000007fe0071c800118800038c000fc
:10e1900030c000306000706000602000e03000e0bf
:10e1a0003000c01000c01900801900800d00800fe1
:10e1b000000007000007000002000000000000004f
:10e1c000000000000000000000000000000000004f
:10e1d000000000000000000000000000000000003f
:10e1e000000000000000000000000000000000002f
:10e1f00000000000007f10f8011c3060001c382077
:10e20000001838200018783000186c3000386c3056
:10e210000030c4100030c6180030c61900708219d2
:10e22000006083190060830b0060010f00e0010fa4
:10e2300000c0010f00c0000600c000060000000082
:10e2400000000000000000000000000000000000ce
:10e2500000000000000000000000000000000000be
:10e2600000000000000000000000000000000000ae
:10e270000000000000000000007ef8011c60003873
:10e280003000703000601800e00c00c00d00800706
:10e2900000000300800700800f00c00c00601c001d
:10e2a0006038003070001860001ce0007ff8030048
:10e2b000000000000000000000000000000000005e
:10e2c000000000000000000000000000000000004e
:10e2d000000000000000000000000000000000003e
:10e2e00000001ff80118600038200070300060182e
:10e2f00000e01800c00c00800d0080070000030043
:10e3000000030000030000030000030000030000fe
:10e310000300000300c00f00000000000000000028
:10e3200000000000000000000000000000000000ed
:10e3300000000000000000000000000000000000dd
:10e34000000000fc3f0c38041c041c000e000700f9
:10e35000078003c001c001e000e000700038003811
:10e36000601c200e20fe3f000000000000000000a6
:10e37000000000000000000000000000000000fca1
:10e38000010c000c000c000c000c000c000c000c2c
:10e39000000c000c000c000c000c000c000c000c1d
:10e3a000000c000c000c000c000c000c000c000c0d
:10e3b000000c000c00fc0100000000000000000048
:10e3c0000000000000060006000c000c000c001805
:10e3d000001800300030003000600060006000c0b5
:10e3e00000c00080018001800100030003000600de
:10e3f000060006000c000c000c00180018000000bd
:10e4000000000000000000000000007e00610060cd
:10e4100000600060006000600060006000600060fc
:10e4200000600060006000600060006000600060ec
:10e4300000600060006000600060006000600060dc
:10e44000007f00000000000000000000000000004d
:10e45000008000c001c001e001e00320033007306c
:10e46000061006180e180c080c0c1c0c18061800c8
:10e47000000000000000000000000000000000009c
:10e48000000000000000000000000000000000008c
:10e49000000000000000000000000000000000007c
:10e4a000000000000000000000000000000000006c
:10e4b000000000000000000000000000000000005c
:10e4c000000000000000000000fe1f00000000002f
:10e4d000000000000000000000000000000000003c
:10e4e0000007000e001c0018003000200000000093
:10e4f000000000000000000000000000000000001c
:10e50000000000000000000000000000000000000b
:10e5100000000000000000000000000000000000fb
:10e5200000000000000000000000000000000000eb
:10e530000000000000c007300e180c0c0c000c008e
:10e540000ef00ff80f1c0c0e0c060c060c060ff844
:10e550003c0000000000000000000000000000007f
:10e560000000000000000000000c000f000c000c78
:10e57000000c000c000c000c000c000c07cc1c2c38
:10e58000181c380c300c300c300c300c300c100ccb
:10e59000100c083804e00300000000000000000038
:10e5a000000000000000000000000000000000006b
:10e5b000000000000000000000000000000000005b
:10e5c00000e007100e08040c000400060006000618
:10e5d00000060006000c000c081804f00300000000
:10e5e000000000000000000000000000000000002b
:10e5f00000000000000030003c003000300030001f
:10e6000030003000300030c03f303808300c30046b
:10e6100030063006300630063006300c301c3838f4
:10e62000f4e03300000000000000000000000000e3
:10e6300000000000000000000000000000000000da
:10e6400000000000000000000000000000e00310d7
:10e6500007080e0c0c040c060cfe0f060006000644
:10e66000000c000c081804f003000000000000007b
:10e67000000000000000000000000000000000009a
:10e68000008001c001200030001800180018001898
:10e69000001800fe01980018001800180018001853
:10e6a00000180018001800180018001800fe0000dc
:10e6b000000000000000000000000000000000005a
:10e6c000000000000000000000000000000000004a
:10e6d000000000000000000000e031103f08060cc0
:10e6e0000c0c0c0c0c1c043802f0013000180078e3
:10e6f00000f00ff01f183e0c30063006100e181cec
:10e700000cf003000000000000000000000000000a
:10e710001800001e00001800001800001800001863
:10e720000000180000180000180000183c001873c2
:10e7300000d8600038600038600018600018600081
:10e740001860001860001860001860001860001859
:10e7500060007ef8010000000000000000000000e2
:10e7600000000000000000000000000000000000a9
:10e77000000000000000181818080000181e1818e3
:10e780001818181818181818187e00000000000033
:10e790000000000000000000001818180800001811
:10e7a0001e181818181818181818181818181818e3
:10e7b00008040201000000000000000010001e001c
:10e7c0001800180018001800180018001800183e4b
:10e7d000180c1806180398015800f800d80198037f
:10e7e00018031807180e181c7e780000000000009f
:10e7f0000000000000000000000000000000001801
:10e800001e18181818181818181818181818181882
:10e8100018181818187e0000000000000000000002
:10e8200000000000000000000000000000000000e8
:10e8300000000000000000000000000000000000d8
:10e840000000001c0f0f9a981858581838381818dc
:10e850001818181818181818181818181818181838
:10e86000181818181818181818187e7e7e0000003e
:10e870000000000000000000000000000000000098
:10e880000000000000000000000000000000000088
:10e890000000000000000000000000000000000078
:10e8a0000000000000000000000000001c3e001af4
:10e8b0006100d8600038600038600018600018609f
:10e8c00000186000186000186000186000186000f0
:10e8d0001860007ef8010000000000000000000049
:10e8e0000000000000000000000000000000000028
:10e8f0000000000000000000000000000000000018
:10e90000000000000000000000e003100e081c0cd6
:10e9100018043806300630063006300e100c181c6d
:10e92000083804e0030000000000000000000000c0
:10e9300000000000000000000000000000000000d7
:10e940000000000000000000000000000000001ea9
:10e950000e981958303870186018601860186018d0
:10e96000601820182018107808d807180018001808
:10e97000001800180018007e0000000000000000d1
:10e980000000000000000000000000000000000087
:10e990000000000000c013301c08180c18041806f2
:10e9a0001806180618061806180c180c1c181af069
:10e9b00019001800180018001800180018007e0030
:10e9c0000000000000000000000000000000000047
:10e9d00000000000000000000000001807de0758db
:10e9e000063804380018001800180018001800181d
:10e9f00000180018007e0000000000000000000069
:10ea00000000000000000000000000000000000006
:10ea100000000000000000000000000000000000f6
:10ea200000f00318030c020c003c007800f001e039
:10ea30000380070007040604060c03f8000000002a
:10ea400000000000000000000000000000000000c6
:10ea500000000000000000000000000000000010a6
:10ea600000180018001800fe0318011800180018fc
:10ea700000180018001800180018001800180018d6
:10ea800002f0010000000000000000000000000093
:10ea90000000000000000000000000000000000076
:10eaa000000000000000000000000000000c300f1b
:10eab0003c0c300c300c300c300c300c300c300c6a
:10eac000300c300c3818f6f0310000000000000067
:10ead0000000000000000000000000000000000036
:10eae0000000000000000000000000000000000026
:10eaf0000000003f3c0c181c181808180c38043093
:10eb000004700660026003e003c001c001800000e1
:10eb100000000000000000000000000000000000f5
:10eb200000000000000000000000000000000000e5
:10eb300000000000000000000000000000000000d5
:10eb400000000000003f0c1f0c0c040c0c041c1ee9
:10eb500006181e06181a021833023031033031012c
:10eb6000b06101e0e001e0e001e0c00040400000f1
:10eb70000000000000000000000000000000000095
:10eb80000000000000000000000000000000000085
:10eb90000000000000000000000000000000000075
:10eba00000007f7e1c1c380c30066003e001c001b1
:10ebb000c00160033007100e180c0c1c3f7e0000d3
:10ebc0000000000000000000000000000000000045
:10ebd0000000000000000000000000000000000035
:10ebe00000000000000000003f3c0c181c18180832
:10ebf000180c38043004700660026003e003c001a2
:10ec0000c00180008000c0004000600032001f0092
:10ec10000f000000000000000000000000000000e5
:10ec20000000000000000000000000000000fc0fd9
:10ec3000040e040700038003c001c000e000700060
:10ec4000300038001c080c08fe0f00000000000017
:10ec500000000000000000000000000000000000b4
:10ec600000008001c0006000300030003000300043
:10ec700070006000600060006000300018003c0020
:10ec80007000600060006000600030003000300004
:10ec9000300030006000c000800100000000000073
:10eca0000000000018181818181818181818181844
:10ecb00018181818181818181818181818181818d4
:10ecc000181800000000000000000004000e0018ea
:10ecd00000300030003000300030001800180018fc
:10ece0000018003800f0006000300018001800180c
:10ecf0000018003000300030003000300018000ce8
:10ed000000060000000000000000000000000000fd
:10ed100000000000000000000000000000000000f3
:10ed20000000000000000000007020fc11c60f026f
:10ed300007000000000000000000000000000000cc
:10ed400000000000000000000000000000000000c3
:10ed50000000000000007c7c0c0c0c0c0c0c0c0c5b
:10ed60000c0c0c0c0c0c0c0c0c0c7c7c0000000033
:04ed7000000000009f
:020000040000fa
:020000041d03da
:10ed740088bf023c8060438c8410037c806043ac79
:10ed840088bf043c0060858c010003248473657c87
:10ed9400006085ac8060448c4408047c806044ac92
:10eda4008060448c0421647c806044ac8060448c2a
:10edb400c418047c806044ac88bf023ca060448cce
:10edc4008410647ca06044aca060438cc418037cb1
:10edd400a06043aca060438c4408037ca06043acb7
:10ede4000800e00300000000000082940000a2a4d8
:10edf400020082940800e0030200a2a4ff00843011
:10ee040088bf023ca060438c8410037ca06043aca8
:10ee140040000000400000004000000040000000ee
:10ee240040000000400000004000000040000000de
:10ee340040000000400000004000000040000000ce
:10ee440040000000400000004000000040000000be
:10ee540040000000400000004000000040000000ae
:10ee6400400000004000000040000000400000009e
:10ee7400400000004000000040000000400000008e
:10ee8400400000004000000040000000400000007e
:10ee9400400000004000000040000000400000006e
:10eea400400000004000000040000000400000005e
:10eeb400400000004000000040000000400000004e
:10eec400400000004000000040000000400000003e
:10eed400400000004000000040000000400000002e
:10eee400400000004000000040000000400000001e
:10eef400400000004000000040000000400000000e
:10ef040040000000400000004000000040000000fd
:10ef140040000000400000004000000040000000ed
:10ef240040000000400000004000000040000000dd
:10ef340040000000400000004000000040000000cd
:10ef440040000000400000004000000040000000bd
:10ef540040000000400000004000000040000000ad
:10ef6400400000004000000040000000400000009d
:10ef7400400000004000000040000000400000008d
:10ef8400400000004000000040000000400000007d
:10ef9400400000004000000040000000400000006d
:10efa400400000004000000040000000400000005d
:10efb400400000004000000040000000400000004d
:10efc400400000004000000040000000400000003d
:10efd400400000004000000040000000400000002d
:10efe400400000004000000040000000400000001d
:10eff400400000004000000040000000400000000d
:10f0040040000000400000004000000040000000fc
:10f0140040000000400000004000000040000000ec
:10f0240040000000400000004000000040000000dc
:10f0340040000000400000004000000040000000cc
:10f0440040000000400000004000000040000000bc
:10f0540040000000400000004000000040000000ac
:10f06400400000004000000040000000400000009c
:10f07400400000004000000040000000400000008c
:10f08400400000004000000040000000400000007c
:10f094000800032488bf023c01000724c231040095
:10f0a400a060458cc418c57ca06045ac400000003d
:10f0b400400000004000000040000000400000004c
:10f0c400400000004000000040000000400000003c
:10f0d400400000004000000040000000400000002c
:10f0e400400000004000000040000000400000001c
:10f0f400400000004000000040000000400000000c
:10f1040040000000400000004000000040000000fb
:10f1140040000000400000004000000040000000eb
:10f1240040000000400000004000000040000000db
:10f1340040000000400000004000000040000000cb
:10f1440040000000400000004000000040000000bb
:10f1540040000000400000004000000040000000ab
:10f16400400000004000000040000000400000009b
:10f17400400000004000000040000000400000008b
:10f18400400000004000000040000000400000007b
:10f19400400000004000000040000000400000006b
:10f1a400400000004000000040000000400000005b
:10f1b400400000004000000040000000400000004b
:10f1c400400000004000000040000000400000003b
:10f1d400400000004000000040000000400000002b
:10f1e400400000004000000040000000400000001b
:10f1f400400000004000000040000000400000000b
:10f2040040000000400000004000000040000000fa
:10f2140040000000400000004000000040000000ea
:10f2240040000000400000004000000040000000da
:10f2340040000000400000004000000040000000ca
:10f2440040000000400000004000000040000000ba
:10f2540040000000400000004000000040000000aa
:10f26400400000004000000040000000400000009a
:10f27400400000004000000040000000400000008a
:10f28400400000004000000040000000400000007a
:10f29400400000004000000040000000400000006a
:10f2a400400000004000000040000000400000005a
:10f2b400400000004000000040000000400000004a
:10f2c400400000004000000040000000400000003a
:10f2d400400000004000000040000000400000002a
:10f2e400400000004000000040000000400000001a
:10f2f400400000004000000040000000400000000a
:10f3040040000000400000004000000040000000f9
:10f3140040000000400000004000000040000000e9
:10f32400400000004000000040000000a060458c48
:10f334004408e57ca06045ac4000000040000000ab
:10f3440040000000400000004000000040000000b9
:10f3540040000000400000004000000040000000a9
:10f364004000000040000000400000004000000099
:10f374004000000040000000400000004000000089
:10f384004000000040000000400000004000000079
:10f394004000000040000000400000004000000069
:10f3a4004000000040000000400000004000000059
:10f3b4004000000040000000400000004000000049
:10f3c4004000000040000000400000004000000039
:10f3d4004000000040000000400000004000000029
:10f3e4004000000040000000400000004000000019
:10f3f4004000000040000000400000004000000009
:10f4040040000000400000004000000040000000f8
:10f4140040000000400000004000000040000000e8
:10f4240040000000400000004000000040000000d8
:10f4340040000000400000004000000040000000c8
:10f4440040000000400000004000000040000000b8
:10f4540040000000400000004000000040000000a8
:10f464004000000040000000400000004000000098
:10f474004000000040000000400000004000000088
:10f484004000000040000000400000004000000078
:10f494004000000040000000400000004000000068
:10f4a4004000000040000000400000004000000058
:10f4b4004000000040000000400000004000000048
:10f4c4004000000040000000400000004000000038
:10f4d4004000000040000000400000004000000028
:10f4e4004000000040000000400000004000000018
:10f4f4004000000040000000400000004000000008
:10f5040040000000400000004000000040000000f7
:10f5140040000000400000004000000040000000e7
:10f5240040000000400000004000000040000000d7
:10f5340040000000400000004000000040000000c7
:10f5440040000000400000004000000040000000b7
:10f5540040000000400000004000000040000000a7
:10f564004000000040000000400000004000000097
:10f574004000000040000000400000004000000087
:10f584004000000040000000400000004000000077
:10f594004000000040000000400000004000000067
:10f5a4004000000040000000400000004000000057
:10f5b400400000004000000040200400ff008430b0
:10f5c400a060458c4408057ca06045ac4000000068
:10f5d4004000000040000000400000004000000027
:10f5e4004000000040000000400000004000000017
:10f5f4004000000040000000400000004000000007
:10f6040040000000400000004000000040000000f6
:10f6140040000000400000004000000040000000e6
:10f6240040000000400000004000000040000000d6
:10f6340040000000400000004000000040000000c6
:10f6440040000000400000004000000040000000b6
:10f6540040000000400000004000000040000000a6
:10f664004000000040000000400000004000000096
:10f674004000000040000000400000004000000086
:10f684004000000040000000400000004000000076
:10f694004000000040000000400000004000000066
:10f6a4004000000040000000400000004000000056
:10f6b4004000000040000000400000004000000046
:10f6c4004000000040000000400000004000000036
:10f6d4004000000040000000400000004000000026
:10f6e4004000000040000000400000004000000016
:10f6f4004000000040000000400000004000000006
:10f7040040000000400000004000000040000000f5
:10f7140040000000400000004000000040000000e5
:10f7240040000000400000004000000040000000d5
:10f7340040000000400000004000000040000000c5
:10f7440040000000400000004000000040000000b5
:10f7540040000000400000004000000040000000a5
:10f764004000000040000000400000004000000095
:10f774004000000040000000400000004000000085
:10f784004000000040000000400000004000000075
:10f794004000000040000000400000004000000065
:10f7a4004000000040000000400000004000000055
:10f7b4004000000040000000400000004000000045
:10f7c4004000000040000000400000004000000035
:10f7d4004000000040000000400000004000000025
:10f7e4004000000040000000400000004000000015
:10f7f4004000000040000000400000004000000005
:10f8040040000000400000004000000040000000f4
:10f8140040000000400000004000000040000000e4
:10f8240040000000400000004000000040000000d4
:10f8340040000000400000004000000040000000c4
:10f84400400000004000000040000000ffff63246f
:10f85400ff00633012fe6014c23104004000000057
:10f864004000000040000000400000004000000094
:10f874004000000040000000400000004000000084
:10f884004000000040000000400000004000000074
:10f894004000000040000000400000004000000064
:10f8a4004000000040000000400000004000000054
:10f8b4004000000040000000400000004000000044
:10f8c4004000000040000000400000004000000034
:10f8d4004000000040000000400000004000000024
:10f8e4004000000040000000400000004000000014
:10f8f4004000000040000000400000004000000004
:10f9040040000000400000004000000040000000f3
:10f9140040000000400000004000000040000000e3
:10f9240040000000400000004000000040000000d3
:10f9340040000000400000004000000040000000c3
:10f9440040000000400000004000000040000000b3
:10f9540040000000400000004000000040000000a3
:10f964004000000040000000400000004000000093
:10f974004000000040000000400000004000000083
:10f984004000000040000000400000004000000073
:10f9940040000000400000004000000088bf023c1e
:10f9a400a060438c010004244408837ca06043ac21
:10f9b4004000000040000000400000004000000043
:10f9c4004000000040000000400000004000000033
:10f9d4004000000040000000400000004000000023
:10f9e4004000000040000000400000004000000013
:10f9f4004000000040000000400000004000000003
:10fa040040000000400000004000000040000000f2
:10fa140040000000400000004000000040000000e2
:10fa240040000000400000004000000040000000d2
:10fa340040000000400000004000000040000000c2
:10fa440040000000400000004000000040000000b2
:10fa540040000000400000004000000040000000a2
:10fa64004000000040000000400000004000000092
:10fa74004000000040000000400000004000000082
:10fa84004000000040000000400000004000000072
:10fa94004000000040000000400000004000000062
:10faa4004000000040000000400000004000000052
:10fab4004000000040000000400000004000000042
:10fac4004000000040000000400000004000000032
:10fad4004000000040000000400000004000000022
:10fae4004000000040000000400000004000000012
:10faf4004000000040000000400000004000000002
:10fb040040000000400000004000000040000000f1
:10fb140040000000400000004000000040000000e1
:10fb240040000000400000004000000040000000d1
:10fb340040000000400000004000000040000000c1
:10fb440040000000400000004000000040000000b1
:10fb540040000000400000004000000040000000a1
:10fb64004000000040000000400000004000000091
:10fb74004000000040000000400000004000000081
:10fb84004000000040000000400000004000000071
:10fb94004000000040000000400000004000000061
:10fba4004000000040000000400000004000000051
:10fbb4004000000040000000400000004000000041
:10fbc4004000000040000000400000004000000031
:10fbd4004000000040000000400000004000000021
:10fbe4004000000040000000400000004000000011
:10fbf4004000000040000000400000004000000001
:10fc040040000000400000004000000040000000f0
:10fc140040000000400000004000000040000000e0
:10fc240040000000400000004000000040000000d0
:10fc340088bf023ca060438c4408037ca06043acb2
:10fc440040000000400000004000000040000000b0
:10fc540040000000400000004000000040000000a0
:10fc64004000000040000000400000004000000090
:10fc74004000000040000000400000004000000080
:10fc84004000000040000000400000004000000070
:10fc94004000000040000000400000004000000060
:10fca4004000000040000000400000004000000050
:10fcb4004000000040000000400000004000000040
:10fcc4004000000040000000400000004000000030
:10fcd4004000000040000000400000004000000020
:10fce4004000000040000000400000004000000010
:10fcf4004000000040000000400000004000000000
:10fd040040000000400000004000000040000000ef
:10fd140040000000400000004000000040000000df
:10fd240040000000400000004000000040000000cf
:10fd340040000000400000004000000040000000bf
:10fd440040000000400000004000000040000000af
:10fd5400400000004000000040000000400000009f
:10fd6400400000004000000040000000400000008f
:10fd7400400000004000000040000000400000007f
:10fd8400400000004000000040000000400000006f
:10fd9400400000004000000040000000400000005f
:10fda400400000004000000040000000400000004f
:10fdb400400000004000000040000000400000003f
:10fdc400400000004000000040000000400000002f
:10fdd400400000004000000040000000400000001f
:10fde400400000004000000040000000400000000f
:10fdf40040000000400000004000000040000000ff
:10fe040040000000400000004000000040000000ee
:10fe140040000000400000004000000040000000de
:10fe240040000000400000004000000040000000ce
:10fe340040000000400000004000000040000000be
:10fe440040000000400000004000000040000000ae
:10fe5400400000004000000040000000400000009e
:10fe6400400000004000000040000000400000008e
:10fe7400400000004000000040000000400000007e
:10fe8400400000004000000040000000400000006e
:10fe9400400000004000000040000000400000005e
:10fea400400000004000000040000000400000004e
:10feb400400000004000000040000000400000003e
:10fec40088bf023ca060438c4408837ca06043aca0
:10fed400400000004000000040000000400000001e
:10fee400400000004000000040000000400000000e
:10fef40040000000400000004000000040000000fe
:10ff040040000000400000004000000040000000ed
:10ff140040000000400000004000000040000000dd
:10ff240040000000400000004000000040000000cd
:10ff340040000000400000004000000040000000bd
:10ff440040000000400000004000000040000000ad
:10ff5400400000004000000040000000400000009d
:10ff6400400000004000000040000000400000008d
:10ff7400400000004000000040000000400000007d
:10ff8400400000004000000040000000400000006d
:10ff9400400000004000000040000000400000005d
:10ffa400400000004000000040000000400000004d
:10ffb400400000004000000040000000400000003d
:10ffc400400000004000000040000000400000002d
:10ffd400400000004000000040000000400000001d
:10ffe400400000004000000040000000400000000d
:10fff40040000000400000004000000040000000fd
:020000041d04d9
:1000040040000000400000004000000040000000ec
:1000140040000000400000004000000040000000dc
:1000240040000000400000004000000040000000cc
:1000340040000000400000004000000040000000bc
:1000440040000000400000004000000040000000ac
:10005400400000004000000040000000400000009c
:10006400400000004000000040000000400000008c
:10007400400000004000000040000000400000007c
:10008400400000004000000040000000400000006c
:10009400400000004000000040000000400000005c
:1000a400400000004000000040000000400000004c
:1000b400400000004000000040000000400000003c
:1000c400400000004000000040000000400000002c
:1000d400400000004000000040000000400000001c
:1000e400400000004000000040000000400000000c
:1000f40040000000400000004000000040000000fc
:1001040040000000400000004000000040000000eb
:1001140040000000400000004000000040000000db
:1001240040000000400000004000000040000000cb
:1001340040000000400000004000000040000000bb
:1001440040000000400000004000000040000000ab
:10015400211000002120000088bf033c88bf083c18
:10016400010007240c00062440100200a060658ce6
:100174004408057ca06065ac9060058d0001a57cf9
:1001840021104500ffff4230400000004000000005
:10019400400000004000000040000000400000005b
:1001a400400000004000000040000000400000004b
:1001b400400000004000000040000000400000003b
:1001c400400000004000000040000000400000002b
:1001d400400000004000000040000000400000001b
:1001e400400000004000000040000000400000000b
:1001f40040000000400000004000000040000000fb
:1002040040000000400000004000000040000000ea
:1002140040000000400000004000000040000000da
:1002240040000000400000004000000040000000ca
:1002340040000000400000004000000040000000ba
:1002440040000000400000004000000040000000aa
:10025400400000004000000040000000400000009a
:10026400400000004000000040000000400000008a
:10027400400000004000000040000000400000007a
:10028400400000004000000040000000400000006a
:10029400400000004000000040000000400000005a
:1002a400400000004000000040000000400000004a
:1002b400400000004000000040000000400000003a
:1002c400400000004000000040000000400000002a
:1002d400400000004000000040000000400000001a
:1002e400400000004000000040000000400000000a
:1002f40040000000400000004000000040000000fa
:1003040040000000400000004000000040000000e9
:1003140040000000400000004000000040000000d9
:1003240040000000400000004000000040000000c9
:1003340040000000400000004000000040000000b9
:1003440040000000400000004000000040000000a9
:100354004000000040000000400000004000000099
:100364004000000040000000400000004000000089
:100374004000000040000000400000004000000079
:100384004000000040000000400000004000000069
:100394004000000040000000400000004000000059
:1003a4004000000040000000400000004000000049
:1003b4004000000040000000400000004000000039
:1003c4004000000040000000400000004000000029
:1003d4004000000040000000400000004000000019
:1003e4004000000040000000400000004000000009
:1003f40040000000400000004000000040000000f9
:100404004000000040000000a060658c4408e57cca
:10041400a06065ac40000000400000004000000007
:1004240040000000400000004000000040000000c8
:1004340040000000400000004000000040000000b8
:1004440040000000400000004000000040000000a8
:100454004000000040000000400000004000000098
:100464004000000040000000400000004000000088
:100474004000000040000000400000004000000078
:100484004000000040000000400000004000000068
:100494004000000040000000400000004000000058
:1004a4004000000040000000400000004000000048
:1004b4004000000040000000400000004000000038
:1004c4004000000040000000400000004000000028
:1004d4004000000040000000400000004000000018
:1004e4004000000040000000400000004000000008
:1004f40040000000400000004000000040000000f8
:1005040040000000400000004000000040000000e7
:1005140040000000400000004000000040000000d7
:1005240040000000400000004000000040000000c7
:1005340040000000400000004000000040000000b7
:1005440040000000400000004000000040000000a7
:100554004000000040000000400000004000000097
:100564004000000040000000400000004000000087
:100574004000000040000000400000004000000077
:100584004000000040000000400000004000000067
:100594004000000040000000400000004000000057
:1005a4004000000040000000400000004000000047
:1005b4004000000040000000400000004000000037
:1005c4004000000040000000400000004000000027
:1005d4004000000040000000400000004000000017
:1005e4004000000040000000400000004000000007
:1005f40040000000400000004000000040000000f7
:1006040040000000400000004000000040000000e6
:1006140040000000400000004000000040000000d6
:1006240040000000400000004000000040000000c6
:1006340040000000400000004000000040000000b6
:1006440040000000400000004000000040000000a6
:100654004000000040000000400000004000000096
:100664004000000040000000400000004000000086
:100674004000000040000000400000004000000076
:100684004000000040000000400000004000000066
:100694004000000001008424ff008430b3fe86542f
:1006a4004010020040000000400000004000000034
:1006b4004000000040000000400000004000000036
:1006c4004000000040000000400000004000000026
:1006d4004000000040000000400000004000000016
:1006e4004000000040000000400000004000000006
:1006f40040000000400000004000000040000000f6
:1007040040000000400000004000000040000000e5
:1007140040000000400000004000000040000000d5
:1007240040000000400000004000000040000000c5
:1007340040000000400000004000000040000000b5
:1007440040000000400000004000000040000000a5
:100754004000000040000000400000004000000095
:100764004000000040000000400000004000000085
:100774004000000040000000400000004000000075
:100784004000000040000000400000004000000065
:100794004000000040000000400000004000000055
:1007a4004000000040000000400000004000000045
:1007b4004000000040000000400000004000000035
:1007c4004000000040000000400000004000000025
:1007d4004000000040000000400000004000000015
:1007e4004000000040000000400000004000000005
:1007f40040000000400000004000000040000000f5
:1008040040000000400000004000000040000000e4
:1008140040000000400000004000000040000000d4
:1008240040000000400000004000000040000000c4
:1008340040000000400000004000000040000000b4
:1008440040000000400000004000000040000000a4
:100854004000000040000000400000004000000094
:100864004000000040000000400000004000000084
:100874004000000040000000400000004000000074
:100884004000000040000000400000004000000064
:100894004000000040000000400000004000000054
:1008a4004000000040000000400000004000000044
:1008b4004000000040000000400000004000000034
:1008c4004000000040000000400000004000000024
:1008d4004000000040000000400000004000000014
:1008e4004000000040000000400000004000000004
:1008f40040000000400000004000000040000000f4
:1009040040000000400000004000000040000000e3
:1009140040000000400000004000000040000000d3
:100924004000000088bf033ca060648c4408047c41
:10093400a06064ac400000004000000040000000e3
:1009440040000000400000004000000040000000a3
:100954004000000040000000400000004000000093
:100964004000000040000000400000004000000083
:100974004000000040000000400000004000000073
:100984004000000040000000400000004000000063
:100994004000000040000000400000004000000053
:1009a4004000000040000000400000004000000043
:1009b4004000000040000000400000004000000033
:1009c4004000000040000000400000004000000023
:1009d4004000000040000000400000004000000013
:1009e4004000000040000000400000004000000003
:1009f40040000000400000004000000040000000f3
:100a040040000000400000004000000040000000e2
:100a140040000000400000004000000040000000d2
:100a240040000000400000004000000040000000c2
:100a340040000000400000004000000040000000b2
:100a440040000000400000004000000040000000a2
:100a54004000000040000000400000004000000092
:100a64004000000040000000400000004000000082
:100a74004000000088bf033ca060648c0100052492
:100a84008410a47c0800e003a06064ac010002248c
:100a94000500a2542720040040818293252082006f
:100aa400ae02410b408184a34081829324208200c2
:100ab400408184a388bf023ce060438c8452037c61
:100ac400e06043ac88bf043ca061838cc47b037c9e
:100ad400a06183ace060438c0421037ce06043ac00
:100ae40080bf053cba0003244070a3ace060468c90
:100af400010003240421667ce06046aca061868c7e
:100b0400c47b667ca06186ace060448c8452647cc7
:100b1400e06044ace060448c8452047ce06044ac0b
:100b2400e060448c0421047ce06044ac4081849304
:100b34004070a4ace060448c0421647ce06044ac6c
:100b4400e060448c8452647ce06044ac0800e003c0
:100b54000000000074828393e0010224021062709a
:100b6400ffff423021284500202e057c211047003c
:100b74002016027c88bf073ce060e38c8452037c2f
:100b8400e060e3ac88bf093ca061238dc47b037c97
:100b9400a06123ade060e38c0421037ce060e3ac5e
:100ba40080bf083c2a000324407003ade060ea8c57
:100bb4000100032404216a7ce060eaaca0612a8d70
:100bc400c47b6a7ca0612aade060ea8c84526a7cb2
:100bd400e060eaace060ea8c84520a7ce060eaac53
:100be400e060ea8c04210a7ce060eaac0352040071
:100bf40040700aade060ea8c04216a7ce060eaacf3
:100c0400e060ea8c04210a7ce060eaac407004ad48
:100c1400e060e48c0421647ce060e4ace060e48c9b
:100c24000421047ce060e4ac03220600407004adbf
:100c3400e060e48c0421647ce060e4ace060e48c7b
:100c44000421047ce060e4ac407006ade060e48c18
:100c54000421647ce060e4ace060e48c8452647c55
:100c6400e060e4ace060e48c8452047ce060e4acda
:100c7400a061248dc47b047ca06124ade060e48c7d
:100c84000421047ce060e4ac2b000424407004ad37
:100c9400e060e48c0421647ce060e4aca061248d19
:100ca400c47b647ca06124ade060e48c8452647ce9
:100cb400e060e4ace060e48c8452047ce060e4ac8a
:100cc400e060e48c0421047ce060e4ac03220500d1
:100cd400407004ade060e48c0421647ce060e4ac2a
:100ce400e060e48c0421047ce060e4ac407005ad79
:100cf400e060e48c0421647ce060e4ace060e48cbb
:100d04000421047ce060e4ac03220200407004ade2
:100d1400e060e48c0421647ce060e4ace060e48c9a
:100d24000421047ce060e4ac407002ade060e28c3d
:100d34000421627ce060e2ace060e28c8452627c7c
:100d4400e060e2ac0800e003000000000800e003fb
:100d5400211000000800e003748284a37a8284a72f
:100d6400708285a77e8286a70800e003728287a727
:100d7400ff0084300800e0037c8284a72026047ce2
:100d8400202e057c2036067c88bf093ce060228d3d
:100d94008452027ce06022ad88bf073ca061e28cf3
:100da400c47b027ca061e2ace060228d0421027c61
:100db400e06022ad80bf033c33000224407062ac8b
:100dc400e060288d010002240421487ce06028ad05
:100dd400a061e88cc47b487ca061e8ace060278d0e
:100de4008452477ce06027ade060278d8452077c05
:100df400e06027ade060278d0421077ce06027ad2b
:100e0400033a0400407067ace060278d0421477cfe
:100e1400e06027ade060278d0421077ce06027ad0a
:100e2400407064ace060248d0421447ce06024ad17
:100e3400e060248d0421047ce06024ad03220500dd
:100e4400407064ace060248d0421447ce06024adf7
:100e5400e060248d0421047ce06024ad407065ac26
:100e6400e060248d0421447ce06024ade060248da6
:100e74000421047ce06024ad03220600407064accd
:100e8400e060248d0421447ce06024ade060248d86
:100e94000421047ce06024ad407066ace060238de6
:100ea4000421437ce06023ade060238d8452437cc5
:100eb400e06023ad0800e003000000002026047c6d
:100ec40088bf023ce060438c8452037ce06043ac06
:100ed40088bf053ca061a38cc47b037ca061a3ac48
:100ee400e060438c0421037ce06043ac80bf063c9b
:100ef400370003244070c3ace060478c0100032436
:100f04000421677ce06047aca061a78cc47b677c4c
:100f1400a061a7ace060458c8452657ce06045ac80
:100f2400e060458c8452057ce06045ace060458c13
:100f34000421057ce06045ac032a04004070c5ac84
:100f4400e060458c0421657ce06045ace060458c44
:100f54000421057ce06045ac4070c4ace060448c86
:100f64000421647ce06044ace060448c8452647c82
:100f7400e06044ac0800e00300000000e8ffbd2787
:100f84001400bfaf788284a321200000e00105246f
:100f94006003410f2130000078828493e001022431
:100fa40002208270b003410f2026047c1400bf8ffe
:100fb4000800e0031800bd2788bf023ce060438cb2
:100fc4008452037ce06043ac88bf033ca061648c22
:100fd400c47b047ca06164ace060448c0421047c88
:100fe400e06044ac1000052480bf043c407085ac34
:100ff400e060458c010004240421857ce06045ac5c
:10100400a061658cc47b857ca06165ace060438c89
:101014008452837ce06043ac0800e00300000000dd
:1010240088bf023ce060438c8452037ce06043aca4
:1010340088bf033ca061648cc47b047ca06164ac65
:10104400e060448c0421047ce06044ac110005247d
:1010540080bf043c407085ace060458c01000424f2
:101064000421857ce06045aca061658cc47b857cf3
:10107400a06165ace060438c8452837ce06043ac47
:101084000800e0030000000088bf023ce060438cdd
:101094008452037ce06043ac88bf033ca061648c51
:1010a400c47b047ca06164ace060448c0421047cb7
:1010b400e06044ac2800052480bf043c407085ac4b
:1010c400e060458c010004240421857ce06045ac8b
:1010d400a061658cc47b857ca06165ace060438cb9
:1010e4008452837ce06043ac0800e003000000000d
:1010f40088bf023ce060438c8452037ce06043acd4
:1011040088bf033ca061648cc47b047ca06164ac94
:10111400e060448c0421047ce06044ac2900052494
:1011240080bf043c407085ace060458c0100042421
:101134000421857ce06045aca061658cc47b857c22
:10114400a06165ace060438c8452837ce06043ac76
:101154000800e0030000000088bf023ce060438c0c
:101164008452037ce06043ac88bf033ca061648c80
:10117400c47b047ca06164ace060448c0421047ce6
:10118400e06044ace500052480bf043c407085acbd
:10119400e060458c010004240421857ce06045acba
:1011a400a061658cc47b857ca06165ace060438ce8
:1011b4008452837ce06043ac0800e003000000003c
:1011c400ff00843088bf073ce060e28c8452027cdc
:1011d400e060e2ac88bf053ca061a28cc47b027cc9
:1011e400a061a2ace060e28c0421027ce060e2ac8d
:1011f40080bf033cbe000224407062ace060e68c19
:10120400010002240421467ce060e6aca061a68cc7
:10121400c47b467ca061a6ace060e58c8452457c2e
:10122400e060e5ace060e58c8452057ce060e5ac10
:10123400e060e58c0421057ce060e5ac0e0005244b
:10124400407065ace060e58c0421457ce060e5ac71
:10125400e060e58c0421057ce060e5ac407064aca2
:10126400e060e48c0421447ce060e4ace060e48c65
:101274000421047ce060e4ac407062ace060e48c87
:101284000421447ce060e4ace060e48c0421047c50
:10129400e060e4ac407060ace060e48c0421447c29
:1012a400e060e4ace060e48c0421047ce060e4ac45
:1012b400407060ace060e48c0421447ce060e4ac09
:1012c400e060e48c0421047ce060e4ac407060ac39
:1012d400e060e38c0421437ce060e3ace060e38cf9
:1012e4008452437ce060e3ac0800e00300000000ab
:1012f400010002242800821488bf023ce060438c71
:101304008452037ce06043ac88bf043ca061838cbe
:10131400c47b037ca06183ace060438c0421037c28
:10132400e06043ac80bf063c350003244070c3ac8e
:10133400e060478c010003240421677ce06047ac33
:10134400a061878cc47b677ca06187ace060448c1f
:101354008452647ce06044ace060448c8452047c3d
:10136400e06044ace060448c0421047ce06044ac64
:101374000100a5304070c5ace060448c0421647c5d
:10138400e06044ace060448c8452647ce06044ac33
:101394000800e00300000000e060438c8452037cfa
:1013a400e06043ac88bf033ca061648cc47b047cd4
:1013b400a06164ace060448c0421047ce06044ac33
:1013c4003400052480bf043c407085ace060458c4b
:1013d400010004240421857ce06045aca061658c97
:1013e400c47b857ca06165ace060438c8452837cc3
:1013f400e06043ac0800e00300000000d8ffbd2714
:101404002400bfaf2000b3af1c00b2af1800b1afcf
:101414001400b0af81bf023c6090438c01001024e3
:10142400c47b037e609043ac88bf023c0061438c64
:10143400444a037e006143ac88bf113c2060228e85
:10144400c47b027e206022ae88bf023c0060438cd5
:10145400c47b037c006043ac88bf023c8061438c46
:10146400c47b037c806143ac88bf033ce060628c36
:101474008452027ee06062ac88bf023cc060448c4f
:101484008452047cc06044ace060648c4429047ed3
:10149400e06064acc060448c4429047cc06044ac0b
:1014a400e060648c0421047ee06064acc060438c22
:1014b4000421037cc06043ac80bf023c107040ac8c
:1014c40080bf023c507040ac80bf023c007040ac16
:1014d40080bf023c1070438c02000424044a837cc5
:1014e400107043ac1070438c030004248439837c53
:1014f400107043ac1070438c0f0005248428a37c27
:10150400107043ac1070438c0408837c107043ac9f
:1015140080bf033c0070648c0442047c007064aca3
:101524000070648c444a047c007064ac1070448c79
:101534008452047e107044ac0070628cc47b027ec2
:10154400007062ac2060228ec47b027c206022aedc
:10155400c745410f0a0004242060228ec47b027e0a
:10156400206022aec745410f0a00042480bf023c1c
:101574001070438c00806330fdff60140000000095
:1015840088bf023ce060438c8452037ce06043ac3f
:1015940088bf033ca061648cc47b047ca06164ac00
:1015a400e060448c0421047ce06044ace200052447
:1015b40080bf043c407085ace060458c010004248d
:1015c4000421857ce06045aca061658cc47b857c8e
:1015d400a06165ace060438c8452837ce06043ace2
:1015e40080bf023c1070438c00806330fdff6014a8
:1015f4000000000088bf023ce060438c8452037cfe
:10160400e06043ace060438c0421037ce06043acc5
:101614002300042480bf033c407064ace060438c2e
:10162400010004240421837ce06043ace060438c2b
:101634008452837ce06043ac80bf023c1070438cd6
:1016440000806330fdff60140000000088bf023c8e
:10165400e060438c8452037ce06043ace060438ce4
:101664000421037ce06043ac0200042480bf033cfb
:10167400407064ace060438c010004240421837c4a
:10168400e06043ace060438c8452837ce06043ac14
:1016940080bf023c1070438c00806330fdff6014f7
:1016a4000000000088bf023ce060438c8452037c4d
:1016b400e06043ace060438c0421037ce06043ac15
:1016c4005400042480bf033c407064ace060438c4d
:1016d400010004240421837ce06043ace060438c7b
:1016e4008452837ce06043ac80bf023c1070438c26
:1016f40000806330fdff60140000000088bf023cde
:10170400e060438c8452037ce06043ac88bf033cbc
:10171400a061648cc47b047ca06164ace060448cf4
:101724000421047ce06044ace000052480bf043c58
:10173400407085ace060458c010004240421857c64
:10174400e06045aca061658cc47b857ca06165ac20
:10175400e060438c8452837ce06043ac80bf023cf5
:101764001070438c00806330fdff601400000000a3
:1017740088bf023ce060438c8452037ce06043ac4d
:10178400e060438c0421037ce06043ac010003244b
:1017940080bf043c407083ace060448c0421647cd2
:1017a400e06044ace060448c8452647ce06044ac0f
:1017b400c745410f0a00042480bf023c1070438ccb
:1017c40000806330fdff60140000000088bf023c0d
:1017d400e060438c8452037ce06043ac88bf033cec
:1017e400a061648cc47b047ca06164ace060448c24
:1017f4000421047ce06044ace000052480bf043c88
:10180400407085ace060458c010004240421857c93
:10181400e06045aca061658cc47b857ca06165ac4f
:10182400e060438c8452837ce06043ac80bf023c24
:101834001070438c00806330fdff601400000000d2
:1018440088bf023ce060438c8452037ce06043ac7c
:10185400e060438c0421037ce06043ac0300042477
:1018640080bf033c407064ace060438c01000424fe
:101874000421837ce06043ace060438c8452837c2d
:10188400e06043ac80bf023c1070438c0080633046
:10189400fdff601488bf103ce060028e8452027c1d
:1018a400e06002ae88bf133ca061628ec47b027c00
:1018b400a06162aee060028e0421027ce06002aeb0
:1018c40080bf123c01001124407051aee060028ed2
:1018d4000421227ee06002aea061628ec47b227e7f
:1018e400a06162aee060028e8452227ee06002aead
:1018f400e545410f0500042480bf023c1070438c71
:101904008452237e107043ac1070438c8439037c62
:10191400107043ac1070438c8428037c107043ac6b
:101924001070438c0408037c107043ace060028e9a
:101934008452027ce06002aea061628ec47b027cb1
:10194400a06162aee060028e0421027ce06002ae1f
:10195400e6000224407042aee060028e0421227e42
:10196400e06002aea061628ec47b227ea06162aea2
:10197400e060028e8452227ee06002aee060028e5d
:101984008452027ce06002aee060028e0421027c9c
:10199400e06002ae03000224407042aee060038eb9
:1019a4000421237ee06003aee060038e0421037c07
:1019b400e06003aeff000324407043aee060048e99
:1019c4000421247ee06004aee060048e0421047ce3
:1019d400e06004ae407043aee060038e0421237ed9
:1019e400e06003aee060038e8452237ee06003aec9
:1019f400e060038e8452037ce06003aea061638eda
:101a0400c47b037ca06163aee060038e0421037c8d
:101a1400e06003aeb0000324407043aee060038e88
:101a24000421237ee06003aea061638ec47b237e29
:101a3400a06163aee060038e8452237ee06003ae57
:101a4400e060038e8452037ce06003aee060038eaa
:101a54000421037ce06003ae24000324407043ae01
:101a6400e060038e0421237ee06003aee060038e19
:101a74000421037ce06003ae407040aee060038e5e
:101a84000421237ee06003aee060038e0421037c26
:101a9400e06003ae407042aee060038e0421237e1a
:101aa400e06003aee060038e0421037ce06003aedb
:101ab4001f030324407043aee060038e0421237ea1
:101ac400e06003aee060038e0421037ce06003aebb
:101ad400407051aee060038e0421237ee06003aecb
:101ae400e060038e0421037ce06003aedf01032485
:101af400407043aee060038e0421237ee06003aeb9
:101b0400e060038e0421037ce06003ae407040aecd
:101b1400e060038e0421237ee06003aee060038e68
:101b24008452237ee06003aee060038e8452037c23
:101b3400e06003aea061638ec47b037ca06163aeee
:101b4400e060038e0421037ce06003aeb400032450
:101b5400407043aee060038e0421237ee06003ae58
:101b6400a061638ec47b237ea06163aee060038ebc
:101b74008452237ee06003aee060038e8452037cd3
:101b8400e06003aee060038e0421037ce06003aefa
:101b940004000324407043aee060038e0421237ede
:101ba400e06003aee060038e0421037ce06003aeda
:101bb4001f040324407043aee060038e0421237e9f
:101bc400e06003aee060038e0421037ce06003aeba
:101bd400407040aee060038e0421237ee06003aedb
:101be400e060038e0421037ce06003aed70003248d
:101bf400407043aee060038e0421237ee06003aeb8
:101c0400e060038e0421037ce06003ae7f000324c4
:101c1400407043aee060038e0421237ee06003ae97
:101c2400e060038e0421037ce06003ae407040aeac
:101c3400e060038e0421237ee06003aee060038e47
:101c44000421037ce06003ae407040aee060038e8c
:101c54000421237ee06003aee060038e0421037c54
:101c6400e06003ae407040aee060038e0421237e4a
:101c7400e06003aee060038e8452237ee06003ae36
:101c8400e060038e8452037ce06003aea061638e47
:101c9400c47b037ca06163aee060038e0421037cfb
:101ca400e06003aeb6000324407043aee060038ef0
:101cb4000421237ee06003aea061638ec47b237e97
:101cc400a06163aee060038e8452237ee06003aec5
:101cd400e060038e8452037ce06003aee060038e18
:101ce4000421037ce06003ae02000324407043ae91
:101cf400e060038e0421237ee06003aee060038e87
:101d04000421037ce06003ae0c020324407043ae64
:101d1400e060038e0421237ee06003aee060038e66
:101d24000421037ce06003ae407040aee060038eab
:101d34000421237ee06003aee060038e0421037c73
:101d4400e06003ae1a000324407043aee060038eeb
:101d54000421237ee06003aee060038e0421037c53
:101d6400e06003ae407051aee060038e0421237e38
:101d7400e06003aee060038e0421037ce06003ae08
:101d8400407040aee060038e0421237ee06003ae29
:101d9400e060038e0421037ce06003ae407040ae3b
:101da400e060038e0421237ee06003aee060038ed6
:101db4008452237ee06003aee060038e8452037c91
:101dc400e06003aea061638ec47b037ca06163ae5c
:101dd400e060038e0421037ce06003ae3a00032438
:101de400407043aee060038e0421237ee06003aec6
:101df400a061638ec47b237ea06163aee060038e2a
:101e04008452237ee06003aee060038e8452037c40
:101e1400e06003aee060038e0421037ce06003ae67
:101e240055000324407043aee060038e0421237efa
:101e3400e06003aee060038e8452237ee06003ae74
:101e4400e060038e8452037ce06003aea061638e85
:101e5400c47b037ca06163aee060038e0421037c39
:101e6400e06003aef0000324407043aee060038ef4
:101e74000421237ee06003aea061638ec47b237ed5
:101e8400a06163aee060038e8452237ee06003ae03
:101e9400e060038e8452037ce06003aee060038e56
:101ea4000421037ce06003ae407042aee060028e29
:101eb4000421227ee06002aee060028e8452227e23
:101ec400e06002aee060028e8452027ce06002ae0a
:101ed400a061628ec47b027ca06162aee060028e6f
:101ee4000421027ce06002aeb8000224407042aedd
:101ef400e060028e0421227ee06002aea061628e68
:101f0400c47b227ea06162aee060028e8452227e97
:101f1400e06002aee060028e8452027ce06002aeb9
:101f2400e060028e0421027ce06002ae0f00022415
:101f3400407042aee060028e0421227ee06002ae78
:101f4400e060028e0421027ce06002ae407051ae7b
:101f5400e060028e0421227ee06002aee060028e28
:101f64008452227ee06002ae21200000a402410fd0
:101f74000100052421200000a402410f01000524d2
:101f840021200000a402410f0100052401000424c3
:101f9400a402410f0100052401000424a402410ffe
:101fa40021280000e545410f010004240100042418
:101fb400a402410f010005245603410f2120000013
:101fc400e003410f21200000e060028e8452027c75
:101fd400e06002aea061628ec47b027ca06162ae4e
:101fe400e060028e0421027ce06002ae290002243b
:101ff400407042aee060028e0421227ee06002aeb8
:10200400a061628ec47b227ea06162aee060028e1b
:102014008452227ee06002ae2400bf8f2000b38f82
:102024001c00b28f1800b18f1400b08f0800e003b9
:102034002800bd27e8ffbd271400bfaf2026047c7d
:102044007c8282870e004010202e057c7a82828753
:102054002a108200330040147e8282872a104400b2
:1020640030004014708282872a10a2002d00401490
:10207400728282872a1045002b0040141400bf8fff
:102084001f030624d602410fdf01072488bf023c48
:10209400e060438c8452037ce06043ac88bf043c22
:1020a400a061838cc47b037ca06183ace060438c1f
:1020b4000421037ce06043ac80bf053c2c00032476
:1020c4004070a3ace060468c010003240421667ccc
:1020d400e06046aca061868cc47b667ca06186ac63
:1020e400e060448c8452647ce06044ace060448ce6
:1020f4008452047ce06044ace060448c0421047ca1
:10210400e06044ac768284974070a4ace060448c78
:102114000421647ce06044ace060448c8452647cc0
:10212400e06044ac1400bf8f0800e0031800bd2732
:102134000800e00300000000d8ffbd272400bfaf63
:102144002000b4af1c00b3af1800b2af1400b1af9d
:102154001000b0af2086047c208e057c209e067c77
:102164007c828287190040102096077c7a828397ac
:10217400211000022026037c2a800402010000565c
:10218400211060002086027c7e82839721106002e9
:102194002026037c2a9893000100605621106000d9
:1021a400209e027c70828397211020022026037ccb
:1021b4002a8824020100205621106000208e027c0f
:1021c400728282872a1852000b9043002120000259
:1021d4002128200221306002d602410f213840021a
:1021e40088bf023ce060438c8452037ce06043acd3
:1021f40088bf033ca061648cc47b047ca06164ac94
:10220400e060448c0421047ce06044ac2c00052490
:1022140080bf043c407085ace060458c0100042420
:102224000421857ce06045aca061658cc47b857c21
:10223400a06165ace060438c8452837ce06043ac75
:10224400e060438c8452037ce06043ac010052267e
:102254002a1032021c0040107682879701007326f0
:102264002aa0130288bf023c80bf063caf08410b82
:1022740001000524e060448c0421047ce06044ac4b
:102284004070c7ace060448c0421a47ce06044aca2
:1022940001006324201e037c2a207300f5ff8014b0
:1022a4000000000001003126208e117c2a18320221
:1022b4000600605088bf023ceeff80162118000221
:1022c400ab08410b0100312688bf023ce060438c1f
:1022d400010004248452837ce06043ac01000224a6
:1022e4002400bf8f2000b48f1c00b38f1800b28f5e
:1022f4001400b18f1000b08f0800e0032800bd2740
:10230400d8ffbd272400bfaf2000b4af1c00b3af7b
:102314001800b2af1400b1af1000b0af2086047c37
:10232400208e057c209e067c2096077c3c00a2879c
:102334007c828387190060104400a4877a82859781
:10234400211800022036057c2a800602010000566e
:102354002118a0002086037c7e82859721186002c4
:102364002036057c2a98d300010060562118a0006d
:10237400209e037c70828597211820022036057cdc
:102384002a882602010020562118a000208e037cf2
:10239400728283872a2872000b9065002a10220219
:1023a400470040142a2091004600801401000224b2
:1023b400212000022128200221306002d602410f90
:1023c4002138400288bf023ce060438c8452037c85
:1023d400e06043ac88bf033ca061648cc47b047c94
:1023e400a06164ace060448c0421047ce06044acf3
:1023f4002c00052480bf043c407085ace060458c13
:10240400010004240421857ce06045aca061658c56
:10241400c47b857ca06165ace060438c8452837c82
:10242400e06043ace060438c8452037ce06043ace6
:10243400010052262a1032021c004010768287972f
:10244400010073262aa0130288bf023c80bf063c09
:102454002809410b01000524e060448c0421047c1c
:10246400e06044ac4070c7ace060448c0421a47cc0
:10247400e06044ac01006324201e037c2a20730026
:10248400f5ff80140000000001003126208e117c2d
:102494002a1832020600605088bf023ceeff801604
:1024a400211800022409410b0100312688bf023c97
:1024b400e060438c010004248452837ce06043acdc
:1024c400010002242400bf8f2000b48f1c00b38fae
:1024d4001800b28f1400b18f1000b08f0800e00311
:1024e4002800bd27e8ffbd271400bfaf212000004e
:1024f400212800001f030624d602410fdf01072410
:1025040088bf023ce060438c8452037ce06043acaf
:1025140088bf033ca061648cc47b047ca06164ac70
:10252400e060448c0421047ce06044ac2c0005246d
:1025340080bf043c407085ace060458c01000424fd
:102544000421857ce06045aca061658cc47b857cfe
:10255400a06165ace060438c8452837ce06043ac52
:10256400e060438c8452037ce06043ac76828997bc
:102574002118000080bf073c010006240500083c28
:1025840000dc0535e060448c0421047ce06044ac4c
:102594004070e9ace060448c0421c47ce06044ac4d
:1025a40001006324f7ff65140000000088bf023cab
:1025b400e060438c010004248452837ce06043acdb
:1025c4001400bf8f0800e0031800bd276c8284a7a5
:0c25d400010002240800e0036e8282a7d0
:020000040000fa
:020000041d04d9
:1025e00000000000e825049d0000200075002b007d
:1025f0000860010008600100086001000860010037
:102600000860010008600100086001000860010026
:102610000860010008600100086001000860010016
:102620000860010008600100086001000860010006
:1026300008600100086001000860010008600100f6
:1026400008600100086001000860010008600100e6
:1026500008600100086001000860010008600100d6
:1026600008600100086001000860010008600100c6
:10267000086001001d8b01001b3702001be30200f4
:102680001a8f0300183b040016bc04001c3d050013
:1026900019e905000895060013c006001c41070053
:1026a00017ed07001e6e08001a1a09001dc6090062
:1026b00019720a00086001001c1e0b0019ca0b00e9
:1026c00016760c001af70c001aa30d000860010022
:1026d0001a4f0e0008600100086001000860010048
:1026e0000860010008600100086001000860010046
:1026f0000860010015fb0e0008600100157c0f004a
:102700000860010015fd0f0008600100167e100032
:102710000860010008ff1000086001000860010067
:10272000082a11002055110015011200168212000e
:102730000860010008600100100313001459130021
:102740000dda130015301400000000000000000036
:102750000000000000000000000000000000000079
:102760000000000000000000000000000000000069
:1027700000000000f0010000f0010000f80300007c
:10278000f8030000f8030000fc070000fc0700004d
:10279000fe070000be0f0000be0f0000bf1f0000bc
:1027a0001f1f00001f1f00801f3f00800f3e008082
:1027b0000f3e00c0077c00c0077c00c0077c00e023
:1027c00003f800e003f800f0ffff01f0ffff01f065
:1027d000ffff01f8ffff03f8ffff03f800e003fc31
:1027e00000e0077c00c0077c00c0073e00800f3e71
:1027f00000800f3e00800f1f00001f00000000003f
:1028000000000000000000000000000000000000c8
:10281000000000000000000000000000000000f8c0
:10282000ff0f00f8ff7f00f8ffff00f8ffff00f840
:10283000ffff01f800f801f800f003f800e003f8ea
:1028400000e003f800e003f800e003f800e003f81c
:1028500000f001f800f801f8ffff00f8ff7f00f832
:10286000ff7f00f8ffff01f8ffff01f800f803f811
:1028700000e003f800e007f800c007f800c007f820
:1028800000c007f800c007f800c007f800e007f82c
:1028900000f003f8ffff03f8ffff01f8ffff00f867
:1028a000ff7f00f8ff1f0000000000000000000094
:1028b0000000000000000000000000000000000018
:1028c000000000000000000000000000f007000011
:1028d000fe3f0000ff7f0080ffff00c0ffff01e020
:1028e0000ffc03f007f803f001f007f801e007f828
:1028f00000c003f8004000f80000007c0000007ced
:102900000000007c0000007c0000007c0000007cd7
:102910000000007c0000007c0000007c0000007cc7
:10292000000000fc004000f800c003f800e007f8d9
:1029300001e007f001f003f003f803e00ffe01c02f
:10294000ffff0180ffff0000ff7f0000fe1f00006f
:10295000f807000000000000000000000000000078
:102960000000000000000000000000000000000067
:1029700000000000000000f8ff0300f8ff0f00f85f
:10298000ff1f00f8ff3f00f8ff7f00f800ff00f88e
:1029900000fc00f800f801f800f001f800f001f880
:1029a00000f001f800e003f800e003f800e003f8ad
:1029b00000e003f800e003f800e003f800e003f8ab
:1029c00000e003f800e003f800e003f800e003f89b
:1029d00000e003f800f001f800f001f800f001f861
:1029e00000f801f800fc00f800fe00f8ff7f00f896
:1029f000ff3f00f8ff1f00f8ff0f00f8ff03000083
:102a000000000000000000000000000000000000c6
:102a100000000000000000000000000000000000b6
:102a2000000000f8ff7ff8ff7ff8ff7ff8ff7ff8d6
:102a3000ff7ff80000f80000f80000f80000f80040
:102a400000f80000f80000f80000f80000f8ff3f70
:102a5000f8ff3ff8ff3ff8ff3ff8ff3ff80000f8ae
:102a60000000f80000f80000f80000f80000f8008e
:102a700000f80000f80000f80000f8fffff8ffff82
:102a8000f8fffff8fffff8ffff0000000000000064
:102a90000000000000000000000000000000000036
:102aa00000000000f8ff3ff8ff3ff8ff3ff8ff3f4e
:102ab000f8ff3ff80000f80000f80000f80000f808
:102ac0000000f80000f80000f80000f80000f8002e
:102ad00000f8ff0ff8ff0ff8ff0ff8ff0ff8ff0fd8
:102ae000f80000f80000f80000f80000f80000f816
:102af0000000f80000f80000f80000f80000f800fe
:102b000000f80000f80000f80000000000000000dd
:102b100000000000000000000000000000000000b5
:102b2000000000000000f0070000fe3f0000ff7ff3
:102b30000080ffff00c0ffff01e01ffc03f007f073
:102b400003f003f003f801e007f800c007f800c045
:102b500001f80000007c0000007c0000007c000008
:102b6000007c0000007c00ff0f7c00ff0f7c00ff5a
:102b70000f7c00ff0f7c00ff0f7c00800ff80080af
:102b80000ff800800ff801800ff001800ff003c0f4
:102b90000fe007e00fe01ff80fc0ffff0780ffff07
:102ba0000300ffff0100fc7f0000f00f00000000a9
:102bb0000000000000000000000000000000000015
:102bc0000000000000000000000000000000000005
:102bd00000f800f001f800f001f800f001f800f052
:102be00001f800f001f800f001f800f001f800f041
:102bf00001f800f001f800f001f800f001f800f031
:102c000001f800f001f800f001f8ffff01f8ffff04
:102c100001f8ffff01f8ffff01f8ffff01f800f0e6
:102c200001f800f001f800f001f800f001f800f000
:102c300001f800f001f800f001f800f001f800f0f0
:102c400001f800f001f800f001f800f001f800f0e0
:102c500001f800f001f800f00100000000000000a1
:102c60000000000000000000000000000000000064
:102c700000000000000000000000000000f8f8f86c
:102c8000f8f8f8f8f8f8f8f8f8f8f8f8f8f8f8f8c4
:102c9000f8f8f8f8f8f8f8f8f8f8f8f8f8f8f800ac
:102ca000000000000000000000c00700c00700c0d6
:102cb0000700c00700c00700c00700c00700c0072a
:102cc00000c00700c00700c00700c00700c0070021
:102cd000c00700c00700c00700c00700c00700c051
:102ce0000700c00700c00700c00700c00738c007c2
:102cf0003ec0073ec0077ec0077ee003fcf003fc39
:102d0000ff03f8ff01f8ff00f07f00c01f00000084
:102d100000000000000000000000000000000000b3
:102d2000000000000000000000f800e007f800f0dc
:102d300003f800f801f800f801f800fc00f8007e44
:102d400000f8003f00f8801f00f8c01f00f8c00f17
:102d500000f8e00700f8f00300f8f80100f8fc01c3
:102d600000f8fc0300f8fe0300f8ff0700f8ff0777
:102d700000f8ef0f00f8cf1f00f8c71f00f8833fdf
:102d800000f8013f00f8007f00f8007e00f800fe28
:102d900000f800fc00f800fc01f800f801f800f869
:102da00003f800f007f800f007f800e00ff800c0a3
:102db0000f00000000000000000000000000000004
:102dc0000000000000000000000000000000000003
:102dd0000000000000f80000f80000f80000f80013
:102de00000f80000f80000f80000f80000f800000b
:102df000f80000f80000f80000f80000f80000f803
:102e00000000f80000f80000f80000f80000f800ea
:102e100000f80000f80000f80000f80000f80000da
:102e2000f80000f80000f80000f80000f8ff7ff854
:102e3000ff7ff8ff7ff8ff7ff8ff7f0000000000b2
:102e40000000000000000000000000000000000082
:102e5000000000000000f807c03ff807c03ff80777
:102e6000c03ff807c03ff80fe03ff80fe03ff80f12
:102e7000e03ff80fe03ff81ef03ef81ef03ef81e6f
:102e8000f03ef81ef03ef83c783ef83c783ef83cc8
:102e9000783ef83c783ef8783c3ef8783c3ef8784e
:102ea0003c3ef8783c3ef8f01e3ef8f01e3ef8f04e
:102eb0001e3ef8f01e3ef8e00f3ef8e00f3ef8e050
:102ec0000f3ef8e00f3ef8c0073ef8c0073ef8c0de
:102ed000073ef8c0073ef880073ef880033e00003a
:102ee00000000000000000000000000000000000e2
:102ef00000000000000000000000000000000000d2
:102f00000000f801e003f801e003f803e003f80330
:102f1000e003f807e003f807e003f80fe003f80f19
:102f2000e003f81fe003f83fe003f83fe003f87f19
:102f3000e003f87fe003f8fee003f8fce003f8fcb0
:102f4000e103f8f8e303f8f8e303f8f0e703f8f037
:102f5000e703f8e0ef03f8e0ef03f8c0ff03f880c1
:102f6000ff03f880ff03f800ff03f800ff03f800f9
:102f7000fe03f800fe03f800fc03f800f803f80075
:102f8000f803f800f003f800f00300000000000070
:102f90000000000000000000000000000000000031
:102fa000000000000000000000000000000000f031
:102fb000070000fe3f0000ff7f00c0ffff00c0ffd2
:102fc000ff01e01ffc03f007f007f003e007f80142
:102fd000c00ff800800ff800800ff800800f7c0011
:102fe000001f7c00001f7c00001f7c00001f7c0075
:102ff000001f7c00001f7c00001f7c00001f7c0065
:10300000001f7c00001ffc00800ff800800ff800fc
:10301000800ff801c00ff003e007f007f007e01f92
:10302000fc03c0ffff0180ffff0000ff7f0000fee8
:103030003f0000f00700000000000000000000005a
:103040000000000000000000000000000000000080
:1030500000000000000000000000f8ff0700f8ff7b
:103060001f00f8ff3f00f8ff7f00f8ffff00f800a7
:10307000fe00f800f801f800f801f800f001f8008f
:10308000f001f800f001f800f001f800f001f8009c
:10309000f801f800fc00f800fe00f8ffff00f8ff60
:1030a0007f00f8ff3f00f8ff1f00f8ff0300f80063
:1030b0000000f8000000f8000000f8000000f80030
:1030c0000000f8000000f8000000f8000000f80020
:1030d0000000f8000000f8000000f8000000f80010
:1030e00000000000000000000000000000000000e0
:1030f00000000000000000000000000000000000d0
:10310000000000000000f8ff0f00f8ff3f00f8ff8c
:10311000ff00f8ffff00f8ffff01f800f801f800da
:10312000f003f800e003f800e003f800e003f80023
:10313000e003f800e003f800e003f800f001f80015
:10314000f801f8ffff01f8ffff00f8ff7f00f8ff2c
:103150001f00f8ff0700f8e00f00f8801f00f800dc
:103160003f00f8007f00f8007e00f800fe00f80045
:10317000fc00f800fc01f800f801f800f803f80082
:10318000f003f800f007f800e007f800e00f000097
:10319000000000000000000000000000000000002f
:1031a000000000000000000000000000000000001f
:1031b000000000fc030080ff0f00c0ff3f00e0ffa5
:1031c0007f00f0ff7f00f007fe00f801fc00f80030
:1031d000f801f800f801f800f001f800f001f8013a
:1031e0000000f0070000f03f0000f0ff0100e0ffea
:1031f0000f00c0ff3f0000ff7f0000fc7f0000e0e9
:10320000ff000000fe000000f8017c00f0017c00df
:10321000f001fc00f001f800f001f801f801f801fc
:10322000f801f007fe00f0ffff00e0ff7f00c0ffa5
:103230003f0080ff1f0000fc0300000000000000b2
:10324000000000000000000000000000000000007e
:103250000000000000000000000000000000feff71
:103260003ffeff3ffeff3ffeff3ffeff3f003e00f1
:10327000003e00003e00003e00003e00003e000018
:103280003e00003e00003e00003e00003e00003eca
:1032900000003e00003e00003e00003e00003e00f8
:1032a000003e00003e00003e00003e00003e0000e8
:1032b0003e00003e00003e00003e00003e00003e9a
:1032c00000003e00000000000000000000000000c0
:1032d000000000000000000000000000000000f8f6
:1032e00000e003f800e003f800e003f800e003f872
:1032f00000e003f800e003f800e003f800e003f862
:1033000000e003f800e003f800e003f800e003f851
:1033100000e003f800e003f800e003f800e003f841
:1033200000e003f800e003f800e003f800e003f831
:1033300000e003f800e003f800e003f800e003f821
:1033400000e003f801e003f001f001f003f801f000
:103350000ffc01e0ffff00c0ffff0080ff7f0000c7
:10336000ff1f0000fc07000000000000000000003c
:10337000000000000000000000000000000000004d
:1033800000000000000000000000001f00e0033ffc
:1033900000f0033e00f0013e00f0017e00f0017cf1
:1033a00000f8007c00f800fc00f800f800fc00f8d1
:1033b000007c00f8017c00f0017e00f0013e00f08e
:1033c000033e00e0033e00e0031f00e0071f00c0d3
:1033d000071f00c0871f00c08f0f00808f0f008065
:1033e0008f0f0080df070000df070000df0700000d
:1033f000ff070000fe030000fe030000fe030000c4
:10340000fc010000fc010000fc010000f8000000cd
:10341000f8000000000000000000000000000000b4
:10342000000000000000000000000000000000009c
:10343000000000000000007e00f8017c00f800fca5
:1034400000fc00f8017e00f0013e00f0033f00e0c8
:10345000031f00e0871f00c0870f00c0cf0f008050
:10346000ff070000ff030000ff030000fe01000053
:10347000fe010000fc000000fc000000fe01000056
:10348000fe010000ff030000ff030080ff07008033
:10349000cf0700c0cf0f00e0871f00e0031f00f040
:1034a000033f00f0013e00f8017e00f8007c00fcc4
:1034b00000fc007e00f8013e00f0013f00f0030038
:1034c00000000000000000000000000000000000fc
:1034d00000000000000000000000000000000000ec
:1034e00000000000000000000000000000000000dc
:1034f000000000000000000000000000000000ffcd
:1035000000c0ff03e0ff07f0ff07f0ff0ff8c10f57
:10351000f8810fe0800f00800f00c00f00fc0fc08b
:10352000ff0ff0ff0ff8ff0ff89f0ffc810f7c805b
:103530000f7c800f7cc00ffce00ffcff0ff8ff0f2b
:10354000f8ff0ff03f1fc00f1f0000000000000039
:10355000000000000000000000000000000000006b
:10356000000000000000000000000000000000005b
:10357000000000000000000000000000000000004b
:103580007e0080ff01e0ff03f0ff07f0ff0ff8c3ac
:103590000ff8801ff8001f7c00077c00007c0000f3
:1035a0007c00007c00007c00007c00007c0007fcac
:1035b000001ff8801ff8810ff8c30ff0ff0ff0ff16
:1035c00007e0ff03c0ff01007f00000000000000d3
:1035d00000000000000000000000000000000000eb
:1035e00000000000000000000000000000000000db
:1035f00000000000000000000000000000000000cb
:10360000007f0080ff01e0ff03e0ff07f0ff07f805
:10361000c10ff8800ff8800f7c001f7c001ffcff9b
:103620001ffcff1ffcff1ffcff1f7c00007c000035
:103630007c0000f80007f8811ff8c30ff0ff0ff0bf
:10364000ff07e0ff0380ff01007e00000000000094
:10365000000000000000000000000000000000006a
:10366000000000000000000000000000000000005a
:10367000000000000000000000000000000000004a
:1036800000003f3ec07f3ee0ff3ef0ff3ff0ff3fc7
:10369000f8c33ff8813ff8003ffc003f7c003e7cd0
:1036a000003e7c003e7c003e7c003e7c003e7c0078
:1036b0003efc003ff8003ff8813ff8c33ff0ff3f7a
:1036c000f0ff3fe0ff3ec07f3e001f3e38003ef867
:1036d000003ef8003ff8811ff0ff1ff0ff0fe0fff2
:1036e0000fc0ff0300ff00f8f8f8f8f8f80000003a
:1036f000f8f8f8f8f8f8f8f8f8f8f8f8f8f8f8f84a
:10370000f8f8f8f8f8f8f8f8f80000000000000001
:103710000000f8f8f8f8f8f8f8f8f8f8f8f8f8f819
:10372000f8f8f8f8f8f8f8f8f8f8f8f8f8f8f8f819
:10373000f8f8f8f8000000000000000000000000a9
:103740000000000000000000000000000000000079
:103750000000000000000000000000000000000069
:1037600000f8f8810ff8fcc33ff8fee77ff8fff799
:103770007ff8ffff7ff8c33ffcf8811ffcf8811f33
:10378000f8f8800ff8f8800ff8f8800ff8f8800f3d
:10379000f8f8800ff8f8800ff8f8800ff8f8800f2d
:1037a000f8f8800ff8f8800ff8f8800ff8f8800f1d
:1037b000f8f8800ff8f8800ff8f8800ff8f8800f0d
:1037c000f8f8800ff8000000000000000000000082
:1037d00000000000000000000000000000000000e9
:1037e00000000000000000000000000000000000d9
:1037f00000000000000000000000000000000000c9
:1038000000000000f8f001f8fc07f8fe0ff8ff0fc9
:10381000f8ff0ff8c71ff8811ff8011ff8001ff805
:10382000001ff8001ff8001ff8001ff8001ff80025
:103830001ff8001ff8001ff8001ff8001ff8001ff6
:10384000f8001ff8001ff8001ff8001ff8001f0005
:103850000000000000000000000000000000000068
:103860000000000000000000000000000000000058
:103870000000000000000000000000000000000048
:103880000000000000007f00c0ff01e0ff03f0ff28
:1038900007f8ff0ff8c10ffc801f7c001f7e003f60
:1038a0003e003e3e003e3e003e3e003e3e003e3e6e
:1038b000003e3e003e7e001f7c001ffc801ff8c1c2
:1038c0000ff8ff0ff0ff07e0ff03c0ff01007f00cc
:1038d00000000000000000000000000000000000e8
:1038e00000000000000000000000000000000000d8
:1038f00000000000000000000000000000f87cf85c
:10390000fef8fef87ff87ff863f801f801f800f898
:1039100000f800f800f800f800f800f800f800f8e7
:1039200000f800f800f800f800f800f800f80000cf
:103930000000000000000000000000000000000087
:103940000000000000000000000000000000000077
:10395000000000000000000000000000807f00e088
:10396000ff01f0ff03f8ff07fcff07fce00f7cc03e
:103970000f7c8001fc0300fc3f00f8ff01f8ff030f
:10398000f0ff07c0ff0700fe0f00e00f60800f7c14
:10399000800ffc800ff8c10ff8ff07f0ff07e0ff72
:1039a00003c0ff01007f00000000000000000000d5
:1039b0000000000000000000000000000000000007
:1039c00000008000c000e000f000f800f800f800ff
:1039d000f800f800ff0fff0fff0fff0fff0ff800b9
:1039e000f800f800f800f800f800f800f800f80017
:1039f000f800f800f800f800f800f810f81ff81fb9
:103a0000f01fe01fc00f00000000000000000000d9
:103a100000000000000000000000000000000000a6
:103a20000000000000000000000000000000000096
:103a3000000000f8001ff8001ff8001ff8001ff832
:103a4000001ff8001ff8001ff8001ff8001ff80003
:103a50001ff8001ff8001ff8001ff8001ff8001fd4
:103a6000f8001ff8001ff8801ff8811ff8e31ff00f
:103a7000ff1ff0ff1fe07f1fe03f1f800f1f0000b0
:103a80000000000000000000000000000000000036
:103a90000000000000000000000000000000000026
:103aa000a43a049d00001c007e001b00109401003d
:103ab00010ca0100110002001151020005a202000b
:103ac00006bd02000ad802000b0e03000b440300df
:103ad000107a030010b0030006e60300070104009b
:103ae000071c04000a370400096d040005a3040044
:103af00008be040005d904000bf404000b2a0500dd
:103b00000b6005000b9605000bcc05000b020600b0
:103b10000b3806000b6e06000ba406000bda06003d
:103b20000b10070005460700056107000a7c070027
:103b30000ab207000ae807000a1e0800135408002a
:103b40000ea508000cdb08000c1109000e47090047
:103b50000b7d09000bb309000de909000f1f0a00d6
:103b600007550a0007700a000d8b0a000bc10a00f6
:103b700013f70a000f480b000e7e0b000cb40b006d
:103b80000eea0b000d200c000b560c000d8c0c00e7
:103b90000fc20c000ff80c00142e0d000e7f0d004c
:103ba0000eb50d000ceb0d0007210e000b3c0e00b6
:103bb00008720e000b8d0e000bc30e0007f90e00ed
:103bc0000b140f000c4a0f000a800f000cb60f00f8
:103bd0000bec0f00072210000c3d10000d731000bd
:103be00006a9100006c410000cdf10000615110015
:103bf000143011000d8111000cb711000ced1100f3
:103c00000c23120009591200098f120008c5120076
:103c10000ce012000b161300104c13000c82130062
:103c20000bb813000aee130008241400053f14001b
:103c3000085a14000b75140000000000000000304a
:103c40000038003c003e003f803fc03fe03ff03f77
:103c5000f83ffc3ff83ff03fe03fc03f803f003f70
:103c6000003e003c00380030000000000000000072
:103c7000000000000c001c003c007c00fc00fc016b
:103c8000fc03fc07fc0ffc1ffc3ffc1ffc0ffc07a8
:103c9000fc03fc01fc007c003c001c000c0000004c
:103ca0000000000000000000000000000000010013
:103cb000800300800300800300c00700c00700e00d
:103cc0000f00e00f00e00f00f01f00f01f00f01fda
:103cd00000f83f00f83f00f83f00fc7f00fc7f0049
:103ce000fc7f00feff00feff00feff000000000062
:103cf0000000000000000000000000000000feffc7
:103d000000feff00feff00fc7f00fc7f00fc7f0048
:103d1000f83f00f83f00f83f00f01f00f01f00f0f0
:103d20001f00e00f00e00f00e00f00c00700c00719
:103d300000800300800300800300000100000000f9
:103d40000000000000000000000000000000000073
:103d50000000000000000000000000000000000063
:103d600000000000080c0c0c0c0c0c0c0c0c0c0cc7
:103d700004000c0c0c00000000000000000000001b
:103d80000000cc00cc00cc00cc00cc00cc00cc009f
:103d9000c40000000000000000000000000000005f
:103da0000000000000000000000000000000000013
:103db00000000000000000000000000000006002a1
:103dc000200320012001fc07900190009800fe03d1
:103dd00048004c00440064000000000000000000a7
:103de00000000000000000000000000000000000d3
:103df00060006000f8016c03660166006e007c00e4
:103e0000f801e001e0036003620362036601fc0065
:103e100060006000000000000000000000000000e2
:103e20000000000000000000000038302418660c7c
:103e3000660466066603a4019c38c064606620665a
:103e4000106618240c1c0000000000000000000098
:103e5000000000000000000000000000e00130034e
:103e600018031803180198017800787e7c1ccc1880
:103e7000c619861b060f060e0c1af871000000000a
:103e8000000000000000000000000000000c0c0c0e
:103e90000c0c0c0c040000000000000000000000ee
:103ea00000000000000000603010080c0c04060642
:103eb000060606060606040c0c0818306000000012
:103ec000000003060c081818103030303030303045
:103ed000301018180804060300000000000000302d
:103ee0000030002201ae0378007800ae01220130dc
:103ef0000030000000000000000000000000000092
:103f000000000000000000000000000000000000b1
:103f100000000000000000000000000000000000a1
:103f20000000000000300030003000fe01300030a2
:103f30000030003000000000000000000000000021
:103f40000000000000000000000000000000000071
:103f500000000000000000000e0f0c0c0402000026
:103f60000000000000000000000000000000000051
:103f70007e000000000000000000000000000000c3
:103f800000000000000000000000000000000c0c19
:103f90000c00000000000000000000000002000310
:103fa0000001800180018000c000c000600060004e
:103fb0002000300030001000180018000c000c0029
:103fc00004000600060002000000000000000000df
:103fd00000000000000000000000f000c8018c019b
:103fe000840306030603060306030603060306010d
:103ff0000c018c00700000000000000000000000b8
:1040000000000000000000000000000000000000b0
:104010006000780064006000600060006000600084
:1040200060006000600060006000fc0300000000b1
:104030000000000000000000000000000000000080
:104040000000000000007800c401860182018001a8
:10405000c000c00060003000300018000c010601f4
:10406000fe01000000000000000000000000000051
:10407000000000000000000000000000f800cc017b
:104080008601800180014000f000800100030003f0
:10409000000300038601780000000000000000001b
:1040a0000000000000000000000000000000000010
:1040b0000000c000e000e000d000d800c800c4004c
:1040c000c600c200ff03c000c000c000f003000033
:1040d00000000000000000000000000000000000e0
:1040e00000000000000000000001fc0004000400cb
:1040f00006007e00c20080018001800180018000f6
:10410000c3003c00000000000000000000000000b0
:10411000000000000000000000000000000080011e
:104120006000180008000c00f6008e01060306036c
:10413000060306030c018c01f000000000000000e3
:10414000000000000000000000000000000000006f
:10415000000000000000fc03020102018001800059
:10416000c00040006000200030003000180008004f
:10417000000000000000000000000000000000003f
:1041800000000000000000000000f800cc018601e3
:1041900086018e01dc00f000c8018c0306030603d3
:1041a00006038c0178000000000000000000000001
:1041b00000000000000000000000000000000000ff
:1041c000f0008c01840106030603060306038c033a
:1041d000780300018001c00020001c0000000000e6
:1041e00000000000000000000000000000000000cf
:1041f0000000000c0c0c00000000000c0c0c000077
:1042000000000000000000000000000000000c0c96
:104210000c00000000000e0f0c0c04020000000057
:10422000000000000000000000000000000000008e
:10423000000000000001e0013c0006001c00f0004e
:1042400080010000000000000000000000000000ed
:10425000000000000000000000000000000000005e
:104260000000000000000000000000000000fe014f
:1042700000000000fe01000000000000000000003f
:10428000000000000000000000000000000000002e
:10429000000000000000000000000000000000001e
:1042a00006003c00e0018001f0001e00020000005a
:1042b00000000000000000000000000000000000fe
:1042c0000000000000000000f800cc01860186011b
:1042d00080018001c00060006000300030003000cc
:1042e000100000003000300030000000000000002e
:1042f00000000000000000000000000000000000be
:1043000000000000000000003f00c0700030c0004e
:104310001880010880010c9703841803461803666f
:1043200018036618036618036618016e9801cc9c82
:10433000008c7300180000388000e0e001801f004e
:10434000000000000000000000000000000000006d
:1043500000000000004000c000a000a001a001106b
:104360000110031003f80308060806040c040c1fd0
:104370001e0000000000000000000000000000001f
:104380000000000000000000000000fe008d030c93
:10439000030c030c038c01fc018c030c070c060cb2
:1043a000060c060c03ff01000000000000000000e6
:1043b00000000000000000000000000000000000fd
:1043c00000c007300c08000c0004000600060006c0
:1043d00000060006000c000c083804e00300000092
:1043e00000000000000000000000000000000000cd
:1043f00000000000000000fe010d070c0e0c0c0c6c
:10440000180c180c180c180c180c180c0c0c0e0ca2
:1044100007ff010000000000000000000000000095
:1044200000000000000000000000000000ff030c7e
:10443000020c020c000c000c00fc018c000c000ca7
:10444000000c000c040c06ff03000000000000003c
:10445000000000000000000000000000000000005c
:10446000000000ff030c020c020c000c000c00fc0e
:10447000018c000c000c000c000c000c003f000034
:10448000000000000000000000000000000000002c
:10449000000000000000000000e003100608000c0f
:1044a00000060006000600860f060606060c060c2f
:1044b000061806f0010000000000000000000000e7
:1044c0000000000000000000000000000000003fad
:1044d0007e0c180c180c180c180c18fc1f0c180c5f
:1044e000180c180c180c180c183f7e000000000067
:1044f0000000000000000000000000000000003f7d
:104500000c0c0c0c0c0c0c0c0c0c0c0c3f000000dc
:10451000000000000000000000007e1818181818a5
:1045200018181818181818181808040300000000a4
:1045300000000000000000000000003f0f0c020c13
:10454000018c004c006c003c006c00ec00cc008c3a
:10455000010c030c063f1c000000000000000000de
:10456000000000000000000000000000000000004b
:10457000003f000c000c000c000c000c000c000ca8
:10458000000c000c000c000c040c02ff03000000e7
:10459000000000000000000000000000000000001b
:1045a000000000000000000000000000001ec0012c
:1045b0001ce0001ce0003cf0002cd0006cd0006c33
:1045c000c800ccc800cccc008cc5008cc7000cc384
:1045d000000cc3001ee1030000000000000000000a
:1045e00000000000000000000000000000000000cb
:1045f00000000000000000000f7e0c181c183c1882
:104600002c184c18cc188c190c190c1b0c1e0c1cdb
:104610000c1c3f180000000000000000000000001b
:104620000000000000000000000000000000e003a7
:104630001806080c0c0c061806180618061806189a
:1046400006180c0c0c041802f00100000000000019
:10465000000000000000000000000000000000005a
:1046600000000000fe010d030c060c060c060c06f3
:104670000c03fc000c000c000c000c000c003f00b4
:10468000000000000000000000000000000000002a
:1046900000000000000000000000e0031806080c05
:1046a0000c0c0618061806180618061806180c0c26
:1046b0000c0c1806f0010003000600380000000092
:1046c00000000000000000000000000000000000ea
:1046d000fe010d030c060c060c060c03fc00cc00be
:1046e000cc008c010c030c030c063f1c00000000e6
:1046f00000000000000000000000000000000000ba
:10470000000000000000f8008c01060006000e000a
:104710003c00f800e001800300030203020186016f
:104720007c0000000000000000000000000000000d
:10473000000000000000000000000000ff0f610802
:104740006108600060006000600060006000600060
:10475000600060006000f801000000000000000040
:104760000000000000000000000000000000000049
:1047700000003f7e0c180c180c180c180c180c18a4
:104780000c180c180c180c18180c3806e003000054
:104790000000000000000000000000000000000019
:1047a00000000000000000001f3c0c180c08180856
:1047b000180c180430063002200260036001c001aa
:1047c000c0018000000000000000000000000000a8
:1047d00000000000000000000000000000000000d9
:1047e000000000001fc2070c06010c06010c0701a7
:1047f0000c8d01088d00988900989800989800d039
:10480000d0007070007070007060002060000000c8
:104810000000000000000000000000000000000098
:104820000000000000000000000000000000003f49
:104830001f0c0c180638033001e001c000c001a0b5
:104840000130031806080e0c0c1f3e00000000008b
:104850000000000000000000000000000000000058
:104860000000000000073e0c0c1804180230036022
:1048700001e001c000c000c000c000c000c000f0e6
:104880000300000000000000000000000000000025
:104890000000000000000000000000fc070403020c
:1048a000038001c000c000600070003000180018d4
:1048b000000c040604fe07000000000000000000d9
:1048c000000000000000003e06060606060606067a
:1048d0000606060606060606060606063e00000052
:1048e0000000000002000600060004000c000800a2
:1048f0001800180010003000300020006000400058
:104900004000c0008000800180010001000300021f
:1049100000000000000000003e3030303030303009
:10492000303030303030303030303030303e0000d9
:1049300000000000000000200060007000d000d8df
:1049400000880088018c01040304030203000000b6
:104950000000000000000000000000000000000057
:104960000000000000000000000000000000000047
:104970000000000000000000000000000000000037
:104980000000000000000000000000000000000027
:10499000000000fe03000000000000000000000016
:1049a00003060c08100000000000000000000000da
:1049b00000000000000000000000000000000000f7
:1049c000000000000000000000000000f0008c016a
:1049d00086018001f0018c0186018601c601bc07b9
:1049e00000000000000000000000000000000000c7
:1049f000000000000c000e000c000c000c000c006d
:104a00000c00cc013c031c070c060c060c060c0623
:104a10000c021c01f000000000000000000000007b
:104a20000000000000000000000000000000000086
:104a30000000000000000000e00118030c00060068
:104a40000600060006000c001c03f0000000000039
:104a50000000000000000000000000000000000056
:104a60000003c00300030003000300030003f0037e
:104a70008803040306030603060306030e03cc0b98
:104a800038070000000000000000000000000000e7
:104a90000000000000000000000000000000000016
:104aa00000000000f00008030403fe0306000600f7
:104ab00006000c001c03f0000000000000000000d5
:104ac0000000000000000000006050180c0c0c0cee
:104ad0007e0d0c0c0c0c0c0c0c3f000000000000b8
:104ae00000000000000000000000000000000000c6
:104af0000000000000f80c8c030603060306038c7c
:104b000001f80018001c00f803060e030c030c0645
:104b100006fc01000000000000000000000c000f77
:104b2000000c000c000c000c000c00cc032c061c2c
:104b3000060c060c060c060c060c060c06bf1f0025
:104b40000000000000000000000000000000000065
:104b500000000c0c0000000c0f0c0c0c0c0c0c0cce
:104b60003f0000000000000000000000000c0c00ee
:104b700000000c0f0c0c0c0c0c0c0c0c0c0c04029c
:104b80000100000000000000000c000f000c000cf1
:104b9000000c000c000c008c078c01cc002c003c9d
:104ba000006c00cc008c010c031f0f000000000003
:104bb0000000000000000000000000000c0f0c0cc2
:104bc0000c0c0c0c0c0c0c0c0c0c0c0c3f00000016
:104bd00000000000000000000000000000000000d5
:104be00000000000000000000000000000000000c5
:104bf00000008ee3016d16031c0e030c06030c0669
:104c0000030c06030c06030c06030c0603bfdf0fa0
:104c10000000000000000000000000000000000094
:104c20000000000000000000000000000000000084
:104c30000000000000000000008e036d061c060c42
:104c4000060c060c060c060c060c06bf1f00000026
:104c50000000000000000000000000000000000054
:104c6000000000000000000000000000000000f054
:104c7000008803040306060606060606060c021c48
:104c800001f0000000000000000000000000000033
:104c90000000000000000000000000000000000014
:104ca0000000000000ce013d031c070c060c060ca2
:104cb000060c060c021c03ec000c000c000c000c93
:104cc000003f0000000000000000000000000000a5
:104cd0000000000000000000000000f00288030c4b
:104ce0000306030603060306030e038c0378030082
:104cf00003000300030003c00f00000000000000d9
:104d000000000000000000000000000000000000a3
:104d100000cc01af019c001c000c000c000c000c2e
:104d2000000c003f00000000000000000000000038
:104d30000000000000000000000000000000000073
:104d4000000000000000007c00660006000e003c31
:104d500000f000c000c200c2003e000000000000e1
:104d6000000000000000000000000000000000083b
:104d70000c0c0cfe0d0c0c0c0c0c0c8c78000000b8
:104d80000000000000000000000000000000000023
:104d900000000000000000000c03ce030c030c0315
:104da0000c030c030c030c03cc0b380700000000b1
:104db00000000000000000000000000000000000f3
:104dc00000000000000000000000000000009f073d
:104dd00004020c010c019801980090007000600022
:104de00020000000000000000000000000000000a3
:104df00000000000000000000000000000000000b3
:104e0000000000001ff1044184238c2388264836cb
:104e10005814301c301c3008000000000000000056
:104e20000000000000000000000000000000000082
:104e3000000000000000000000009f070c01980027
:104e4000f00060007000d000880104038f070000ac
:104e50000000000000000000000000000000000052
:104e60000000000000000000000000000000000042
:104e70009f0704020c010c0198019800900070003b
:104e8000600060002000300010000f0007000000ec
:104e90000000000000000000000000000000000012
:104ea000000000000000fe018201c200600020003e
:104eb000300018000c010401fe0100000000000099
:104ec000000000000000000000004030101818181a
:104ed00038303010081e3030303018181818304074
:104ee000000000000c0c0c0c0c0c0c0c0c0c0c0c32
:104ef0000c0c0c0c0c0c0c0c0c0c0c0c0000000022
:104f0000020c181818180c0c0c0c7810080c0c1c3f
:104f1000181818080c020000000000000000000033
:104f20000000000000000000000000000000001869
:104f3000047c02f201c20100000000000000000039
:104f40000000000000000000000000000000000061
:104f500000000000584f049d000020007f00190051
:104f60000588010006a1010009ba01000aec010050
:104f70000a1e02000f5002000f82020005b4020058
:104f800007cd020007e6020009ff02000931030015
:104f900005630300077c0300059503000aae0300c8
:104fa0000ae003000a1204000a4404000a7604001e
:104fb0000aa804000ada04000a0c05000a3e0500eb
:104fc0000b7005000aa2050005d4050005ed0500db
:104fd0000906060009380600096a0600099c060051
:104fe00012ce06000d1907000b4b07000b7d0700c2
:104ff0000caf07000ae107000a1308000c4508007f
:105000000e77080006a9080006c208000cdb08009d
:105010000a0d0900113f09000e8a09000dbc0900a4
:105020000bee09000d200a000c520a000a840a0047
:105030000cb60a000ee80a000e1a0b00124c0b0008
:105040000d970b000cc90b000bfb0b00062d0c0081
:105050000a460c0006780c000a910c000ac30c00ea
:1050600007f50c000a0e0d000b400d0009720d0033
:105070000ba40d000ad60d0007080e000b210e0030
:105080000c530e0006850e00059e0e000bb70e0099
:1050900006e90e0012020f000c4d0f000b7f0f00ef
:1050a0000bb10f000be30f0008151000082e1000c5
:1050b000074710000b6010000a9210000fc4100088
:1050c0000bf610000a281100095a1100088c110073
:1050d00005a5110008be11000ad71100050912002c
:1050e00000000000000000000000000000000000c0
:1050f000000000000000000000000000000c0c0c8c
:105100000c0c0c0c0c040404040c0c0c000000002f
:10511000000000000000000000006c006c00640053
:10512000440044004400440000000000000000006f
:10513000000000000000000000000000000000006f
:10514000000000000000000000000000000000005f
:10515000200120019000fc039000c8004800fe01df
:105160004c00240024002400000000000000000087
:10517000000000000000000000000000000000002f
:1051800010001000fc00d600160016001e0078006b
:10519000f000900190019201d6007c0010001000f8
:1051a00000000000000000000000000000000000ff
:1051b000000000003808640c660666026601a6015d
:1051c000dc1c403260333033103308120c0e000008
:1051d00000000000000000000000000000000000cf
:1051e0000000e0009001980198019800d80030007c
:1051f000383f6c0e460c860c860506070c0df838f9
:10520000000000000000000000000000000000009e
:105210000c0c040404040400000000000000000062
:105220000000000000000000201018080c04060612
:105230000606060606040c0c1810200000000000ec
:105240000002040c18181030303030303030101894
:10525000080c040200000000000000000010001014
:10526000009201dc003000dc00960010001000000d
:10527000000000000000000000000000000000002e
:10528000000000000000000000000000000000001e
:1052900000000000000000000000000000180018de
:1052a000001800ff0018001800180000000000009f
:1052b00000000000000000000000000000000000ee
:1052c0000000000000000000000000000e0c0c04b4
:1052d00002000000000000000000000000000000cc
:1052e000003e000000000000000000000000000080
:1052f000000000000000000000000000000c0c0c8a
:10530000000000000000000000000000000180011b
:1053100080008000c00040006000200020003000bd
:1053200010001800180008000c0004000600060019
:10533000030000000000000000000000000000006a
:10534000000000007000cc00c400860186018601c8
:1053500086018601860186018c00cc007800000061
:10536000000000000000000000000000000000003d
:1053700000000000000030003c003200300030002f
:105380003000300030003000300030003000fe01ce
:10539000000000000000000000000000000000000d
:1053a0000000000000000000f000cc018401820138
:1053b0008001c000c00060003000180018010c011e
:1053c000fe010000000000000000000000000000de
:1053d000000000000000000000007800e600c600a9
:1053e000c00040003000e800c00180018001800161
:1053f000c2007c000000000000000000000000006f
:10540000000000000000000000000000c000e000fc
:10541000f000d000c800c800c400c200fe03c000f5
:10542000c000c000f001000000000000000000000b
:10543000000000000000000000000000000000016b
:10544000fc000400040004007c00c2008001800114
:1054500080018001c2007c0000000000000000000c
:10546000000000000000000000000000000000003c
:10547000c000300018000c000400f600ce018601c8
:10548000860186018401cc00780000000000000045
:10549000000000000000000000000000000000000c
:1054a00000000000fe0182018000c00040004000ba
:1054b000200020003000100018000c000000000048
:1054c00000000000000000000000000000000000dc
:1054d00000000000f800cc0186018601ce007800b3
:1054e000f8018c030603060306038c01f800000094
:1054f00000000000000000000000000000000000ac
:105500000000000000007800cc00860186018601c2
:105510008601cc01b8018000c000600030000c00a2
:10552000000000000000000000000000000000007b
:1055300000000000000c0c0c000000000c0c0c0023
:1055400000000000000000000000000000000c0c43
:105550000c00000000000e0c0c0402000000000013
:10556000000000000000000000000000000000003b
:105570000000800170000e000e007800c0010000e5
:10558000000000000000000000000000000000001b
:10559000000000000000000000000000000000000b
:1055a000000000000000fe0100000000fe010000fd
:1055b00000000000000000000000000000000000eb
:1055c00000000000000000000000000000000000db
:1055d00000000000000006003c00e001e0001c00ac
:1055e00002000000000000000000000000000000b9
:1055f0000000000000000000000000007800e4004f
:10560000c600c600c000600060003000180018002e
:105610001800080018001800180000000000000022
:10562000000000000000000000000000000000007a
:105630000000000000801f007038001860000cc0df
:105640000086cb00468c01238c01338c01338c0106
:10565000338c01338c0033cc00664e00c639000c0d
:1056600000001c4000706000c01f0000000000002f
:10567000000000000000000000000000004000608a
:1056800000e0009000900090010801f80108030478
:1056900002040204060f0f000000000000000000da
:1056a000000000000000000000000000000000fefc
:1056b000008d018c018c01cc00fc008c010c030cd2
:1056c000030c030c038c01fe00000000000000002e
:1056d00000000000000000000000000000000000ca
:1056e00000e003100608000c000600060006000695
:1056f0000006000c000c041802e00100000000008d
:105700000000000000000000000000000000000099
:10571000000000fe008d010c030c060c060c060cac
:10572000060c060c060c020c038c01fe00000000a7
:105730000000000000000000000000000000000069
:105740000000000000fe010c010c010c000c00fc2c
:10575000008c000c000c000c000c020c02fe03007c
:105760000000000000000000000000000000000039
:1057700000000000000000fe030c010c010c000cf6
:1057800000fc004c000c000c000c000c000c003e57
:105790000000000000000000000000000000000009
:1057a000000000000000000000e00118030c0004ed
:1057b00000060006000600c607060306030c0318d1
:1057c00003f00000000000000000000000000000e6
:1057d00000000000000000000000001e1e0c0c0c69
:1057e0000c0c0c0c0c0c0cfc0f0c0c0c0c0c0c0c06
:1057f0000c0c0c1e1e000000000000000000000049
:10580000000000000000001e0c0c0c0c0c0c0c0c1a
:105810000c0c0c1e00000000000000000000000046
:105820001f0c0c0c0c0c0c0c0c0c0c0c0c0c0402b7
:105830000100000000000000000000000000009ec9
:10584000070c018c004c006c003c003c006c006cb0
:1058500000cc008c010c031e0e00000000000000b4
:105860000000000000000000000000000000000038
:10587000001e000c000c000c000c000c000c000cb6
:10588000000c000c000c020c02fe030000000000e3
:105890000000000000000000000000000000000008
:1058a0000000000000000000000ef0001c70001c52
:1058b0007000146800346800246c00646400446460
:1058c00000c46200c462008461008461001ef900ab
:1058d00000000000000000000000000000000000c8
:1058e0000000000000000000000000000000061e94
:1058f0000c0c1c0c1c0c2c0c4c0ccc0c8c0c0c0d27
:105900000c0f0c0e0c0e1e0c00000000000000001e
:105910000000000000000000000000000000000087
:10592000e00118030c06040e060c060c060c060c0f
:10593000060c0c040c061803f00000000000000028
:105940000000000000000000000000000000000057
:105950000000fe008d010c030c030c030c038c01f2
:10596000fc000c000c000c000c003e0000000000cd
:105970000000000000000000000000000000000027
:1059800000000000e00118030c060406060c060cdb
:10599000060c060c060c0c040c061803f001800122
:1059a0000012001c000000000000000000000000c9
:1059b000000000000000fe008d010c030c030c032e
:1059c0008c01fc004c00cc008c018c010c031e0ee1
:1059d00000000000000000000000000000000000c7
:1059e00000000000000000007800c400060006006f
:1059f0001e007c00f800e001800180018201c600e9
:105a00007c0000000000000000000000000000001a
:105a100000000000000000000000fe0f61086104ab
:105a20006000600060006000600060006000600076
:105a30006000f8010000000000000000000000000d
:105a40000000000000000000000000001e1e0c0c02
:105a50000c0c0c0c0c0c0c0c0c0c0c0c0c0c0c0c86
:105a60001c061806f0010000000000000000000005
:105a700000000000000000000000000000001f1ee9
:105a80000c040c0408041802180210033001300141
:105a9000e001e000c0004000000000000000000045
:105aa00000000000000000000000000000000000f6
:105ab0000000000000001fe10104830004c3008c0b
:105ac00043008c4600884400c84400586c005828a5
:105ad000007838003038003030003010000000000e
:105ae00000000000000000000000000000000000b6
:105af00000000000000000000000009f0f0c0218d2
:105b0000031801b000e0006000e0009001180308f5
:105b10000304061f1f00000000000000000000003a
:105b200000000000000000000000000000070f045b
:105b3000020c0318019801b000e0006000600060f2
:105b40000060006000f8010000000000000000009c
:105b5000000000000000000000000000000000fe47
:105b60000302018201c000c0006000300030001854
:105b70000008000c020602fe030000000000000006
:105b800000000000000000003e06060606060606ad
:105b9000060606060606060606063e00000000008b
:105ba0000000000002000600060004000c000800cf
:105bb00008001800100030002000200060004000a5
:105bc000c000800080008001000100000000000093
:105bd0000000001f18181818181818181818181886
:105be00018181818181f00000000000000000020fe
:105bf000003000700078004800c8008400840186ee
:105c00000102010000000000000000000000000090
:105c10000000000000000000000000000000000084
:105c20000000000000000000000000000000000074
:105c30000000000000000000000000000000000064
:105c4000000000fe01000000000000000000000055
:105c50000207040808000000000000000000000027
:105c60000000000000000000000000000000000034
:105c700000000000000000007800c600c200c00064
:105c8000f000dc00c600c600e600dc0300000000f7
:105c900000000000000000000000000000000600fe
:105ca00007000600060006000600e6009e018e03bf
:105cb000060306030603060306018e0078000000b3
:105cc00000000000000000000000000000000000d4
:105cd000000000000000000000000000f0010801ca
:105ce000040006000600060006000c000c01f0008f
:105cf00000000000000000000000000000000000a4
:105d00000000c00180018001800180018001f80154
:105d10008c01840186018601860186018601cc03ff
:105d2000b8070000000000000000000000000000b4
:105d30000000000000000000000000000000000063
:105d4000f000880104010601fe03060006000c00b5
:105d50000c01f00000000000000000000000000046
:105d60000000006010080c0c0c7e0d0c0c0c0c0cd0
:105d70000c0c3e00000000000000000000000000cd
:105d800000000000000000000000007803cc018645
:105d90000186018601ce00780008001c00f801068b
:105da00007030603060603fc0000000000000000d5
:105db000000c000e000c000c000c000c00cc012ca0
:105dc000031c030c030c030c030c030c030c039eb9
:105dd00007000000000000000000000000000000bc
:105de00000000c0c00000c0e0c0c0c0c0c0c0c1e0f
:105df00000000000000000000000000c0c00000c7f
:105e00000e0c0c0c0c0c0c0c0c0c0c040201000005
:105e100000000000000c000e000c000c000c000c38
:105e2000008c078c014c002c003c006c00cc00cc9a
:105e3000008c011e070000000000000000000000b0
:105e4000000000000c0e0c0c0c0c0c0c0c0c0c0cc0
:105e50000c0c0c3f000000000000000000000000df
:105e60000000000000000000000000000000000032
:105e70000000000000ce71002ccb001cc7000cc33a
:105e8000000cc3000cc3000cc3000cc3000cc30007
:105e90009ee701000000000000000000000000007c
:105ea00000000000000000000000000000000000f2
:105eb00000000000000000cc012e031c030c030caa
:105ec000030c030c030c030c039e070000000000ee
:105ed00000000000000000000000000000000000c2
:105ee000000000000000000000f0008c01840306a8
:105ef000030603060306030e018c01780000000070
:105f00000000000000000000000000000000000091
:105f10000000000000000000000000ce01bc010ce9
:105f2000030c030c030c030c030c019c01ec000c90
:105f3000000c000c000c003e0000000000000000ff
:105f40000000000000000000000000000070018858
:105f5000018401860186018601860186014c01b813
:105f6000018001800180018001e003000000000049
:105f7000000000000000ccae9c0c0c0c0c0c0c3e85
:105f80000000000000000000000000000000003cd5
:105f900026060e3c786062623e00000000000000b1
:105fa0000000000000080c0c7e0d0c0c0c0c0c0cfe
:105fb0004c3800000000000000000000000000005d
:105fc000000000000000000000008c01ce018c01e8
:105fd0008c018c018c018c018c01cc05b803000074
:105fe00000000000000000000000000000000000b1
:105ff0000000000000000000000000008f03060108
:106000008c018c008800580058005000300020009f
:106010000000000000000000000000000000000080
:1060200000000000000000000000000000008f7869
:106030008611841144114c13480b280a380e30067f
:10604000100400000000000000000000000000003c
:106050000000000000000000000000000000000040
:10606000df038c018800580030007000c8008c00ed
:106070008401cf03000000000000000000000000c9
:106080000000000000000000000000000000000010
:1060900000008f0306018c018c0088005800580016
:1060a0005000300020003000100018000f000700e2
:1060b00000000000000000000000000000000000e0
:1060c00000000000fe00c200620020003000180046
:1060d00008000c018600fe00000000000000000027
:1060e0000000000000000040301818183830301050
:1060f0000c30303038181818306000000000000ce8
:106100000c0c0c0c0c0c0c0c0c0c0c0c0c0c0c0ccf
:106110000c0c0c0c0000000000060c1818181c0ccd
:106120000c0c30080c0c1c1818180c020000000095
:10613000000000000000000000000000000000005f
:106140000000001c023c01f201e100000000000020
:10615000000000000000000000000000000000003f
:10616000000000000000001e020202020202020201
:0c617000020202021e00000000000000fd
:020000040000fa
:020000041d04d9
:10617c000800e003000000000800e003000000003d
:10618c00b8ffbd274400bfaf4000beaf3c00b7af67
:10619c003800b6af3400b5af3000b4af2c00b3af9d
:1061ac002800b2af2400b1af2000b0af21b0c000c6
:1061bc0021a0e000b6b50224768282a7ffff9130c1
:1061cc00040032262096127c209e057c0a00222692
:1061dc002016027c1400a2afffffb0301c00152665
:1061ec0020ae157c21204002212860022130400085
:1061fc004f08410f2138a0028028947e40a1140042
:10620c005800a28fc020427cc020d67e25a08202de
:10621c00c0b2160025a09602ffff9432768294a796
:10622c00050024260e000526090026262026047cbf
:10623c00202e057c2036067c4f08410f2138a00209
:10624c00768294a7020022262016027c1800a2afa8
:10625c000c0022262016027c1c00a2af260014265d
:10626c0020a6147c1800a48f2128a0022130400005
:10627c004f08410f213880020100362620b6167ccb
:10628c001e0002262016027c1000a2af0d0037263d
:10629c0020be177c240007262120c00221284000a4
:1062ac002130e0024f08410f203e077ce318022406
:1062bc00768282a703003e2620f61e7c2120c00396
:1062cc0021286002213040024f08410f1000a78f97
:1062dc000b0032262096127c1400a48f2128600219
:1062ec00213040024f08410f1000a78f01000726f4
:1062fc002120c00321286002213040024f08410fa9
:10630c00203e077c2120c0022128a0021800a68f65
:10631c004f08410f213880021c00a48f2128a002b5
:10632c002130e0024f08410f21388002250005265c
:10633c002120c002202e057c2130e0024f08410fa5
:10634c0021388002e3180224768282a70f003326bc
:10635c00209e137c050005260600072621204002fe
:10636c00202e057c213060024f08410f203e077c17
:10637c000e003126208e117c0b0005260c00072602
:10638c0021204002202e057c213020024f08410f95
:10639c00203e077c11000526120007262120400212
:1063ac00202e057c213060024f08410f203e077cd7
:1063bc00170005261800072621204002202e057cf8
:1063cc00213020024f08410f203e077c4400bf8f34
:1063dc004000be8f3c00b78f3800b68f3400b58fad
:1063ec003000b48f2c00b38f2800b28f2400b18ff3
:1063fc002000b08f0800e0034800bd27b8ffbd2780
:10640c004400bfaf4000b6af3c00b5af3800b4afee
:10641c003400b3af3000b2af2c00b1af2800b0af36
:10642c00049d133c68bd400fe025642640fe1124fa
:10643c00768291a72402042464000524059d063c61
:10644c0032be400f401bc624768291a70400102454
:10645c001000b0af30020424d200052494020624ac
:10646c0029bc400feb0007241000b0af300204240d
:10647c00af0005249402062429bc400fc800072451
:10648c00e6100224768282a71000b0af30020424fa
:10649c008c0005249402062429bc400fa500072477
:1064ac00768291a768bd400fe02564263f02042444
:1064bc0023000524059d063c32be400f481bc62414
:1064cc001e0002241000a2af260204242100052481
:1064dc00f00006246318410f23000724ffff11244a
:1064ec00768291a7059d103c68bd400f74eb042685
:1064fc003e020424e6000524059d063c32be400ff6
:10650c00501bc62460fc1224768292a7039d163c75
:10651c0068bd400f4c29c426170204243200052400
:10652c0032be400f58818627768292a768bd400ff5
:10653c00e02564268700042423000524059d153cd2
:10654c0032be400f541ba626768292a768bd400f20
:10655c0074eb042696000424e6000524059d063cf5
:10656c0032be400f5c1bc62463081324768293a7ab
:10657c00010014241000b4af78000424500005244a
:10658c000901062429bc400fd7000724768291a765
:10659c00029d123c68bd400fb8c84426b4000424c8
:1065ac0078000524059d063c32be400f681bc624ae
:1065bc0068bd400f4c29c426780004243200052401
:1065cc00059d063c32be400f6c1bc624ef06022410
:1065dc00768282a768bd400f74eb04264001042428
:1065ec0045010524059d063c32be400f701bc62498
:1065fc005f060224768282a768bd400f74eb0426e6
:10660c00a40104243101052432be400f541ba626dc
:10661c00a40104244f010524059d063c32be400f05
:10662c00741bc624300002245c8182a35d8180a38c
:10663c00768291a768bd400fb8c844262602042470
:10664c002201052432be400f60818627768293a7f3
:10665c001000b4afa5000424270105242c01062446
:10666c0029bc400f770107241800a427059d053c81
:10667c007c1ba5247548410f6881868f768291a773
:10668c0068bd400fb8c84426b40004242201052478
:10669c0032be400f1800a6274400bf8f4000b68fb3
:1066ac003c00b58f3800b48f3400b38f3000b28ffc
:1066bc002c00b18f2800b08f0800e0034800bd27e4
:1066cc00e8ffbd271400bfafbb24410f0000000042
:1066dc007409410fe08304340083848f030080101d
:1066ec00000000002f49410f00000000a024410fc2
:1066fc0000000000008382af9f0103240a0043a422
:10670c0006f803240c0043a4ffff0324040043a455
:10671c00060043a47fce0324000043a4b71b03242c
:10672c000083828f020043a40083828f1084032491
:10673c00080043a41ed703240e0043a43f63032484
:10674c00100043a4059d033c74eb6324140043ac7c
:10675c0006000324180043ac0a0003241c0043acbd
:10676c0020030324200043ac5a000324240043ac30
:10677c001400bf8f0800e0031800bd27e8ffbd27f9
:10678c001400bfaf1a8380a701000224548182a396
:10679c0000a0023c6424428c09f840000000000078
:1067ac001400bf8f0800e0031800bd271a838297de
:1067bc0001004224ffff42301a8382a70300422cbf
:1067cc00010040501a8380a7010002240800e00356
:1067dc00548182a3ffff84301a8384a70300842c86
:1067ec00010080501a8380a7010002240800e003f6
:1067fc00548182a3e0ffbd271c00bfaf1800b0afcf
:10680c00009d103c6bbe400fb03404261f030324c4
:10681c0023106200bc8282a773be400fb0340426e2
:10682c00df01032423106200e48282a720000224eb
:10683c00768282a7010002241000a2af2120000062
:10684c00212800001f03062429bc400fe001072467
:10685c00bc828497e482859742200400422805007c
:10686c00b0340626e3c0400f01000724e545410f74
:10687c00f40104243a09410f00000000f819410ffb
:10688c00010004241c00bf8f1800b08f0800e00327
:10689c002000bd27e8ffbd271400bfaf65818293a0
:1068ac000b004010548182931a8383978018030045
:1068bc0000a0023c70244224211062000000428c93
:1068cc0009f8400000000000658180a35481829388
:1068dc00140040101400bf8f1a8383978018030094
:1068ec0000a0023c64244224211062000000428c6f
:1068fc0009f84000000000001a83839780180300f9
:10690c0000a0023c70244224211062000000428c42
:10691c000200401001000224658182a3548180a3ef
:10692c001400bf8f0800e0031800bd27e8ffbd2747
:10693c001400bfaf1000b0af218080001000022403
:10694c003a09410f768282a7ffff02240800001645
:10695c00768282a72120000021280000059d063c9c
:10696c0032be400f841bc6245d1a410b0000000090
:10697c002120000021280000059d063c32be400f5e
:10698c00941bc624641a410b00000000b8ffbd27fd
:10699c004400bfaf4000b5af3c00b4af3800b3af5c
:1069ac003400b2af3000b1af2c00b0af009d103c42
:1069bc006bbe400fb03404261f0303242310620067
:1069cc00bc8282a773be400fb0340426df010324bf
:1069dc0023106200e48282a720000224768282a720
:1069ec00010002241000a2af212000002128000089
:1069fc001f03062429bc400fe0010724bc828497a6
:106a0c00e48285974220040042280500b034062613
:106a1c00e3c0400f01000724e545410fd0070424d3
:106a2c00bb24410f640010247409410fe08304342b
:106a3c00060011241000a0af1400a0af1800a0afe6
:106a4c001c00b0af2000b1af2120000021280000b5
:106a5c0020030624a2c6400fe0010724f6ff405095
:106a6c001000a0afa882848f0300801000000000eb
:106a7c002f49410f00000000a024410f000000002e
:106a8c00a88282afff0703240a0043a40c0043a48e
:106a9c00040040a441080324060043a42c630324ef
:106aac00000043a4ffff0324a882828f020043a4aa
:106abc00a882828f10840324080043a41ed70324c9
:106acc000e0043a4b1d50324100043a4029d033c43
:106adc00b8c86324140043ac06000324180043ac6c
:106aec00ffff03341c0043ac200043ac32000324f2
:106afc00240043ac0083848f03008010000000004e
:106b0c002f49410f00000000a024410f000000009d
:106b1c00008382afff0703240a0043a40c0043a4a4
:106b2c00040040a441080324060043a42c6303245e
:106b3c00000043a4ffff03240083828f020043a4c0
:106b4c000083828f10840324080043a41ed70324df
:106b5c000e0043a4b1d50324100043a4049d033cb0
:106b6c00e0256324140043ac06000324180043ac56
:106b7c00ffff03341c0043ac200043ac3200032461
:106b8c00240043acc482848f0300801000000000fa
:106b9c002f49410f00000000a024410f000000000d
:106bac00c48282afff0703240a0043a40c0043a451
:106bbc00040040a441080324060043a42c630424cd
:106bcc00000044a4ffff0424c482828f020044a46a
:106bdc00c482828f10840424080044a41ed7042489
:106bec000e0044a4b1d50424100044a4049d043c1c
:106bfc00e0258424140044ac01000424180044aca7
:106c0c00863104241c0044ac200040ac3200042427
:106c1c00240044ac040043a40883848f0300801038
:106c2c00000000002f49410f00000000a024410f7c
:106c3c0000000000088382afff0703240a0043a46e
:106c4c000c0043a4040040a441080324060043a400
:106c5c002c630424000044a4ffff04240883828fc7
:106c6c00020044a40883828f10840424080044a4e6
:106c7c001ed704240e0044a4b1d50424100044a44f
:106c8c00049d043ce0258424140044ac010004243d
:106c9c00180044ac863104241c0044ac200040ace9
:106cac0032000424240044ac040043a43483848fb5
:106cbc0003008010000000002f49410f000000006d
:106ccc00a024410f00000000348382afff0703248f
:106cdc000a0043a40c0043a4040040a4410803246c
:106cec00060043a42c630424000044a4ffff0424e6
:106cfc003483828f020044a43483828f1084042452
:106d0c00080044a41ed704240e0044a4b1d50424c6
:106d1c00100044a4049d043ce0258424140044acdd
:106d2c0001000424180044ac863104241c0044ac3b
:106d3c00200040ac32000424240044ac040043a4e2
:106d4c004883848f03008010000000002f49410ffe
:106d5c0000000000a024410fffff1024488382afe5
:106d6c00ff0703240a0043a40c0043a4040050a40e
:106d7c00060050a42c630324000043a44883828f94
:106d8c00020050a44883828f10840324080043a47b
:106d9c001ed703240e0043a4b1d50324100043a432
:106dac00049d033ce0256324140043ac060003243b
:106dbc00180043aca70503241c0043acea060324cb
:106dcc00200043ac32001524240055ac3a09410f85
:106ddc00040050a442001224768292a701001124d0
:106dec001000b1af21200000212800001f03062451
:106dfc0029bc400fe0010724768290a71000a0afb9
:106e0c0021200000212800001f03062429bc400f6c
:106e1c0026000724cd091324768293a7568280a7d7
:106e2c005e8280a321200000260005241f03062477
:106e3c00e5b7400f2600072463081424768294a734
:106e4c000a0010241000b0af0e0004241b0005240f
:106e5c000301062429bc400f120107241000b0af17
:106e6c00260104241b000524f801062429bc400f2c
:106e7c00120107241000b0af1c0204241b000524cf
:106e8c001003062429bc400f120107241000b0afd8
:106e9c000e0004241d0105247201062429bc400f98
:106eac00740107241000b0af8e0104241d010524c9
:106ebc001003062429bc400f74010724768291a785
:106ecc001000b0af8200042414000524ff00062437
:106edc0029bc400f0e010724768292a71000b1af97
:106eec0021200000212800001f03062429bc400f8c
:106efc00e001072443000224768282a71000a0af91
:106f0c0021200000212800001f03062429bc400f6b
:106f1c0026000724768293a7568280a75e8280a3e0
:106f2c0021200000260005241f030624e5b7400f8e
:106f3c0026000724768294a71000b0af0e0004241c
:106f4c001b0005240301062429bc400f1201072451
:106f5c001000b0af260104241b000524f801062400
:106f6c0029bc400f120107241000b0af1c020424ee
:106f7c001b0005241003062429bc400f1201072412
:106f8c001000b0af0e0004241d010524720106246c
:106f9c0029bc400f740107241000b0af8e010424eb
:106fac001d0105241003062429bc400f740107247d
:106fbc00e00f0224768282a75e8280a31000b0af1d
:106fcc000e00042419000524030106240bbb400ffa
:106fdc00040107241000b0af260104241900052475
:106fec00f80106240bbb400f040107241000b0afbe
:106ffc001c02042419000524100306240bbb400fab
:10700c00040107241000b0af0e0004242201052453
:10701c00720106240bbb400f740107241000b0afa3
:10702c008e01042422010524100306240bbb400fff
:10703c0074010724768280a71000b0af820004246c
:10704c005f000524ff00062429bc400fc80007245c
:10705c008c0002241000a2af1400b5af0042022431
:10706c001800a2af009d023c080042241c00a2aff5
:10707c002000a0af0083828f2400a2af070004245d
:10708c000a0005240a000624ab2a410f6e000724cf
:10709c0005004014180102244e1a410f2120000053
:1070ac002b1c410b000000001000a2af3200022488
:1070bc001400a2af004202241800a2af009d023cb3
:1070cc005c1a42241c00a2af2000a0af0083828f68
:1070dc002400a2af080004240a000524960006240c
:1070ec00ab2a410f6e000724050040148c000224cb
:1070fc004e1a410f21200000411c410b00000000e2
:10710c001000a2af320002241400a2af00420224ed
:10711c001800a2af009d023c080042241c00a2af44
:10712c002000a0af0083828f2400a2af09000424aa
:10713c00b50205240a000624ab2a410f19030724c3
:10714c0005004014180102244e1a410f21200000a2
:10715c00571c410b000000001000a2af32000224ab
:10716c001400a2af004202241800a2af009d023c02
:10717c005c1a42241c00a2af2000a0af0083828fb7
:10718c002400a2af0a000424b502052496000624ac
:10719c00ab2a410f190307240500401409010224ee
:1071ac004e1a410f212000006d1c410b0000000005
:1071bc001000a2af140002241400a2af004002245d
:1071cc001800a2af1c00a0af059d023ca81b4224d6
:1071dc002000a2afa882828f2400a2af1800042442
:1071ec0027010524aa000624ab2a410ff901072424
:1071fc0005004014720102244e1a410f2120000098
:10720c00831c410b000000001000a2af06000224fa
:10721c001400a2af004002241800a2af1c00a0afc3
:10722c00059d023cac1b42242000a2af7083828fd0
:10723c002400a2af1d0004241400052427010624f9
:10724c00ab2a410f9b00072405004014db010224ec
:10725c004e1a410f21200000991c410b0000000028
:10726c001000a2af060002241400a2af00400224ba
:10727c001800a2af1c00a0af059d023cbc1b422411
:10728c002000a2af4883828f2400a2af1e000424ea
:10729c009402052490010624ab2a410f16030724ff
:1072ac0005004014010002244e1a410f2120000059
:1072bc00af1c410b00000000cd8282a34400bf8fa5
:1072cc004000b58f3c00b48f3800b38f3400b28fc0
:1072dc003000b18f2c00b08f0800e0034800bd27b0
:1072ec007d0002242c80838f021062702a00033ce4
:1072fc00abaa63341a004300f401600010100000c4
:10730c002c8082af1a004400f401800010100000a1
:10731c000800e00301004224ff008430ff00a53088
:10732c00ffff842400230400049d023c00a042249f
:10733c00212082000000838c401c637c12000424fa
:10734c000800a4108000627c1300a22c070040509f
:10735c001300042401006230110003240100a35423
:10736c00211000000800e00300000000fdffa41045
:10737c004000627cc210030014000324f9ffa354e4
:10738c00211000000800e00300000000e0ffbd2712
:10739c001c00bfaf1800b1af1400b0afff008430b9
:1073ac00ffff8324001b0300049d023c00a0422429
:1073bc00211062000000508cffff023c258002026d
:1073cc0001001026ffff0332e80302240b006214b5
:1073dc00ffff842400230400049d023c00a04224ef
:1073ec0021204400efff053cffffa5340349410f6a
:1073fc00242805020e1d410b00104330002304000d
:10740c00049d113c00a03126218824022549410ffe
:10741c0021202002050040140010433021202002be
:10742c000349410f21280002001043300600601070
:10743c00010003246083828f0442627c608382afec
:10744c001d1d410b08000224002043300600601073
:10745c00211000006083828f01000324c439627cf8
:10746c00608382af070002241c00bf8f1800b18f0d
:10747c001400b08f0800e0032000bd27ffff82241a
:10748c0001008438030003240800e0030a106400a0
:10749c00d8ffbd272400bfaf2000b4af1c00b3af92
:1074ac001800b2af1400b1af1000b0af010010243f
:1074bc0021900000218800000100142404001324f2
:1074cc0021200002c91c410f110005240800405462
:1074dc00010010260100522621200002c91c410f78
:1074ec0013000524261054000a88020201001026fd
:1074fc00f4ff13162120000207002016008b110048
:10750c006083828f010003248431627c608382afac
:10751c00651d410b2110000010f02226049d113c2a
:10752c0000a031262188220221100000ffff043424
:10753c00500506240000238e022c03000300a41423
:10754c00ffff63305f1d410b508180af040064541a
:10755c0004004224010003245f1d410b508183afc2
:10756c00f4ff461404003126621d410b0200522a1e
:10757c0050050324040043140200522a500503242e
:10758c00ffff02340b1072002400bf8f2000b48f59
:10759c001c00b38f1800b28f1400b18f1000b08f85
:1075ac000800e0032800bd2703008230822004007d
:1075bc0006008010000000000300833021104300ff
:1075cc0082200400fcff8014ff0042300800e0031e
:1075dc0000000000c8ffbd273400bfaf3000b7afbc
:1075ec002c00b6af2800b5af2400b4af2000b3af69
:1075fc001c00b2af1800b1af1400b0af21b08000c6
:10760c00a802a22c070040142188a0006083828f5e
:10761c00010003244429627c608382af0b1e410b62
:10762c0005000324010010242190000021a000007b
:10763c00010017240400152421200002c91c410f4d
:10764c0011000524080040540100102601005226a8
:10765c0021200002c91c410f1300052426105700dd
:10766c000aa0020201001026f4ff151621200002c8
:10767c00060040166083828f010003248431627cf3
:10768c00608382af0b1e410b06000324049d133c48
:10769c0000a07326ffff842600230400212064022f
:1076ac00100086244c050224fcff052421188200be
:1076bc001000708cff03033210007154004c037ed9
:1076cc00aa02422440100200213046000000c48c63
:1076dc006d1d410f0000c4ae802a107e50000212b6
:1076ec00211800006083828f010003248431627ca6
:1076fc00608382af0b1e410b0600032410007154f3
:10770c00fcff4224a8024224401002002130460013
:10771c000000c48c6d1d410f0000c4ae82861000a9
:10772c003f000212211800006083828f01000324a5
:10773c008431627c608382af0b1e410b06000324f4
:10774c00dbff45142118820002000224310042168e
:10775c006083828f221d410f21208002ffff422473
:10776c000013020021986202100073264c050224bb
:10777c00fcff0424211862020000708cff0303320a
:10778c0010007154004c037eaa02422440100200e7
:10779c00219853000000648e6d1d410f0000c4ae93
:1077ac00802a107e1e000212211800006083828f36
:1077bc00010003248431627c608382af0b1e410b79
:1077cc000600032410007154fcff4224a80242243a
:1077dc0040100200219853000000648e6d1d410f73
:1077ec000000c4ae828610000d00021221180000a9
:1077fc006083828f010003248431627c608382afba
:10780c000b1e410b06000324dbff441421186202fb
:10781c006083828f010003240400627c608382af4a
:10782c00211060003400bf8f3000b78f2c00b68f52
:10783c002800b58f2400b48f2000b38f1c00b28faa
:10784c001800b18f1400b08f0800e0033800bd277a
:10785c00b8ffbd274400bfaf4000beaf3c00b7af80
:10786c003800b6af3400b5af3000b4af2c00b3afb6
:10787c002800b2af2400b1af2000b0af21880000c7
:10788c000100102401001324040012242120000202
:10789c00c91c410f1100052408004054010010269a
:1078ac000100312621200002c91c410f13000524c0
:1078bc00261053000af0020201001026f4ff1216e3
:1078cc0021200002020002240500221203000224df
:1078dc00cc00225621100000001f410b6083828fc8
:1078ec001a00c203f4014000101000000013020043
:1078fc00049d033c00a06324211862001800a3af70
:10790c0010007624010010242190000021a000001a
:10791c0001001524a9021724ffff11261000a4272b
:10792c00781d410f21282002030040106083828fb4
:10793c0069005550010010260200422c070040142b
:10794c00219896026083828f010003248431627c2b
:10795c00608382af041f410b060002246d1d410f92
:10796c001000a48f2b0040168012020025885100b5
:10797c00008c1100ffff3136212060020349410fba
:10798c0021282002a80292264090120004004014e4
:10799c0021905602212040020349410f1000a58f6f
:1079ac000010433007006050002042306083828f0b
:1079bc00010003240442627c608382af041f410bec
:1079cc0008000224070040500000628e6083828f02
:1079dc0001000324c439627c608382af041f410b15
:1079ec0007000224060051146083828f0000438e2e
:1079fc001000a28f370062102190a0026083828f4a
:107a0c0001000324c439627c608382af041f410be4
:107a1c00070002243000555601001026ffff033cde
:107a2c002588230225882202212060020349410f68
:107a3c0021282002aa029226409012000400401431
:107a4c0021905602212040020349410f1000a58fbe
:107a5c000010433007006050002042306083828f5a
:107a6c00010003240442627c608382af041f410b3b
:107a7c000800022407004010008c11006083828fe4
:107a8c0001000324c439627c608382af041f410b64
:107a9c00070002240000628e001402000800221667
:107aac006083828f0000438e1000a28f030062144b
:107abc0004009426b81e410b219000006083828f35
:107acc0001000324c439627c608382af041f410b24
:107adc00070002240100102690ff1716ffff112645
:107aec00500502240d0082121800a48ffdff053ce6
:107afc000349410fffffa53421804000e61c410fd4
:107b0c00ff00c433221d410f2120c003e61c410f8e
:107b1c00ff004430f01e410b00100232f9ff053c0f
:107b2c000349410fffffa53421804000e61c410fa3
:107b3c00ff00c433221d410f2120c003e61c410f5e
:107b4c00ff004430020002240c00c2130300022484
:107b5c001100c213010002241600c21700100232d9
:107b6c00049d043c00c08424fdff053c0349410fe7
:107b7c00ffffa534ef1e410b21804000049d043c07
:107b8c0000a08424fdff053c0349410fffffa534f1
:107b9c00ef1e410b21804000049d043c00b0842466
:107bac00fdff053c0349410fffffa5342180400038
:107bbc000010023206004010010003246083828f03
:107bcc000442627c608382af041f410b08000224d4
:107bdc00002010320b000012211000006083828ff5
:107bec0001000324c439627c608382af041f410b03
:107bfc000700022401000324c418627c608382af56
:107c0c00211000004400bf8f4000be8f3c00b78f96
:107c1c003800b68f3400b58f3000b48f2c00b38f82
:107c2c002800b28f2400b18f2000b08f0800e00331
:107c3c004800bd27c0ffbd273c00bfaf3800b7af21
:107c4c003400b6af3000b5af2c00b4af2800b3afe2
:107c5c002400b2af2000b1af1c00b0af21a880004f
:107c6c00a802a22c070040142188a0006083828ff8
:107c7c00010003244429627c608382afe61f410b20
:107c8c00050002242190000001001024219800001e
:107c9c00010016240400142421200002c91c410fe9
:107cac001100052408004054010010260100522642
:107cbc0021200002c91c410f130005242610560078
:107ccc000a98020201001026f4ff1416212000026b
:107cdc00060040166083828f010003248431627c8d
:107cec00608382afe61f410b060002241000a4271c
:107cfc00781d410f21282002040040106083838fdf
:107d0c000200632ca1006010060002241000a38f57
:107d1c009e00751021100000271d410f000000006f
:107d2c00ffff033407004314218040006083828fdf
:107d3c00010003240421627c608382afe61f410ba7
:107d4c0004000224ffff6326001b0300049d163c65
:107d5c0000a0d62621b0c3021000d42621b85400ae
:107d6c006d1d410f2120a0025081838f29006014ca
:107d7c008022020025889100008c1100ffff313613
:107d8c002120e0020349410f21282002a8020326ea
:107d9c00401803000400401421a07400212080022c
:107dac000349410f2128a002001043300600601047
:107dbc00010003246083828f0442627c608382af63
:107dcc00e61f410b08000224002042300600401040
:107ddc006083828f01000324c439627c608382af8c
:107dec00e61f410b070002240000e28e0400511430
:107dfc006083828f0000828e330055106083828fe7
:107e0c0001000324c439627c608382afe61f410bfe
:107e1c0007000224010005245c00651421100000f9
:107e2c00ffff023c25882202258824022120e00243
:107e3c000349410f21282002aa02032640180300ff
:107e4c000400401421a07400212080020349410f3a
:107e5c002128a0020010433006006010010003240a
:107e6c006083828f0442627c608382afe61f410b89
:107e7c000800022400204230060040106083828fec
:107e8c0001000324c439627c608382afe61f410b7e
:107e9c0007000224008c11000000e28e0014020086
:107eac00040022166083828f0000828e060055101b
:107ebc006083828f01000324c439627c608382afab
:107ecc00e61f410b07000224010003245081848f1c
:107edc002e008314211000004c0503242c000316e3
:107eec003c00bf8f01000224230042160200032431
:107efc002120c002f9ff053c0349410fffffa534c7
:107f0c000d00401400104330030002241a006202da
:107f1c00f40140001010000000130200049d043c0a
:107f2c0000a0842421208200fdff053c0349410f61
:107f3c00ffffa5340010433006006010010003243d
:107f4c006083828f0442627c608382afe61f410ba8
:107f5c0008000224002043300c00601021100000a7
:107f6c006083828f01000324c439627c608382affa
:107f7c00e61f410b070002240400431621100000e9
:107f8c00171e410f00000000211000003c00bf8fa5
:107f9c003800b78f3400b68f3000b58f2c00b48ffb
:107fac002800b38f2400b28f2000b18f1c00b08f3b
:107fbc000800e0034000bd27d0ffbd272c00bfaf59
:107fcc002800b6af2400b5af2000b4af1c00b3af8f
:107fdc001800b2af1400b1af1000b0af608380af27
:107fec00049d103c00a010262198000200301126a0
:107ffc000000028e14004014212000022549410f7c
:10800c0000000000001043300700601000204230d8
:10801c006083828f010003240442627c608382af00
:10802c007a20410b08000324080040100010102691
:10803c006083828f01000324c439627c608382af29
:10804c007a20410b0700032400101026e9ff11567b
:10805c000000028e010010240400112421200002d3
:10806c00c91c410f14000524070040140100102600
:10807c006083828f010003244408627c608382af9a
:10808c007a20410b02000324f5ff11162120000277
:10809c00010010242188000001001624040014247f
:1080ac0021200002c91c410f110005240800405476
:1080bc00010010260100312621200002c91c410fad
:1080cc0013000524261056000aa8020201001026ef
:1080dc00f4ff1416212000023100201603000224a4
:1080ec000100102404001124212060020349410fd7
:1080fc00ffff053c001043300700601000204230a9
:10810c006083828f010003240442627c608382af0f
:10811c007a20410b08000324060040106083828ff4
:10812c0001000324c439627c608382af7a20410b46
:10813c0007000324e61c410f212000020100102639
:10814c00e9ff111600107326049d043c00a0842442
:10815c00fdff053c0349410fffffa53400104330e0
:10816c0007006010002042306083828f01000324de
:10817c000442627c608382af7a20410b08000324a6
:10818c0016004010211800006083828f0100032428
:10819c00c439627c608382af7a20410b07000324d0
:1081ac000e002216211800001b00a202f401400050
:1081bc0010200000e61c410f01008424271d410ff4
:1081cc0000000000ffff04340400441421180000d8
:1081dc00171e410f00000000211800002110600044
:1081ec002c00bf8f2800b68f2400b58f2000b48fd1
:1081fc001c00b38f1800b28f1400b18f1000b08f19
:10820c000800e0033000bd27d8ffbd272400bfaf16
:10821c002000b3af1c00b2af1800b1af1400b0af68
:10822c002190a0000300c23002004010829806008a
:10823c00010073261500601a2110000021808000b7
:10824c002188000000000492002604000100029224
:10825c0000140200252082000300029225208200d7
:10826c000200029200120200040010262520820057
:10827c00101f410f21284002040040140100312638
:10828c002a183302efff6014010052262400bf8f1e
:10829c002000b38f1c00b28f1800b18f1400b08f68
:1082ac000800e0032800bd27d0ffbd272c00bfaf7e
:1082bc002800b4af2400b3af2000b2af1c00b1afa4
:1082cc001800b0af2190a0000300c2300200401093
:1082dc00829806000100732617006012211000001e
:1082ec002180800021880000ff00143c1000a4278e
:1082fc00781d410f212840020f0040141000a38f5d
:10830c0002260300000004a22420740002240400ae
:10831c00010004a2003a647c020004a2030003a240
:10832c00010031262b1833020300601004001026c4
:10833c00be20410b010052262c00bf8f2800b48fa9
:10834c002400b38f2000b28f1c00b18f1800b08fa7
:10835c000800e0033000bd27e8ffbd271400bfafc5
:10836c00281a410f00000000010002241400bf8fe6
:10837c000800e0031800bd27e8ffbd271400bfafbd
:10838c001000b0afffff02243a09410f768282a79a
:10839c00049d043c68bd400f9c3a8424768280a7df
:1083ac00059d103c5c231026c8000424c80005243d
:1083bc0032be400f21300002fcff4010c8000424e4
:1083cc00f320410b0000000000e85d4100701a40f2
:1083dc0000601b40e8ffbd271400baaf1000bbaf14
:1083ec0044781b7c00047b3700609b400c00a4afde
:1083fc000800a3af0400a2afa00f0224148382a72d
:10840c000084828fa10f422c5f00401088bf023c79
:10841c000084828f01004224008482aff68382970d
:10842c002016027c0d00401400000000f883828f9f
:10843c0004004224f88382aff883828fac8382af2e
:10844c00f883828fe02e422c04004014e8030224af
:10845c00f88382af01000224f68382a7f683839708
:10846c00201e037c010002240d0062140000000099
:10847c00f883828f10004224f88382aff883828fb6
:10848c00ac8382aff883828fe02e422c0400401420
:10849c00e8030224f88382af02000224f68382a749
:1084ac00f6838397201e037c020002240c006214c6
:1084bc0000000000f883828f10004224f88382af02
:1084cc00f883828fac8382aff883838f60ea0234a7
:1084dc002b1062000200401403000224f68382a7d2
:1084ec00f6838397201e037c030002240d00621484
:1084fc0000000000f883828f18fc4224f88382afbe
:10850c00f883828fac8382aff883828fe903422c8d
:10851c000400401088130224f88382af0400022464
:10852c00f68382a7f6838397201e037c0400022423
:10853c000c00621400000000f883828f9cff422420
:10854c00f88382aff883828fac8382aff883828ffb
:10855c00e903422c0300401000000000f88380afb8
:10856c00f68380a7f883848f400084300100842c2c
:10857c0088bf023ce060438c0400837ce06043ac29
:10858c007321410b00100324e060438c0400037c36
:10859c00e06043acf88380afac8380af008480afe5
:1085ac00f68380a780bf023c000a438cc47b037c0b
:1085bc00000a43acb80b0224148382a700100324d6
:1085cc0088bf023c341043ac0c00a48f0800a38f6e
:1085dc000400a28f00606041c00000001400ba8f3c
:1085ec001000bb8f00709a401800bd2700e8dd41d9
:1085fc0000609b401800004200e85d4100701a408a
:10860c0000601b40f0ffbd270c00baaf0800bbafe9
:10861c0044781b7c00087b3700609b400400a3afb0
:10862c000000a2af0080033488bf023c341043ac7e
:10863c000400a38f0000a28f00606041c000000006
:10864c000c00ba8f0800bb8f00709a401000bd2739
:10865c0000e8dd4100609b4018000042e8ffbd27a8
:10866c001400bfaf0600043c5f49410f801a8424fc
:10867c0088bf023c9010438c040004248420837c2b
:10868c00901043ac9010438c010004240408837cac
:10869c00901043ac88bf023c3010438c0400037c28
:1086ac00301043ac88bf023c6010438c0400837cc8
:1086bc00601043ac1400bf8f0800e0031800bd2706
:1086cc0000e85d4100701a4000601b4098ffbd2718
:1086dc006400baaf6000bbaf44781b7c00107b37e2
:1086ec0000609b405400bfaf5000b9af4c00b8af16
:1086fc004800afaf4400aeaf4000adaf3c00acaff4
:10870c003800abaf3400aaaf3000a9af2c00a8af33
:10871c002800a7af2400a6af2000a5af1c00a4af73
:10872c001800a3af1400a2af1000a1af12100000ec
:10873c005c00a2af101800005800a3af9082848f89
:10874c00059d023ccd2e410f9423458c908282af27
:10875c002883848f059d023ccd2e410f9823458c98
:10876c00288382af0600043c5549410f801a8424ab
:10877c0088bf023c3010438c0400037c301043aca7
:10878c005c00a28f130040005800a38f1100600002
:10879c005400bf8f5000b98f4c00b88f4800af8f7a
:1087ac004400ae8f4000ad8f3c00ac8f3800ab8fd7
:1087bc003400aa8f3000a98f2c00a88f2800a78f17
:1087cc002400a68f2000a58f1c00a48f1800a38f57
:1087dc001400a28f1000a18f00606041c000000047
:1087ec006400ba8f6000bb8f00709a406800bd2790
:1087fc0000e8dd4100609b401800004280bf023c55
:10880c00000c40ac80bf023c100c40ac50010a2460
:10881c0080bf023c200c4aac0080093480bf023c73
:10882c00080c49ac88bf063c0100023c3410c2acb9
:10883c0088bf043c1c000524d41085ac88bf033cc5
:10884c0004000824d81068ac03000724d41087acab
:10885c00d81060ac88bf043c641082ac88bf033c69
:10886c00681062ac80bf023c000c4b8cc47b0b7c50
:10887c00000c4bac30000b2480bf023c000a4bac0c
:10888c0080bf023c100a40ac80bf023c200a4aacbc
:10889c0080bf023c080a49ac001002243410c2ac60
:1088ac0088bf063cc410c5ac88bf053cc810a8ac3a
:1088bc00c410c7acc810a0ac641082ac681062ac19
:1088cc0080bf023c000a438cc47b037c000a43ac8f
:1088dc000800e0030000000080bf023c203240ace6
:1088ec0080bf023c103240ac0680023480bf033c97
:1088fc00003262ac80bf033c203060ac80bf033cd4
:10890c00103060ac80bf033c003062ac60000324cc
:10891c0080bf023c000843ac80bf023c100840ac56
:10892c008c23032480bf023c200843ac008003341a
:10893c0080bf023c080843ac0800e00300000000c4
:10894c0088bf043c01000224486082ac81bf033c18
:10895c00649062ac02000224486082ac649062ac09
:10896c0004000524486085ac649065ac08000524bf
:10897c00486085ac649065ac10000524486085acfb
:10898c00649065ac88bf063c7410c2ac88bf053cd3
:10899c007810a0ac0080083481bf073c0490e8ac90
:1089ac0081bf073c4090e0ac1f000724486087acb7
:1089bc00649067acffff043c1f00842481bf033c20
:1089cc00509064ac008f043481bf033c209064aca5
:1089dc000e04042481bf033c109064ace480043486
:1089ec0081bf033c009064ac88bf033c441062ac74
:1089fc0088bf043c001c033cf41083ac88bf033cd0
:108a0c000008073cf81067ac0003073cf41087ac77
:108a1c000002043cf81064ac7410c2ac7810a2ac28
:108a2c000800e0030000000000e85d4100701a40ff
:108a3c0000601b4090ffbd276c00baaf6800bbaf55
:108a4c0044781b7c00187b3700609b405c00bfaff8
:108a5c005800b9af5400b8af5000b0af4c00afaf36
:108a6c004800aeaf4400adaf4000acaf3c00abaf84
:108a7c003800aaaf3400a9af3000a8af2c00a7afc4
:108a8c002800a6af2400a5af2000a4af1c00a3af04
:108a9c001800a2af1400a1af121000006400a2af26
:108aac00101800006000a3af0200032488bf023c32
:108abc00441043ac81bf023c1090428cc001427cfc
:108acc0008000324212060000b20020021108000ec
:108adc00988282af0011020081bf103c709010266a
:108aec00211002020000438c2e8283a70000448ccc
:108afc0021db400f000000009882828f010042248d
:108b0c0000110200211002020000448c53db400fc4
:108b1c00000000009882828f040043240019030097
:108b2c00211803020000638c308283a702004224c8
:108b3c0000110200211002020000448c3bdb400fac
:108b4c00000000009882828f030042240011020072
:108b5c00218002020000048e07db400f00000000a1
:108b6c006400a28f130040006000a38f110060000e
:108b7c005c00bf8f5800b98f5400b88f5000b08f75
:108b8c004c00af8f4800ae8f4400ad8f4000ac8fcf
:108b9c003c00ab8f3800aa8f3400a98f3000a88f0f
:108bac002c00a78f2800a68f2400a58f2000a48f4f
:108bbc001c00a38f1800a28f1400a18f00606041cd
:108bcc00c00000006c00ba8f6800bb8f00709a4028
:108bdc007000bd2700e8dd4100609b40180000429a
:108bec00e0ffbd271c00bfaf1800b1aff648410f26
:108bfc001400b0af6c49410f0000000088bf033c6b
:108c0c000030638c0003637c0b00601481bf053c57
:108c1c000010042488bf033c083064ac88bf053cba
:108c2c000030a38c00086330fdff601400000000ce
:108c3c00d323410b81bf053c30f2a0ac99aa033c75
:108c4c005566632430f2a3ac6655033caa99633491
:108c5c0030f2a3ac81bf043c00f0838cc4a4037c31
:108c6c0000f083ac00f0838c3333033c3333632448
:108c7c0030f2a3ac88bf033c0030638c0003637cf0
:108c8c00080060140010042488bf033c083064ac56
:108c9c0088bf053c0030a38c00086330fdff6014d6
:108cac00000000003849410f212040006c49410f61
:108cbc0088bf103c02000324004003ae3849410f2a
:108ccc00212040006c49410f000000002188400029
:108cdc004000032488bf023c042043ac0040028eb9
:108cec0030004234004002ae4b49410f00000000fe
:108cfc003849410f212020026c49410f000000002f
:108d0c0088bf033c0030638c0003637c0b00601451
:108d1c0081bf053c0010042488bf033c083064acc0
:108d2c0088bf053c0030a38c00086330fdff601445
:108d3c0000000000e723410b81bf053c30f2a0ace2
:108d4c0099aa033c5566632430f2a3ac6655033ce8
:108d5c00aa99633430f2a3ac81bf043c00f0838c3d
:108d6c00c4a4037c00f083ac00f0838c3333033c4d
:108d7c003333632430f2a3ac88bf033c0030638ce4
:108d8c000003637c080060140010042488bf033cbb
:108d9c00083064ac88bf053c0030a38c00086330fd
:108dac00fdff6014000000003849410f21204000f5
:108dbc00b124410f88bf113c7104410fff00042402
:108dcc00e060228e01000424444a827ce06022aee2
:108ddc0088bf103cc060028e444a027cc06002ae68
:108dec00c060028e8452027cc06002aec060028ef3
:108dfc008473027cc06002ae88bf023c8060438cee
:108e0c000421837c806043ac0222410f00000000ef
:108e1c005dfb400f00000000059d043c6cd88424d1
:108e2c00059d053c00d6a524059d063c38dcc624d2
:108e3c00cb3a410f213800000080023488bf033c3c
:108e4c00341062ac001c043c88bf033cc41064acfe
:108e5c000008043c88bf033cc81064ac0800042420
:108e6c0088bf033c041064ac88bf033c081060aca2
:108e7c0088bf033c641062ac88bf033c681062acd2
:108e8c003922410f000000009a21410f0000000020
:108e9c00701702245322410f148382a780bf023c17
:108eac00203040ac88bf023c4060438c8473037c10
:108ebc00406043ac88bf033c6060648c8473047c6a
:108ecc00606064ac4060448cc47b047c406044ac07
:108edc006060648cc47b047c606064acc060048e95
:108eec008473047cc06004aee060248e8473047cc4
:108efc00e06024aee060248e0400047ce06024aecc
:108f0c00c060048e0400047cc06004ae6060648c9d
:108f1c000463047c606064ac4060438c0463037c39
:108f2c00406043ac6a49410f000000001c00bf8f39
:108f3c001800b18f1400b08f0800e0032000bd278b
:108f4c0030f2a0ac99aa033c5566632430f2a3ac72
:108f5c006655033caa99633430f2a3ac81bf063c3e
:108f6c0000f0c38cc4a4037c00f0c3ac00f0c38c31
:108f7c003333033c3333632430f2a3ac00100424aa
:108f8c0088bf033c043064ac2c23410b0000000070
:108f9c0030f2a0ac99aa033c5566632430f2a3ac22
:108fac006655033caa99633430f2a3ac81bf063cee
:108fbc0000f0c38cc4a4037c00f0c3ac00f0c38ce1
:108fcc003333033c3333632430f2a3ac001004245a
:108fdc0088bf033c043064ac6d23410b00000000df
:108fec00e0ffbd271c00bfaffb22410f00000000bb
:108ffc00a024410f00000000a024410f988382aff1
:10900c00a024410fe48382afa024410fbc8382af24
:10901c00a024410fc88382afa024410fd08382af1c
:10902c00a024410f948382afa024410fe08382af30
:10903c00a024410fc08382afa024410fa08382af34
:10904c00a024410f048482afa88382afe483828f73
:10905c007f4c03240a0043a420fb03240c0043a4ec
:10906c001c180424000044a4ddae0424e483828f85
:10907c00020044a4e483828f1ed704240e0044a46f
:10908c001f000424060044a4040043a4d7bd0324f9
:10909c00080043a45480838f140043ac9883828fc0
:1090ac00140043acbc83828f00f80624060046a44f
:1090bc00040044a45880888f140048acc883838f64
:1090cc001f8407240a0067a4e00705240c0065a48c
:1090dc00040060a4ffff0224060062a4140068ac24
:1090ec00d083838f0a0067a40c0065a4040060a4dd
:1090fc00060062a4140068ac9483838f0a0067a4f2
:10910c000c0066a4040060a4060062a4059d073c44
:10911c00800ce724140067aca083838f00c807245d
:10912c000a0067a40c0066a400880624000066a44c
:10913c0086f90624a083838f020066a4a083838f04
:10914c00b0ce0624040066a4060060a45480868f6a
:10915c00140066ac0484838fe12406240a0066a400
:10916c000c0065a420030524000065a4d39f0524ee
:10917c000484838f020065a40484838f70dd05242e
:10918c00040065a4060060a45480858f140065acaf
:10919c00a883838fe0ff05240a0065a4f0ff052453
:1091ac000c0065a4a9fc0524000065a4f6ff0524a9
:1091bc00a883838f020065a4a883838fbea905248e
:1091cc00040065a400800524060065a45480858fe6
:1091dc00140065ace083838f0a0060a40c0062a4c9
:1091ec00040064a4060062a486310624000066a470
:1091fc0079ce0524e083838f020065a4059d073c8e
:10920c00b8cce724e083838f140067acc083838fd2
:10921c000a0060a40c0062a4040064a4060062a40a
:10922c00000066a4c083828f020045a45880838fff
:10923c00c083828fe219410f140043ac2725410fe4
:10924c0000000000fdff4010000000000631410f3f
:10925c00000000002b39410f1000a4277525410f89
:10926c001000a427a9e4400f000000009224410b39
:10927c0000000000e8ffbd271400bfaf1000b0af26
:10928c008b42410f2800042406004010218040002e
:10929c0021204000059d053c6c24a5242e44410f43
:1092ac0028000624211000021400bf8f1000b08f7c
:1092bc000800e0031800bd27e8ffbd271400bfaf6e
:1092cc00dab8400f00000000a024410f000000009d
:1092dc00808082af1400bf8f0800e0031800bd2708
:1092ec00e0ffbd271c00bfaf1800b1af1400b0af3a
:1092fc007c80908f040000562000028ece24410bff
:10930c007c8080af2000028e030040100400118e80
:10931c0009f84000212000022f49410f21200002b2
:10932c00f8ff2016218020027c8080af848080afe3
:10933c001c00bf8f1800b18f1400b08f0800e00321
:10934c002000bd27e8ffbd271400bfaf1000b0af51
:10935c00218080007c80848f2000801021100000f0
:10936c00040090540400838c0400828cf224410b82
:10937c007c8082af1900601021100000070003569a
:10938c000400628cee24410b2110600009000212d3
:10939c0021206000211840000400628cfbff401467
:1093ac001400bf8ffc24410b1000b08ff124410b33
:1093bc000400428c0400428c040082ac2000028e1b
:1093cc00030040100000000009f8400021200002ba
:1093dc002f49410f21200002010002241400bf8fed
:1093ec001000b08f0800e0031800bd277c80828f2e
:1093fc0004004010ffff84300000439406006454c6
:10940c000400428c0800e00300000000040064101b
:10941c00000000000400428cfcff40540000439408
:10942c000800e00300000000e8ffbd271400bfaff8
:10943c00fe24410fffff84302120400003008010e8
:10944c0021100000d424410f000000001400bf8f35
:10945c000800e0031800bd277c80838f0a00605051
:10946c007c8084af0400628c0300405421184000bf
:10947c002525410b040064ac0400428cfeff4054d3
:10948c0021184000040064ac0800e003040080ac28
:10949c00e8ffbd271400bfaf9c80848f0a00805466
:1094ac000c008294d920410f0000000018004010dd
:1094bc00211800007c80848f9c8084af1400801065
:1094cc00010003240c00829400fc42300a0040107e
:1094dc009c80828f1c00828c09f8400000000000e8
:1094ec000a0040109c80828f0c004394ff03633071
:1094fc000c0043a49c80828f0400448cf1ff8014e8
:10950c009c8084af4725410b0100032421180000e7
:10951c00211060001400bf8f0800e0031800bd2765
:10952c002026047c202e057c2036067c7c80828fb5
:10953c0023004010203e077c0e0043842a40640028
:10954c0005000055120043842a18c3001700605010
:10955c000c004394120043842a406400050000551b
:10956c00100043842a18c300100060500c00439470
:10957c00100043842a406500050000551400438404
:10958c002a18e300090060500c0043941400438433
:10959c002a406500080000550400428c2a18e3009c
:1095ac00050060540400428c0c004394007c63342e
:1095bc000c0043a40400428ce0ff40540e00438492
:1095cc000800e00300000000e0ffbd271c00bfaf57
:1095dc001800b2af1400b1af1000b0af0100829010
:1095ec001b004010218880007c80908f1900001295
:1095fc001c00bf8f2400028e12004010212000029c
:10960c0009f84000212820020f0040500400108e61
:10961c00219040002120400021280002eae1400f67
:10962c0021302002080040500400108e2800028ec9
:10963c0004004010212040022128000209f84000bb
:10964c00213020020400108eebff00562400028e05
:10965c001c00bf8f1800b28f1400b18f1000b08f98
:10966c000800e0032000bd27b8ffbd274400bfafb2
:10967c004000b6af3c00b5af3800b4af3400b3af68
:10968c003000b2af2c00b1af2800b0af059d113c3b
:10969c00dc963126070014240800132400a0123c89
:1096ac005403410f00000000490140149880828f40
:1096bc000900422cfaff40109880828f8010020023
:1096cc00211022020000428c080040000000000023
:1096dc003897049d0098049d4c98049d1c97049dfc
:1096ec002c99049d0097049d049a049d509b049d05
:1096fc00e49a049d948087974e8282972b10e20007
:10970c00a70040144c8286977f26410b060002244a
:10971c00948087974e8282972b10e2006800401449
:10972c00468286974726410b010002248880848f4d
:10973c00170080104a8290874080100046828287f2
:10974c00238002024c8282876bbe400f2180020272
:10975c002a1050000f0040144a8282874a82908758
:10976c0040801000508282872380020252828287be
:10977c002180020273be400f8880848f2a10500013
:10978c00040040144a828287b926410b988093af1b
:10979c004a8282871300405002000224448283973d
:1097ac00768283a746828487508285874c828687ff
:1097bc00528287874e82839723184300201e037c96
:1097cc001000a3af1400a2afe1000224ecb8400fcc
:1097dc001800a2af00014010010002240026410b2a
:1097ec00988082af988082af010002241326410b2f
:1097fc00948082a748828297768282a74a82828747
:10980c0046828487508285874c82868752828787de
:10981c004e82839723184300201e037c1000a3afb5
:10982c001400a2af1e000224ecb8400f1800a2af27
:10983c00eb004010060002248126410b988082af79
:10984c0044828297768282a7948086974e828297f2
:10985c002b10c20016004010010002245082879782
:10986c002138c700203e077c468284972120c40003
:10987c004c828297233046002026047c2128e0006d
:10988c004f08410f2036067cd700401094808697f5
:10989c000100c624ffffc630948086a74e828297b3
:1098ac002b10c200eeff4014508287970100022457
:1098bc00948082a703000224ab25410b988082afd1
:1098cc002130e6002036067c508285972128e50061
:1098dc0052828297233847002120c000202e057c1d
:1098ec004f08410f203e077cc100401094808797a1
:1098fc000100e724ffffe730948087a74e82829710
:10990c002b10e200eeff40144682869701000224e1
:10991c00948082a704000224ab25410b988082af6f
:10992c0048828297768282a7948086974e8282970d
:10993c002b10c2001600401001000224528287979f
:10994c002338e600203e077c468284972120c40001
:10995c004c828297233046002026047c2128e0008c
:10996c004f08410f2036067ca30040109480869748
:10997c000100c624ffffc630948086a74e828297d2
:10998c002b10c200eeff4014528287970100022474
:10999c00948082a705000224ab25410b988082afee
:1099ac002330c7002036067c508285972128e5009d
:1099bc0052828297233847002120c000202e057c3c
:1099cc004f08410f203e077c8d00401094808797f4
:1099dc000100e724ffffe730948087a74e8282972f
:1099ec002b10e200eeff40144c82869706000224f6
:1099fc00ab25410b988082af42828297768282a7f8
:109a0c004a828287220040103804438e1400601072
:109a1c0046828487508285874c82868752828787cc
:109a2c004e828897231048002016027c1000a2afab
:109a3c0038044226040048941400a8af0800489447
:109a4c001800a8af0c00428c1c00a2afff006330c2
:109a5c00a2c6400f2000a3afab25410b988093af5b
:109a6c00508285874c828687528287874e82839765
:109a7c00231043002016027c29bc400f1000a2af1b
:109a8c0007ff4054988093af0527410b2118000025
:109a9c004e8282974682849721204400508285977b
:109aac00212845004c8286972330c200528287972a
:109abc002338e2002026047c202e057c2036067cf0
:109acc004f08410f203e077c510040102118000028
:109adc00ab25410b988093af8880848f1700801042
:109aec00468295874c8282876bbe400f21a8a202ca
:109afc0021804000508296875282828721b0c20218
:109b0c0073be400f8880848f2320b0024220040053
:109b1c00010084242328c202422805000100a52448
:109b2c002026047c202e057c8880868fe3c0400f85
:109b3c00010007243600401021180000ab25410b12
:109b4c00988094af8880848f130080104a8290870d
:109b5c004c82828721800202468282876bbe400f34
:109b6c00238002022a10020217004054988080af12
:109b7c004a82908752828287218002025082828799
:109b8c002380020273be400f8880848f2a10020249
:109b9c000d004054988080af48828297768282a7cd
:109bac0046828487508285874c828687528287873b
:109bbc004a8282870bbb400f1000a2af14004010ea
:109bcc0021180000988080af0727410b0100032467
:109bdc000727410b211800000727410b2118000013
:109bec000727410b211800000727410b2118000003
:109bfc000727410b211800000727410b21180000f3
:109c0c000727410b211800000827410b2110600089
:109c1c00211060004400bf8f4000b68f3c00b58f10
:109c2c003800b48f3400b38f3000b28f2c00b18f5a
:109c3c002800b08f0800e0034800bd27c8ffbd27ef
:109c4c003400bfaf3000b3af2c00b2af2800b1afbf
:109c5c002400b0af059d103ca49c1026ffff1124de
:109c6c00070012240f0013245403410f00000000be
:109c7c000f0140149080828f0800422cfaff401094
:109c8c009080828f80100200211002020000428c12
:109c9c000800400000000000189d049d749d049d68
:109cac00fc9c049de09c049dc49c049d0c9f049d05
:109cbc00ac9f049d4ca0049d8c8087974e8282970c
:109ccc002b10e200780040144c828697c127410b80
:109cdc00050002248c8086974e8282972b10c2003e
:109cec005900401452828797a927410b0100022486
:109cfc008c8087974e8282972b10e2003a0040149a
:109d0c00468286979127410b010002244a82828762
:109d1c00130040500100022442828397768283a76d
:109d2c0046828487508285874c82868752828787b9
:109d3c004e82839723184300201e037c1000a3af90
:109d4c001400a2afff000224ecb8400f1800a2af21
:109d5c00d9004010050002245d27410b908082af92
:109d6c00908082af8c8082a742828297768282a773
:109d7c008c8086974e8282972b10c2001600401062
:109d8c0001000224508287972138c700203e077caf
:109d9c00468284972120c4004c828297233046004f
:109dac002026047c2128e0004f08410f2036067c39
:109dbc00c30040108c8086970100c624ffffc6307c
:109dcc008c8086a74e8282972b10c200eeff401427
:109ddc0050828797010002248c8082a70200022403
:109dec001d27410b908082af2130e6002036067c87
:109dfc00508285972128e5005282829723384700ac
:109e0c002120c000202e057c4f08410f203e077cee
:109e1c00ad0040108c8087970100e724ffffe730ee
:109e2c008c8087a74e8282972b10e200eeff4014a5
:109e3c0046828697010002248c8082a703000224ac
:109e4c001d27410b908082af2338e600203e077c13
:109e5c00468284972120c4004c828297233046008e
:109e6c002026047c2128e0004f08410f2036067c78
:109e7c00970040108c8086970100c624ffffc630e7
:109e8c008c8086a74e8282972b10c200eeff401466
:109e9c0052828797010002248c8082a7040002243e
:109eac001d27410b908082af2330c7002036067ce3
:109ebc00508285972128e5005282829723384700eb
:109ecc002120c000202e057c4f08410f203e077c2e
:109edc00810040108c8087970100e724ffffe7305a
:109eec008c8087a74e8282972b10e200eeff4014e5
:109efc004c828697050002241d27410b908082af6f
:109f0c0044828297768282a74a82828710004050d0
:109f1c004e828297f0ff0324678283a34682848754
:109f2c00508285874c828687528287874e828397a0
:109f3c00231043002016027c29bc400f1000a2af56
:109f4c0015004054060002243b28410b2118000048
:109f5c0050828787ffffe33046828497212044009c
:109f6c00212862004c8286972330c200528282875d
:109f7c002338470042380700213867002026047c2c
:109f8c00202e057c2036067c4f08410f203e077c96
:109f9c0055004010060002241d27410b908082af13
:109fac0048828297768282a74a8282870f0040502d
:109fbc004e828297678293a34682848750828587dc
:109fcc004c828687528287874e8283972310430068
:109fdc002016027c29bc400f1000a2af1600405482
:109fec00678291a33f28410b21180000528287877a
:109ffc005082838746828497212044002328e300e3
:10a00c000100632442280500212865004c828697b4
:10a01c002330c2002338e2002026047c202e057c4d
:10a02c002036067c4f08410f203e077c3200401042
:10a03c0021180000678291a31d27410b908092afdd
:10a04c008880848f17008010468291874c8282878b
:10a05c006bbe400f218822022180400050829287e3
:10a06c00528282872190420273be400f8880848f77
:10a07c0023203002422004000100842423284202c1
:10a08c00422805000100a5242026047c202e057cf6
:10a09c008880868fe3c0400f010007241600401013
:10a0ac0021180000908080af4128410b010003244f
:10a0bc004128410b211800004128410b21180000b8
:10a0cc004128410b211800004128410b21180000a8
:10a0dc004128410b211800004128410b2118000098
:10a0ec004228410b211060004128410b211800002f
:10a0fc004228410b21106000211060003400bf8ffa
:10a10c003000b38f2c00b28f2800b18f2400b08f99
:10a11c000800e0033800bd27ffff8430060002244e
:10a12c00090082100600822c0e004014f8ff8424d3
:10a13c00010002242b2044000a00801400000000bf
:10a14c005928410b0c00a2940c00a29404404234f8
:10a15c000800e0030c00a2a4fbff42300040423494
:10a16c000c00a2a40800e003000000000c00839483
:10a17c00020066303900c014211000000000a790c6
:10a18c00020006243500e614000000000200a28440
:10a19c000e0086842a30c2002700c05008006430ac
:10a1ac00120086842a1046002300405008006430b8
:10a1bc000400a284100086842a30c2001e00c05005
:10a1cc0008006430140084842a1044001a004010e3
:10a1dc0008006430080062300a0040500100a4906e
:10a1ec000100a590040004241c00a41421100000fc
:10a1fc000400633008000424060002240800e00375
:10a20c000b108300040005241400851008000224a0
:10a21c0003000224050082140400633007000424a8
:10a22c00060002240800e0030b1083000600022441
:10a23c000800e0030b10030008008014211000003c
:10a24c000100a590010004240400a41409000424b6
:10a25c00040062300a200200211080000800e00394
:10a26c0000000000c8ffbd273400bfaf3000b5af01
:10a27c002c00b4af2800b3af2400b2af2000b1afb4
:10a28c001c00b0af5403410f21808000c401401466
:10a29c00211800007880828f0500422cc0014010ec
:10a2ac00010003247880838f80180300059d023cf5
:10a2bc00d0a24224211043000000428c0800400030
:10a2cc0000000000e4a2049d14a4049dcca4049df1
:10a2dc0014a7049da8a8049d5403410f000000007e
:10a2ec00af014014211800000c0002962026027cbd
:10a2fc00ab018004010003242c000486708084a729
:10a30c0012000796ffff8330feff052402286570bc
:10a31c00ffffa5300e0006962330a6002130e60084
:10a32c00748086a714000696100008962328a800af
:10a33c002128c500728085a7000245303100a05449
:10a34c0001000224020045300c00a0541800028ebb
:10a35c0004004230050040101800028e02004b949d
:10a36c0000004c94e528410b0c004d9402004c94d9
:10a37c0000004b94e528410b0a004d9402004c94cc
:10a38c0000004b940e004d945e8280a3568280a7f1
:10a39c001800028e00a0093c380425251c004a8cac
:10a3ac000400aaac20004a8c0800aaac18004a8c05
:10a3bc0038042aad2400428c0c00a2ac0e0002968c
:10a3cc0021106200468282a721400301508288a797
:10a3dc002338e3004c8287a72318c300528283a73b
:10a3ec004a8284a742828da744828ca748828ba77d
:10a3fc003800028e888082af030002244e8282a72e
:10a40c0001000224788082af0c00029600024330d7
:10a41c001d006010000142303800048e27008010af
:10a42c00020002240e001286120002866bbe400f40
:10a43c0021904202218840001400138610000286ed
:10a44c002198620273be400f3800048e2320510203
:10a45c0042200400010084242328620242280500c3
:10a46c000100a5242026047c202e057c3800068eb5
:10a47c00e3c0400f010007240f0040142118000016
:10a48c006c2a410b211060000700401000000000f6
:10a49c001227410f00000000070040142118000093
:10a4ac006c2a410b211060009d25410f000000001b
:10a4bc003b0140102118000002000224788082af7a
:10a4cc003400028e51004010708091870c0002966f
:10a4dc00020043300a006014219000020400423054
:10a4ec00040040101800028e060042944629410bcd
:10a4fc00768282a7040042944629410b768282a779
:10a50c001800028e08004294768282a73400118ec5
:10a51c00688091af6c8080a76e8080a71800028e37
:10a52c0068bd400f1400448c1800028e21202002bc
:10a53c0046be400f1400458c0c004396100064304e
:10a54c00060080102000643012001196fbff3126ab
:10a55c00231022026429410bffff5130050080506b
:10a56c00120011860e001196050031266429410b4c
:10a57c00ffff31320e0004862188240223102202b0
:10a58c004078517c800062300800401040006330fd
:10a59c00100012961800028e63be400f1400448cfb
:10a5ac00030052268129410bffff52320a006050f2
:10a5bc001000128614001296300013961800028eaa
:10a5cc0063be400f1400448cfdff522623905302af
:10a5dc008129410bffff5232140002862190420266
:10a5ec0030000286239042024078527e1800028e80
:10a5fc0063be400f1400448c648291a75a8292a7c8
:10a60c0003000224c529410b788082af0400022488
:10a61c005403410f788082afe100401421180000f0
:10a62c000c0002960100433035006050788080affa
:10a63c00020003240400423005004010568283a718
:10a64c001800028e060042949a29410b768282a74a
:10a65c001800028e04004294768282a72c00028697
:10a66c0013004014ffff31320e00049605008424c1
:10a67c00100005960500a52412000696fbffc624c3
:10a68c0014000796fbffe7241000a0af2026047ce3
:10a69c00202e057c2036067c0bbb400f203e077c11
:10a6ac0015004014211800006c2a410b2110600089
:10a6bc000e00049621202402100005962128250264
:10a6cc00120006962330d100140007962338f100af
:10a6dc00fbff3126208e117c1000b1af2026047cac
:10a6ec00202e057c2036067c0bbb400f203e077cc1
:10a6fc00ab00401021180000568280a7788080aff4
:10a70c006b2a410b010003246e8082876880838f43
:10a71c002110620000004480222a410b0a001124ff
:10a72c0075bd400f000000009c0040106e80929799
:10a73c00010052262096127c6e8092a76880828f30
:10a74c002118520000006480500091140100522620
:10a75c0021905200688092af6c8093970100732611
:10a76c00209e137c6c8093a76e8080a71800028ead
:10a77c0068bd400f1400448c1800028e212040024a
:10a78c0046be400f1400458c0c000396100064303c
:10a79c00060080102000643012001296fbff522637
:10a7ac0023904202f829410bffff523205008050e2
:10a7bc00120012860e00129605005226f829410b43
:10a7cc00ffff52320e000486219044022390420275
:10a7dc004078527e800062300a00401040006330a6
:10a7ec00100014961800028e63be400f1400448ca7
:10a7fc000300942602185370219874001c2a410bf4
:10a80c00ffff73320c006050100014861400149675
:10a81c00300015961800028e63be400f1400448c55
:10a82c00fdff942623a09502021853702198740002
:10a83c001c2a410bffff73321400028621a08202f6
:10a84c003000028623a082024078947e1800028e8b
:10a85c0063be400f1400448c02185370219874008e
:10a86c00ffff7332648292a75a8293a76e8082870d
:10a87c006880838f2110620000004480a8ff801440
:10a88c0000000000282a410b00000000a4ff8014e7
:10a89c00000000005d03410f2120000070809187b3
:10a8ac00040002245403410f788082af3c00401412
:10a8bc00211800000c000296010043303500605056
:10a8cc00788080af02000324040042300500401061
:10a8dc00568283a71800028e060042943f2a410b31
:10a8ec00768282a71800028e04004294768282a798
:10a8fc002c00028613004014ffff31320e00049628
:10a90c0005008424100005960500a5241200069667
:10a91c00fbffc62414000796fbffe7241000a0af32
:10a92c002026047c202e057c2036067c0bbb400f99
:10a93c00203e077c1a00401021180000672a410baa
:10a94c00568280a70e000496212024021000059642
:10a95c0021282502120006962330d10014000796f8
:10a96c002338f100fbff3126208e117c1000b1af93
:10a97c002026047c202e057c2036067c0bbb400f49
:10a98c00203e077c0600401021180000568280a74c
:10a99c00788080af6b2a410b010003242118000042
:10a9ac00211060003400bf8f3000b58f2c00b48fa5
:10a9bc002800b38f2400b28f2000b18f1c00b08f01
:10a9cc000800e0033800bd27d0ffbd272c00bfaf27
:10a9dc002800b6af2400b5af2000b4af1c00b3af55
:10a9ec001800b2af1400b1af1000b0af21908000ce
:10a9fc00340085ac0000b1800100b0242198a00087
:10aa0c000100152421b000000a0014240400345263
:10aa1c001800428e10002056000011821800428e41
:10aa2c002120600246be400f1400458c2a10c20241
:10aa3c0005004010212060021800428e46be400fd7
:10aa4c001400458c21b040000500341621980002fa
:10aa5c000100b52600001182862a410b0100102648
:10aa6c002e0056a61800428e63be400f1400448c74
:10aa7c000210a272300042a62c00bf8f2800b68fa5
:10aa8c002400b58f2000b48f1c00b38f1800b28f38
:10aa9c001400b18f1000b08f0800e0033000bd2708
:10aaac00c8ffbd273400bfaf3000beaf2c00b7af1e
:10aabc002800b6af2400b5af2000b4af1c00b3af74
:10aacc001800b2af1400b1af1000b0af5800b18f86
:10aadc00ffff9230209e057c20a6067c20ae077cd2
:10aaec004800b6874c00b7875000be978b42410f89
:10aafc003c0004242400401021804000000052a49b
:10ab0c00040040ac080040ac0e0053a4100054a448
:10ab1c00120055a4140056a42c0057a45400a28f64
:10ab2c00380002ae340011ae0c001ea6059d023c8e
:10ab3c0070a242241c0002ae059d023c78a1422466
:10ab4c00240002ae059d023c24a14224280002ae42
:10ab5c00200000ae5c00a28f03004054180002ae2f
:10ab6c008080828f180002ae2e0000a604002012f6
:10ab7c00300000a621200002752a410f2128200256
:10ab8c001925410f21200002211000023400bf8f33
:10ab9c003000be8f2c00b78f2800b68f2400b58fe5
:10abac002000b48f1c00b38f1800b28f1400b18f2b
:10abbc001000b08f0800e0033800bd27d8ffbd2778
:10abcc002400bfaf2000b2af1c00b1af1800b0af73
:10abdc00218080002188c0002096057c040002247e
:10abec005403410f0000c2ac3a004014211800007d
:10abfc000c0002960100433035006050000020ae7e
:10ac0c00020003240400423005004010568283a742
:10ac1c001800028e060042940e2b410b768282a7fe
:10ac2c001800028e04004294768282a72c000286c1
:10ac3c0013004014ffff52320e00049605008424ca
:10ac4c00100005960500a52412000696fbffc624ed
:10ac5c0014000796fbffe7241000a0af2026047c0d
:10ac6c00202e057c2036067c0bbb400f203e077c3b
:10ac7c001500401421180000392b410b21106000e5
:10ac8c000e0004962120440210000596212845024e
:10ac9c00120006962330d200140007962338f200d7
:10acac00fbff52262096127c1000b2af2026047cab
:10acbc00202e057c2036067c0bbb400f203e077ceb
:10accc000400401021180000568280a7000020ae1e
:10acdc0001000324211060002400bf8f2000b28fdc
:10acec001c00b18f1800b08f0800e0032800bd27ae
:10acfc00d8ffbd272400bfaf2000b4af1c00b3affa
:10ad0c001800b2af1400b1af1000b0af21808000ba
:10ad1c002188a0002096067c1800828c68bd400f0c
:10ad2c001400448c1800028e2120200246be400fd5
:10ad3c001400458c0c000396100064300600801043
:10ad4c002000643012001196fbff3126238822026a
:10ad5c00632b410bffff313205008050120011862e
:10ad6c000e00119605003126632b410bffff31328b
:10ad7c000e00048621882402238822024078317e2a
:10ad8c00800062300a0040104000633010001396bf
:10ad9c001800028e63be400f1400448c030073260f
:10adac000218527021907300872b410bffff523217
:10adbc000c0060501000138614001396300014968b
:10adcc001800028e63be400f1400448cfdff7326e6
:10addc00239874020218527021907300872b410b38
:10adec00ffff523214000286219862023000028664
:10adfc00239862024078737e1800028e63be400f67
:10ae0c001400448c0218527021907300ffff5232d0
:10ae1c00648291a75a8292a72400bf8f2000b48f1e
:10ae2c001c00b38f1800b28f1400b18f1000b08fbc
:10ae3c000800e0032800bd270c0083940200663054
:10ae4c002d00c014211000000000a7900200062461
:10ae5c002900e614000000000100a290ffff462428
:10ae6c00ff00c6300200c62c2000c050040042383f
:10ae7c000200a6840e0087842a38e6001b00e050ee
:10ae8c0004004238120087842a38c7001700e050ab
:10ae9c00040042380400a584100087842a38e50099
:10aeac001200e05004004238140087842a38a700ae
:10aebc000e00e050040042380400633006006010bd
:10aecc002c0082942a2845000d0003240e00022435
:10aedc000800e0030b1065002a3046000d00032427
:10aeec000e0002240800e0030b1066002a00032465
:10aefc000b180200211060000800e00300000000a5
:10af0c00202e057c2036067c2328a6003000839456
:10af1c00340082941b006200f40140001210000007
:10af2c00ffff42301a00a200f40140001210000092
:10af3c00ffff42300600442c060003240b10640073
:10af4c000800e0032016027ce8ffbd271400bfaf09
:10af5c00211080000c008394040064300c008010dd
:10af6c0010006330120044940e00429423108200af
:10af7c0004006010ffff4230faff4224f52b410b16
:10af8c00ffff4230f8ff4224f52b410bffff42300c
:10af9c0007006050140043842120400012004584b7
:10afac00c32b410f0e004684f52b410bffff4230a3
:10afbc00100042842310620003000324021043702b
:10afcc00e8ff4224c078427c421002001400bf8f7c
:10afdc000800e0031800bd27e8ffbd271400bfaf31
:10afec00211080000c008394040064301100805008
:10affc001400449410006330070060501200438426
:10b00c002120400014004584c32b410f10004684be
:10b01c001a2c410bffff42300e00428423106200b9
:10b02c000300032402104370e8ff42241a2c410b46
:10b03c00c078427c100042942310820010006330d0
:10b04c0004006010ffff4230faff42241a2c410b1f
:10b05c00ffff4230f8ff4224ffff42304210020053
:10b06c001400bf8f0800e0031800bd27c0ffbd27e8
:10b07c003c00bfaf3800beaf3400b7af3000b6af46
:10b08c002c00b5af2800b4af2400b3af2000b2af92
:10b09c001c00b1af1800b0afffff91302096057cbb
:10b0ac00209e067c20a6077c5000b5875400b697de
:10b0bc005800b7975c00be976000a2971000a2af33
:10b0cc008b42410f3c00042425004010218040009d
:10b0dc00000051a4040040ac06000224080002ae9b
:10b0ec000e0012a6100013a6120014a6140015a62a
:10b0fc000c0016a6059d023c84b342241c0002ae33
:10b10c00059d023c44ae4224240002ae059d023c47
:10b11c0064b94224280002ae200000ae300017a60d
:10b12c0034001ea61000a28f320002a6d52b410fb0
:10b13c0021200002360002a6f92b410f212000022b
:10b14c00380002a66400a28f03004054180002ae1f
:10b15c008080828f180002ae1925410f2120000239
:10b16c00211000023c00bf8f3800be8f3400b78f17
:10b17c003000b68f2c00b58f2800b48f2400b38f0d
:10b18c002000b28f1c00b18f1800b08f0800e003b4
:10b19c004000bd270c008394040063300b0060104a
:10b1ac00211080003800839403006324ffff633078
:10b1bc0010008794213867000000a7a41400849421
:10b1cc00231883007f2c410b0000c3a4360083940a
:10b1dc0003006324ffff63300e008794213867005f
:10b1ec000000a7a412008494231883000000c3a4b9
:10b1fc000c00429410004230070040140000000084
:10b20c000000a294020042240000a2a40000c294f8
:10b21c00feff42240000c2a40800e003000000006e
:10b22c00e8ffbd271400bfaf1000b0af2180800035
:10b23c00ffffa5300900a010010002243000839408
:10b24c00421803002110a000ffff64302b2885005a
:10b25c000100a05421106000ffff4230340002a610
:10b26c00d52b410f21200002360002a6f92b410fed
:10b27c0021200002380002a61400bf8f1000b08fee
:10b28c000800e0031800bd27d8ffbd272400bfaf7e
:10b29c002000b1af1c00b0af21808000208e057c57
:10b2ac001000a527682c410f1200a6270b00201eaa
:10b2bc0021100000320000a60c000296040042305f
:10b2cc00040040101000a2971200a297dc2c410b36
:10b2dc002c0002a6dc2c410b2c0002a6300003969d
:10b2ec002a2023020b008014ffff3132320003a608
:10b2fc000c00029604004230040040101200a29789
:10b30c001000a297dc2c410b2c0002a6dc2c410b6c
:10b31c002c0002a6320011a604fc227e1200a59776
:10b32c001000a4972330a4001b004300f40160001c
:10b33c00121000000210c270007c427c21108200ae
:10b34c000c0003960400633005006010ffff4230d0
:10b35c002120850023108200dc2c410b2c0002a63e
:10b36c002c0002a62400bf8f2000b18f1c00b08fd0
:10b37c000800e0032800bd27e0ffbd271c00bfaf7d
:10b38c001800b1af1400b0af5403410f21808000fe
:10b39c006b014014211800001c81828f0a00422c82
:10b3ac0067014010010003241c81838f8018030067
:10b3bc00059d023cd4b34224211043000000428c72
:10b3cc000800400000000000fcb3049d28b5049d5b
:10b3dc0058b5049db8b5049d44b6049d7cb6049d37
:10b3ec0078b7049de8b7049dbcb8049d08b9049dca
:10b3fc00218800020c0002962026027c5001800459
:10b40c000100032402004230040040141800028e94
:10b41c000a0042940c2d410b208182a70e0042940d
:10b42c00208182a7212000020a818527682c410fe8
:10b43c00088186270c0022960400433006006050d9
:10b44c0014000486120004860e0003862118830063
:10b45c001c2d410b4078637c10000386211883005f
:10b46c004078637c108183a7360003960e8183a7f6
:10b47c00380003960c8183a75e8280a30040433082
:10b48c0023006010568280a70e000396468283a785
:10b49c0010000396508283a7120003964c8283a758
:10b4ac0014000396528283a74a8280a72081839737
:10b4bc001000423006004010428283a71800028e12
:10b4cc0000004394448283a73b2d410b020042941d
:10b4dc001800028e02004394448283a70000429419
:10b4ec00488282a7888080af030002244e8282a704
:10b4fc0021200002a52c410f320005862c0002965b
:10b50c002e0002a6010002244a2d410b1c8182afa1
:10b51c0004000224912d410b1c8182af9d25410f0b
:10b52c000000000006014010211800000c000296db
:10b53c0010004230040040100200022407000224d4
:10b54c00fa2d410b1c8182af1c8182af1800028e38
:10b55c0000004294768282a70c00029604004230ce
:10b56c000a00401410818687108187870a8184879e
:10b57c002128e000e5b7400f0881868709004014b8
:10b58c0021180000542e410b211060002120c00016
:10b59c000a818587e5b7400f08818787e80040104e
:10b5ac0021180000030002241c8182af1800028eb7
:10b5bc0002004294768282a70c000296040042306c
:10b5cc000c00401421880002108187970100e724a9
:10b5dc00203e077c0a8184872128e000e5b7400fd4
:10b5ec00088186870c00401421180000542e410b52
:10b5fc0021106000108186970100c6242036067c3d
:10b60c002120c0000a818587e5b7400f0881878714
:10b61c00cb004010211800000c0022960040423054
:10b62c00040040100400022407000224fa2d410bf0
:10b63c001c8182af1c8182af5403410f00000000bb
:10b64c00bf004014211800000c000296001042307c
:10b65c000300401409000224422e410b1c8182afce
:10b66c0020818297768282a7532e410b01000324fe
:10b67c001800028e00004294768282a70c0002967b
:10b68c00040042301d0040140a8184970e81829779
:10b69c00212840002e000396213844002a386700e8
:10b6ac000300e01021306000b12d410b188184a7fc
:10b6bc0023206200188184a70881849723288500a1
:10b6cc002a28a6000300a01021106200b92d410bfe
:10b6dc00148184a7148182a710818787188184879d
:10b6ec002128e000e5b7400f148186871d00401427
:10b6fc0021180000542e410b211060000c81829700
:10b70c00212840002e000396213844002a38670077
:10b71c000300e01021306000cd2d410b168184a771
:10b72c0023206200168184a7088184972328850032
:10b73c002a28a6000300a01021106200d52d410b71
:10b74c00128184a7128182a7108186872120c000d4
:10b75c0016818587e5b7400f1281878778004010e6
:10b76c0021180000060002241c8182af1800028ef2
:10b77c0002004294768282a70c00029604004230aa
:10b78c000c00401410818697108187970100e724e4
:10b79c00203e077c188184872128e000e5b7400f04
:10b7ac00148186870b00401421180000542e410b85
:10b7bc00211060000100c6242036067c2120c00028
:10b7cc0016818587e5b7400f128187875c00401092
:10b7dc0021180000070002241c8182af5403410f82
:10b7ec000000000056004014211800000c000296c6
:10b7fc00040042300e004014108184972c000496f3
:10b80c000e81859723108500188182a7108182975d
:10b81c000c81839723304300168186a72120a40036
:10b82c00148184a7211062001a2e410b128182a769
:10b83c000e81859723108500188182a72c00029613
:10b84c000c81839723304300168186a72120a40006
:10b85c00148184a721106200128182a7188182971b
:10b86c00468282a716818297508282a71481829782
:10b87c004c8282a712818297528282a74a8280a729
:10b88c0020818297428282a71800028e0200439484
:10b89c00448283a700004294488282a7888080afac
:10b8ac00020002244e8282a7080002241c8182af6f
:10b8bc009d25410f000000002100401021180000c0
:10b8cc002c0002962e0002a60c00029610004330ab
:10b8dc0004006010002042301c8180af532e410bbd
:10b8ec000100032404004014090002241c8180afd1
:10b8fc00532e410b010003241c8182af0c000296d5
:10b90c00100043300d0060541c8180af02000324f2
:10b91c000100423005004010568283a71800028ea9
:10b92c0004004294502e410b768282a7208182978c
:10b93c00768282a7568280a71c8180af01000324e7
:10b94c00211060001c00bf8f1800b18f1400b08f45
:10b95c000800e0032000bd27d8ffbd272400bfaf9f
:10b96c002000b2af1c00b1af1800b0afffff913098
:10b97c002a0002243b0022122180c0002190a0004a
:10b98c002120a0001000a527682c410f1200a6272b
:10b99c000000039202000224330062142400bf8fc3
:10b9ac00f3ff3126ffff31320200312e2f002052df
:10b9bc002000b28f0c004396040063300b0060141f
:10b9cc0021884002020004861000a2972a28440015
:10b9dc001000a0502c0044961200a2972a3082002e
:10b9ec00ffff8430872e410b0b1086000400048669
:10b9fc001000a2972a2844000600a0502c00449660
:10ba0c001200a2972a308200ffff84300b108600b0
:10ba1c002c004496130082101000a6973000479615
:10ba2c0023104600021047701200a49723208600b2
:10ba3c001b004400f4018000122800000300601079
:10ba4c00ffffa5302328e500ffffa5302120400291
:10ba5c00a52c410f202e057c0c00229600104234a0
:10ba6c000c0022a62400bf8f2000b28f1c00b18fc7
:10ba7c001800b08f0800e0032800bd27e0ffbd27a9
:10ba8c001c00bfaf1800b1af1400b0af2016057c7e
:10ba9c000200422802004010218080000200052490
:10baac00202e057c320002960288a270300002968d
:10babc001b002202f401400012880000ffffa53099
:10bacc00300005a642280500340002962b10a20077
:10badc0005004010ffff31320300a054340005a6ce
:10baec0001000224340002a6d52b410f21200002b4
:10bafc00360002a6f92b410f21200002380002a6c5
:10bb0c0021200002a52c410f202e117c1c00bf8f80
:10bb1c001800b18f1400b08f0800e0032000bd277f
:10bb2c000080013c2628a100c24d0400ff002931f1
:10bb3c00c25d0500ff006b310080073c0042040031
:10bb4c00254007010052050025504701ffff2d2518
:10bb5c00fe00a12d6100201000000000ffff6d25ec
:10bb6c00fe00a12d770020100000000023602b01a7
:10bb7c000d00800500000000200081290300201426
:10bb8c00000000001500001002000a2425300a00f5
:10bb9c0006508a0104688a011000a61100000000fa
:10bbac000e00001002004a3525480b0023600c00e3
:10bbbc002000812903002014000000000700001061
:10bbcc00020008242530080006408801046888011a
:10bbdc000200a61100000000020008352460870056
:10bbec00266885011000a0050000000021400a0114
:10bbfc002b680a011700a0110000000001000d3194
:10bc0c000200a011000000000200083542400800ac
:10bc1c0001002925ff0001240e0021150000000061
:10bc2c000c000010000008242b680a010400a0116d
:10bc3c0023400a01234008000300001026608701fe
:10bc4c00500000110000000020300671234826012e
:10bc5c000440c8000e0020190000000080000825d8
:10bc6c0080000d2d21482d01026a08000100ad3124
:10bc7c0023400d014040080042420800c06d0900fd
:10bc8c0025400d0125100c010800e0030000000008
:10bc9c00010006242330c9002000c12c39002010db
:10bcac00000000000080013c2540010120000d2413
:10bcbc002368a6010448a801020020110640c80010
:10bccc00010008350000092480000d25e3ffa105c3
:10bcdc0000000000e1ff0010010009240e002015f7
:10bcec0000000000214008010500001100000000c8
:10bcfc0020600c7123482c0198ff0010044088012f
:10bd0c00ff0001240f006111000000000080013cc5
:10bd1c001800a11400000000216808011b00a015e8
:10bd2c0000000000ff000124140061150000000059
:10bd3c00266885001500a005000000000d0000100d
:10bd4c0000000000080060150000000021504a01ae
:10bd5c000a0040110000000020604c7123586c0157
:10bd6c0082ff001004508a0121684a010700a015c7
:10bd7c0000000000c4ff001025100500c2ff0010d9
:10bd8c0025100400c0ff001000000224beff0010ac
:10bd9c00c0ff023cc23d0400ff00e730c24d05006d
:10bdac00ff00293100800a3c003204002530ca0013
:10bdbc000042050025400a012660850024504c01f4
:10bdcc00ffffec24fe00812d21002010000000005c
:10bddc00ffff2c25fe00812d3600201000000000f6
:10bdec001900c80012580000020060111030000049
:10bdfc000100c6340300c0040000000040300600ff
:10be0c00ffffe72482ff2c252138ec00ffffec24f8
:10be1c00fe00812d3a002010000000008000c62496
:10be2c008000cc2c2138ec000262060001008c3121
:10be3c002330cc004030060042320600c0650700bb
:10be4c002530cc002510ca000800e00300000000db
:10be5c000d00e014000000002130c6000500c010e9
:10be6c00000000002058cb702338eb00d8ff0010e6
:10be7c0004306601ff0001241f00211100000000a6
:10be8c0015000010000000002160c6001a0080158b
:10be9c0000000000040020150000000021600801d3
:10beac001500801100000000ff0001240f00211577
:10bebc00000000000a0020150000000021400801cd
:10becc00050000110000000020580b7123482b01c5
:10bedc00c3ff001004406801dbff001025100a00ae
:10beec00216008010400801500000000807f013ce7
:10befc00d5ff001025104101d3ff0010c0ff023cfc
:10bf0c00faffe01c0000000001000b24235867011d
:10bf1c002000612df0ff20100000000020000c24f8
:10bf2c0023608b01043886010200e01006306601a4
:10bf3c000200c634000007248000cc24b7ff810522
:10bf4c0000000000b5ff00100100072400800b3c2e
:10bf5c00c2450400ff000831c2550500ff004a31fc
:10bf6c00003a04002538eb00004a050025482b0157
:10bf7c002670850024586e01ffff0e25fe00c12d92
:10bf8c003f00201000000000ffff4e25fe00c12dd9
:10bf9c0053002010000000002b08e90003002014bf
:10bfac0000000000423807000100082582630900e8
:10bfbc00f40180011b00ec00122000001030000086
:10bfcc00ff3f2d311900a401122800008033060018
:10bfdc002b70c5000400c0112330c500ffff842462
:10bfec002130c9002b70c900f40180011b00cc006a
:10bffc0012380000103000001900a70112280000b0
:10c00c00803306002b70c5000400c0112330c5001e
:10c01c00ffffe7242130c9002b70c9008073040096
:10c02c002138ee000200c010003907000100e7348f
:10c03c007e000e242370ca0121400e01ffff0e2545
:10c04c00fe00c12d34002010000000008000e72409
:10c05c008000ee2c21400e01027207000100ce314f
:10c06c002338ee0040380700423a0700c07508003c
:10c07c002538ee002510eb000800e003000000005e
:10c08c0008000015000000002138e7000500e01052
:10c09c00000000002060ec7023400c01baff00107f
:10c0ac0004388701040048150000000021702901a4
:10c0bc002f00c01100000000ff00012408004111f6
:10c0cc000000000012000011000000002170e700c9
:10c0dc002700c01500000000220000100000000026
:10c0ec000800401500000000214829011d00201106
:10c0fc000000000020602c7123504c01a6ff0010a2
:10c10c0004488901217029011900c01500000000a4
:10c11c00d9ff001025100b001200001d00000000bc
:10c12c0001000c24236088012000812df8ff2010d1
:10c13c000000000020000e242370cc010440c70135
:10c14c0002000011063887010200e73400000824c1
:10c15c008000ee24bdffc10500000000bbff0010f5
:10c16c0001000824807f013cc3ff001025106101f1
:10c17c00c1ff0010c0ff023c0080013c1200801087
:10c18c002430810002008104000000002320040000
:10c19c009e000524203887702328a7000420e40083
:10c1ac00800084248000882c2128a80003420400ed
:10c1bc0001000831232088004020040042220400a2
:10c1cc00c045050025208800251086000800e003e6
:10c1dc00000000000f008010000000009e000624ec
:10c1ec00202885702330c5000420a40080008424fe
:10c1fc008000872c2130c700023a04000100e73090
:10c20c00232087004020040042220400c03d060089
:10c21c0025208700251004000800e0030000000022
:10c22c00002a04000080013c2528a100c23d040026
:10c23c00ff00e7309e0006242330c7000c00c01816
:10c24c00000000002000c1280300201400000000a2
:10c25c000500001000000224020081040628c5001d
:10c26c0023280500251005000800e003000000004d
:10c27c00807f013c010021342b0881000300201435
:10c28c0000000000f8ff00100080023cff7f023c21
:10c29c00f5ff0010ffff4234002a04000080013c2f
:10c2ac002528a100c23d0400ff00e7309e000624b3
:10c2bc002330c7000c00c004000000002000c1287f
:10c2cc0003002014000000000500001000000224f0
:10c2dc00020081040628c50023280500251005004e
:10c2ec000800e00300000000807f013c01002134c5
:10c2fc002b0881000300201400000000f8ff001040
:10c30c000080023cf6ff0010ffff0224feff082411
:10c31c0040300400403805002548c7001b002011a0
:10c32c000000000000ff013c010021342b08c1007b
:10c33c00190020100000000000ff013c0100213416
:10c34c002b08e10014002010000000000200810402
:10c35c0042300600233006000200a10442380700d8
:10c36c00233807002a08c700030020100000000033
:10c37c0007000010ffff02242a08e600030020102b
:10c38c000000000002000010010002240000022442
:10c39c000800e00300000000fdff0010251008005d
:10c3ac0040100400421002000800e00300000000ee
:10c3bc000080013c261081000800e0030000000012
:10c3cc004030040000ff013c010021342b08c10067
:10c3dc0003002014000000000a00001001000224d9
:10c3ec004030050000ff013c010021342b08c10046
:10c3fc0003002014000000000200001001000224c1
:0cc40c00000002240800e0030000000013
:020000040000fa
:020000041d03da
:10973c00a0ffbd274c00b5af3c00b1af3800b0afb7
:10974c005c00bfaf5800beaf5400b7af5000b6af0f
:10975c004800b4af4400b3af4000b2af21a88000c2
:10976c002188c000f0e7400b218000002500022476
:10977c00080082140100b3240200a52421b80000c3
:10978c002d0007243000062420000424efe5400bb4
:10979c002b0003247d45410f2128a0022710020035
:1097ac002b100200efe7400b218002020100a524e0
:1097bc00ffffa2800e004710ffffb3242e004828a5
:1097cc000700001100000000f8ff44500100f736bc
:1097dc000d0043540200e43201e6400b0200f73660
:1097ec00090046540200e43203e6400b0400f7364d
:1097fc00eee5400b0800f736efe5400b0100a52421
:10980c00efe5400b0100a524feffe3320bb864002a
:10981c000800e432fbffe3320bb86400059d043c06
:10982c003c19832421184300010063900400633029
:10983c00120060102a000424211800000a000224df
:10984c00022862700000648201007326059d063cac
:10985c00d0ff84243c19c6242118a4000000648283
:10986c00212086000100849004008430f5ff8014d0
:10987c000228627028e6400b000064820400441445
:10988c00211800000000238e0100732604003126ed
:10989c00000064822e000224170082142140000074
:1098ac0001007326000064822a0002240300821047
:1098bc000040f73639e6400b0a0004240000288edd
:1098cc000100732641e6400b04003126d0ff4224f0
:1098dc00010073262140a20000006282059d063c17
:1098ec003c19c624212846000100a5900400a5308f
:1098fc00f6ffa014022804716c0006241000052445
:10990c0000800424000062820100732624004610ab
:10991c001000a2a36d0044281000801073000424d2
:10992c006300042461004410640044280500801086
:10993c0064000424a30140105c00bf8f61e6400b5f
:10994c005800042470004410690004246b00441473
:10995c001000b227c6e6400bc000e4321a004410d7
:10996c007400442808008010750004246f0004243f
:10997c001100441070000424600044141000b2273d
:10998c0073e6400b2000f7365e0044107800042488
:10999c005a0044141000b227c5e6400b8000f7367d
:1099ac001000e232213880000a38a2001080e23028
:1099bc0044e6400b25b85700c5e6400b4000f7368f
:1099cc00c5e6400b8000f7360000328e03004016cf
:1099dc0004002226059d123ce81d522621f00000b1
:1099ec0021205e0200008480fdff80540100de27f0
:1099fc0021884000040000512ba0c3032b101e0132
:109a0c000bf002012ba0c30323187e000a181400cc
:109a1c000800f6321400c01621a0600092e6400b3c
:109a2c00000000007d45410f2128a00227100200f4
:109a3c002b10020021800202ffff9426f9ff8016f2
:109a4c00200004249de6400bffff142400004482f8
:109a5c002128a0027d45410f01005226271002004b
:109a6c002b100200218002022110c003f7ff4014ca
:109a7c00ffffde274f01c01221286002aae6400b2f
:109a8c00000000007d45410f2128a0022710020094
:109a9c002b10020021800202ffff9426f9ff801692
:109aac0020000424f0e7400b2128600201002282f0
:109abc001000e6320000248e040025260a00c01097
:109acc001000a2a3090040501400a4a3ffff062419
:109adc00060046501400a4a31400a2a31500a4a3ce
:109aec00bfe6400b02001e241400a4a301001e2498
:109afc001400b22780e6400b2188a00080e6400bc2
:109b0c0001001e24c000f736c000e432150080149a
:109b1c002016177c080043040000328e0700312603
:109b2c00f8ff022424102202080051240000528c59
:109b3c00d4e6400b04005e8c0400222621884000f1
:109b4c00c3f712001200c10700000000239012009e
:109b5c002b10120023f01e000300f736e7e6400b33
:109b6c0023f0c203080043040000328e07003126a4
:109b7c00f8ff022424102202080051240000528c09
:109b8c00e7e6400b04005e8c21f000000400312657
:109b9c0003000015c000f63225405e020100082dbe
:109bac00400002243500c2124100c22a05004010b8
:109bbc00800002240800c052059d023c38e7400b8f
:109bcc001000a2831700c212c00002244100c2166a
:109bdc001000a283059d023cf81d442414000624a9
:109bec00010002240400858c0000878c2b48c503df
:109bfc0036002015080084240500be5401004224c0
:109c0c002b2847023200a0541000a2a301004224ca
:109c1c002014027cf4ff46540400858c37e7400b7b
:109c2c001000a2a30100022410000424212800002b
:109c3c00100009242b30c5032500c0541000a2a32a
:109c4c000400c517025f04002b3044022000c054ee
:109c5c001000a2a3005105000100422400390400a9
:109c6c0025306a012014027c2120e000f1ff491408
:109c7c002128c00037e7400b1000a2a301000224ea
:109c8c000800042421280000150009242b30c503ea
:109c9c000f00c0541000a2a30400c517425f0400bb
:109cac002b3044020a00c0541000a2a3c05005007f
:109cbc0001004224c038040025306a012014027cc3
:109ccc002120e000f1ff49142128c0001000a2a3bc
:109cdc001000a2832a204800030080102a200201d1
:109cec003ee7400b1000a8a30b4044000500601099
:109cfc000040e2320300e2322b1002002318620013
:109d0c000040e232050040101000a2832a1003012b
:109d1c00231868000a1802001000a2832aa043002e
:109d2c00231862000a1814000400e2321b004010d1
:109d3c0021a060000200e332050060100100e23255
:109d4c002d0004242b00032459e7400b0a20620049
:109d5c0008004010200004242128a0027d45410f5a
:109d6c003000a8af271002002b1002002180020245
:109d7c003000a88f29008012300004242128a00272
:109d8c007d45410f3000a8af271002002b100200b8
:109d9c00218002025fe7400bffff94260f0060104a
:109dac000200e3320800e2320c0040140000000014
:109dbc00200004242128a0027d45410f3000a8afcb
:109dcc00271002002b100200ffff942621800202b4
:109ddc00f7ff80163000a88f0200e33205006010f8
:109dec000100e2322d0004242b00032483e7400bf6
:109dfc000a2062000a004010ffff02252000042404
:109e0c002128a0027d45410f3000a8af2710020089
:109e1c003000a88f2b10020021800202ffff0225c8
:109e2c00059d043cf01d8424c018020021188300f9
:109e3c001800a3af03000324022043708028020003
:109e4c002000a5af2000e6324100c52a2400a5afb2
:109e5c002800a6afe0e7400b1c00a4af2b00c712f4
:109e6c00ffff08252400a28f05004010800002246b
:109e7c000900c0121800a38fd0e7400b1000a48378
:109e8c001200c2122800a68fc00002242900c2169c
:109e9c001000a4831800a38f212040022128c003a6
:109eac000000668c0400678cfe3f410f3000a8afa9
:109ebc0021204000212860000a000624cf3d410fdc
:109ecc0021380000cde7400b30004224059d043cb6
:109edc00059d053cd41da224c01d87240a384600cc
:109eec002000a68f212040022128c0032c00a7af00
:109efc00c648410f3000a8af2c00a78f0f0042308e
:109f0c002138e200cde7400b0000e2901c00a68f48
:109f1c00212040022128c003c648410f3000a8afc1
:109f2c0007004230300042243000a88f1000a2a35a
:109f3c001000a4832128a0027d45410f3000a8af5a
:109f4c00271002002b1002001800a78f1c00a38ff3
:109f5c00218002022000a28f3000a88ff8ffe72496
:109f6c00fcff4224fdff63241800a7af2000a2af22
:109f7c001c00a3afb9ff0015400007240800f732fe
:109f8c000c00e012212860020b00805a0000a48013
:109f9c00200004247d45410f2128a0022710020037
:109fac002b100200ffff9426f9ff8016218002027d
:109fbc00212860020000a480ecfd80141000a4a3f2
:109fcc005c00bf8f211000025800be8f5400b78f69
:109fdc005000b68f4c00b58f4800b48f4400b38f3f
:109fec004000b28f3c00b18f3800b08f0800e00306
:049ffc006000bd271d
:020000040000fa
:020000041d04d9
:10c41800e0ffbd271c00bfaf1800b1af1400b0afdc
:10c4280088bf023c1060428c004042300600401039
:10c4380088bf103cffff0224188082a71a8082a7b9
:10c448006a31410b1c00bf8f80fb400fd4000424cd
:10c458002016027c3a8182a73e81838708006254b5
:10c468003e8182a788bf023c1060428c0040423067
:10c478000d004010001010242831410bffff02244a
:10c488001060028e00404230efff4010ffff022490
:10c498001031410b00000000188082a71a8082a783
:10c4a8006a31410b1c00bf8f88bf113c80fb400fd5
:10c4b8009400042423100202ffff4230201e027c55
:10c4c800388183a73c818487080083503e81848714
:10c4d8003c8183a71060228e00404230f3ff401059
:10c4e800ffff02242831410b00000000b0ff852423
:10c4f800ffffa530510fa52c2600a050ffff0224f6
:10c50800b0ff4224ffff4230510f422c210040105f
:10c51800ffff02241c808597202e057c2328850098
:10c52800c3170500262845002310a2000b00422847
:10c5380010004014000000001e808597202e057c06
:10c5480023286500c3170500262845002310a200ec
:10c558000b0042280700401400000000188084a740
:10c568001a8083a71c8084a71e8083a76a31410b89
:10c578001c00bf8f1c8082972016027c188082a71f
:10c588001e8082972016027c1a8082a76a31410b8e
:10c598001c00bf8f188082a71a8082a71c00bf8f3b
:10c5a8001800b18f1400b08f0800e0032000bd27e9
:10c5b800e080033481bf023c009043ac81bf023c61
:10c5c800109040acffff033481bf023c209043ac85
:10c5d80081bf023c6090438c0421037c609043ac93
:10c5e80081bf023c509040ac01000224348182afec
:10c5f8000800e00300000000188082970800e003ac
:10c608002016027ce8ffbd271400bfaf8031410f20
:10c6180000000000090042042016027c2480839751
:10c62800201e037c268084972026047c02284370e1
:10c638002110a400831202002016027c1400bf8f70
:10c648000800e0031800bd271a8082970800e0035d
:10c658002016027ce8ffbd271400bfaf9431410fbc
:10c6680000000000090042042016027c2080839705
:10c67800201e037c228084972026047c0228437095
:10c688002110a400831202002016027c1400bf8f20
:10c698000800e0031800bd27e8ffbd271400bfaf5e
:10c6a8004881828f1d0040104c81828f030040100a
:10c6b8000000000009f84000fcff04242080849753
:10c6c800ffff84304881828f09f84000fcff052471
:10c6d80022808497ffff84304881828f09f84000c8
:10c6e800faff052424808497ffff84304881828fd5
:10c6f80009f84000f8ff052426808497ffff84305e
:10c708004881828f09f84000f6ff052400f10434bf
:10c718004881828f09f84000feff05241400bf8f6e
:10c728000800e0031800bd270800e003448180af3b
:10c738000000ea940000a8940600e99423484901ff
:10c74800804a09000600a294231002011a0022015f
:10c75800f4014000124800000000cc9400008294cc
:10c768000400c39423188301801a030004008b94e7
:10c7780023584b001a006b00f401600112180000e6
:10c788000200eb9421706a010200aa940400e79465
:10c7980023386701803a07000400a594232845013f
:10c7a8001a00e500f401a000123800000200cb9442
:10c7b80021606c01020085940600c694233066014e
:10c7c80080320600060084942320a4001a00c400c6
:10c7d800f4018000122000002168e9000250ea708c
:10c7e80023500a00023028712340460180520e006f
:10c7f80021400a012158830002208570232004006b
:10c80800022862702310850080620c0021104c0001
:10c8180043180d00201e037c208083a74340080096
:10c828002046087c228088a743180b00201e037c22
:10c83800248083a7431002002016027c268082a74a
:10c848000800e0030000000060ffbd279c00bfafa8
:10c858009800beaf9400b7af9000b6af8c00b5afec
:10c868008800b4af8400b3af8000b2af7c00b1af32
:10c878007800b0af1800a427059d053cc823a5245f
:10c888002e44410f10000624059d023cc023438c12
:10c898002800a3afc0234224040043942c00a3a77c
:10c8a800060042902e00a2a3059d023cb423438caf
:10c8b8003000a3afb42342240400438c3400a3af58
:10c8c800080042903800a2a3059d023ca823438c8f
:10c8d8003c00a3afa82342240400438c4000a3af2c
:10c8e800080042904400a2a3059d023ca023438c6b
:10c8f8004800a3afa0234224040043944c00a3a7fc
:10c90800060042904e00a2a3049d103c68bd400f53
:10c918009c3a042600f80224768282a763be400f60
:10c928009c3a0426ffff53309c3a10261f0311241b
:10c938001800a42746be400f212800022310220217
:10c94800432002002026047cef00052432be400f5d
:10c958001800a627f7ff40101800a427049d103cd4
:10c968009c3a10261f031124ef0072262096127c91
:10c978002800a42746be400f2128000223102202c7
:10c98800432002002026047c2128400232be400faa
:10c998002800a627f7ff40102800a4271800022423
:10c9a8006a00a2a76800a2a7c70102246e00a2a776
:10c9b8006c00a2a7280002246600a2a76000a2a714
:10c9c800f70202246400a2a76200a2a7ef001124c4
:10c9d800238833026000b3276800b42721f00000e1
:10c9e8007000a0af8c32410b208e117c0b004018d8
:10c9f800ffff0224768282a7070010240000c68663
:10ca08000000a7861000b0af2120c00029bc400f4d
:10ca18002128e000faff40500000c6860100de270a
:10ca2800020073260200942600f80224768282a768
:10ca38000a00102421b8c00321b0600200006686f5
:10ca480021a88002000087861000b0af2120c00016
:10ca58000bbb400f2128e000f7ff405021b8c0036e
:10ca680040801e001800a3272180700007001224b0
:10ca780048000686500007861000b2af2120c0008b
:10ca880029bc400f2128e000faff405048000686e4
:10ca98003000a427049d053c46be400f9c3aa524bf
:10caa8001f031024238002024078107e00f802241d
:10cab800768282a72086107c219000022120000225
:10cac8002128200232be400f3000a627fbff40502d
:10cad80021900002ffff10248031410f0000000068
:10cae80005005014ffff02249431410f000000009c
:10caf800f9ff5010ffff0224768282a7212040020e
:10cb08002128200232be400f3000a627fcff40102b
:10cb1800212040023c00a427049d053c46be400f4e
:10cb28009c3aa5241f031024238002024078107e1b
:10cb380000f80224768282a72086107c21900002c9
:10cb4800212000022128200232be400f3c00a627e7
:10cb5800fbff405021900002e545410f5802042494
:10cb68009431410f408017001800a32721807000de
:10cb78008031410f400002a6380002a6ffff0224c0
:10cb8800768282a7212040022128200232be400f4f
:10cb98003c00a627fcff4010212040024800a427a3
:10cba800049d053c46be400f9c3aa5241f03102453
:10cbb800238002024078107e00f80224768282a741
:10cbc8002086107c219000022120000221282002ca
:10cbd80032be400f4800a627fbff405021900002bc
:10cbe800ffff10248031410f0000000005005010a5
:10cbf800000000009431410f00000000f9ff5014bc
:10cc080000000000e545410f2c010424ffff022429
:10cc1800768282a7212040022128200232be400fbe
:10cc28004800a627fcff4010212040027000a38f77
:10cc3800010062242016027c7000a2af04000224c6
:10cc48007000a38f69ff62147000a28fffff102489
:10cc58008031410f00000000050050105000a4274b
:10cc68009431410f00000000f9ff50145000a42730
:10cc78005800a5276000a627ce31410f6800a727d6
:10cc88009c00bf8f9800be8f9400b78f9000b68f1e
:10cc98008c00b58f8800b48f8400b38f8000b28f6a
:10cca8007c00b18f7800b08f0800e003a000bd279a
:020000040000fa
:020000041d04d9
:10ccb80000000000c0cc049d000020007f00100090
:10ccc800038801000498010006a8010007b80100c4
:10ccd80007c801000ad801000af801000418020078
:10cce8000428020004380200064802000658020020
:10ccf8000368020005780200038802000798020012
:10cd080007a8020007b8020007c8020006d80200f8
:10cd180007e8020007f802000708030007180300e5
:10cd280007280300073803000348030003580300db
:10cd380006680300067803000688030006980300c7
:10cd48000ca8030008c8030008d8030008e803007b
:10cd580008f803000708040007180400082804005e
:10cd68000938040004580400046804000878040022
:10cd7800078804000b98040009b8040008d80400c8
:10cd880007e8040008f8040008080500071805006b
:10cd98000828050009380500095805000c78050021
:10cda8000998050008b8050007c8050004d805005b
:10cdb80007e8050004f8050007080600071806003c
:10cdc800042806000638060007480600065806002c
:10cdd800076806000678060004880600079806001b
:10cde80008a8060004b8060004c8060007d806000c
:10cdf80004e806000bf806000818070007280700d3
:10ce080007380700074807000658070005680700a5
:10ce18000578070007880700079807000aa8070091
:10ce280007c8070007d8070006e8070004f8070046
:10ce38000308080004180800072808000a38080032
:10ce480000000000000000000000000000000000da
:10ce580000000606020202020202020200000000ae
:10ce68000000121212120000000000000000000072
:10ce78000000002828287e143e0a0a00000000004e
:10ce8800000000083c2a0a1c38282a1e0800000056
:10ce980000000000000000008601c900690036009b
:10cea800d8002c012601c30000000000000000008b
:10ceb8000000000000003800240024001400ec01e9
:10cec800520052002200bc000000000000000000d8
:10ced8000000020202020000000000000000000042
:10cee8000008040202020202020202020408000010
:10cef80000020408080808080808080404020000da
:10cf0800000815361c27080000000000000000007b
:10cf180000000000000004041f04040000000000da
:10cf280000000000000000000000040604020000e9
:10cf380000000000000000000f00000000000000da
:10cf480000000000000000000000020200000000d5
:10cf58000020201010100808040404020201000038
:10cf68000000001c122222222222141c00000000b1
:10cf7800000000080e0808080808083e0000000025
:10cf880000000038242220100804243e000000007d
:10cf98000000000c1210081e1010110e00000000f6
:10cfa8000000001018141412123e1138000000007e
:10cfb800000000003c04041c2220221c0000000089
:10cfc800000000300c04021e2222221c0000000077
:10cfd800000000003e1210100808040400000000c1
:10cfe8000000001c26261e1c2222221c0000000015
:10cff8000000001c322222223c10100e000000000b
:10d008000000000000020200000002020000000010
:10d0180000000000000202000000040604020000f4
:10d02800000000000000300e07380000000000007b
:10d03800000000000000003f003f0000000000006a
:10d04800000000000000031c38070000000000007a
:10d0580000000c1212100808040404040000000068
:10d06800000000000000f0010c030202f104890432
:10d07800890489048902f10102000c03f800000008
:10d0880000000010181824243c4242e70000000069
:10d098000000001f2222223e6242423f00000000a0
:10d0a8000000007844020202020244380000000036
:10d0b8000000001f224242424242221f000000009c
:10d0c8000000003f2202021e0202223f0000000070
:10d0d8000000003f2202021e0202020700000000b8
:10d0e8000000007826010101e141423c00000000f7
:10d0f800000000000000c701820082008200fe00dc
:10d10800820082008200c7010000000000000000c9
:10d118000000000e040404040404040e00000000cf
:10d128000000000e040404040404040404020300c0
:10d1380000000077120a0a060a1232e7000000000f
:10d1480000000007020202020202223f0000000063
:10d15800000000000000070706038a028a025a023c
:10d1680052025202220227070000000000000000bd
:10d17800000000000000c30186008e008a009200b3
:10d18800a200e200c20087000000000000000000ca
:10d198000000001c224141414141221c00000000c6
:10d1a8000000001f222222221e02020700000000a7
:10d1b8000000001c224141414141221cb0c0000036
:10d1c8000000001f2222221a1e1222e7000000007f
:10d1d8000000001c320204182020221e000000005b
:10d1e8000000007f490808080808081c0000000023
:10d1f800000000000000c701820082008200820057
:10d208008200820046003c00000000000000000090
:10d21800000000000000c7018600440044002c0004
:10d228002800280010001000000000000000000086
:10d23800000000000000270e6202660254029402f9
:10d2480094028c01080108010000000000000000a1
:10d25800000000000000e70046002400180010004d
:10d26800380064004200e7000000000000000000f1
:10d27800000000c7444c283010101038000000008f
:10d288000000007e221010080404427f0000000005
:10d29800000e02020202020202020202020e000054
:10d2a80000010202040404080810101020200000e5
:10d2b800000704040404040404040404040700002c
:10d2c80000080814141222220000000000000000c8
:10d2d800000000000000000000000000003f000007
:10d2e800000003020400000000000000000000002d
:10d2f8000000000000001c12111e123e0000000079
:10d308000003020202021e262222221c0000000044
:10d318000000000000003c220202221c0000000065
:10d328000030202020203c222222227c0000000005
:10d338000000000000000c121e02120c0000000089
:10d3480000080e0202020f0202020207000000009b
:10d358000000000000007e21211e063a41413e00e7
:10d368000003020202027a46424242e7000000003d
:10d37800000000020200030202020207000000008f
:10d38800000000020200030202020202020201007f
:10d39800000302020202320a060a127700000000a5
:10d3a8000003020202020202020202070000000059
:10d3b800000000000000000000000000bb0366023f
:10d3c800220222022202770700000000000000006b
:10d3d800000000000000724f424242e700000000d7
:10d3e8000000000000001c222222221c0000000075
:10d3f8000000000000001a272222221e0202070055
:10d408000000000000003c222222223c2020700064
:10d418000000000000001b160202020700000000c6
:10d42800000000000000060e06080a0e00000000ba
:10d438000000000202020f020202020e00000000b9
:10d4480000000000000033222222227e000000009b
:10d458000000000000006722141408080000000003
:10d468000000000000000000000000002703320157
:10d47800b600cc00cc00c80000000000000000008e
:10d488000000000000007716081c2277000000004a
:10d4980000000000000077221414080808040300a4
:10d4a8000000000000003e120804223e00000000b8
:10d4b8000008040404040402050404040408000029
:10d4c8000002020202020202020202020202020038
:10d4d800000102020202020c020202020201000022
:10d4e800000000000000006e39000000000000008d
:10d4f800000000000000000007000500050005000e
:10d5080005000500050005000700000000000000f8
:020000040000fa
:020000041d04d9
:10d51800e0ffbd271c00bfaf1800b2af1400b1afc9
:10d528001000b0af2188800000a0103c1a45410fc0
:10d538008c24048efdff40100000000000a0103c69
:10d548008c24048edb44410f8c24052688bf123cb2
:10d55800e060428e444a027ce06042ae8c24048e35
:10d568000245410f030005241245410f8c24048e07
:10d578008c24048e0245410f003c257e1245410f44
:10d588008c24048e8c24048e0245410f003a257e9b
:10d598001245410f8c24048e8c24048e0245410fc1
:10d5a800ff0025321245410f8c24048e8c24048ef2
:10d5b8000245410f212800001245410f8c24048e9a
:10d5c80021884000e060428e01000324444a627cc6
:10d5d800e06042ae2745410f8c24048e21102002c2
:10d5e8001c00bf8f1800b28f1400b18f1000b08fcd
:10d5f8000800e0032000bd27e0ffbd271c00bfafe7
:10d608001800b1af1400b0af4635410f2188800033
:10d61800218000000438507c4635410f0100242643
:10d62800047a507cffff02321c00bf8f1800b18fb4
:10d638001400b08f0800e0032000bd27e0ffbd27dd
:10d648001c00bfaf1800b1af1400b0af00a0103c71
:10d658001a45410f8c24048efdff40100000000085
:10d6680000a0103c8c24048edb44410f8c2405263a
:10d6780088bf113ce060228e444a027ce06022ae02
:10d688008c24048e0245410f060005241245410fe3
:10d698008c24048ee060228e01000324444a627cbc
:10d6a800e06022ae2745410f8c24048e1c00bf8ffa
:10d6b8001800b18f1400b08f0800e0032000bd27c8
:10d6c800e0ffbd271c00bfaf1800b2af1400b1af18
:10d6d8001000b0af00a0103c1a45410f8c24048ef6
:10d6e800fdff40100000000000a0103c8c24048eb8
:10d6f800db44410f8c24052688bf113ce060228e54
:10d70800444a027ce06022ae8c24048e0245410f1c
:10d71800050005241245410f8c24048e8c24048ea8
:10d728000245410f212800001245410f8c24048e28
:10d7380021904000e060228e01000324444a627c6c
:10d74800e06022ae2745410f8c24048e010042324e
:10d758001c00bf8f1800b28f1400b18f1000b08f5b
:10d768000800e0032000bd27d8ffbd272400bfaf75
:10d778002000b3af1c00b2af1800b1af1400b0afb7
:10d788002190a0009135410fff00933000a0103c7c
:10d798001a45410f8c24048efdff40100000000044
:10d7a80000a0103c8c24048edb44410f8c240526f9
:10d7b80088bf113ce060228e444a027ce06022aec1
:10d7c8008c24048e0245410f020005241245410fa6
:10d7d8008c24048e8c24048e0245410f003c457e27
:10d7e8001245410f8c24048e8c24048e0245410f6f
:10d7f800003a457e1245410f8c24048e8c24048ef9
:10d808000245410fff0045321245410f8c24048e1a
:10d818008c24048e0245410f212860021245410fd5
:10d828008c24048ee060228e01000324444a627c2a
:10d83800e06022ae2745410f8c24048eb235410f9b
:10d8480000000000fdff40142400bf8f2000b38fac
:10d858001c00b28f1800b18f1400b08f0800e003cd
:10d868002800bd27e0ffbd271c00bfaf1800b1afdf
:10d878001400b0af2188a00021808000dc35410f62
:10d88800ff008430003a047edc35410f0100252674
:10d898001c00bf8f1800b18f1400b08f0800e00380
:10d8a8002000bd27d0ffbd272c00bfaf2800b5af93
:10d8b8002400b4af2000b3af1c00b2af1800b1af62
:10d8c8001400b0af219880002190a000ffffd43051
:10d8d8001c008012010002242180a0002128800061
:10d8e800218800000000049201001026dc35410f59
:10d8f8000100b52401003126ffff31322b1034021c
:10d90800f8ff40142128a00221880000000050924e
:10d918004635410f2120600207000216010031261a
:10d92800ffff31322b10340205004010010052264f
:10d938004536410b010073265336410b2110000078
:10d94800010002242c00bf8f2800b58f2400b48f5b
:10d958002000b38f1c00b28f1800b18f1400b08f55
:10d968000800e0033000bd27d8ffbd272400bfaf63
:10d978002000b3af1c00b2af1800b1af1400b0afb5
:10d98800219880002188a000ffffd03000a0123c21
:10d998001a45410f8c24448efdff40100000000002
:10d9a80000a0123c8c24448edb44410f8c24452675
:10d9b80088bf023ce060438c444a037ce06043ac8f
:10d9c8008c24448e0245410f030005241245410f63
:10d9d8008c24448e8c24448e0245410f003c657e85
:10d9e8001245410f8c24448e8c24448e0245410fed
:10d9f800003a657e1245410f8c24448e8c24448e57
:10da08000245410fff0065321245410f8c24448eb8
:10da18000c00001288bf023c8c24448e0245410f42
:10da2800212800001245410f8c24448e000022a2b8
:10da3800ffff1026ffff1032f7ff00160100312606
:10da480088bf023ce060438c01000424444a837c84
:10da5800e06043ac00a0023c2745410f8c24448c75
:10da68002400bf8f2000b38f1c00b28f1800b18f25
:10da78001400b08f0800e0032800bd27e0ffbd2791
:10da88001c00bfaf1800b1af9135410f1400b0af03
:10da980000a0103c1a45410f8c24048efdff401055
:10daa8000000000000a0103c8c24048edb44410fd1
:10dab8008c24052688bf113ce060228e444a027cf3
:10dac800e06022ae8c24048e0245410f60000524dc
:10dad8001245410f8c24048ee060228e010003243d
:10dae800444a627ce06022ae2745410f8c24048eb4
:10daf800b235410f00000000fdff40141c00bf8f2d
:10db08001800b18f1400b08f0800e0032000bd2773
:10db1800e0ffbd271c00bfaf1800b2af1400b1afc3
:10db28001000b0af00a0103c1a45410f8c24048ea1
:10db3800fdff40100000000000a0103c8c24048e63
:10db4800db44410f8c24052688bf113ce060228eff
:10db5800444a027ce06022ae8c24048e0245410fc8
:10db6800500005241245410f8c24048ee060228e5b
:10db780001001224444a427ee06022aee060228e18
:10db8800444a027ce06022ae8c24048e0245410f98
:10db9800010005241245410f8c24048e8c24048e28
:10dba8000245410f212800001245410f8c24048ea4
:10dbb800e060228e444a427ee06022ae2745410f53
:10dbc8008c24048eb235410f00000000fdff401484
:10dbd8001c00bf8f1800b28f1400b18f1000b08fd7
:10dbe8000800e0032000bd27e8ffbd271400bfaff1
:10dbf8001000b0af218080000000848cdb44410f0e
:10dc08002128000200a0043c8c248424212800023e
:10dc18002e44410f10000624c636410f00000000b4
:10dc28001400bf8f1000b08f0800e0031800bd2754
:10dc3800e0ffbd271c00bfaf1800b2af1400b1afa2
:10dc48001000b0af9135410f2190800000a0103c2a
:10dc58001a45410f8c24048efdff4010000000007f
:10dc680000a0103c8c24048edb44410f8c24052634
:10dc780088bf113ce060228e444a027ce06022aefc
:10dc88008c24048e0245410f200005241245410fc3
:10dc98008c24048e8c24048e0245410f003c457e62
:10dca8001245410f8c24048e8c24048e0245410faa
:10dcb800003a457e1245410f8c24048e8c24048e34
:10dcc8000245410fff0045321245410f8c24048e56
:10dcd800e060228e01000324444a627ce06022aea8
:10dce8002745410f8c24048eb235410f00000000f7
:10dcf800fdff40141c00bf8f1800b28f1400b18fb5
:10dd08001000b08f0800e0032000bd27ffff84301b
:10dd18006400822c0a0040140a0003243100022403
:10dd28000000a2a0300002240100a2a00200a2a0cc
:10dd3800250002240300a2a00800e0030400a0a01c
:10dd48001b008300f401600012180000ffff63301d
:10dd58000400601021100000300062240000a2a01e
:10dd680001000224f6ff062402186670ffff6330e4
:10dd78002130a20021206400300084240000c4a0c7
:10dd880001004224ff0042302118a200250004248b
:10dd9800000064a00800e003010060a0d8ffbd27d0
:10dda8002400bfaf2000b4af1c00b3af1800b2af5f
:10ddb8001400b1af1000b0af5403410f21888000a8
:10ddc80045014014211800000481828f0700422c6d
:10ddd80041014010010003240481838f801803004f
:10dde800059d023c00de4224211043000000428cc5
:10ddf80008004000000000001cde049d54de049d65
:10de0800b8de049dd0de049d98e0049d60e1049d89
:10de1800c0e2049d0c0022860b004104010002248c
:10de28001800228e10004294768282a70e00248663
:10de380010002586120026864f08410f14002786f9
:10de4800b838410b2b180200048182af0c002296cf
:10de5800004042301b004010030002240e002296ae
:10de6800468282a710002296508282a7120022962c
:10de78004c8282a714002296528282a74a8280a7e7
:10de88001800228e0a004394428283a7000043941c
:10de9800448283a702004294488282a7888080af88
:10dea800030002244e8282a702000224048182af6a
:10deb8009d25410f000000000701401021180000b7
:10dec80003000224048182af0c0022960400423031
:10ded80018004010212020023000229610002386ce
:10dee80014002586faffa5242328a3002c002696d3
:10def800233046000230a6701b00c200f401400027
:10df080012300000030063242e00279623384700b0
:10df18000238a7701b00e200f40140001210000054
:10df280021104300008182af2118c300e337410b61
:10df3800fc8083af0e00238612002586faffa524f5
:10df48002328a300300022962e0026960230a670c1
:10df58001b00c200f40140001230000003006324db
:10df68002c0027960238a7701b00e200f40140003d
:10df78001210000021104300008182af2118c30055
:10df8800fc8083af2e0023962c0022962b10430092
:10df9800200040101800228e0a004294768282a740
:10dfa8000c008294040042300e0040501000259668
:10dfb8000e0024960300842412002696fdffc62432
:10dfc8002026047c008185872036067c4f08410f77
:10dfd800fc8087872c00401421180000b938410bb9
:10dfe800211060000300a52414002796fdffe724f4
:10dff80000818487202e057cfc8086874f08410f8e
:10e00800203e077c2000401421180000b938410b3d
:10e01800211060000c004294768282a70c00829442
:10e02800040042300e004050100025960e00249641
:10e038000300842412002696fdffc6242026047cb3
:10e04800fc8085872036067c4f08410f0081878732
:10e058000d00401421180000b938410b2110600050
:10e068000300a52414002796fdffe724fc8084877d
:10e07800202e057c008186874f08410f203e077cb3
:10e08800950040102118000004000224048182af8a
:10e098000c00229604004230180040101800228e0e
:10e0a8000a004394768283a70e0032960300522614
:10e0b8002096127c140030861000238621800302eb
:10e0c80063be400f1400448c2380020243281000d2
:10e0d80012002696fdffc62421204002202e057c32
:10e0e8002036067c4f08410ffc80878718004014b3
:10e0f80021180000b938410b211060000c0043942e
:10e10800768283a7120030860e00238621800302c0
:10e118001080842746be400f1400458c23800202dd
:10e1280043201000100025960300a524140027960c
:10e13800fdffe7242026047c202e057c00818687ad
:10e148004f08410f203e077c630040102118000053
:10e1580005000224048182af0c002296040042309c
:10e168001a0040101800228e0c004394768283a770
:10e178000e003296030052262096127cfc8093876c
:10e1880012003496fdff942620a6147c14003086d5
:10e19800100023862180030263be400f1400448cc4
:10e1a8002180020243381000212040022128600209
:10e1b800213080024f08410f203e077c1a0040148e
:10e1c80021180000b938410b211060000a0043945f
:10e1d800768283a700819287100033960300732606
:10e1e800209e137c120030860e00238621800302b5
:10e1f8001080842746be400f1400458c21800202ff
:10e208004330100014002796fdffe7242120400228
:10e21800212860022036067c4f08410f203e077ceb
:10e228002d004010211800002c00239664000224c1
:10e2380002186270300022961b006200f401400050
:10e2480012180000ffff64304537410f1080852702
:10e258001800228e04004394768283a71200308629
:10e268000e002386218003021080842746be400fbb
:10e278001400458c2380020243801000648290a71a
:10e288001400308610002286218002021800228e97
:10e2980063be400f1400448c2380020243801000a8
:10e2a8005a8290a71800228e68bd400f1400448c33
:10e2b80006000224048182af14be400f1080842718
:10e2c80005004010211800002c0022962e0022a6de
:10e2d800048180af01000324211060002400bf8f57
:10e2e8002000b48f1c00b38f1800b28f1400b18fb8
:10e2f8001000b08f0800e0032800bd27c8ffbd2725
:10e308003400bfaf3000beaf2c00b7af2800b6afa7
:10e318002400b5af2000b4af1c00b3af1800b2aff3
:10e328001400b1af1000b0afffff9230209e057c03
:10e3380020a6067c20ae077c4800b6874c00be9716
:10e348005000b7975400b1978b42410f3400042412
:10e358001c00401021804000000052a4040040ac82
:10e3680007000224080002ae0e0013a6100014a62f
:10e37800120015a6140016a62c0017a66400022485
:10e388000a885100300011a62e0000a60c001ea617
:10e39800059d023ca4dd42241c0002ae240000ae10
:10e3a800280000ae200000ae5800a28f03004054a1
:10e3b800180002ae8080828f180002ae1925410f26
:10e3c80021200002211000023400bf8f3000be8fd0
:10e3d8002c00b78f2800b68f2400b58f2000b48f8b
:10e3e8001c00b38f1800b28f1400b18f1000b08fcb
:10e3f8000800e0033800bd2730008294ffffa630f4
:10e40800ffff43302b1866000100605421284000ac
:10e418000800e0032c0085a4ffffa5300100a054ec
:10e42800300085a42c0085a40800e0032e0080a4f9
:10e438000c0083940200633018006014211000005f
:10e448000000a690020003241400c314000000007a
:10e458000200a3840e0086842a30c3000f00c01077
:10e4680000000000120082842a1862000b0060106d
:10e47800211000000400a384100085842a28a3002a
:10e488000600a01000000000140082842a10620018
:10e49800110004240a200200211080000800e00373
:10e4a80000000000e0ffbd271c00bfaf1800b1af9f
:10e4b8001400b0af8331410f218880009731410f9c
:10e4c8002180400002000324000023a2ffff032450
:10e4d80004000312010020a2272002003c39410b4e
:10e4e8000a806400ffff02242a8083870e007014cc
:10e4f800ffff0424288084870b008254ffff042434
:10e50800ffff05240b006550288085870e00855085
:10e51800ffff042403000224010022a2020023a614
:10e528006a39410b040024a605006414ffff042483
:10e5380028808587ffff04241000a450ffff0324d0
:10e5480006000412ffff04240500441004000424fc
:10e55800010003246639410b010023a204000424ae
:10e56800010024a2020023a628808397040023a682
:10e578002a8090a76a39410b288082a70500035298
:10e58800020030a60200431002000324010023a267
:10e59800020030a6040022a62a8090a7288082a71d
:10e5a8001c00bf8f1800b18f1400b08f0800e00363
:10e5b8002000bd27c0ffbd273c00bfaf3800beaf5d
:10e5c8003400b7af3000b6af2c00b5af2800b4aff9
:10e5d8002400b3af2000b2af1c00b1af1800b0af39
:10e5e800049d103c68bd400f9c3a042663be400f52
:10e5f8009c3a042621a04000f8ff1124028851709b
:10e60800df01312643881100208e117cffff022490
:10e618003a09410f768282a700f80224768282a7ff
:10e62800059d103ce41c1026049d123c9c3a522681
:10e638001f0313242120000246be400f2128400258
:10e6480023106202432002002026047c2128200295
:10e6580032be400f21300002f7ff40102120000297
:10e66800768280a7059d103cd81c1026049d153c79
:10e678009c3ab526ffff3232ffff933221885302be
:10e68800208e117c1f0314242120000246be400f57
:10e698002128a00221f0400221b860021000b1af89
:10e6a80023108202432002002026047c2128200215
:10e6b80032be400f21300002f4ff4010212000023a
:10e6c800409013002190d2032096127c059d103ca7
:10e6d800c01c1026049d113c9c3a31261f031324ac
:10e6e8002120000246be400f21282002231062028a
:10e6f800432002002026047c2128400232be400f1d
:10e7080021300002f7ff40102120000203001324eb
:10e718000210f37221985e00209e137c059d103c28
:10e72800a81c1026049d113c9c3a31261f03142472
:10e738002120000246be400f212820022310820219
:10e74800432002002026047c2128600232be400fac
:10e7580021300002f7ff40102120000280a017009e
:10e7680021a0d40320a6147c059d103c9c1c1026d7
:10e77800049d113c9c3a31261f03152421200002d8
:10e7880046be400f212820022310a2024320020087
:10e798002026047c2128800232be400f213000024e
:10e7a800f7ff40102120000200f80224768282a799
:10e7b800060015240210f57221a85e0020ae157c13
:10e7c800059d103c801c1026049d113c9c3a312666
:10e7d8001f0316242120000246be400f21282002d4
:10e7e8002310c202432002002026047c2128a00214
:10e7f80032be400f21300002f7ff401021200002f6
:10e80800070016240210f67221b05e0020b6167cae
:10e81800059d103c741c1026049d113c9c3a312621
:10e828001f0317242120000246be400f2128200282
:10e838002310e202432002002026047c2128c00283
:10e8480032be400f21300002f7ff401021200002a5
:10e85800ffff11248031410f000000009431410f67
:10e868002180400004005150ffff1124f9ff1116c8
:10e8780000000000ffff11248031410f000000005c
:10e888009431410f21804000fbff5110000000002f
:10e89800f9ff111200000000e545410f2c01042486
:10e8a800ffff10243a09410f768290a71432410fd6
:10e8b800049d113c3a09410f768290a7768280a781
:10e8c800059d103c5c1c10269c3a31261f0317241a
:10e8d8002120000246be400f212820022310e20218
:10e8e800432002002026047c1000a58f32be400f72
:10e8f80021300002f7ff401021200002059d103c46
:10e90800441c1026049d113c9c3a31261f031724f1
:10e918002120000246be400f212820022310e202d7
:10e92800432002002026047c2128400232be400fea
:10e9380021300002f7ff401021200002059d103c05
:10e948002c1c1026049d113c9c3a31261f031224ce
:10e958002120000246be400f212820022310420237
:10e96800432002002026047c2128600232be400f8a
:10e9780021300002f7ff401021200002059d103cc5
:10e98800201c1026049d113c9c3a31261f0312249a
:10e998002120000246be400f2128200223104202f7
:10e9a800432002002026047c2128800232be400f2a
:10e9b80021300002f7ff40102120000200f8022455
:10e9c800768282a7059d103c801c1026049d113c70
:10e9d8009c3a31261f0312242120000246be400f14
:10e9e8002128200223104202432002002026047c12
:10e9f8002128a00232be400f21300002f7ff40104c
:10ea080021200002059d103c741c1026049d113c19
:10ea18009c3a31261f0312242120000246be400fd3
:10ea28002128200223104202432002002026047cd1
:10ea38002128c00232be400f21300002f7ff4010eb
:10ea480021200002ffff11248031410f0000000047
:10ea58009431410f21804000fbff5110000000005d
:10ea6800f9ff111200000000e545410f2c010424b4
:10ea78003a09410f768280a73c00bf8f3800be8fcd
:10ea88003400b78f3000b68f2c00b58f2800b48fb4
:10ea98002400b38f2000b28f1c00b18f1800b08ff4
:10eaa8000800e0034000bd27e0ffbd271c00bfaf02
:10eab8001800b2af1400b1af1000b0af2180000051
:10eac800ffff11240a001224e545410f64000424c5
:10ead8008331410f00000000050051140100102689
:10eae8009731410f00000000090051101c00bf8f32
:10eaf800ffff1032f4ff1216000000006f39410fbb
:10eb080000000000a831410f000000001c00bf8f6a
:10eb18001800b28f1400b18f1000b08f0800e00306
:10eb28002000bd27e0ffbd271c00bfaf1800b1af14
:10eb38001400b0af218080002188c0006e31410fe1
:10eb48002120e000e545410f02000424488190aff0
:10eb58004c8191af448180af1c00bf8f1800b18fea
:0ceb68001400b08f0800e0032000bd275f
:020000040000fa
:020000041d04d9
:10eb7400000000007ceb049d000020006e001b00e0
:10eb8400044401000444010004440100044401005d
:10eb9400044401000444010004440100044401004d
:10eba400085f0100067a01000444010004440100e6
:10ebb40004440100044401000444010007950100d9
:10ebc400044401000444010004440100044401001d
:10ebd400044401000444010004440100044401000d
:10ebe40004440100044401000444010004440100fd
:10ebf40004440100044401000444010004440100ed
:10ec04000444010011b00100044401001001020099
:10ec1400044401000f3702000e6d020011a302002c
:10ec24000ff40200052a03000b450300044401000d
:10ec34000e7b0300044401000fb1030012e703003c
:10ec44000f38040004440100116e04000ebf0400d8
:10ec54000ef504000f2b05000444010004440100d8
:10ec640004440100044401000e6105000444010051
:10ec7400044401000444010004440100044401006c
:10ec8400044401000444010004440100044401005c
:10ec94000444010004440100044401000d970500ec
:10eca4000444010005cd05000444010004440100ae
:10ecb4000444010013e805000d39060000000000bb
:10ecc4000000000000000000000000000000000040
:10ecd40000000000000000c0606070303838381850
:10ece4001c1c1c1c1c1c1c1c1c1838383830706064
:10ecf40060c00306060e0c1c1c1c18383838383843
:10ed040038383838181c1c1c0c0e06060370707832
:10ed140038383838381c1c1c1c1c0e0e0e0e0e0ff6
:10ed24000707000000000000800300800300c00704
:10ed340000c00700c00700e00e00e00e00e00e0077
:10ed4400701c00701c00701c00383800383800f843
:10ed54003f00fc7f00fc7f001c70000ee0000ee012
:10ed6400000ee00007c001000000000000000000e9
:10ed7400000000000000000000c00ff03ff87f78a2
:10ed8400783cf01c600e000e000e000e000e000e0b
:10ed9400000e000e000e601cf03cf07878f83ff096
:10eda4001fc00f000000000000000000000000fc75
:10edb4007ffc7ffc7f1c001c001c001c001c001c32
:10edc40000fc3ffc3ffc3f1c001c001c001c001c02
:10edd400001c00fc7ffc7ffc7f00000000000000a2
:10ede4000000000000fc3ffc3ffc3f1c001c001c1a
:10edf400001c001c001c00fc1ffc1ffc1f1c001c32
:10ee0400001c001c001c001c001c001c001c00003a
:10ee14000000000000000000000000801f00e07ff0
:10ee240000f0ff0078f0003ce0011cc0001c000072
:10ee34000e00000e00000e00000efc010efc010e80
:10ee4400fc010ec0011cc0011cc0013ce00178f0b3
:10ee540001f0ff00e07f00801f00000000000000c0
:10ee64000000000000000000000000001c701c7086
:10ee74001c701c701c701c701c701c701c70fc7f3f
:10ee8400fc7ffc7f1c701c701c701c701c701c7040
:10ee94001c701c701c7000000000000000000000ca
:10eea40000001c1c1c1c1c1c1c1c1c1c1c1c1c1cd6
:10eeb4001c1c1c1c1c1c1c00000000000000070083
:10eec4000700070007000700070007000700070006
:10eed4000700070007000700070c070e070e079e30
:10eee40007fc03fc01f0000000000000000000002b
:10eef4000000001c001c001c001c001c001c001c4a
:10ef0400001c001c001c001c001c001c001c001c1d
:10ef1400001c001c001c00fc3ffc3ffc3f000000e8
:10ef24000000000000000000001c703c703c707c7d
:10ef3400707c70fc70fc70dc71dc71dc719c739c07
:10ef4400731c771c771c7e1c7e1c7c1c7c1c781c10
:10ef5400781c70000000000000000000000000c0e9
:10ef64000f00e03f00f07f0078f0003ce0011cc09f
:10ef7400011ec0030e80030e80030e80030e800367
:10ef84000e80030e80030e80031ec0031cc0013cd0
:10ef9400e00178f000f87f00e03f00c01f000000af
:10efa400000000000000000000000000000000005d
:10efb400fc0ffc1ffc3f1c781c701c701c701c7028
:10efc4001c701c38fc3ffc1ffc0f1c001c001c00a8
:10efd4001c001c001c001c001c00000000000000a1
:10efe400000000000000fc1f00fc7f00fc7f001cf0
:10eff400f0001ce0001ce0001ce0001ce0001cf021
:10f0040000fc7f00fc3f00fc0f001c0e001c1c00d9
:10f014001c3c001c38001c78001c70001cf0001cf8
:10f02400e0001ce0010000000000000000000000ff
:10f0340000000000000000e007f80ffc1f1c3c0e5d
:10f04400380e380e001c007c00f803f00fc01f00bf
:10f054001e00380e380e381e383c1cfc1ff80fe01a
:10f0640007000000000000000000000000fe3ffe5a
:10f074003ffe3fc001c001c001c001c001c001c0ca
:10f0840001c001c001c001c001c001c001c001c074
:10f0940001c001c001c00100000000000000000028
:10f0a4000000001c701c701c701c701c701c701cf8
:10f0b400701c701c701c701c701c701c701c701cec
:10f0c400701c703c78783cf83ff01fc007000000cb
:10f0d400000000000000000000fe3ffe3ffe3f0075
:10f0e4001c001e000e000780078003c001e001f031
:10f0f40000700038003c001c000e000f00ff3fffb2
:10f104003fff3f000000000000000000000000007e
:10f114000000000000000000000000f01cf81ffccc
:10f124001f1c1e1e1e0e1c0e1c0e1c0e1c0e1c1e56
:10f134001e1c1ffc1ff81df01c001c061c0e1efece
:10f144000ffc07f0031c1c1c1c00001c1c1c1c1cba
:10f154001c1c1c1c1c1c1c1c1c1c00000000000093
:10f16400000000000000000000000000000000009b
:10f174000000dcc301fcf703fcff073c9e071c0ee8
:10f18400071c0e071c0e071c0e071c0e071c0e077f
:10f194001c0e071c0e071c0e071c0e071c0e070076
:10f1a400000000000000000000000000000000005b
:10f1b400000000000000000000000000009c07dccc
:10f1c4000ffc1f3c1e1c1c1c1c1c1c1c1c1c1c1c83
:10f1d4001c1c1c1c1c1c1c1c1c1c1c0000000000f7
:08f1e400000000000000000023
:020000040000fa
:020000041d04d9
:10f1ec000c0083940200633018006014211000009e
:10f1fc000000a690020003241400c31400000000b9
:10f20c000200a3840e0086842a30c3000f00c010b5
:10f21c0000000000120082842a1862000b006010ab
:10f22c00211000000400a384100085842a28a30068
:10f23c000600a01000000000140082842a10620056
:10f24c000f0004240a200200211080000800e003b3
:10f25c0000000000d0ffbd272c00bfaf2800b4afca
:10f26c002400b3af2000b2af1c00b1af1800b0af98
:10f27c0021888000059d143cc8f294260a001024b5
:10f28c0003001224040013245403410f0000000057
:10f29c00c5004014211000002c81828f0500422ce7
:10f2ac00f9ff40102c81828f801002002110820205
:10f2bc000000428c0800400000000000dcf2049dbd
:10f2cc00d4f3049d14f4049d60f4049d20f5049d76
:10f2dc005d03410f212000000c002296201e027cb1
:10f2ec000b006104004043301800228e1000429441
:10f2fc00768282a70e0024861000258612002686b0
:10f30c004f08410f140027866d3d410b2b10020056
:10f31c002c00605001000224568280a7100043305c
:10f32c001c0060105e8280a3020042300d0040146d
:10f33c001800228e0c004294768282a70e0024863e
:10f34c001000258612002686140027860bbb400f62
:10f35c001000a0af1b00405401000224683d410b7b
:10f36c00211000000e004294768282a70e002486a3
:10f37c001000258612002686140027860bbb400f32
:10f38c001000a0af0f004054010002246a3d410b55
:10f39c00211000001800228e10004294768282a761
:10f3ac000e0024861000258612002686140027865f
:10f3bc000bbb400f1000a0af7b00401021100000d1
:10f3cc00010002242c8182af1800228e100042947e
:10f3dc00768282a75d03410f010004240e0024965f
:10f3ec000200842412002696feffc6242026047cec
:10f3fc00100025862036067c5803410f1400278602
:10f40c00020002242c8182af5403410f0000000043
:10f41c0065004014211000000c00229602004230be
:10f42c00040040141800228e04004294123d410b3b
:10f43c00768282a708004294768282a71800228ed8
:10f44c0068bd400f1400448c3000228e248182afa2
:10f45c002c8192af2a8182872e0040542c8193af4d
:10f46c001800228e2481848f46be400f1400458cd8
:10f47c000c002396080064300f00801004006330e9
:10f48c00120024860e0023862118830023106200ac
:10f49c0043100200648282a7100023962c0022964f
:10f4ac00f6ff642428818397022862702118a40037
:10f4bc00473d410b5a8283a70d0060500e002296e7
:10f4cc00120024860e00238621188300231062006c
:10f4dc0043100200648282a72c0022962881839715
:10f4ec00021062708f004224473d410b5a8282a762
:10f4fc0002004224648282a72c00229610002496db
:10f50c0028818397022862702110a4005a8282a756
:10f51c002c8193af2a8182872481838f21106200f2
:10f52c000000448013008050248180af260090108e
:10f53c002a81828775bd400f000000001900401021
:10f54c002a818297010042242016027c2a8182a7fc
:10f55c002481838f211062000000448005008050bc
:10f56c00248180aff3ff90142a818287773d410b71
:10f57c0001004224288180a72a8180a75d03410fc6
:10f58c00212000000219410f2c8180af6d3d410bf1
:10f59c00010002246e3d410b2c00bf8f6e3d410bd0
:10f5ac002c00bf8f211000002c00bf8f2800b48fbf
:10f5bc002400b38f2000b28f1c00b18f1800b08fc5
:10f5cc000800e0033000bd27010042242481838f12
:10f5dc0021106200248182af28818297010042248d
:10f5ec00288182a72a8180a7a53c410b2c8192af50
:10f5fc00c8ffbd273400bfaf3000beaf2c00b7af83
:10f60c002800b6af2400b5af2000b4af1c00b3afd8
:10f61c001800b2af1400b1af1000b0af5000b78fec
:10f62c005400be8fffff91302096057c209e067cf7
:10f63c0020a6077c4800b5874c00b6978b42410f3b
:10f64c00340004242000401021804000000051a40c
:10f65c00040040ac08000224080002ae0e0012a602
:10f66c00100013a6120014a6140015a6300017ae35
:10f67c000c0016a6059d023c60f242241c0002ae52
:10f68c00059d023cecf14224240002ae280000aea1
:10f69c000400c017200000ae8080828fad3d410b6e
:10f6ac00180002ae18001eae0500e0122c0000a6d9
:10f6bc001800028e63be400f1400448c2c0002a66e
:10f6cc001925410f21200002211000023400bf8fa8
:10f6dc003000be8f2c00b78f2800b68f2400b58f5a
:10f6ec002000b48f1c00b38f1800b28f1400b18fa0
:10f6fc001000b08f0800e0033800bd27e8ffbd27dd
:10f70c001400bfaf1000b0af21808000300085ac7a
:10f71c001800828c63be400f1400448c2c0002a68f
:10f72c001400bf8f1000b08f0800e0031800bd2735
:10f73c002140c000214880003c00e0142118a000aa
:10f74c002b10a6004a0040102010c2700800405038
:10f75c00023408002320020006208900041845000a
:10f76c000440460025188300044849000234080070
:10f77c001b006600f401c000ffff0c3102240900dd
:10f78c00125800001050000000540a00255044018b
:10f79c0002586c712b684b011b006600f401c00011
:10f7ac000900a05123504b01215048012b1848014e
:10f7bc000500605423504b012b204b0121184801ac
:10f7cc000b50640023504b011b004601f401c00098
:10f7dc00ffff29311220000010180000001c03004c
:10f7ec002548690002208c702b1824011b0046014f
:10f7fc00f401c0000900605023482401214828016d
:10f80c002b18280105006054234824012b182401cf
:10f81c00214028010b48030123482401061049000c
:10f82c00211800000800e003000000002b10a700c6
:10f83c00480040142040e8704a00001520000a24bb
:10f84c002b10e50005004014231086002b40860089
:10f85c00f4ff001521108000231086002318a70048
:10f86c002b208200231864000800e0030000000035
:10f87c000600c01420100271010002241b00460077
:10f88c00f401c00012400000201002717d004054b1
:10f89c00200009242328a800021c0800ffff0731c0
:10f8ac001b00a300f40160000254090012200000a8
:10f8bc0010300000003406002530ca00022087708a
:10f8cc002b50c4001b00a300f40160000900405140
:10f8dc002330c4002130c8002b28c8000500a054d8
:10f8ec002330c4002b50c4002128c8000b30aa00c0
:10f8fc002330c4001b00c300f4016000ffff29315a
:10f90c001228000010200000002404002548890063
:10f91c000238a7702b2027011b00c300f4016000e4
:10f92c000900805023482701214828012b18280161
:10f93c0005006054234827012b182701214028017a
:10f94c000b48030123482701061049000c3e410bcc
:10f95c0021180000211080002118a0000800e003ed
:10f96c00000000002350480106104601043807012e
:10f97c002538470006584501024c07001b00690159
:10f98c00f4012001ffffe33006684401042805015f
:10f99c002528a501026c0500043006011260000048
:10f9ac00101000000014020025104d001b0069010e
:10f9bc00f4012001025883712b684b000a00a0113e
:10f9cc0004200401211047002b6847000600a015f5
:10f9dc00ffff8c252b684b000400a05123104b001b
:10f9ec00ffff8c252110470023104b001b00490002
:10f9fc00f4012001ffffa530125800001068000030
:10fa0c001b004900f401200100140d0025284500bd
:10fa1c00024863712b10a9000600405000640c00d2
:10fa2c002128a7002b10a7004d004010ffff6b25cd
:10fa3c0000640c0025586c01190066012328a900ec
:10fa4c0010c800002b68b900217020033e00a015df
:10fa5c00124800004b00b9102318b9001210000016
:10fa6c00231082002b2082002318640004504301d1
:10fa7c000610020125104a00061803010800e003d5
:10fa8c0000000000234822010440480006302501f4
:10fa9c00021c08001b00c300f4016000ffff0731cb
:10faac00065824010428450025586501022c0b003a
:10fabc0004484400125000001060000000240c00a8
:10facc002520a400025047712b288a001b00c3007c
:10fadc00f40160000600a05023208a002120880039
:10faec002b2888002400a0102b308a0023208a00a9
:10fafc001b008300f4016000ffff6b31123000002b
:10fb0c0010280000002c05002528ab000230c7701f
:10fb1c002b50a6001b008300f401600060ff4051d5
:10fb2c002328a6002128a8002b20a8005cff8054c5
:10fb3c002328a6002b50a6002120a8000b288a0001
:10fb4c002b3e410b2328a600231026012318c701a6
:10fb5c002b482201231869009b3e410b2318a3005c
:10fb6c002b10a900b3ff405000640c00ffff6b2565
:10fb7c008f3e410b2128a70021288800be3e410b57
:10fb8c000b20a6002b188900f0ff605423102601cf
:10fb9c00121000009b3e410b211800000c008394b6
:10fbac000200633018006014211000000000a690c1
:10fbbc00020003241400c314000000000200a384fc
:10fbcc000e0086842a30c3000f00c0100000000015
:10fbdc00120082842a1862000b00601021100000b1
:10fbec000400a384100085842a28a3000600a0101a
:10fbfc0000000000140082842a1062000a00042411
:10fc0c000a200200211080000800e0030000000020
:10fc1c00d8ffbd272400bfaf2000b2af1c00b1af8e
:10fc2c001800b0af5403410f21888000a900401484
:10fc3c0021180000a880828f0700422ca5004010dc
:10fc4c0001000324a880838f80180300059d023ccb
:10fc5c0070fc4224211043000000428c080040003c
:10fc6c00000000008cfc049d6cfd049db8fd049dff
:10fc7c00fcfd049d38fe049d6cfe049d98fe049dc5
:10fc8c000c0022860b0043040e0032861800228ed4
:10fc9c0010004294768282a70e00248610002586de
:10fcac00120026864f08410f14002786b83f410bdf
:10fcbc002b180200120022862190420201005226cb
:10fccc002c0030826bbe400f3000248e0218507016
:10fcdc002380430243801000a68090a71000328638
:10fcec001400228621904202010052262c00308200
:10fcfc0073be400f3000248e0218507023804302d4
:10fd0c0043801000a48090a70e0032861200228639
:10fd1c00219042022c0030826bbe400f3000248eaa
:10fd2c00021850702180720043801000a28090a7ae
:10fd3c001000328614002286219042022c00308260
:10fd4c0073be400f3000248e021850702180720058
:10fd5c0043801000a08090a701000224a88082afed
:10fd6c003000228e0d0040501800228e5403410f9b
:10fd7c00000000005700401421180000a680848762
:10fd8c00a48085873000268ee3c0400f2c0027927c
:10fd9c0050004010211800001800228e10004294d0
:10fdac00768282a702000224a88082af0e002496dd
:10fdbc0001008424100025960100a524120026962b
:10fdcc00ffffc624a4808797ffffe7242026047c2e
:10fddc00202e057c2036067c4f08410f203e077ce8
:10fdec003c0040102118000003000224a88082afc0
:10fdfc000e0024960100842412002696ffffc624d0
:10fe0c0014002796ffffe7242026047ca08085871a
:10fe1c002036067c4f08410f203e077c2d004010f9
:10fe2c002118000004000224a88082af0e00249642
:10fe3c0001008424a6808697ffffc6242026047c1c
:10fe4c00a48085872036067c4f08410fa0808787c9
:10fe5c00200040102118000005000224a88082af69
:10fe6c0012002696ffffc624a2808487a480858773
:10fe7c002036067c4f08410fa08087871500401064
:10fe8c002118000006000224a88082af0c002296e4
:10fe9c00040042300e004050a88080af568280a7ec
:10feac001800228e04004294768282a70e002486cb
:10febc001000258612002686140027860bbb400fe7
:10fecc001000a0af0300401021180000a88080afe4
:10fedc0001000324211060002400bf8f2000b28f8a
:10feec001c00b18f1800b08f0800e0032800bd275c
:10fefc00c8ffbd273400bfaf3000beaf2c00b7af7a
:10ff0c002800b6af2400b5af2000b4af1c00b3afcf
:10ff1c001800b2af1400b1af1000b0af5800be8fd4
:10ff2c00ffff91302096057c209e067c20a6077c46
:10ff3c004800b5874c00b6975000b7838b42410ff1
:10ff4c00340004241c00401021804000000051a407
:10ff5c00040040ac09000224080002ae0e0012a6f8
:10ff6c00100013a6120014a6140015a65400a28f9c
:10ff7c00300002ae0c0016a62c0017a2059d023c08
:10ff8c001cfc42241c0002ae059d023ca8fb422432
:10ff9c00240002ae280000ae0400c017200000ae02
:10ffac008080828fef3f410b180002ae18001eae0e
:10ffbc001925410f21200002211000023400bf8faf
:10ffcc003000be8f2c00b78f2800b68f2400b58f61
:10ffdc002000b48f1c00b38f1800b28f1400b18fa7
:10ffec001000b08f0800e0033800bd272110c000be
:10fffc00214080003e00e0142118a0002b30a60008
:020000041d05d8
:10000c004700c01000000000202044700800801041
:10001c00022c0200232804000628a80004188300e0
:10002c00041082002518a30004408800022c020052
:10003c001b006500f401a000ffff493002540800ca
:10004c0012380000105800001b006500f401a000dd
:10005c00001c0b0025186a000220e9702b3064008c
:10006c000b00c05023186400211862002b30620072
:10007c000600c014ffffe7242b3064000400c050be
:10008c0023186400ffffe724211862002318640082
:10009c001b006500f401a000ffff083112200000d6
:1000ac00105000001b006500f401a000001c0a00a9
:1000bc0025406800024889702b1809010600601061
:1000cc00214002012b10020103004014ffff842485
:1000dc002b48090123208900003c070025208700bc
:1000ec0021180000211080000800e003000000002f
:1000fc002b10a70043004014211800002018e370b7
:10010c004400601420000b242b28e500c500a054eb
:10011c00211800002b2086003c40410b0100842c50
:10012c000600401420304670010003241b006200be
:10013c00f401400012100000203046707900c054c9
:10014c00200008242328a200023c0200ffff4a30b2
:10015c00010003241b00a700f401e000025c08006e
:10016c0012480000106000001b00a700f401e00022
:10017c00002c0c002528ab0002202a712b30a40087
:10018c000900c0502328a4002128a2002b30a20073
:10019c000400c014ffff29252b30a400a300c05479
:1001ac00ffff29252328a4001b00a700f401e00071
:1001bc00ffff083112200000105800001b00a700a0
:1001cc00f401e000002c0b002540a80002508a70be
:1001dc002b280a010600a010214002012b1002015d
:1001ec0003004014ffff84242b500a0123208a00b3
:1001fc00004c090025208900211080000800e00334
:10020c000000000021200000211080000800e00305
:10021c0000000000235863010610660104386700d3
:10022c002538470006486501021407001b0022010f
:10023c00f4014000ffffec3006586401042865000f
:10024c0025286501025c05001250000010400000da
:10025c000044080025400b011b002201f401400062
:10026c0002484c712b5809010a00601104306600d9
:10027c00214007012b58070106006015ffff4a2596
:10028c002b5809010400605123400901ffff4a2546
:10029c0021400701234009011b000201f401400029
:1002ac00ffffa53010580000124800001b0002018f
:1002bc00f401400000140b002528450002102c719d
:1002cc002b40a2000b00005100540a002128a7006b
:1002dc002b40a70006000015ffff29252b40a2008c
:1002ec000400005100540a00ffff29252128a70013
:1002fc0000540a0025482a01190026012328a200cf
:10030c00105800002b10ab0043004014125000009a
:10031c003e00ab5004186400212020013c40410bee
:10032c00211800000410c2002340060106480501f4
:10033c00023c02001b002701f401e000064004010e
:10034c000428c50025280501ffff4a300440c400dd
:10035c00025c0500123000001060000000240c004c
:10036c00252064011b002701f401e0000218ca706b
:10037c002b4883000b002051232083002120820076
:10038c002b48820006002015ffffc6242b48830053
:10039c000400205123208300ffffc624212082006b
:1003ac00232083001b008700f401e000ffffa53031
:1003bc0010480000121800001b008700f401e00038
:1003cc00002409002528850002206a702b48a4000f
:1003dc000b002051003406002128a2002b48a2005b
:1003ec0006002015ffff63242b48a40004002051b5
:1003fc0000340600ffff63242128a200003406000d
:10040c002328a4005840410b251866002b186a00bd
:10041c0034ff601021202001ffff24253c40410bbc
:10042c00211800003c40410b010004246c40410b9e
:04043c002128a200d1
:020000040000fa
:020000041d05d8
:10044000980000a01400000000000000ac0000a014
:100450002400000000000000380400a0100000008c
:1004600000000000d00000a00c0000000000000010
:10047000dc0000a050000000000000003c0000a0d4
:10048000010000000100000001000000400000a089
:1004900008000000010000003030250000000000ce
:1004a0002c0100a00c00000000000000380100a09a
:1004b0001c00000000000000540100a00c0000001f
:1004c000000000007c2400a01000000000000000dc
:1004d000480000a01000000001000000ffffffff27
:1004e000ffffffff8200b399d100d1ca600100a0d5
:1004f0001000000000000000700100a001000000da
:1005000000000000740100a00c00000000000000ca
:10051000580000a00400000001000000ffffffffe2
:100520008c2400a01000000000000000800100a04a
:100530000400000000000000642400a01800000077
:1005400001000000cc66049d9869049d7c61049db7
:100550000068049d0864049d8461049d840100a0da
:1005600014000000000000005c0000a00400000077
:1005700001000000a1860100180700a0301c000047
:1005800000000000980100a0b4000000000000007e
:10059000600000a024000000010000000100000035
:1005a000ffffffff0000484440060000ffffffff81
:1005b0000100000003000000ffffffff0e0001002c
:1005c000480400a00a00000000000000840000a011
:1005d0000c000000010000009c3a049db8cc049d72
:1005e0000c0000004c0200a01800000000000000f9
:1005f000540400a0ae02000000000000282400a067
:100600002000000000000000482400a01c000000a2
:1006100000000000640200a00800000000000000cc
:100620006c0200a00400000000000000482300a0ad
:10063000a000000001000000e82300a0000000006e
:10064000e82300a00900000020000000082400a00a
:1006500000000000082400a00602010000000000c5
:100660000000000000000000000000000602020080
:10067000000000000000000000000000000000007a
:10068000000000000000000000000000000000006a
:10069000000000000000000000000000000000005a
:1006a000000000000000000000000000000000004a
:1006b000000000000000000000000000000000003a
:1006c000000000000000000000000000000000002a
:1006d0000000000000000000e82300a0400000002f
:1006e00000000000900000a00400000001000000d5
:1006f000482300a0700200a00100000000000000dc
:10070000940000a0040000000100000002000000ae
:100710009c2400a004000000010000000100000073
:10072000000000a0280000000100000010000000f0
:1007300000000000017a5200017c1f010b0d1d001a
:100740001000000018000000f8ff049d480400009d
:1007500000000000280000a01400000001000000bc
:10076000100000002c0000003cf7049d6c04000009
:100770000000000000000000222222222222222269
:0c078000222222222222222222222222d5
:020000040000fa
:020000041d05d8
:10078c003a008010000000000100ad300b00a011f9
:10079c0000000000f267093c001829351900890097
:1007ac0010480000134d013c004821342148210120
:1007bc0042200400070000100100a5240093093c0e
:1007cc001900890010480000ff6c013c00fc21342a
:1007dc0021482101433805003f00e724c24b0900a2
:1007ec00f40120011b00890012500000804b09000d
:1007fc0000540a0021482a012b682a0123482d01a4
:10080c0000800a3c025c0900f40160011b004b01f2
:10081c001250000000540a000200401500000000b5
:10082c00ffff0a2419002a011058000023580b005e
:10083c0019004b0110500000190044011050000029
:10084c0040500a004248090021482a012b682a011d
:10085c0023482d0125300900251006002518070016
:10086c0025c008000800e003000000000000072479
:10087c00f9ff001025300700e8ffbd270000bfafcf
:10088c00c2450400003a04000080013c2538e10018
:10089c00ffff0d25fe00a12d4800201000000000d8
:1008ac000400a4af1000a7af1400a8af25200700c8
:1008bc00e341410f25280800256018002558030046
:1008cc00255002001400a88f1000a78f0400a48fdd
:1008dc0001000d310200a011000000004238070099
:1008ec0019004a0112300000102800002328a7002c
:1008fc002568a6002700a011000000001200a0042b
:10090c0000000000ffff4a250100cd2cffffc6248c
:10091c002328ad002b68ca002330ca002328ad0061
:10092c002b68ca002330ca002328ad001900a0048c
:10093c00000000002568a600f2ffa01500000000d2
:10094c00140000100000000001004a2501004d2d8c
:10095c000f00a015000000002130ca002b68ca004f
:10096c002128ad002130ca002b68ca002128ad0017
:10097c000100cd2cffffc6242328ad00f2ffa004fc
:10098c00000000002568a6000200a0110000000075
:10099c00ffff4a2580004a2580004d2d21586d010e
:1009ac0040100a0042120200c06d0b0025104d00d1
:1009bc000000bf8f0800e0031800bd27060081046b
:1009cc0000000000406804001300a01500000000a7
:1009dc00f7ff0010251004000a00001500000000ad
:1009ec002138e7000500e010000000002028e57029
:1009fc0023400501aaff00100438a700ecff0010eb
:100a0c00000002242168e7000300a015000000008c
:100a1c00e7ff001025100400e5ff0010c0ff023caa
:020000040000fa
:020000041d05d8
:100a2c00c0ffbd271c00b1af00a0113c3424228ea6
:100a3c002400b3af3c00bfaf3800beaf3400b7af3b
:100a4c003000b6af2c00b5af2800b4af2000b2af69
:100a5c001800b0af0f00401400a0133c00a0023ce3
:100a6c003c24422400a0033c442462ac342422ae37
:100a7c003424222604004390080042ac302462ae99
:100a8c0001006334040043a00c0043900100633464
:100a9c000c0043a00f009024c2801000c0801000f6
:100aac0087000426c221040077ff17342bb81702e5
:100abc00c02104000400152600a0053cbfff1e2623
:100acc000a2017023024628e40a81500213800003d
:100adc00a824a52400a0033c3f00de2fbd42410bff
:100aec0021b88000211040020400449001008430a1
:100afc00050080500000468cd042410b0000528c07
:100b0c00000044ac0000468c0400c490010084300a
:100b1c00fbff80500000c48c212050002b40c400ef
:100b2c00040000550000528c350003062b1886007b
:100b3c000000528c2b205200ebff805421104002fd
:100b4c002b20450204008014342424262b2044023c
:100b5c00e5ff8054211040024424648c3800441476
:100b6c0000a0163c34242226350042160100e7244e
:100b7c000200e22cdcff40142110400221a0e00214
:100b8c000ba0be02212080021400a3afb448410f79
:100b9c001000a5afffff04241400a38f28004410fd
:100bac001000a58f4424c48e08008724000082ac5a
:100bbc000300471004008690f442410b0100c63438
:100bcc00fe00c630f8ff9426040086a021a0540035
:100bdc0034242426000054ac000084ae040084921b
:100bec004424d4ae2138000001008434040084a2d3
:100bfc0004004490fe008430bc42410b040044a02d
:100c0c0009006010302464ae0000858c00a0033c09
:100c1c00000086ac282465ac0400858c2824632451
:100c2c00040080a0040065ac04004390000044acb8
:100c3c0001006334040043a01443410b0800422418
:100c4c00211000003c00bf8f3800be8f3400b78fde
:100c5c003000b68f2c00b58f2800b48f2400b38fd2
:100c6c002000b28f1c00b18f1800b08f0800e00379
:040c7c004000bd2750
:020000040000fa
:020000041d05d8
:100c800000000000880c059d00002e0039001500b2
:100c90000b3800000b6200000b8c00000bb600004c
:100ca0000be000000b0a01000b3401000b5e010099
:100cb0000b8801000bb201000bdc01000b060200e7
:100cc0000000000000000000000000000000000024
:100cd00000000000000000000000000030003000b4
:100ce00030000000000000000000000000000000d4
:100cf0000000000380018001c000c00060006000af
:100d0000700030003000180018000c000c000600c5
:100d1000000000000000000000000000f800fc01de
:100d20008c01060306036603660306030603060337
:100d30008c01fc01f8000000000000000000000031
:100d400000000000000070007c006c00600060008b
:100d5000600060006000600060006000fc03fc0355
:100d60000000000000000000000000000000000083
:100d7000fc00fe0182030003000380038001e00009
:100d8000700038000c00fe03fe03000000000000ad
:100d900000000000000000000000fc00fe018203d3
:100da00000038003f801f8018003000300038203bd
:100db000fe01fc0000000000000000000000000038
:100dc00000000000c000e000e000d000d800c80033
:100dd000cc00c600fe03fe03c000c000c00000003f
:100de0000000000000000000000000000000fc0106
:100df000fc010c000c00fc00fc0184030003000358
:100e000000038203fe01fc0000000000000000005f
:100e10000000000000000000f000fc011c010e00ba
:100e20000600f600fe018e03060306038c03fc0198
:100e3000f8000000000000000000000000000000ba
:100e40000000fe03fe0380018001c001c000c0005d
:100e500060006000700030003000180000000000ea
:100e6000000000000000000000000000f800fc018d
:100e7000060306030603fc01fc018e0306030603ba
:100e80008e03fc01f80000000000000000000000dc
:100e9000000000000000f800fc018e0106030603bc
:100ea0008e03fc03780300038003c401fc00780078
:080eb00000000000000000003a
:020000040000fa
:020000041d05d8
:100eb800d8ffbd271c00b1af2400bfaf2000b2afe0
:100ec8001800b0af0700a0142188800071008010be
:100ed800219000002f49410f000000002844410bd9
:100ee8002400bf8f08008054fcff82902400bf8f2d
:100ef8002000b28f1c00b18f1800b08f2120a000f5
:100f08008b42410b2800bd270100423004004010ed
:100f1800f8ff908c2f49410f1000a5af1000a58f46
:100f28008b42410f2120a0005a0040102190000060
:100f38005800511021902002f8ff468c238011029e
:100f4800c38010002330c200c33006002b280602dd
:100f58000a80c500c0801000828010000800072a9f
:100f680021182002212040000400e014212800005c
:100f7800ffff0526c328050007001032ffff1026d3
:100f88000700072e1000e0500000678c059d073c05
:100f9800b00fe724808010002180f0000000078e49
:100fa8000800e000000000003c10059d2c10059d85
:100fb8001c10059d0c10059dfc0f059dec0f059d53
:100fc800dc0f059d0000678c04006324000087acdb
:100fd800040084240000678c04006324000087acac
:100fe800040084240000678c04006324000087ac9c
:100ff800040084240000678c04006324000087ac8c
:10100800040084240000678c04006324000087ac7b
:10101800040084240000678c04006324000087ac6b
:10102800040084240000678c04006324000087ac5b
:10103800040084240000678c0500a010000087ac21
:101048000400842404006324f343410bffffa52418
:101058002b1851000f00601021904000c03006008e
:10106800213046002b1026020a00401000a0023c46
:101078002388d1002824438cc3881100c08811001c
:1010880021885102000023ae282442240400428c07
:10109800040022ae2400bf8f211040022000b28f2e
:1010a8001c00b18f1800b08f0800e0032800bd278e
:020000040000fa
:020000041d05d8
:1010b800211080005600c0100c00ca2c4d004015ad
:1010c8002618a400030063302338040029006010a8
:1010d8000300e7300600e0102330c7000000a398a3
:1010e8000300a3882128a700000083b821208700d7
:1010f8000f00c3302338c3001100e0102130600016
:101108002138e5000000a3980300a3880400a898ec
:101118000700a8880800a9980b00a9880c00aa98bd
:101128000f00aa88000083ac040088ac080089acd2
:101138001000a52410008424f2ffa714fcff8aac39
:101148000300c3302338c3002a00e01021306000b8
:101158002138e5000000a3980300a3880400a52413
:1011680004008424fbffa714fcff83ac21000010bb
:10117800000000000500e0102330c7000000a3981d
:101188002128a700000083b8212087000f00c33062
:101198002338c3000d00e010213060002138e5003d
:1011a8000000a38c0400a88c0800a98c0c00aa8c51
:1011b800000083ac040088ac080089ac1000a524aa
:1011c80010008424f6ffa714fcff8aac0300c33088
:1011d8002338c3000700e010213060002138e50003
:1011e8000000a38c0400a52404008424fcffa71499
:1011f800fcff83ac0600c0102138c5000000a39096
:101208000100a52401008424fcffa714ffff83a08c
:081218000800e00300000000e3
:020000040000fa
:020000041d05d8
:10122000d8ffbd272000b4af00a0143c4824828e14
:101230002400bfaf1c00b3af1800b2af1400b1afb1
:10124000420040141000b0af00a0123c6402438e74
:101250000300601400a0133c00a0033ca8246324f6
:101260006802628e06004014828703000000043c7e
:1012700000a0023cb80b8424a8244224211044007e
:1012800000e0647c0200103a0a189000828f02008d
:10129000218060000200313a00e0437c0a107100b6
:1012a0001049410f218840000000438c0400428c0b
:1012b0002b20030204008014211062002b20020264
:1012c000080080542b18300200a0043c040784243a
:1012d00000e0847c2b2064001c00801421806000ce
:1012e0002b183002050060142b1802022b18220262
:1012f0000500605400a0023c2b180202130060108d
:101300002188400000a0023c04074224421702004a
:10131000050003240300431404000324cb44410bc1
:1013200000a0023c060043140080023c258002021b
:1013300025882202640250aed144410b680271ae8e
:10134000640251ae6402428e482482ae2400bf8ff4
:101350002000b48f1c00b38f1800b28f1400b18f1f
:0c1360001000b08f0800e0032800bd273b
:020000040000fa
:020000041d05d8
:10136c00010002242300821480bf023c105e40acba
:10137c0080bf023c005e40ac80bf023c005e438cf0
:10138c00010004244429837c005e43ac0f00a3803d
:10139c00005e468c8452667c005e46ac0d00a790c5
:1013ac00005e468c8431e67c005e46ac0c00a79057
:1013bc00005e468c0442e67c005e46ac0e00a790b4
:1013cc00005e468c444ae67c005e46ac4000667c7f
:1013dc00005e438cc45ac37c005e43ac0400a58cf5
:1013ec0080bf033c305e65ac005e438cc47b837c69
:1013fc00005e43ac0800e003000000000100022482
:10140c000c008214ff00a53080bf033c105e628c80
:10141c0008004230fdff401080bf023c205e45ac0e
:10142c0080bf033c105e628c01004230fdff401017
:10143c00000000000800e00300000000010003248d
:10144c00040083142110000080bf023c205e428cfb
:10145c00ff0042300800e0030000000001000324fc
:10146c0009008314ffff022400a0023c7c24438c5f
:10147c0005006014211000000100032400a0023cb0
:10148c007c2443ac010002240800e00300000000af
:10149c00010002240200821400a0023c7c2440ac17
:0814ac000800e003000000004d
:020000040000fa
:020000041d05d8
:1014b4002c000000302e3500312e3000312e350046
:1014c400322e3000322e3500332e3000332e3500cc
:1014d400342e30004f4646004f4e000042414a41f0
:1014e400000000004d45444941000000414c544176
:1014f4000000000030303000564143494f000000e6
:10150400534f4252452d50524553494f4e0000000f
:101514004f42535452554343494f4e0042414a416e
:101524002050524553494f4e20434f320000000093
:101534003200000025303364000000000101010185
:10154400000101000101000101010100010001018c
:10155400000001000001000101010101010000017e
:10156400010101010000010101010101000001006c
:10157400010100000101010101000101000101015b
:1015840001000001000001001f856b3f0ad7a33d45
:101594000000003f00004040cdcc0c3f00008242e0
:1015a4000000f041333373400000e03f0000f0c11d
:1015b4000000a0c00000a040cdcc8c3f0000e1445e
:1015c4000000fa430000803f000000403333b33e84
:1015d400000000bfec51783f8fc2753c0000804092
:1015e40000002042000020410000804100803b4573
:020000040000fa
:020000041d05d8
:1015f4000c00a294e0ffbd271800b1af02004330f5
:101604001400b0af1c00bfaf2180a0003c006010ec
:10161400ffff1124000245300300a0140400038ed0
:10162400380060141c00bf8f000242340c0002a674
:1016340003006014ff0091300800038e000003ae25
:101644000a000324080023560400028e800042305e
:10165400050040540400028e0d0004247d45410f12
:10166400212800020400028e1000038e0e00431095
:1016740001004224040002ae0000028e0100032493
:10168400000051a001004224000002ae00a0023c70
:10169400700243a00a0002241a0022161c00bf8f05
:1016a400b045410b0c0002962024117c0b46410fdf
:1016b40021280002c145410b21884000000142302d
:1016c400100040101c00bf8f0e0004960800058e09
:1016d4005248410f0400068e0400038e0600435056
:1016e4000800028e0c000296ffff112430004234e1
:1016f4000c0002a60800028e040000ae000002ae38
:101704001c00bf8f211020021800b18f1400b08f6d
:081714000800e0032000bd27de
:020000040000fa
:020000041d05d8
:10171c00f0ffbd270c00beaf21f0a0031000c4af3a
:10172c001000c28f401102008018020021104300eb
:10173c0080180200211043000000c2af0000c28fcd
:10174c00e8ff42240000c2af0000c28f090040181d
:10175c0000000000dd45410b000000000000c28fbe
:10176c00f8ff42240000c2af0000c28ffbff401cf8
:10177c000000000021e8c0030c00be8f1000bd2744
:10178c000800e00300000000e0ffbd271c00bfaf15
:10179c001800beaf21f0a003211080002000c2a7ca
:1017ac00fd45410b00000000040002241000c2a300
:1017bc00f445410b0000000019000424c745410ffb
:1017cc00000000001000c293ff0042302b180200f2
:1017dc00ff006330ffff4224ff0042301000c2a321
:1017ec00f5ff6014000000002000c2972b100200cf
:1017fc00ff0042302000c397ffff63242000c3a7e3
:10180c00e9ff40140000000021e8c0031c00bf8f5a
:10181c001800be8f2000bd270800e0030000000068
:020000040000fa
:020000041d05d8
:10182c00e8ffbd271800a4a30c00a2941000b0afd1
:10183c001400bfaf40004330030060102180a000b3
:10184c004b46410b2014047c0200433006006054cc
:10185c001000a38c300042340c00a2a40400a0acf5
:10186c004b46410bffff0224070060540800a38c79
:10187c000e00a494010006245248410f1800a5271d
:10188c004a46410b040000ae0b0060540e00049657
:10189c0000a0033c082463240800a3ac0000a3ac04
:1018ac0008004234200003241000a3ac0400a3acb5
:1018bc000c00a2a40e0004960800058e5248410f9d
:1018cc000400068effff03240800028e040003ae02
:1018dc001800a393000043a01800a3830100422426
:1018ec00000002ae0a0002240d0062141800a2834c
:1018fc000c00029600014230090040101800a2832f
:10190c000e0004960800058e5248410f0400068e06
:10191c000800028e040000ae000002ae1800a28384
:10192c001400bf8f1000b08f0800e0031800bd2713
:020000040000fa
:020000041d05d8
:10193c000020202020202020202028282828282093
:10194c00202020202020202020202020202020208b
:10195c0020801010101010101010101010101010fb
:10196c0010040404040404040404041010101010e3
:10197c0010104141414141410101010101010101ad
:10198c0001010101010101010101010110101010ff
:10199c00101042424242424202020202020202027f
:1019ac0002020202020202020202020210101010d3
:1019bc0020000000000000000000000000000000fb
:1019cc00000000000000000000000000000000000b
:1019dc0000000000000000000000000000000000fb
:1019ec0000000000000000000000000000000000eb
:1019fc0000000000000000000000000000000000db
:101a0c0000000000000000000000000000000000ca
:101a1c0000000000000000000000000000000000ba
:101a2c0000000000000000000000000000000000aa
:041a3c0000000000a6
:020000040000fa
:020000041d05d8
:101a4000e8ffbd271000b0af1400bfaf6c49410fd5
:101a50002180800088bf033c0030658c0003a57c9a
:101a60000800a014004004360010062488bf043c7f
:101a7000083086ac0030648c00088430fdff801490
:101a80000040043681bf103c00f404ae004804401e
:101a9000004806402330c400f000c62cfcffc014f0
:101aa00081bf063c99aa043c5566842410f4c4ac5a
:101ab0006655043caa99843410f4c4ac0080063402
:101ac00081bf043c08f486ac00f4048e00808430ae
:101ad000fdff80140040062481bf043c04f486ac62
:101ae0000d00a010001004240030648c0003847cde
:101af0000b0080140010052488bf043c083085ac1e
:101b00000030648c00088430fdff80140000000069
:101b1000c846410b0000000088bf033c043064aca1
:101b20003849410f2120400000f4028e1400bf8f7d
:101b30001000b08f003042300800e0031800bd27cd
:020000040000fa
:020000041d05d8
:101b40004d4544494100000054454d5000000000ff
:101b5000b0430000464c554a4f0000004c2f6d69c1
:101b60006e285029000000002c00000032300000d8
:101b70004c0000004c2f6d696e000000253033646e
:101b80000000000052756e74696d65204572726fb9
:101b9000722e00004572726f7220696e65737065f7
:101ba0007261646f000000004f4e0000564f4c55ac
:101bb0004d454e0a544f54414c00000045434f00e0
:101bc0002e000000496e6963696172206571756954
:101bd000706f00004c454420310000004c4544200b
:101be000320000002e0000002e0000002e00000039
:101bf0002e0000002e0000004c4544203200000062
:101c00004c454420310000004d656400323700002f
:101c1000537461727400000053746f700000000010
:101c200070726f6365647572652e00005245504591
:101c30004154207468652063616c696272617469e3
:101c40006f6e000061667465722073797374656de0
:101c500020726573657420746f000000486f6c64b7
:101c60002073637265656e20666f72203120736524
:101c700063000000636f6e74696e7561722e000000
:101c8000546f71756520656c20546f75636820739f
:101c9000637265656e2070617261000064656c201e
:101ca00063697263756c6f0050726573696f6e65fe
:101cb00020656e20656c2063656e74726f00000095
:101cc00063616c6962726163696f6e2064656c2028
:101cd000746f7563680000005265616c697a6172a7
:101ce000206c6100494d504f5254414e5445000004
:020000040000fa
:020000041d05d8
:101cf000a8ffbd270400a1af0800a2af0c00a3af4e
:101d00001000a4af1400a5af1800a6af1c00a7af29
:101d10002000a8af2400a9af2800aaaf2c00abafc9
:101d20003000acaf3400adaf3800aeaf3c00afaf69
:101d30004000b8af4400b9af4800bfaf1240000048
:101d40004c00a8af104000005000a8af006804404d
:101d5000006005405949410f000000005000a88f65
:101d6000110000014c00a88f130000010400a18f96
:101d70000800a28f0c00a38f1000a48f1400a58f61
:101d80001800a68f1c00a78f2000a88f2400a98f01
:101d90002800aa8f2c00ab8f3000ac8f3400ad8fa1
:101da0003800ae8f3c00af8f4000b88f4400b98f31
:101db0004800bf8f5800bd27c00000001800004237
:020000040000fa
:020000041d05d8
:101dc0003031323334353637383941424344454671
:101dd0000000000030313233343536373839616233
:101de0006364656600000000286e756c6c29000055
:101df00001000000000000000a00000000000000d8
:101e00006400000000000000e80300000000000083
:101e10001027000000000000a08601000000000064
:101e200040420f0000000000809698000000000073
:101e300000e1f5050000000000ca9a3b0000000028
:101e400000e40b540200000000e876481700000090
:101e50000010a5d4e800000000a0724e1809000090
:101e600000407a10f35a00000080c6a47e8d030063
:101e70000000c16ff286230000008a5d784563018f
:101e8000000064a7b3b6e00d0000e8890423c78a08
:101e90000001000100010001ff00ff00ff00fe0043
:101ea000fe00fd00fc00fb00fa00f900f800f7005e
:101eb000f600f500f300f200f100ef00ed00ec0099
:101ec000ea00e800e600e400e200e000de00db00fb
:101ed000d900d700d400d200cf00cc00ca00c70080
:101ee000c400c100be00bb00b800b500b200af0026
:101ef000ab00a800a500a1009e009a0096009300e8
:101f00008f008b008800840080007c0078007400c3
:101f100070006c006800640060005c0058005300b2
:101f20004f004b00470042003e003a0035003100b0
:101f30002c00280024001f001b00160012000d00ba
:061f40000900040000008e
:020000040000fa
:020000041d05d8
:101f480000a0023c9400428c0c0040142024047c25
:101f58000000023c00004224030040100000023c44
:101f680000000008000000000000422406004010a5
:101f780080bf023c000000080000000001000324ac
:101f88000900431080bf023c80bf033c80bf053c72
:101f980080bf063c20684224186863240868a5248a
:101fa800f447410b1068c62480bf023c80bf033c45
:101fb80080bf053c80bf063c206042241860632433
:101fc8000860a5241060c624008007340000a7ac70
:101fd80000040524000065ac0000c38c00016330d8
:101fe800fdff601000000000000044ac0800e003a2
:041ff80000000000e5
:020000040000fa
:020000041d05d8
:101ffc00211080002600c0101000ca2c1f004015b4
:10200c00ff00a530005205002528aa000054050049
:10201c002528aa0003008330050060100400072463
:10202c002338e3002330c700000085b82120870047
:10203c000f00c3302338c3000800e01021306000cb
:10204c002138e400000085ac040085ac080085aca8
:10205c0010008424fbff8714fcff85ac0300c33005
:10206c002338c3000500e010213060002138e40063
:10207c0004008424feff8714fcff85ac0400c01010
:10208c002138c40001008424feff8714ffff85a0c3
:08209c000800e0030000000051
:020000040000fa
:020000041d05d8
:1020a400d8ffbd271c00b0af00a0103c4824028e0e
:1020b4002000b1af2400bfaf060040142188000205
:1020c4008844410f1000a4af4824028e0b00401036
:1020d4001000a48f4824228e0a008018211844007e
:1020e4002b2062000500801400a0043c6802848c4c
:1020f4002b2083000e008050482423ae4a48410b15
:102104000c0003242b2043000500801400a0043c91
:102114006402848c2b20640005008050482423ae84
:102124001600032400a0023c6c0243acffff02240f
:102134002400bf8f2000b18f1c00b08f0800e00383
:042144002800bd278b
:020000040000fa
:020000041d05d8
:10214800e0ffbd271400b1af1000b0af1c00bfaf57
:102158001800b2af2180a0002188c0001500a0108f
:10216800211000001300c0100300842c11008010ff
:10217800211020020000023c00004224050040100b
:102188002120a0000000000c2128c0006f48410b4e
:10219800211020022190c00000000482ffff522677
:1021a800d247410f01001026fcff40560000048270
:1021b800211020021c00bf8f1800b28f1400b18fad
:0c21c8001000b08f0800e0032000bd27cd
:020000040000fa
:020000041d05d8
:1021d400d0ffbd27ff7f02242800b0af3800a6af90
:1021e400218080003800a6272400a2af1400a4afe9
:1021f4001c00a4afc20002241400a4272c00bfaf0b
:102204003c00a7af1000a6af1800a0afcfe5400f69
:102214002000a2a71400a28f000040a01400a28fe7
:102224002c00bf8f231050002800b08f0800e0035b
:042234003000bd2792
:020000040000fa
:020000041d05d8
:10223800e8ffbd271400bfaf06008004211080000e
:102248006130410f000000001400bf8f0800e00358
:102258001800bd2701004230422004006130410fc0
:102268002520820021204000cd2e410f212840004a
:0c2278001400bf8f0800e0031800bd2711
:020000040000fa
:020000041d05d8
:1022840000a0023c9c24428ce8ffbd271000b0afa4
:10229400010042301400bfaf0700401021808000cd
:1022a400c630410f2128000003004104210003240b
:1022b40000a0023c6c0243ac212000021400bf8f3a
:0c22c4001000b08f2142410b1800bd2714
:020000040000fa
:020000041d05d8
:1022d000e0ffbd271800b0af1c00bfaf2948410f79
:1022e0001000a4af1000a68f0600c0182180400087
:1022f000ffff02240300021221200002ff47410fca
:10230000212800001c00bf8f211000021800b08f90
:082310000800e0032000bd27d6
:020000040000fa
:020000041d05d8
:102318000a00c01021108000200003242318660042
:102328000800605823100300041865000610c40054
:102338000630c500251062002128c0000800e0030f
:102348002118a0002130000006104500d148410b9b
:042358002128c00078
:020000040000fa
:020000041d05d8
:10235c0041504c49434143494f4e20444554454e0e
:10236c00494441202d204552524f5220494e45534d
:10237c0050455241444f0000010000000100000094
:10238c0000000000000101000000003f0ad7233cc0
:10239c0000f10000536f6c74617200004d616e743b
:1023ac00656e65720000000050726573696f6e6532
:1023bc0000000000636972636c6f0000656e20653d
:0c23cc006c206d6564696f2064656c0016
:020000040000fa
:020000041d05d8
:1023d800e8ffbd271400bfaf006803408000023c3f
:1023e80025106200006882400010032488bf023c68
:1023f8006a49410f081043ac1400bf8f0800e0037e
:042408001800bd27d4
:020000040000fa
:020000041d05d8
:10240c0000e0847c81bf023ce8ffbd2720f444ac93
:10241c0081bf023c014004241400bfaf30f445ac32
:10242c009046410f000000001400bf8f0800e0032d
:04243c001800bd27a0
:020000040000fa
:020000041d05d8
:1024400000a0033c4c24622401000424080044ac96
:1024500000a0043ca82484244c2464ac0000033c69
:0c246000b80b63240800e003040043ac48
:020000040000fa
:020000041d05d8
:10246c00b02a3ed7e900ffffbbf7ddae3e269fb694
:10247c007ed700009c3a049d00000000ddae0000f9
:08248c003e26000032000000b2
:020000040000fa
:020000041d05d8
:1024940000e0847c81bf023ce8ffbd2720f444ac0b
:1024a4001400bfaf9046410f044004241400bf8fb2
:0824b4000800e0031800bd2739
:020000040000fa
:020000041d05d8
:1024bc0006008010f8ff842400a0023c302444acb9
:1024cc0004008290fe004230040082a00800e00369
:0424dc0000000000fc
:020000040000fa
:020000041d05d8
:1024e0000100843003008010000000000800e003b9
:0c24f000206060410800e00300606041d3
:020000040000fa
:020000041d05d8
:1024fc0000601a40bfff1b3cffff7b3724d05b03ff
:08250c0000609a401800004233
:020000040000fa
:020000041d05d8
:10251400f8ff0224008003402410620002004234c9
:082524000800e0030080824082
:020000040000fa
:020000041d05d8
:10252c00f8ff0224008003402410620003004234b0
:08253c000800e003008082406a
:020000040000fa
:020000041d05d8
:10254400fb23410f00000000ffff0010000000000b
:020000040000fa
:020000041d05d8
:1025540000580240212044000800e0030058844051
:020000040000fa
:020000041d05d8
:0c2564003f0000705a49410b00000000cd
:020000040000fa
:020000041d05d8
:0c2570003f0000705d49410b00000000be
:020000040000fa
:020000041d05d8
:0c257c00004880400800e0030058844044
:020000040000fa
:020000041d05d8
:082588000800e0030000000060
:020000040000fa
:020000041d05d8
:082590000800e00380000224b2
:020000040000fa
:020000041d05d8
:082598000800e0030000000050
:020000040000fa
:020000041d05d8
:0825a0000800e0030000000048
:020000040000fa
:020000041d05d8
:0825a8000800e003206062411d
:020000040000fa
:020000041d05d8
:0825b0000800e0030060624135
:00000001FF
